lead_time,no_of_special_requests,avg_price_per_room,arrival_month,arrival_date,market_segment_type,no_of_week_nights,no_of_weekend_nights,type_of_meal_plan,room_type_reserved,booking_status
56,1,87.32,6,21,4,3,0,0,3,1
159,0,70.0,2,13,3,1,0,0,0,1
86,1,107.1,8,12,4,2,0,3,0,1
116,0,75.27,6,30,4,3,2,3,0,1
243,0,73.95,11,24,4,3,1,0,0,0
139,0,151.2,10,8,4,1,2,0,3,0
4,1,106.14,8,14,4,5,2,0,0,1
73,1,72.12,3,17,4,3,2,0,1,0
205,0,90.0,5,29,3,1,2,0,0,0
212,0,78.0,5,20,3,3,2,0,0,0
203,1,105.3,8,10,4,3,0,0,0,0
42,1,127.79,3,12,4,5,2,1,3,1
177,0,100.0,6,3,3,2,0,0,0,0
57,1,90.67,6,10,3,2,1,0,0,1
3,1,104.72,5,2,4,0,1,0,0,1
14,2,129.0,5,23,4,0,1,3,0,1
19,0,130.0,5,2,4,2,1,0,0,1
144,1,81.08,7,25,4,1,1,0,0,1
55,0,79.0,7,7,2,1,0,0,0,1
86,0,73.95,3,20,4,2,2,0,0,1
1,1,98.3,1,15,4,1,0,0,0,1
73,2,140.0,12,5,4,2,1,0,3,1
140,0,70.0,12,29,3,5,0,0,0,1
50,0,60.0,11,11,3,3,0,0,3,1
36,2,102.6,10,13,4,1,0,3,0,1
162,2,130.5,7,16,4,1,1,0,0,0
377,1,115.0,10,14,3,2,0,1,0,0
77,1,145.8,11,6,4,2,2,0,3,1
186,2,164.25,8,1,4,5,2,1,0,0
84,1,90.9,10,26,4,3,0,0,0,1
37,0,105.0,10,13,3,3,0,0,0,1
97,1,64.98,3,24,4,3,1,0,0,1
19,0,174.5,3,18,4,2,0,1,0,0
41,0,140.4,3,25,4,2,0,0,3,0
78,1,107.1,7,17,4,3,2,0,0,1
268,0,95.4,10,1,4,1,1,3,0,0
5,1,122.0,6,22,4,2,0,3,0,1
59,0,81.0,1,28,3,1,0,0,0,1
4,0,127.0,3,11,4,2,1,0,0,0
3,2,119.0,4,24,4,0,1,0,0,1
59,0,85.0,10,29,3,2,0,0,0,1
0,0,103.18,7,10,4,0,2,3,0,1
48,1,84.45,1,8,4,5,2,0,0,1
41,0,79.43,2,5,4,3,2,0,0,1
86,2,90.0,11,4,4,2,1,0,0,1
180,3,141.3,10,8,4,1,2,0,3,1
93,1,79.0,10,8,4,1,2,3,0,1
59,1,119.0,12,4,4,2,2,0,3,1
74,0,101.5,9,18,3,2,0,1,0,1
213,0,130.0,6,7,4,3,0,0,0,0
60,0,123.3,9,2,4,2,0,0,3,0
8,0,170.63,10,6,2,1,0,0,4,0
51,0,85.5,9,11,3,1,2,0,0,1
1,1,139.33,10,9,4,2,1,0,0,1
4,2,0.0,12,5,1,1,0,0,0,1
9,0,95.0,10,20,2,1,0,0,0,1
155,1,96.12,8,22,4,5,2,0,0,1
119,1,162.0,9,19,4,0,1,0,3,1
54,2,139.5,10,31,4,1,0,3,5,1
45,0,65.0,4,10,2,0,1,0,0,0
49,2,116.1,5,8,4,0,2,3,0,1
80,1,88.29,12,20,4,5,2,1,0,1
22,1,139.0,10,25,4,3,0,0,0,1
3,1,72.07,2,7,4,2,2,0,0,1
0,0,51.3,11,27,4,2,0,3,0,1
79,0,105.0,12,7,3,3,0,0,0,1
158,1,123.25,5,25,4,4,0,0,3,0
5,0,77.0,11,28,2,0,1,0,0,1
215,2,96.3,8,8,4,2,1,0,0,1
99,1,80.75,4,27,3,6,2,0,0,1
87,0,75.0,12,18,3,2,2,0,0,1
2,1,148.0,8,21,4,0,2,0,0,1
135,1,126.0,7,5,4,2,0,0,0,1
192,1,99.45,8,18,4,5,2,0,0,0
77,0,147.6,8,26,4,2,2,0,3,0
0,0,117.04,10,29,4,1,1,0,0,1
81,0,65.0,3,25,3,2,2,0,0,0
55,0,104.0,4,6,3,1,0,1,0,1
6,1,114.0,9,21,4,2,1,3,0,1
11,1,152.67,6,2,4,3,0,0,3,1
11,0,77.0,10,19,3,2,1,0,0,1
5,2,221.38,10,1,4,2,2,0,6,1
72,0,87.3,4,3,4,1,2,0,0,0
0,0,59.04,8,1,4,0,1,3,0,1
2,0,89.0,3,10,4,1,0,3,0,0
31,1,95.0,5,15,2,4,2,0,0,1
145,0,94.5,8,29,3,1,2,1,0,1
177,1,72.25,6,30,3,3,0,0,0,1
6,1,90.0,8,3,2,1,0,0,3,1
13,2,260.4,4,11,4,4,1,1,5,1
90,0,89.25,10,25,4,4,2,0,0,1
66,0,88.2,4,2,4,1,1,0,0,0
106,0,94.5,7,12,4,6,2,3,0,0
85,0,71.0,2,3,4,4,1,0,0,1
76,1,93.6,11,3,4,3,0,0,0,0
34,1,81.9,3,12,4,1,0,0,0,1
28,1,75.18,11,3,4,3,0,0,0,1
2,1,60.83,2,13,4,1,0,3,0,1
6,2,85.63,8,16,4,5,3,0,0,1
60,0,60.0,10,12,3,3,1,0,0,1
221,2,79.5,12,29,4,3,0,3,0,0
178,2,127.93,8,22,4,3,1,0,0,0
90,0,150.3,8,16,4,11,4,0,3,0
41,0,85.6,6,28,3,1,0,0,0,1
15,0,86.0,2,18,3,3,0,0,0,1
124,1,105.3,8,1,4,2,1,0,0,1
279,0,110.0,10,12,4,3,0,0,0,0
41,1,65.0,12,27,3,1,0,0,0,1
58,0,105.3,4,13,4,2,0,0,0,0
346,1,115.0,9,13,4,2,0,1,0,0
1,0,91.0,2,19,2,1,0,0,0,1
28,0,74.8,12,20,4,5,0,0,0,0
44,1,78.49,3,13,4,2,2,0,0,0
110,0,120.0,10,9,3,0,1,0,0,0
3,1,96.5,11,5,4,3,0,0,1,1
26,0,75.0,10,17,3,1,2,0,3,1
41,0,83.0,9,4,3,1,0,1,0,1
81,0,76.5,10,16,3,4,2,0,0,1
256,0,90.0,6,15,3,2,0,1,0,1
47,0,168.3,7,24,4,1,2,0,3,1
12,0,159.0,9,19,4,1,1,0,0,1
13,1,95.0,4,18,4,0,1,0,0,1
103,1,150.3,8,7,4,1,2,0,3,1
243,1,95.58,6,19,4,0,2,0,1,1
4,1,75.35,1,10,4,14,6,0,0,1
10,0,97.0,3,13,4,0,1,3,0,0
199,2,70.44,8,2,4,4,0,0,0,0
75,1,96.78,10,2,4,0,2,0,3,1
103,0,205.0,12,31,3,1,2,0,0,0
144,1,177.65,5,27,4,2,2,0,5,0
49,1,73.95,2,23,4,4,0,0,0,1
327,0,76.0,9,9,3,4,2,1,0,1
45,0,65.0,4,10,2,0,1,0,0,0
130,2,139.5,9,29,4,3,0,0,3,1
149,1,144.14,6,4,4,5,2,0,3,0
69,2,93.6,12,24,4,1,2,0,0,1
112,1,117.9,8,16,4,2,0,0,0,1
56,0,126.9,5,21,4,1,2,0,0,0
0,0,97.32,4,23,4,1,0,0,0,1
185,0,103.5,12,16,4,2,1,0,3,1
292,0,91.79,12,30,4,3,2,0,0,0
193,2,106.71,9,10,4,1,2,0,0,0
45,0,85.5,6,18,3,1,1,0,0,1
1,1,179.0,6,14,4,2,0,0,0,1
1,2,120.0,10,25,4,1,0,3,0,1
56,0,85.5,9,20,3,1,0,0,0,1
10,2,105.0,9,8,4,4,0,0,0,1
123,1,162.0,9,20,4,5,1,0,3,0
110,1,139.95,7,22,4,2,2,0,3,1
42,0,94.5,4,11,4,1,1,3,0,1
82,0,82.45,3,29,4,4,0,0,0,1
10,2,124.0,9,1,3,1,0,0,0,1
104,0,141.3,7,18,4,4,1,0,3,0
254,0,90.95,10,25,4,5,0,0,0,0
0,0,135.0,5,24,4,1,0,0,0,0
60,0,204.0,11,7,4,2,1,3,4,0
151,0,80.0,1,19,3,3,0,0,0,1
178,0,124.5,8,18,4,3,0,0,0,0
237,0,89.25,9,14,4,2,1,0,0,0
42,1,91.8,11,2,4,4,0,0,0,1
45,0,60.0,1,16,3,1,2,0,0,1
17,3,73.88,10,1,4,2,0,0,0,1
180,1,100.0,5,2,3,1,1,0,0,1
10,0,110.0,9,30,0,1,0,0,3,0
50,0,60.0,11,17,3,3,0,0,3,1
23,0,149.0,6,18,4,1,2,0,0,0
3,1,31.0,2,26,2,2,0,0,0,1
61,2,109.8,9,1,4,3,1,0,0,1
161,0,130.0,3,25,4,2,1,1,0,0
107,0,117.28,11,6,4,2,2,0,3,1
346,0,90.0,9,13,3,2,0,1,0,1
1,0,135.0,5,11,3,1,0,0,0,1
275,0,90.0,10,5,3,4,1,0,0,0
134,0,94.5,5,17,4,3,0,3,0,0
94,1,96.13,4,8,4,2,2,3,0,1
68,0,116.1,5,10,4,3,0,3,0,0
55,0,168.3,9,20,4,3,0,0,3,0
15,1,109.0,5,31,4,3,0,3,0,1
128,1,96.3,6,26,4,0,2,0,0,1
5,1,99.0,4,2,4,1,0,3,0,1
164,0,100.0,10,2,3,2,0,0,0,1
38,1,80.3,1,23,4,1,0,0,0,1
27,1,111.0,4,25,4,0,1,0,0,1
192,0,95.0,6,24,3,2,0,0,0,1
101,1,134.1,8,20,4,1,1,0,0,1
15,0,88.8,3,4,4,2,0,0,3,0
17,2,104.0,11,23,4,3,0,0,0,1
21,1,119.0,10,19,4,3,0,3,0,1
12,0,95.0,10,12,2,3,1,0,0,1
279,0,110.0,10,12,3,3,0,0,0,0
67,0,117.6,10,19,4,4,0,0,3,0
0,1,112.0,2,23,4,4,0,0,0,1
270,0,80.0,4,20,3,4,0,0,0,1
92,0,70.0,10,7,3,4,0,0,0,1
66,0,75.0,10,9,4,2,1,0,0,0
304,0,89.0,11,3,3,3,0,0,0,0
19,0,95.0,10,3,2,2,1,0,0,1
43,0,86.75,1,14,4,3,0,0,1,0
107,0,79.22,10,23,3,2,2,0,0,1
19,0,0.0,12,16,4,0,0,3,0,1
0,0,139.0,3,20,4,0,1,0,3,1
150,1,80.75,9,6,3,3,0,0,0,1
184,2,128.7,10,17,4,3,1,0,3,0
72,1,61.21,4,4,4,3,1,3,0,1
30,0,121.0,9,30,3,2,0,1,0,1
91,0,85.5,4,25,4,2,1,3,0,0
63,1,149.4,9,8,4,3,0,0,3,0
137,0,103.09,8,2,4,5,2,0,0,0
1,0,79.0,2,26,4,1,0,3,0,1
186,0,68.68,10,28,3,1,0,0,0,1
13,1,128.71,10,18,4,5,2,0,0,1
107,1,119.7,8,21,4,1,2,0,0,1
223,2,89.25,10,4,4,0,2,0,0,1
94,0,134.1,8,5,4,2,1,0,0,0
30,0,99.0,4,13,4,4,0,3,0,0
118,0,110.0,6,6,3,2,1,0,0,1
81,0,90.9,6,23,4,1,0,0,0,0
13,0,131.6,4,14,3,1,0,1,0,1
48,1,168.3,8,24,4,4,0,0,3,1
386,1,115.0,10,23,4,0,2,1,0,0
0,2,0.0,2,10,1,1,0,0,3,1
109,2,80.75,4,25,4,4,1,3,0,1
3,1,112.0,5,21,3,1,1,1,0,1
68,1,88.4,12,8,4,3,1,0,0,1
73,0,62.5,10,28,3,1,0,0,0,1
60,2,135.9,8,8,4,3,1,0,0,1
5,2,90.0,8,24,4,3,1,0,0,1
221,0,65.0,10,17,3,1,2,0,0,1
197,0,113.4,12,21,3,4,1,1,0,1
17,2,79.0,2,16,4,4,0,3,0,0
52,0,140.4,5,31,4,5,0,0,3,1
7,0,174.0,4,21,4,3,0,1,3,1
90,1,126.9,8,20,4,1,1,0,0,1
1,0,60.0,2,28,3,1,2,0,0,0
265,1,115.0,6,24,3,2,0,1,0,0
18,3,122.5,9,4,4,0,2,0,0,1
130,3,71.6,5,1,4,2,2,0,0,1
1,1,159.0,9,15,4,1,0,3,0,1
213,0,130.0,6,7,3,3,0,0,0,0
19,0,118.15,9,19,4,0,1,0,0,0
28,2,88.4,11,28,4,5,1,0,0,1
100,1,140.0,9,28,3,4,0,1,0,1
175,0,112.63,8,31,4,4,0,0,0,0
24,1,147.9,12,21,4,4,0,0,5,1
34,1,98.1,5,22,4,1,2,3,0,1
91,0,92.65,12,8,3,3,0,0,0,1
2,1,57.98,2,5,4,2,1,3,0,1
54,0,125.1,8,26,4,1,0,3,0,0
116,0,61.0,2,28,4,1,2,0,0,0
118,0,107.95,5,1,4,3,2,0,3,1
114,1,87.05,5,14,4,2,2,0,3,1
226,1,70.0,10,29,3,2,2,0,0,1
224,1,86.63,8,1,4,2,1,0,1,1
206,2,96.3,7,25,4,0,1,0,0,1
1,1,72.38,12,6,4,2,0,0,0,1
244,2,89.4,9,29,4,1,0,3,0,0
4,1,76.0,1,4,4,0,1,0,0,1
71,1,126.0,5,10,3,3,0,1,0,1
5,1,136.0,4,21,4,3,0,0,3,1
31,2,149.4,9,9,4,2,2,0,3,1
157,2,102.86,10,22,4,5,2,0,0,0
80,2,149.4,9,17,4,3,2,0,3,1
83,1,135.9,8,1,4,3,1,0,0,1
66,0,75.0,10,9,3,2,1,0,0,0
68,2,116.45,4,1,4,2,2,0,3,1
338,0,90.67,10,7,3,2,1,0,0,1
23,1,147.9,11,22,4,4,0,0,5,0
68,1,135.9,5,10,4,3,0,0,0,1
71,2,146.7,7,24,4,0,1,0,3,1
153,0,122.91,12,29,4,3,2,0,0,1
54,0,85.0,8,11,3,3,2,0,0,0
52,2,116.1,5,13,4,2,1,3,0,1
144,2,132.88,7,30,4,4,2,0,3,0
80,0,108.0,10,9,3,2,0,1,3,1
9,0,95.0,10,30,3,1,0,0,0,1
102,1,63.86,4,2,4,1,2,0,0,1
5,2,107.67,11,19,4,1,2,0,0,1
32,0,65.55,12,27,4,2,2,0,3,1
52,2,88.4,12,1,4,3,1,0,0,1
28,1,134.37,7,7,4,3,0,3,0,1
104,1,108.0,10,9,4,0,1,3,0,0
5,1,89.0,5,29,4,0,1,3,0,1
7,1,154.0,7,11,4,0,1,0,0,1
100,1,150.3,8,26,4,2,2,0,3,1
233,0,86.62,8,11,4,2,0,0,1,0
2,0,102.7,8,2,4,1,0,0,0,1
9,0,89.0,4,8,4,1,0,3,0,0
102,0,109.0,10,16,3,2,0,1,0,1
58,0,109.65,5,12,4,3,1,0,0,0
51,1,123.3,9,1,4,3,1,0,3,0
273,0,87.0,7,17,3,2,0,1,0,1
109,0,72.25,7,18,4,6,3,0,0,0
65,0,122.65,12,21,3,4,0,1,0,1
59,0,102.6,6,27,4,3,1,3,0,0
192,0,68.23,10,31,3,2,1,0,0,1
20,1,88.0,12,4,4,0,2,3,0,1
418,0,107.0,9,26,4,2,1,1,0,0
102,0,40.67,1,3,3,1,2,0,0,1
27,1,110.0,10,28,4,2,2,3,0,1
25,2,111.4,4,15,4,3,2,0,0,1
14,2,149.0,10,26,4,2,0,0,0,1
15,0,106.33,12,7,4,3,0,0,0,1
34,2,90.9,10,18,4,3,2,0,0,1
28,1,130.66,7,2,4,3,2,3,0,1
39,1,138.06,4,24,4,3,2,0,3,0
81,0,73.9,4,3,4,3,2,3,0,0
21,0,161.33,9,16,4,3,0,0,5,1
157,0,127.0,5,5,4,3,0,0,3,0
50,1,52.0,1,14,3,3,0,0,0,1
30,0,98.1,5,25,4,1,0,3,0,0
1,2,80.0,8,4,4,5,1,0,0,1
6,0,110.0,10,26,0,4,1,0,3,1
48,0,94.5,4,11,4,1,1,3,0,0
0,0,106.33,11,27,4,1,2,0,0,1
59,1,90.51,7,24,4,4,2,0,0,1
113,2,137.21,5,16,4,5,2,0,3,1
83,0,75.0,12,18,3,0,2,0,0,1
45,1,139.5,10,7,4,2,2,0,3,0
44,2,98.8,11,22,4,2,0,0,0,1
292,0,115.0,7,21,4,2,0,1,0,0
14,1,110.8,6,8,3,4,0,0,0,1
16,0,114.57,10,3,4,5,2,0,0,1
3,2,132.6,5,16,4,2,1,0,3,1
179,1,90.95,7,17,4,2,2,0,0,1
36,0,112.0,10,13,3,3,0,1,0,1
158,1,126.9,9,16,4,1,0,0,0,0
7,1,118.2,12,31,4,4,2,0,3,1
180,1,98.1,10,10,4,0,1,3,0,1
30,2,85.5,9,16,4,2,0,0,0,1
39,0,129.7,9,25,4,0,1,0,0,0
7,1,156.0,5,4,4,3,0,0,3,1
175,0,78.88,10,27,3,3,2,0,3,1
201,1,103.5,8,9,4,2,0,3,0,0
83,0,112.2,9,30,3,1,0,1,0,1
0,0,75.0,8,11,4,1,0,0,0,1
43,0,144.23,8,29,4,3,1,0,3,1
8,0,86.6,6,26,3,0,1,3,0,1
103,1,106.59,7,15,4,5,2,0,0,1
45,1,67.15,3,10,4,3,2,3,0,1
18,2,174.0,9,15,4,3,0,0,3,1
166,3,87.5,11,12,4,4,2,0,0,1
257,0,101.5,7,1,4,2,0,1,0,0
63,1,63.75,3,10,4,3,1,3,0,1
187,1,99.45,8,6,4,6,4,0,0,0
301,1,115.0,7,30,3,1,1,1,0,0
1,0,112.2,9,30,3,1,0,1,0,1
72,0,79.56,4,11,4,4,1,0,0,1
5,0,0.0,12,1,1,0,0,0,0,1
52,0,99.9,4,7,4,1,0,0,0,0
126,1,83.12,5,15,4,2,2,0,3,1
128,2,123.3,8,11,4,3,0,0,0,1
40,0,60.0,11,7,3,1,2,0,3,1
47,1,74.8,12,7,4,4,0,3,0,1
49,0,93.15,7,11,4,0,1,3,0,0
9,1,149.0,9,15,4,2,0,3,0,0
167,0,122.4,10,1,4,2,2,0,3,0
166,2,73.6,4,21,4,3,0,0,1,1
109,1,182.18,12,8,4,3,0,0,6,1
14,1,89.0,4,3,4,0,2,3,0,0
17,0,97.0,3,11,4,1,0,3,0,0
0,0,160.0,9,27,2,1,0,0,3,1
46,0,104.4,4,1,4,2,0,0,3,0
207,2,108.9,10,4,4,1,0,0,0,0
7,2,98.13,11,24,4,3,1,0,0,1
418,0,75.0,9,26,4,2,1,0,0,0
73,1,87.3,4,5,4,1,0,0,0,1
32,0,73.0,11,20,3,2,0,0,0,1
132,2,143.1,6,11,4,1,1,0,0,1
163,0,100.0,6,5,3,2,2,0,0,0
112,0,100.0,6,2,3,2,0,0,0,1
125,0,87.13,7,3,4,2,2,3,0,0
71,0,120.0,6,14,3,3,0,0,0,1
19,0,149.0,10,3,4,2,1,0,0,0
245,0,110.0,7,6,3,4,2,0,0,0
12,1,180.0,10,21,4,2,0,0,0,1
301,0,90.0,7,30,3,1,1,1,0,1
14,1,110.0,6,26,4,0,1,0,0,1
11,2,135.0,4,27,4,4,1,0,0,0
189,0,72.25,8,8,3,3,1,0,0,1
5,0,68.0,12,19,4,1,1,3,0,1
133,0,114.3,5,17,4,3,0,0,3,1
105,0,75.0,4,6,3,1,0,0,0,0
7,2,125.8,12,29,4,3,1,0,3,1
14,1,114.0,9,15,4,3,0,0,0,1
172,0,112.32,7,15,4,5,2,0,0,0
6,0,0.0,12,10,4,2,0,1,0,1
18,1,129.0,12,31,4,1,1,3,0,1
191,0,95.0,6,23,3,3,0,0,0,1
76,0,69.12,3,24,4,4,2,0,0,1
230,0,137.0,9,6,4,5,0,1,0,0
80,0,140.4,5,21,4,1,2,0,3,0
92,0,149.4,9,9,4,2,2,0,3,0
196,0,158.95,7,24,4,5,2,0,5,0
14,0,62.5,5,27,3,1,0,0,0,1
11,0,66.0,1,30,2,1,0,0,0,1
1,0,76.5,1,8,4,2,0,3,0,1
18,0,80.0,12,11,3,0,1,0,0,1
8,0,130.0,11,5,3,1,0,0,0,1
65,0,161.5,3,20,4,2,2,0,5,0
80,0,75.0,4,24,3,1,2,0,0,1
47,0,72.25,8,28,3,1,2,0,0,1
335,1,90.0,10,13,3,3,0,0,0,0
188,0,130.0,6,15,3,2,0,0,0,0
167,0,78.2,10,5,3,2,0,0,0,0
2,2,85.0,7,6,3,3,0,0,0,1
22,1,139.0,8,21,4,1,2,3,0,1
0,3,0.0,1,27,1,1,0,0,0,1
87,0,126.9,5,22,4,1,2,0,0,0
174,0,95.67,9,22,3,3,0,0,0,1
12,1,130.0,2,5,4,2,1,0,3,1
67,0,75.0,12,2,3,2,1,0,0,1
286,0,90.0,10,16,3,0,1,0,0,0
107,0,116.1,6,14,4,2,0,3,1,0
39,0,101.5,8,14,3,2,0,1,0,1
109,0,89.4,10,24,4,2,1,3,0,0
63,2,88.4,11,17,4,3,1,0,0,1
143,0,90.0,8,25,3,3,0,0,0,1
36,1,72.07,9,25,4,0,1,3,0,1
155,1,118.8,8,18,4,1,0,0,3,0
49,4,150.3,7,1,4,2,1,0,3,1
44,0,121.61,4,30,4,2,2,0,0,1
1,0,95.0,5,25,0,1,0,0,0,0
121,2,58.91,2,15,4,3,1,0,1,1
4,2,133.0,9,22,4,3,0,3,0,1
76,0,80.75,4,12,4,4,0,3,0,0
21,0,67.0,11,21,2,0,1,0,0,1
181,2,76.5,8,17,4,0,1,0,0,1
186,0,83.83,8,26,4,2,2,0,1,0
113,0,90.0,11,11,3,1,0,0,0,1
15,2,148.5,4,7,4,3,1,0,3,1
62,0,94.8,4,25,4,2,1,3,0,1
130,1,116.1,5,30,4,1,1,3,0,1
54,2,149.4,8,19,4,2,1,0,3,1
55,2,86.4,12,8,4,3,0,0,0,1
85,0,162.3,8,19,4,2,1,0,3,0
5,0,0.0,10,21,4,1,0,0,0,1
128,1,90.0,11,26,4,1,1,0,0,0
70,0,100.0,6,3,3,2,0,0,0,1
88,2,143.1,5,11,4,3,0,0,0,1
50,0,85.0,5,19,3,2,0,3,0,1
43,4,88.4,11,30,4,4,0,0,0,1
12,0,89.0,7,20,4,1,0,3,0,0
9,1,0.0,12,10,1,1,0,0,5,1
137,1,75.66,11,16,4,4,2,0,0,1
3,1,98.0,1,22,4,2,0,0,0,1
172,0,95.0,6,24,4,2,0,0,0,0
105,1,61.09,12,26,4,3,1,3,0,1
91,0,80.0,9,30,3,2,1,0,0,1
147,1,96.5,4,4,4,3,1,0,1,0
78,1,89.25,10,31,4,6,3,0,0,0
45,0,76.5,7,5,3,1,0,0,0,1
2,0,95.0,11,24,3,1,0,0,0,1
135,1,103.5,8,9,4,3,0,3,0,1
120,2,88.38,8,20,3,5,2,1,0,1
259,0,90.0,5,5,4,3,0,0,0,0
48,1,76.5,3,17,4,1,0,0,0,0
9,1,106.0,12,16,4,1,0,0,3,1
7,2,81.0,2,5,4,1,0,3,0,1
66,0,75.0,11,24,3,3,0,0,0,1
92,1,97.41,4,24,4,3,2,1,0,1
8,2,224.5,10,2,4,4,2,0,5,1
7,0,107.0,5,21,3,1,0,0,3,1
115,0,76.0,2,27,3,2,2,0,0,1
35,0,81.9,3,7,4,2,1,0,0,0
74,0,109.0,9,18,3,2,0,1,0,1
12,0,87.0,1,7,4,3,2,0,0,1
36,2,96.3,10,21,4,4,0,0,0,1
121,1,88.4,12,24,4,3,2,0,0,1
64,1,85.93,10,25,4,2,0,0,3,1
102,0,101.5,10,16,3,2,0,1,0,0
219,0,108.0,9,4,3,1,0,1,0,0
168,0,85.0,4,22,4,2,1,0,0,0
26,0,91.2,11,17,4,3,0,0,3,1
160,1,85.0,11,20,4,3,2,0,0,0
7,0,130.67,8,13,4,1,2,0,0,0
73,0,80.75,4,2,3,2,2,0,0,1
1,2,138.0,8,16,4,1,2,0,0,1
345,2,78.3,12,20,4,2,0,0,0,0
162,0,115.0,10,14,4,2,2,0,0,0
14,0,73.0,5,27,3,1,0,0,0,1
17,1,166.0,7,8,4,2,0,0,3,0
91,2,127.8,7,16,4,1,2,0,3,1
49,0,60.0,11,16,3,2,1,0,3,1
0,1,96.0,12,1,4,2,0,0,0,1
43,1,75.54,6,9,4,1,0,3,0,0
237,1,107.53,10,12,4,4,0,0,0,0
48,0,94.88,10,25,3,3,2,1,1,1
257,0,80.0,7,1,3,2,0,1,0,1
151,0,71.0,1,19,3,2,0,0,0,1
95,2,77.86,12,7,4,4,0,0,1,1
8,0,108.57,5,10,4,2,0,0,3,0
60,0,48.0,9,21,3,1,1,0,0,0
195,0,72.0,12,4,3,4,2,0,0,1
138,1,109.8,6,29,4,3,0,0,3,0
3,0,125.0,4,16,4,1,0,0,0,1
12,0,65.0,8,5,2,3,0,0,0,1
137,2,132.3,10,3,4,4,1,0,3,1
191,1,80.75,5,12,3,2,0,0,0,1
124,2,156.61,12,26,4,3,1,0,5,0
85,1,167.8,8,3,4,6,2,0,3,1
119,2,146.7,6,29,4,2,0,0,0,1
258,0,100.3,10,2,4,5,2,0,0,0
100,2,219.6,5,14,4,1,1,1,3,0
107,1,140.25,6,28,4,6,2,1,0,1
275,0,62.8,6,4,3,1,1,0,0,0
9,0,104.8,5,31,4,3,0,0,0,1
0,0,92.86,7,3,4,0,1,3,0,1
3,1,116.0,4,20,4,1,0,0,3,1
22,0,95.0,10,25,3,1,0,0,0,1
23,1,68.53,9,12,4,0,1,3,0,1
40,0,72.76,9,19,4,1,2,0,0,1
24,0,122.0,1,31,4,1,2,1,0,1
86,0,137.7,7,26,4,2,0,0,3,1
38,1,67.6,3,5,4,1,0,3,0,1
17,0,92.67,12,8,4,3,0,3,0,1
181,2,118.0,5,23,4,2,1,0,0,0
15,1,141.0,5,2,4,1,1,0,0,1
322,0,52.0,12,9,3,2,0,0,0,1
1,1,230.0,11,10,4,1,0,0,5,1
200,0,150.45,9,20,4,5,1,0,0,0
193,1,100.8,6,22,4,2,0,0,0,0
3,0,195.0,9,26,4,0,1,3,4,1
219,0,76.67,9,4,3,2,1,0,0,1
12,1,92.0,12,26,3,3,1,0,3,1
87,0,80.75,6,11,3,2,2,0,0,1
3,1,81.0,8,10,4,3,1,3,0,1
1,0,121.0,6,11,4,1,0,0,0,1
116,0,61.0,2,28,3,1,2,0,0,0
23,1,115.0,4,27,4,1,0,3,0,1
5,0,80.0,2,24,2,4,0,0,0,1
7,0,0.0,5,31,1,1,0,0,0,1
308,2,78.3,11,23,4,3,0,0,0,0
46,1,117.9,7,4,4,2,1,0,0,1
37,0,95.0,9,20,4,2,2,0,0,1
89,1,71.67,4,8,4,2,2,0,3,1
29,1,100.28,3,10,4,3,2,0,0,1
197,1,85.5,8,1,4,1,1,3,0,1
52,1,149.4,7,31,4,0,2,0,3,1
271,0,85.67,9,21,3,3,0,0,0,1
272,0,90.1,7,28,4,3,2,0,0,0
47,0,65.0,12,16,2,1,0,0,0,1
69,1,88.4,7,28,3,5,2,0,0,1
13,1,75.0,10,6,3,3,0,0,3,1
80,0,85.0,9,4,3,4,2,0,0,1
320,1,115.0,8,18,3,2,0,1,0,0
33,1,104.4,9,2,4,1,0,0,0,1
126,0,130.5,8,6,4,1,2,0,0,0
258,0,110.0,10,16,3,0,1,0,0,0
29,0,96.9,11,14,4,3,1,0,3,1
7,1,128.0,8,23,4,1,0,3,0,1
5,0,89.0,4,5,4,1,0,3,0,1
84,1,187.85,5,13,4,2,2,0,5,1
8,1,72.0,2,18,3,3,1,0,0,1
4,0,87.0,2,7,3,0,2,0,0,1
52,1,99.0,3,21,4,0,1,0,0,1
48,0,75.0,10,31,3,2,1,0,0,1
119,2,129.6,9,22,4,3,0,0,0,1
0,0,148.67,9,7,4,2,1,0,0,1
11,0,99.0,5,25,4,1,0,3,0,1
35,0,118.8,4,22,4,2,2,0,3,0
237,0,128.4,10,13,4,3,0,0,3,0
14,0,100.0,10,15,3,2,0,0,0,1
155,0,177.35,5,22,4,5,3,0,5,0
15,0,54.75,10,23,3,2,2,0,0,1
8,0,119.0,9,1,4,1,0,3,0,1
70,2,109.8,12,25,4,1,2,0,0,1
17,1,198.9,5,13,4,2,0,0,5,0
74,0,80.0,9,18,3,2,0,1,0,1
54,0,66.5,10,16,3,2,2,0,0,1
2,0,70.0,2,17,3,4,1,0,0,1
163,1,112.0,7,14,3,3,0,0,0,0
49,0,65.0,9,22,2,1,0,0,0,1
1,1,190.0,9,27,4,1,0,0,0,1
50,2,126.0,10,16,4,2,2,0,0,1
98,1,79.2,12,2,4,2,0,3,0,1
15,0,40.67,2,12,3,2,1,0,0,1
6,2,121.75,10,31,4,3,1,0,0,1
69,0,120.0,6,12,3,4,2,0,0,0
220,1,114.75,12,30,4,2,2,0,3,0
60,0,80.75,9,4,4,3,2,0,0,1
77,0,99.96,10,10,3,3,1,0,3,1
74,2,143.1,5,13,4,2,1,0,0,1
55,2,102.6,11,13,4,0,1,0,0,1
18,0,75.0,1,26,4,5,0,0,0,1
19,0,100.0,6,22,2,2,0,0,0,0
35,0,63.0,3,12,3,3,2,0,0,1
185,0,60.0,3,25,3,2,1,0,3,1
291,0,115.0,8,19,3,2,0,1,0,0
100,1,136.0,5,19,4,3,1,0,0,1
48,0,51.09,2,24,4,4,0,3,0,1
253,0,90.0,5,4,3,4,0,0,0,0
179,1,130.05,8,4,4,3,2,0,3,0
2,2,143.22,4,1,4,2,2,0,5,1
11,2,140.0,10,29,4,1,2,0,0,1
151,0,136.12,8,4,4,5,2,0,0,0
92,3,113.4,10,3,4,1,1,0,0,1
40,0,70.0,10,5,3,1,1,0,0,1
60,0,75.0,3,20,3,2,2,0,0,0
166,0,110.0,11,1,3,3,0,0,0,0
86,0,105.0,9,24,3,2,0,0,0,1
3,0,71.8,12,5,4,3,1,3,0,1
74,0,86.4,11,20,4,0,1,0,0,0
292,0,115.0,7,21,3,2,0,1,0,0
263,0,67.0,9,21,3,0,1,0,0,1
25,0,149.4,4,15,4,3,2,1,0,0
209,2,119.85,9,17,4,2,2,0,0,0
118,1,105.3,5,9,4,2,1,0,0,1
18,2,89.0,9,11,4,0,1,3,0,1
139,0,85.5,7,2,4,1,0,3,0,0
71,0,132.6,5,1,4,2,2,0,3,0
24,0,91.0,2,11,4,3,1,0,0,0
32,0,147.9,12,2,4,2,2,0,5,0
144,0,162.0,9,15,4,3,0,0,3,0
317,1,106.2,9,1,4,3,0,0,0,0
2,0,110.0,5,19,0,2,0,0,3,0
40,1,77.55,1,14,4,3,0,0,1,1
85,1,151.2,10,7,4,2,0,0,3,1
37,1,76.5,10,19,3,1,0,3,0,1
71,1,108.0,10,7,4,1,0,0,1,1
268,0,80.75,10,9,3,3,2,0,0,1
209,0,100.8,8,19,4,2,0,0,0,0
151,1,131.75,7,14,4,8,2,0,3,0
1,0,79.0,2,14,4,0,1,3,0,0
3,0,65.0,10,2,3,2,1,0,0,1
89,1,87.3,4,8,4,2,1,0,0,1
0,1,124.0,8,22,4,1,2,0,0,1
35,2,166.58,9,26,4,4,2,0,0,1
53,2,89.4,5,18,4,1,0,3,0,1
72,0,105.3,4,16,4,1,0,0,0,0
4,0,88.0,12,7,4,1,0,3,0,1
71,0,84.15,4,23,4,3,2,3,0,0
346,1,115.0,9,13,3,2,0,1,0,0
5,1,165.75,11,6,4,2,2,0,0,0
5,1,120.0,10,19,4,1,1,0,0,1
1,0,95.0,11,26,4,1,0,3,0,1
104,0,97.33,4,28,4,3,1,0,0,0
115,0,108.0,10,13,4,1,0,3,0,0
126,1,85.5,7,27,4,2,1,0,0,1
1,0,92.0,4,6,3,1,0,1,3,1
13,1,93.8,3,1,4,1,0,0,3,1
280,0,110.0,9,19,3,2,1,0,0,0
7,2,165.67,8,15,4,2,1,0,0,1
84,0,96.3,7,17,4,3,2,3,0,0
48,1,63.22,4,1,4,3,2,3,0,1
12,0,88.0,12,5,4,0,1,3,0,1
99,0,81.0,2,19,2,1,0,0,0,1
2,1,119.0,6,15,2,1,0,0,3,1
44,1,125.55,10,5,4,2,0,0,3,0
4,2,168.5,6,16,4,3,2,0,0,1
16,0,124.8,5,19,3,1,0,0,3,1
103,1,99.9,4,8,4,1,0,0,0,1
16,0,107.0,10,1,4,2,0,0,0,1
0,1,80.3,1,6,4,2,0,0,0,1
150,0,106.0,7,25,2,4,1,0,4,1
179,1,108.9,10,1,4,1,2,0,0,0
193,0,160.2,12,29,4,3,0,0,5,1
162,0,115.0,10,14,3,2,2,0,0,0
0,1,109.0,7,29,4,1,0,3,0,1
306,3,95.4,8,14,4,1,2,0,0,1
3,0,127.8,4,29,3,1,0,0,3,1
140,0,113.9,7,31,4,3,2,0,3,0
47,1,72.76,9,22,4,1,0,0,0,1
7,0,65.0,10,12,2,0,1,0,0,1
25,1,139.0,10,21,4,2,0,0,0,1
62,1,70.78,7,18,4,3,1,3,0,1
2,3,194.0,9,22,4,1,0,0,0,1
0,0,90.0,1,25,4,0,1,3,0,1
0,1,148.0,8,19,4,2,0,3,0,1
50,1,149.4,5,31,4,5,0,0,3,1
84,0,65.0,9,7,2,1,0,0,0,1
94,1,69.1,4,12,4,5,2,0,0,1
16,0,61.16,1,9,4,2,2,0,0,1
0,0,95.0,6,22,0,1,0,0,0,1
77,1,95.2,4,16,4,2,2,0,0,1
91,0,73.74,4,4,4,3,1,0,1,1
245,0,107.59,9,22,4,5,2,0,0,0
30,3,108.0,12,12,4,0,1,3,0,1
93,0,119.85,5,21,4,3,2,0,0,0
3,0,68.0,12,12,4,0,1,3,0,1
19,0,169.0,7,27,4,2,0,0,0,1
1,1,108.0,2,27,4,1,2,0,3,1
23,0,61.0,1,11,4,0,1,3,0,1
27,0,142.78,4,11,4,3,1,1,0,0
111,2,79.2,11,28,4,2,1,3,0,0
130,0,159.3,6,9,4,2,0,0,3,0
1,0,103.5,3,28,4,3,1,0,0,1
93,1,132.6,5,19,4,4,2,0,3,1
44,1,104.4,3,31,4,1,0,0,3,1
39,1,126.0,10,2,4,1,2,0,0,0
138,0,90.95,4,23,4,2,2,0,0,1
4,0,63.8,1,25,3,3,1,0,0,1
55,1,116.1,5,9,4,2,1,3,0,0
206,1,102.85,10,6,4,5,2,0,0,0
27,0,156.0,5,18,4,1,0,0,3,1
81,1,190.8,10,10,4,3,1,0,5,1
203,1,137.7,8,27,4,1,0,0,3,0
160,0,70.0,12,30,3,3,0,0,0,1
4,0,111.2,9,20,3,0,2,0,0,1
6,1,141.0,6,27,4,3,1,0,0,1
20,1,77.0,2,1,4,2,1,3,0,1
94,1,125.1,4,28,4,2,0,0,3,1
23,1,139.0,9,16,4,1,0,3,0,1
0,0,90.0,8,6,4,1,0,0,0,1
52,0,145.24,10,23,4,3,2,0,4,0
164,1,89.25,7,29,4,5,2,3,0,0
40,2,228.6,8,19,4,2,0,1,3,1
5,1,65.0,8,2,2,1,0,0,0,1
186,1,112.2,8,3,4,5,2,0,3,0
48,1,57.28,2,20,4,1,1,0,0,1
3,1,83.5,2,25,4,2,0,3,0,1
270,2,80.0,4,20,3,4,0,0,0,1
1,1,95.48,6,22,4,1,0,3,0,1
32,0,85.0,3,11,3,3,2,0,0,1
6,0,167.0,4,22,4,2,0,0,3,1
10,2,90.0,8,28,4,1,0,0,0,1
298,0,76.0,5,10,3,2,0,0,0,0
127,0,86.36,8,8,3,5,2,0,0,1
275,0,90.0,10,5,4,4,1,0,0,0
30,0,127.15,10,28,3,1,0,0,3,1
159,0,70.5,12,29,3,4,0,0,0,1
128,2,146.7,7,8,4,2,0,0,0,1
29,0,85.0,12,2,2,2,0,0,0,1
11,1,103.1,12,19,4,3,1,0,0,1
6,2,187.0,9,15,4,1,0,0,0,1
237,0,80.75,9,14,4,2,1,0,0,0
31,0,152.1,2,26,4,2,0,0,5,0
44,0,96.3,6,18,3,1,1,0,3,1
64,0,65.0,2,7,3,1,2,0,0,1
10,1,174.0,4,25,4,4,1,1,0,0
174,0,70.0,10,10,3,1,1,0,0,0
29,2,122.0,8,30,4,1,0,0,0,1
5,1,105.0,11,2,4,2,1,0,3,1
277,1,89.14,9,5,3,5,2,1,0,1
27,1,104.0,9,25,4,0,1,3,0,1
192,0,66.71,5,28,4,5,2,0,0,0
17,1,142.63,11,9,4,4,0,0,0,1
159,1,99.45,8,1,4,3,1,0,0,1
179,0,113.4,9,30,4,2,2,0,0,0
235,1,90.95,8,12,4,3,2,0,0,0
142,1,90.9,10,27,4,1,0,0,0,0
46,2,126.9,5,7,4,1,2,0,0,1
1,2,129.0,6,22,4,1,0,3,0,1
36,0,91.0,10,13,3,3,0,1,0,1
5,0,124.0,7,28,4,2,0,3,0,0
294,1,117.0,9,21,3,4,0,1,0,0
77,1,93.6,11,19,4,1,1,0,0,1
58,0,100.48,4,12,4,3,0,0,4,1
12,0,110.0,10,24,0,2,1,0,3,1
42,1,109.31,4,28,4,3,1,3,0,1
66,3,135.0,11,19,4,3,0,0,5,1
88,1,72.25,3,31,4,6,2,3,0,1
79,2,109.8,12,15,4,3,0,0,0,1
2,1,42.28,12,12,4,3,1,3,0,1
70,0,149.4,9,15,4,2,0,0,3,0
90,1,79.8,3,25,4,2,2,0,1,1
7,0,112.0,5,21,3,1,1,1,0,1
12,0,109.0,2,6,4,1,0,0,0,0
99,1,137.1,9,5,4,2,1,0,0,1
8,0,81.0,2,19,2,1,0,0,0,1
249,0,89.25,10,22,4,2,2,0,0,0
113,0,89.25,5,9,4,3,1,0,0,0
29,0,75.05,2,19,4,2,0,3,0,0
0,0,106.0,12,28,4,0,1,0,0,1
32,3,96.3,11,14,4,1,0,0,0,1
304,0,89.0,11,3,4,3,0,0,0,0
15,0,76.5,12,8,4,5,2,3,0,1
18,0,156.0,5,13,4,1,0,0,3,0
35,0,81.9,3,9,4,5,2,0,0,0
122,0,86.0,3,27,3,1,2,1,0,1
17,0,65.0,9,20,2,1,2,0,0,1
230,1,90.9,9,2,4,2,1,0,0,1
111,0,237.6,8,7,4,3,2,1,5,0
169,1,103.5,7,13,4,3,0,3,0,0
122,0,85.0,4,15,3,2,0,0,0,1
315,0,160.0,9,30,3,2,1,1,0,0
266,0,80.75,10,7,3,3,2,0,0,1
305,0,89.0,11,4,4,2,1,0,0,0
0,0,91.0,2,25,4,2,0,0,0,0
52,1,207.9,9,14,4,3,0,0,5,0
57,0,124.2,9,6,4,3,0,0,3,0
37,1,75.0,10,30,3,1,2,0,0,1
15,0,103.44,4,27,4,3,0,0,0,0
123,0,89.92,3,30,4,3,0,0,1,0
127,0,91.29,4,15,4,3,2,0,3,1
178,0,128.7,8,25,4,1,0,0,0,0
38,1,89.1,6,1,4,1,0,3,0,1
3,0,77.0,9,21,3,0,1,0,0,1
3,1,67.0,6,20,2,1,1,0,0,1
0,0,80.1,3,30,4,1,0,3,0,1
6,2,163.33,8,13,4,1,2,0,0,1
162,0,86.82,7,14,4,5,2,3,0,0
2,0,124.0,6,22,3,1,0,3,0,1
42,2,126.0,10,3,4,2,1,0,0,1
38,0,107.1,7,1,4,3,2,3,0,1
138,1,145.2,8,13,4,4,2,0,3,0
68,0,51.09,2,6,4,2,2,3,0,1
75,1,180.2,1,2,4,1,0,0,5,1
3,0,66.0,2,29,2,2,1,0,0,1
196,0,85.5,8,30,4,3,0,3,0,0
39,0,129.7,9,25,4,0,1,0,0,1
1,0,100.47,12,7,4,4,1,0,3,1
74,3,89.25,9,15,4,2,0,0,0,1
53,2,123.3,9,3,4,1,1,0,3,1
87,0,85.0,5,22,3,5,2,3,0,1
100,1,79.2,11,12,4,1,0,3,0,1
10,0,69.0,2,19,3,2,1,0,0,1
0,1,117.05,10,15,4,1,0,0,0,1
18,0,123.5,9,7,4,3,1,0,0,1
5,0,0.0,10,19,4,2,1,0,0,1
269,1,80.0,12,29,3,3,2,0,0,1
22,0,115.0,10,5,3,2,0,0,0,1
58,1,75.0,11,19,3,1,2,0,0,1
43,1,92.4,11,12,4,1,2,3,0,1
21,2,145.0,9,15,4,3,2,0,0,1
10,0,153.0,8,23,4,0,1,0,5,1
7,0,80.0,3,9,2,2,0,0,0,1
6,2,197.0,5,26,4,1,0,0,4,1
31,0,117.3,3,3,4,3,1,0,3,1
10,2,120.36,12,30,4,3,2,0,3,1
44,1,85.5,9,17,4,2,0,0,0,1
97,0,140.4,5,24,4,3,0,0,3,1
12,1,90.0,6,8,3,1,0,0,0,1
114,0,75.0,7,1,3,2,1,0,0,0
7,0,176.0,9,30,3,2,0,0,4,1
172,2,96.3,7,3,4,1,2,0,0,1
209,0,106.25,8,21,4,5,2,0,0,0
95,0,107.1,8,1,4,2,1,3,0,0
20,2,89.0,9,12,4,0,1,3,0,1
47,0,99.9,4,12,4,1,0,0,0,0
7,0,125.0,10,6,3,1,0,0,0,1
63,0,116.0,9,4,3,2,0,1,0,1
139,0,96.3,8,26,4,2,0,0,0,0
57,1,115.6,4,12,4,5,0,0,3,1
7,0,65.0,8,28,2,1,0,0,0,1
15,1,130.0,8,28,4,0,2,0,0,1
71,0,55.8,7,5,4,1,2,3,0,0
8,0,79.0,12,9,2,2,0,0,0,1
39,1,142.8,3,24,4,3,0,0,0,1
30,1,126.9,5,15,4,2,2,0,0,1
0,1,180.0,9,25,4,2,2,0,3,1
73,0,85.67,11,24,3,3,0,0,0,1
0,0,90.0,8,15,4,1,2,0,0,1
23,0,91.67,3,8,4,3,0,0,0,1
128,0,132.3,10,11,4,5,0,0,3,0
86,1,65.0,5,20,3,2,1,0,0,1
80,1,72.07,11,12,4,1,2,0,0,0
19,0,69.0,12,5,4,1,2,0,0,1
11,0,104.0,4,11,0,2,1,0,0,1
181,0,120.0,10,11,3,2,0,0,0,0
34,1,94.5,6,26,4,0,1,0,0,1
17,1,74.61,9,14,4,3,1,0,3,1
3,0,60.83,2,13,4,1,1,3,0,1
121,1,103.5,7,7,4,3,2,3,0,1
123,0,105.3,8,1,4,3,1,0,0,0
39,1,67.5,2,13,4,1,2,3,0,1
35,2,158.4,10,3,4,3,1,0,3,1
0,1,50.0,12,15,2,1,0,0,0,1
10,1,108.67,11,25,4,2,1,0,0,1
80,0,86.0,9,26,3,2,1,1,0,1
58,2,138.6,12,24,4,1,0,0,3,1
88,0,149.4,9,4,4,4,2,0,3,0
8,1,103.0,11,14,4,1,1,0,0,1
1,0,95.0,3,9,4,1,0,0,0,1
30,0,140.0,6,2,3,2,0,0,0,1
115,1,76.0,2,27,3,2,2,0,0,1
148,0,67.0,12,30,3,4,1,0,0,1
256,0,76.67,9,14,3,2,1,0,0,1
67,0,105.0,11,25,3,2,0,0,0,1
40,3,100.8,11,4,4,2,0,0,0,1
150,1,114.66,8,30,4,5,0,0,0,1
35,0,67.49,9,14,4,5,2,0,0,1
275,0,110.0,4,17,3,0,2,1,0,0
19,2,104.0,11,25,4,1,0,0,0,1
158,1,114.75,5,25,4,4,0,0,0,0
14,0,38.67,12,5,3,1,2,0,0,1
0,0,117.0,12,30,4,1,0,0,0,1
2,1,0.0,7,10,1,0,2,0,0,1
24,1,118.33,4,15,4,2,1,0,0,1
5,1,65.0,9,28,2,4,0,0,0,1
95,1,93.08,4,5,4,4,0,0,3,1
227,0,90.95,8,24,4,4,1,0,0,0
83,1,96.3,4,7,4,2,0,0,0,1
55,2,142.2,10,18,4,2,0,0,0,1
6,0,65.0,12,8,2,2,0,0,0,1
138,0,94.5,8,22,3,1,2,1,0,0
146,0,95.0,4,24,3,0,2,0,0,0
63,0,140.4,5,28,4,1,2,0,3,0
29,1,143.18,4,13,4,4,0,0,3,1
6,0,85.0,5,9,3,2,1,3,0,1
35,0,127.62,8,29,4,4,1,0,0,0
0,0,99.0,8,11,4,1,0,0,0,1
91,0,80.75,5,12,3,3,0,0,0,1
317,0,120.0,9,15,3,2,0,0,0,0
0,0,120.0,10,29,4,1,0,0,0,1
22,0,65.0,8,26,2,2,0,0,0,1
25,1,80.85,10,4,4,1,2,0,0,1
2,1,92.67,11,20,4,1,2,3,0,1
73,0,155.76,3,27,4,2,2,0,5,0
72,0,79.65,10,30,4,2,2,3,0,0
30,0,87.27,11,11,4,2,1,3,0,1
63,1,126.9,4,29,4,2,1,0,0,1
5,3,130.0,8,20,4,1,0,0,0,1
124,0,114.3,8,8,4,5,1,0,0,0
110,1,98.2,7,23,3,1,0,1,1,1
20,0,187.0,7,11,4,2,1,0,3,1
60,1,135.9,9,10,4,2,2,0,0,0
72,1,58.91,12,23,3,9,2,0,0,1
6,0,55.0,12,3,3,2,0,0,0,1
210,0,72.75,10,8,3,3,1,0,0,1
88,0,80.75,6,8,3,4,1,0,0,0
65,1,88.0,11,13,4,5,2,3,0,1
131,1,101.15,7,11,4,4,1,0,0,1
24,2,155.0,5,21,4,1,1,0,3,1
133,0,113.6,8,15,4,2,1,0,3,0
2,1,105.34,5,23,4,1,1,3,0,0
118,1,139.5,8,15,4,2,1,0,0,1
97,0,78.3,3,12,4,1,1,0,0,0
45,1,95.0,4,23,3,1,2,0,0,1
45,1,83.3,2,18,4,3,0,0,0,1
41,0,70.0,12,27,3,5,1,0,0,1
28,1,148.91,11,5,4,6,4,0,3,0
64,0,149.4,9,16,4,1,0,0,3,0
139,1,130.5,8,9,4,5,0,0,0,1
21,1,94.35,6,12,4,1,2,0,0,1
23,0,79.2,11,24,4,3,1,3,0,0
188,0,130.0,6,15,4,2,0,0,0,0
75,0,70.0,3,17,3,3,1,0,0,0
39,0,109.0,8,14,3,2,0,1,0,1
2,2,201.0,7,20,4,2,0,0,5,1
49,2,83.8,12,8,4,3,1,3,0,1
188,0,80.75,6,2,3,3,0,0,0,0
261,1,79.62,12,26,4,5,1,0,0,0
170,0,105.3,8,1,4,2,1,0,0,0
62,0,99.0,3,19,4,1,1,0,0,0
8,1,77.35,12,26,4,3,2,3,0,1
141,3,129.86,9,19,4,5,2,0,0,1
4,1,91.0,2,11,4,2,0,0,0,1
173,2,100.8,3,31,4,3,0,0,0,0
69,0,99.3,4,17,4,1,2,0,0,1
66,2,93.6,11,2,4,4,0,0,0,1
84,2,94.0,7,25,4,1,0,0,0,1
21,0,75.0,10,12,3,3,1,0,3,1
150,0,114.3,5,6,4,2,1,0,3,1
93,3,113.4,10,6,4,3,0,0,0,1
5,0,65.0,9,22,2,1,0,0,0,1
23,2,130.0,11,11,4,1,0,0,3,1
3,0,79.2,8,17,2,5,2,0,0,0
66,1,89.25,9,20,4,3,2,0,0,1
1,2,92.0,2,3,4,2,0,0,0,1
37,1,74.8,12,2,4,2,2,3,0,1
71,0,75.95,2,23,4,4,0,0,0,1
0,1,65.0,11,21,2,0,1,0,0,1
1,0,95.65,8,23,4,2,0,3,3,1
207,1,90.95,8,7,4,5,2,0,0,1
93,2,72.25,12,3,4,3,1,0,0,1
151,0,71.0,1,19,3,3,0,0,0,1
1,0,140.0,10,5,4,1,0,3,0,1
56,0,75.0,11,14,3,2,1,0,0,1
68,1,130.9,4,1,4,3,2,1,3,1
187,1,121.5,8,12,4,2,1,0,0,0
104,0,91.5,10,6,3,2,0,1,0,0
53,0,103.5,7,10,4,0,2,3,0,0
2,1,197.0,5,27,4,1,0,0,3,1
40,1,96.0,11,28,4,2,1,0,0,1
0,0,149.0,5,26,4,3,0,3,0,1
195,0,121.5,8,13,4,1,0,0,0,0
95,1,73.95,3,17,4,3,2,0,0,1
15,0,113.0,8,29,4,2,1,0,0,1
11,0,95.0,4,17,4,0,1,0,0,1
3,0,70.0,4,18,3,1,1,0,0,1
35,2,71.25,11,26,2,4,2,0,1,1
141,0,107.95,7,6,4,4,1,0,0,1
177,0,99.9,7,30,4,1,0,0,0,0
5,0,95.0,4,4,0,3,1,0,0,1
189,1,60.0,3,25,3,2,1,0,3,1
117,0,94.5,8,1,3,1,2,1,0,1
4,1,155.6,8,26,3,2,1,0,3,1
78,0,100.0,3,25,3,2,1,0,0,0
75,0,75.0,11,29,3,5,0,0,0,1
2,1,0.0,10,23,1,0,0,0,3,1
12,1,71.87,11,12,4,6,3,3,0,0
309,0,101.0,5,13,3,2,1,1,0,0
184,0,89.25,10,12,4,3,1,0,0,0
61,1,80.75,10,24,4,1,0,0,0,1
179,1,90.95,7,23,4,4,2,0,0,1
84,1,134.1,8,4,4,2,0,0,3,1
248,2,83.38,10,13,4,3,2,0,0,1
1,0,65.5,2,24,2,2,0,0,0,1
6,0,55.0,11,26,3,3,0,0,0,1
106,2,84.58,7,13,3,4,0,0,0,1
109,1,107.1,8,12,4,2,1,3,0,1
14,0,153.03,10,4,4,5,2,1,0,1
83,0,83.59,5,18,4,2,0,3,0,1
32,1,67.5,2,6,4,1,1,3,0,0
256,1,115.0,6,15,3,2,0,1,0,0
39,2,88.4,11,20,4,3,2,0,0,1
68,0,48.0,9,29,3,2,0,0,0,1
91,0,140.4,5,13,4,2,1,0,3,0
174,1,99.45,8,12,4,2,2,0,0,1
31,0,100.0,6,2,3,2,0,0,0,1
25,2,187.0,7,26,4,2,0,0,3,1
54,0,47.43,3,1,4,4,0,3,0,0
4,1,109.0,6,26,4,0,1,0,0,1
315,0,160.0,9,30,4,2,1,1,0,0
203,0,80.75,9,5,3,2,1,0,0,1
28,2,139.0,10,10,4,1,1,0,0,1
54,1,116.1,6,17,4,3,2,0,0,1
90,1,90.95,4,13,4,4,0,0,0,1
18,1,120.0,11,1,4,2,0,0,0,1
122,1,107.0,3,27,3,1,2,1,0,1
45,2,126.9,5,21,4,1,1,0,0,1
138,1,91.48,7,4,4,2,1,0,3,1
6,0,89.0,3,22,4,2,0,3,0,0
273,0,106.2,9,30,4,2,1,0,0,0
67,0,76.5,7,20,4,8,3,0,0,0
75,2,150.3,7,2,4,1,1,0,3,1
269,0,70.0,12,29,3,3,2,0,0,1
1,0,96.0,10,1,3,1,0,0,0,1
75,0,78.0,3,21,4,1,1,0,1,1
4,0,169.0,9,15,4,3,2,0,0,1
107,0,52.36,7,17,4,2,0,0,0,0
119,0,51.69,12,29,4,1,0,3,0,1
17,0,95.0,9,26,2,1,1,0,0,1
80,0,136.0,10,9,3,2,0,1,3,1
22,1,111.25,10,29,4,2,2,3,0,0
2,0,66.0,1,14,2,1,0,0,0,1
17,1,153.62,10,30,4,2,2,0,5,1
36,0,103.95,4,8,4,1,0,0,5,1
117,1,123.3,5,6,4,2,0,0,3,1
14,2,159.33,6,12,4,1,2,0,3,1
151,1,137.13,7,5,4,5,1,0,3,0
142,0,143.1,9,20,4,5,1,0,3,0
64,0,130.0,5,17,2,3,0,0,0,1
2,0,110.0,4,20,2,1,0,0,3,1
20,1,12.0,8,5,4,1,0,0,0,1
259,2,131.43,12,28,4,4,1,0,0,1
0,0,125.1,5,24,2,1,0,0,0,1
15,0,81.0,2,19,2,1,0,0,0,1
158,1,168.3,7,1,4,2,1,0,5,0
104,2,87.67,6,7,4,4,0,0,0,1
113,0,100.0,5,31,2,3,0,0,0,0
59,1,76.5,10,15,3,3,2,0,0,1
7,1,129.0,9,20,4,1,0,3,0,0
120,1,104.4,10,28,4,1,0,0,3,0
96,2,168.3,6,19,4,0,1,0,3,1
133,1,81.25,7,13,3,4,0,0,0,1
159,1,106.74,7,6,4,5,2,0,0,0
184,3,128.7,10,17,4,3,1,0,3,1
167,1,80.75,7,6,4,4,0,3,0,1
298,0,75.0,5,10,3,2,0,0,0,0
106,2,88.4,12,21,4,5,2,0,0,1
42,2,216.9,8,20,4,1,1,0,5,1
12,0,111.35,5,30,2,3,1,0,0,1
105,1,126.9,6,11,4,1,1,0,0,1
4,0,184.0,8,29,4,0,1,0,3,1
0,0,119.0,6,2,4,1,0,3,0,1
72,1,96.3,6,26,4,0,1,0,0,1
69,0,120.0,6,12,4,4,2,0,0,0
155,0,72.25,7,8,3,3,2,0,0,1
10,1,131.0,4,22,4,1,0,0,0,1
42,0,72.0,11,22,3,3,0,0,0,1
166,2,102.6,9,30,4,2,2,3,0,0
418,0,107.0,9,26,3,2,1,1,0,0
32,1,73.0,11,20,3,2,0,0,0,1
89,1,83.66,3,21,4,5,2,0,0,1
37,1,135.0,11,1,4,2,0,0,0,1
27,1,212.1,9,20,4,3,0,0,5,0
11,1,159.0,9,4,4,2,0,0,0,1
219,0,84.0,9,4,3,1,0,1,0,1
76,1,76.5,3,21,4,5,1,3,0,1
78,0,100.0,3,25,4,2,1,0,0,0
4,1,0.0,10,1,1,1,0,0,4,1
78,0,117.9,8,7,4,0,1,0,0,0
118,3,107.95,5,1,4,5,2,0,3,1
3,0,58.0,12,3,3,3,2,0,0,1
27,2,124.0,9,18,4,2,0,0,0,1
65,1,127.38,8,4,4,1,0,0,1,1
124,0,87.55,4,14,4,3,1,0,0,0
96,0,94.5,7,11,4,1,2,1,0,0
215,0,212.06,11,6,4,5,2,0,0,0
32,1,81.9,3,15,4,3,0,0,0,1
212,1,78.0,5,20,3,3,2,0,0,1
92,0,101.52,5,30,3,2,1,0,0,1
215,1,92.16,8,14,4,5,2,0,0,1
116,2,79.2,12,17,4,1,2,3,0,1
43,1,81.9,3,14,4,1,1,0,0,0
141,2,85.5,8,29,4,2,1,3,0,1
12,3,89.25,11,13,4,5,2,0,0,1
37,2,156.6,6,26,4,2,2,1,3,1
386,1,115.0,10,23,3,0,2,1,0,0
26,1,75.0,10,19,3,3,1,0,3,1
6,2,77.0,12,18,4,1,0,0,1,1
102,2,86.4,12,6,4,2,0,0,0,0
291,0,115.0,8,19,4,2,0,1,0,0
112,1,115.52,5,5,4,3,1,0,3,1
43,0,90.9,2,28,4,0,2,0,3,0
11,0,122.13,10,8,4,1,2,0,0,1
82,0,76.5,4,11,3,2,1,0,0,1
12,0,72.0,10,4,3,0,1,0,0,1
72,0,76.5,7,8,4,4,1,0,0,1
66,1,79.0,12,24,4,1,2,0,3,1
211,0,100.0,5,20,3,2,0,0,0,0
35,0,95.4,3,5,4,1,1,0,3,0
157,2,123.3,8,10,4,3,0,0,0,0
13,0,96.0,12,5,4,0,1,0,0,1
106,1,118.8,10,7,4,2,1,0,0,0
121,0,72.25,7,18,3,12,5,0,0,0
41,2,96.9,10,16,4,2,1,0,0,1
221,0,80.0,8,12,4,1,0,0,0,0
0,2,77.25,11,28,4,1,0,0,1,1
57,2,202.5,10,12,4,2,0,1,3,1
107,0,152.1,8,24,4,4,0,0,3,0
20,0,85.0,6,2,3,1,0,3,0,1
254,1,100.3,9,29,4,3,1,0,0,0
69,0,82.0,1,29,3,2,1,0,5,1
0,1,150.92,6,13,4,3,1,0,5,1
305,0,89.0,11,4,3,2,1,0,0,0
90,1,63.86,4,1,4,2,0,0,0,1
91,0,65.0,9,14,2,2,0,0,0,1
52,1,73.2,11,6,4,2,1,0,0,1
43,0,60.0,11,4,3,3,0,0,3,1
0,1,45.0,1,6,3,2,0,0,0,1
2,0,95.0,4,7,0,1,0,0,0,1
180,0,70.0,10,16,3,1,0,0,0,0
131,1,144.67,10,4,4,3,0,0,0,1
16,2,111.35,5,29,4,2,2,0,3,1
134,0,146.7,8,7,4,0,1,0,3,0
16,2,165.6,11,6,4,3,2,0,0,1
418,0,75.0,9,26,3,2,1,0,0,0
0,1,45.0,7,27,3,1,0,0,0,1
64,0,91.2,9,5,4,2,1,3,0,0
26,1,151.0,7,2,4,1,1,0,0,0
228,0,93.3,10,30,4,1,2,0,0,0
79,2,52.85,11,18,4,4,0,0,0,1
314,0,75.0,10,12,3,3,0,0,0,0
42,1,130.5,9,18,4,0,2,0,0,0
31,0,85.5,9,11,3,1,2,0,0,0
7,1,127.0,2,13,4,1,0,0,3,1
302,1,74.6,8,2,4,8,2,0,1,1
60,1,123.98,9,5,4,3,1,0,3,0
33,1,113.0,11,26,4,1,0,0,0,1
161,3,80.1,10,25,4,2,0,3,0,1
40,1,136.89,9,27,4,2,0,0,0,0
85,2,89.25,10,23,4,2,1,0,0,1
118,1,96.78,10,27,4,3,1,0,3,1
68,1,149.4,9,8,4,3,1,0,3,1
89,4,74.8,12,17,4,6,2,3,0,1
6,0,75.0,11,23,3,2,0,0,0,1
27,0,163.8,10,3,4,4,1,0,3,0
27,0,120.0,6,9,3,1,0,0,0,1
12,0,77.0,1,15,4,2,2,3,0,1
8,0,119.0,5,25,4,1,0,3,0,1
247,0,90.0,6,6,3,1,1,1,0,1
322,0,80.0,5,19,3,3,1,0,0,0
120,0,95.2,4,23,4,1,1,0,0,1
168,0,85.0,4,22,3,2,1,0,0,0
88,1,117.0,5,3,3,3,0,1,0,1
42,1,80.3,2,3,4,3,0,0,0,1
54,0,75.0,11,12,3,1,2,0,0,1
2,0,75.0,1,4,4,3,1,3,0,1
27,0,129.0,3,22,4,3,0,3,0,0
10,0,104.0,9,19,2,1,1,0,0,1
214,1,90.95,8,7,4,2,2,0,0,1
124,2,72.25,12,28,4,3,1,0,0,1
111,1,107.1,8,12,4,2,0,3,0,1
286,1,117.0,9,16,3,2,0,1,0,0
16,0,89.22,4,8,4,3,2,0,3,1
33,1,207.9,7,29,4,1,0,0,5,1
56,1,93.6,12,8,4,3,0,0,0,1
62,1,111.88,12,23,4,2,1,1,0,1
75,1,90.95,4,11,4,3,1,0,0,1
158,0,90.95,8,25,4,3,2,0,0,0
93,0,92.65,12,10,3,1,1,0,0,1
35,1,129.0,10,28,4,2,1,0,0,1
35,2,117.0,9,25,4,0,2,0,0,1
80,1,68.0,11,24,3,3,0,0,0,1
137,0,133.2,8,23,4,4,0,0,3,0
257,2,65.29,10,4,4,3,2,0,0,1
56,0,159.3,5,3,4,2,0,0,0,0
0,3,0.0,5,4,1,1,0,0,6,1
56,1,207.9,9,8,4,3,0,0,5,1
20,1,95.0,9,18,3,2,2,0,0,1
25,0,96.9,11,25,4,2,2,0,3,0
89,1,76.5,7,9,4,3,0,0,0,0
35,0,129.87,6,27,4,2,1,0,3,0
92,4,147.9,12,6,4,10,2,0,5,1
156,0,72.25,8,8,3,5,1,0,0,1
108,1,120.0,3,24,4,3,2,0,1,1
0,1,110.0,9,28,2,1,0,0,3,1
28,0,76.69,1,18,4,1,1,0,3,1
91,0,60.5,12,30,3,4,0,3,0,1
40,3,153.6,8,27,4,1,2,0,3,1
27,0,108.0,9,30,3,2,0,0,0,1
21,0,85.0,2,11,4,1,0,0,0,0
31,0,198.9,5,6,4,2,0,0,5,0
120,2,76.5,8,9,4,1,2,0,0,1
11,0,69.6,1,12,4,2,0,0,0,1
161,0,130.0,3,25,3,2,1,1,0,0
113,0,138.55,7,1,4,6,2,0,3,0
251,0,79.29,12,31,4,5,2,0,0,0
88,1,112.01,5,29,4,2,2,0,1,1
204,0,100.0,5,5,4,3,0,0,0,0
59,0,128.69,4,28,4,3,2,0,3,0
96,2,79.2,12,5,4,1,1,3,0,1
91,1,127.65,10,20,4,4,2,0,3,0
81,0,132.6,5,21,4,2,2,0,3,0
83,1,76.5,8,5,4,4,1,0,0,1
17,1,90.0,8,29,4,1,0,0,0,1
14,1,109.0,11,2,4,1,0,3,0,1
34,2,77.6,2,22,3,2,1,0,0,1
11,0,90.0,6,14,2,3,0,0,3,1
3,0,120.0,9,19,2,1,1,0,0,0
194,1,76.85,7,9,4,1,2,0,1,1
1,0,111.0,7,20,4,1,0,0,0,1
44,1,98.8,11,19,4,1,1,0,0,0
7,1,183.0,4,21,4,3,0,1,3,1
101,2,119.0,12,8,4,3,1,0,3,1
6,0,80.0,11,9,3,2,1,0,0,1
178,0,117.6,8,26,3,2,0,0,4,0
11,0,139.0,8,12,4,6,2,3,0,0
10,0,87.0,2,22,3,3,1,0,0,1
144,0,63.75,7,5,3,5,0,3,0,1
34,1,161.5,11,6,4,3,2,0,0,1
79,1,149.1,4,28,4,3,0,0,3,1
117,1,112.5,8,12,4,2,0,3,0,1
1,1,109.0,6,26,4,0,1,0,0,1
37,1,89.1,6,27,4,0,1,3,0,1
44,0,80.3,2,19,4,2,1,0,0,1
169,0,106.0,4,22,3,2,2,1,0,0
189,0,109.8,10,28,4,2,1,0,3,0
121,0,107.95,7,3,4,2,2,0,0,0
67,0,168.9,12,27,4,3,0,0,5,0
4,3,162.0,8,14,4,2,1,3,5,1
229,0,85.5,9,3,4,1,0,3,0,0
105,2,132.3,10,6,4,5,2,0,3,1
5,1,139.0,7,14,4,3,1,3,0,1
64,0,116.1,5,21,4,1,1,3,0,0
42,1,78.3,1,16,4,1,2,0,0,1
127,1,96.3,6,27,4,2,1,0,0,1
38,1,0.0,11,28,1,1,1,0,0,1
191,0,132.0,6,3,3,2,1,0,0,0
25,1,105.0,9,5,4,1,0,0,0,0
64,0,143.1,6,9,4,2,0,0,0,0
151,1,105.3,7,15,4,1,0,0,0,0
86,1,107.95,4,17,4,2,2,0,3,1
39,0,161.1,3,31,4,2,0,1,0,1
12,0,95.0,4,19,4,1,0,0,0,1
15,2,152.0,4,26,4,2,0,0,3,1
2,0,116.0,12,11,4,2,0,0,3,1
48,1,89.3,2,23,4,2,0,0,0,1
8,0,0.0,10,22,1,1,0,0,3,1
19,1,165.0,11,10,4,2,0,0,3,1
19,1,119.0,4,13,4,1,0,3,0,1
2,2,98.0,8,12,4,3,0,0,0,1
44,0,115.68,11,5,4,6,3,0,3,1
241,1,75.92,10,30,4,3,2,0,3,1
25,0,85.0,10,9,3,2,2,0,0,1
56,1,60.0,11,19,3,3,0,0,3,1
90,1,74.8,12,24,4,3,2,3,0,1
1,1,59.03,12,23,4,1,0,3,0,1
129,2,83.61,8,9,4,5,0,0,0,1
36,1,116.1,5,1,4,2,2,3,0,1
57,1,140.13,9,7,4,3,0,0,3,1
223,0,73.96,9,30,4,3,2,3,0,0
175,0,115.6,12,7,4,4,0,0,3,1
290,0,73.95,12,1,4,3,1,0,0,0
180,0,120.0,10,10,3,2,1,0,0,0
221,0,73.0,8,12,3,1,0,1,0,1
1,0,79.0,1,23,4,1,2,3,0,1
27,0,142.72,4,15,4,4,2,0,3,0
271,0,78.3,12,3,3,1,2,0,0,1
97,2,104.96,7,23,4,1,2,0,3,1
7,0,151.0,8,7,4,2,2,0,0,0
84,2,125.1,9,4,4,1,2,3,0,1
184,2,164.25,8,17,4,1,0,1,0,0
77,3,132.3,10,7,4,2,1,0,3,1
15,1,129.0,8,20,4,2,2,3,0,0
5,0,77.1,2,22,4,2,1,3,0,1
53,1,94.5,10,26,4,2,1,0,0,1
89,1,75.0,5,9,3,2,1,0,0,1
239,1,96.3,10,28,4,2,0,0,0,0
184,0,137.28,9,22,4,3,2,0,3,0
21,1,144.0,4,13,4,2,0,0,3,1
95,0,60.5,12,29,3,4,0,0,3,1
130,2,103.56,7,16,4,1,2,0,0,1
113,1,105.3,5,2,4,2,1,0,0,1
5,0,106.0,5,4,2,2,0,0,4,1
39,0,102.0,12,19,3,2,1,1,0,1
6,0,137.0,9,3,4,3,2,0,0,0
7,1,121.0,4,27,4,4,1,3,0,1
2,1,119.0,3,22,4,1,0,0,0,1
80,1,93.6,11,19,4,1,2,0,0,1
46,2,119.5,10,25,4,2,0,3,0,1
60,1,98.94,9,12,4,3,2,0,0,1
51,0,123.3,8,29,4,5,2,0,3,1
159,0,144.0,9,19,3,2,1,0,0,0
46,2,152.1,7,27,4,1,0,0,0,1
63,0,75.0,11,28,3,3,1,0,0,1
5,0,70.84,2,23,4,2,0,0,0,1
208,1,81.0,12,27,3,1,0,0,0,1
19,0,82.83,2,18,4,3,0,0,0,1
4,0,1.0,2,23,4,2,0,0,0,1
265,0,109.0,6,24,3,2,0,1,0,0
13,0,85.0,3,20,3,0,1,0,0,1
230,0,158.95,8,25,4,3,1,0,5,0
45,0,98.1,12,8,3,2,0,0,0,1
261,0,68.51,12,26,4,7,3,3,0,0
92,2,89.85,7,12,4,4,0,0,0,1
36,2,168.3,7,14,4,2,0,0,3,1
65,0,136.8,9,7,4,3,0,0,3,0
159,1,70.0,4,9,3,1,1,0,0,1
81,0,96.3,3,27,4,0,1,0,0,1
162,1,70.0,9,17,3,3,0,0,0,1
222,0,86.63,8,11,4,1,0,0,1,0
0,1,106.67,8,22,4,1,2,0,0,1
11,1,106.35,11,5,4,4,2,0,0,1
231,2,81.82,8,1,4,7,3,0,1,0
42,1,182.34,9,4,4,3,2,0,5,0
128,1,126.9,6,6,4,2,1,0,0,1
0,0,162.0,10,1,4,1,2,0,0,1
114,2,109.8,12,28,4,4,1,0,0,0
153,2,130.5,7,23,4,1,1,0,0,0
5,0,160.0,7,8,4,2,1,0,0,1
230,1,86.5,7,26,4,3,0,0,1,0
4,0,116.0,12,11,4,2,0,0,3,1
115,0,86.0,2,27,3,2,2,0,0,1
146,0,65.0,12,29,3,3,0,0,0,1
122,2,94.35,5,11,4,4,0,3,0,1
193,1,76.85,7,9,4,1,2,0,1,1
89,1,105.3,7,17,4,2,2,0,0,1
34,1,170.4,10,8,4,1,2,0,3,0
37,0,105.3,4,11,4,1,1,0,0,0
30,0,117.9,5,23,4,1,1,0,0,0
0,0,75.0,7,22,2,1,0,0,0,0
102,0,87.0,10,16,3,2,0,1,0,1
49,0,69.5,3,6,4,1,2,3,0,1
5,0,134.0,6,29,4,4,0,3,0,0
45,0,101.38,11,1,4,8,2,0,0,0
23,0,105.0,9,4,4,1,0,0,0,1
122,1,0.0,3,28,1,2,1,0,0,1
151,2,162.0,9,23,4,2,2,0,3,0
104,1,98.64,9,5,4,5,2,0,0,1
275,1,90.95,10,28,4,2,2,0,0,0
207,3,108.9,10,4,4,1,0,0,0,1
150,1,91.48,9,25,4,0,2,0,0,1
96,0,93.96,10,26,4,2,0,0,3,0
29,2,152.0,10,5,4,2,0,0,0,1
183,1,105.3,7,16,4,1,2,0,3,0
169,0,80.75,9,9,3,2,0,0,0,1
119,1,114.3,8,12,4,2,2,0,0,1
62,1,91.48,4,21,4,3,0,0,3,1
6,2,100.87,5,23,4,1,1,0,0,1
99,0,80.0,2,19,2,1,0,0,0,0
31,1,111.6,10,2,4,1,0,0,0,0
8,1,181.0,4,11,4,0,1,0,5,1
39,2,177.3,4,11,4,1,1,0,5,1
19,0,66.0,2,20,3,1,2,0,0,1
109,0,94.35,5,7,4,2,2,3,0,0
0,0,142.0,9,8,4,1,0,0,0,1
25,1,66.22,2,16,4,2,0,0,0,1
179,1,96.3,7,1,4,1,0,0,0,0
52,1,79.5,2,26,4,2,1,3,0,0
276,0,61.0,5,13,4,3,2,0,0,0
109,1,143.7,8,5,4,2,1,0,3,1
51,1,90.2,8,31,4,4,1,0,3,1
183,0,187.5,8,16,4,5,0,1,3,0
0,0,109.0,8,14,3,2,0,1,0,1
155,0,89.76,10,21,3,2,0,0,0,0
18,2,88.0,11,28,4,0,1,3,0,1
207,0,95.0,12,30,3,2,1,0,0,1
15,0,65.0,10,22,2,1,0,0,0,1
10,2,83.55,2,13,4,1,1,0,0,1
1,2,120.0,10,13,4,1,0,3,0,1
141,0,80.75,10,6,3,3,1,0,0,1
64,2,115.03,4,23,4,4,2,0,0,1
105,0,110.0,10,12,3,2,1,1,0,0
11,0,124.0,12,6,4,1,0,0,0,1
16,4,106.0,10,29,4,3,2,3,0,1
110,0,70.0,12,9,3,1,0,0,0,1
4,3,108.67,11,19,4,1,2,0,0,1
30,1,137.83,11,7,4,3,1,3,0,1
118,0,119.0,6,6,3,1,1,0,0,1
11,0,95.0,5,23,4,0,1,0,0,0
31,1,127.94,11,5,4,3,2,0,3,0
28,1,332.57,6,2,4,3,0,0,5,1
58,1,116.1,6,10,4,2,1,3,0,1
10,1,114.73,9,7,4,1,0,0,0,1
0,1,164.0,10,9,4,1,0,0,0,1
7,1,90.0,8,24,4,2,1,0,0,1
15,2,200.0,11,7,4,2,1,0,0,1
433,0,70.0,9,8,3,3,0,0,0,0
124,2,118.8,10,9,4,1,2,0,0,1
66,0,106.0,1,3,4,2,2,0,0,1
40,0,139.5,10,5,4,2,0,0,3,0
37,0,125.12,11,6,4,3,2,0,0,0
1,2,135.75,9,6,4,2,2,0,0,1
19,2,155.0,9,16,4,1,0,0,5,1
37,1,78.5,2,8,4,4,1,3,0,1
1,0,0.0,9,24,1,1,0,0,0,1
47,2,79.2,11,11,4,2,1,3,0,1
184,1,90.95,7,1,4,2,2,0,0,1
17,1,87.0,2,22,3,1,1,0,0,1
0,0,129.0,6,20,4,0,1,3,0,1
64,0,101.52,9,28,3,3,0,0,0,1
201,1,121.5,8,25,4,3,0,0,0,0
48,0,109.65,5,7,4,4,2,3,0,0
2,0,79.0,2,13,4,1,0,3,0,0
34,0,224.67,9,23,4,3,0,1,0,0
36,2,88.4,12,21,4,4,1,0,0,1
29,2,131.72,7,16,4,3,2,0,0,1
138,1,105.28,5,14,4,5,2,0,0,1
37,2,144.9,8,18,4,3,0,0,0,1
28,0,132.05,8,14,4,2,2,3,0,0
18,1,77.0,10,26,3,1,1,0,0,1
0,1,0.0,7,29,1,1,0,0,0,1
0,0,95.0,9,16,3,2,0,0,0,1
289,0,67.0,10,17,3,1,0,0,0,1
221,2,115.5,9,29,4,3,0,0,0,0
120,1,129.81,9,11,4,5,2,0,0,1
60,1,99.9,6,21,4,3,0,0,0,1
6,0,100.0,3,4,4,1,0,3,0,1
1,0,66.0,1,26,2,1,0,0,0,1
8,0,78.3,1,16,4,5,2,0,0,1
130,1,110.7,10,21,4,2,0,0,1,1
1,2,111.0,2,3,4,4,0,0,0,1
95,1,85.0,11,18,4,3,2,0,0,1
7,2,155.45,9,28,4,8,3,0,0,1
250,0,96.3,10,20,4,3,0,0,0,0
0,0,54.31,11,28,4,1,0,0,0,1
18,1,101.25,8,31,4,3,1,0,0,0
9,0,89.89,12,3,4,2,2,0,0,1
85,0,96.3,4,15,4,2,1,0,0,0
273,0,95.0,5,13,4,2,1,0,0,0
3,1,177.5,9,19,4,1,1,0,3,1
79,2,148.86,7,6,4,4,1,0,3,1
63,0,193.68,11,7,4,2,1,0,5,1
50,2,114.0,11,13,4,1,2,0,3,1
54,1,111.0,10,30,4,4,2,0,3,0
202,0,90.0,5,29,3,1,2,0,0,0
35,0,110.16,9,5,4,3,1,0,0,1
0,1,76.5,8,12,4,4,0,0,0,1
31,1,134.1,9,11,4,2,1,0,0,1
133,0,105.3,5,17,4,3,0,0,0,1
106,0,102.39,4,27,4,9,2,0,0,0
4,0,94.5,8,8,3,1,2,1,0,1
2,1,108.0,2,26,4,1,0,0,3,1
2,0,88.0,3,16,0,2,0,0,0,1
214,0,108.9,10,7,4,2,1,0,0,0
32,2,142.2,4,16,4,1,1,0,0,1
44,0,108.45,6,19,4,2,2,0,0,0
63,0,121.5,7,23,4,5,2,0,0,0
245,0,75.0,6,17,3,2,0,0,0,0
172,1,79.03,7,4,4,4,1,0,0,1
24,0,78.0,8,19,4,3,2,0,0,0
21,0,157.0,5,16,4,0,1,0,3,0
70,0,166.9,9,15,4,2,0,0,3,0
12,0,130.0,10,20,2,2,0,0,0,1
93,2,81.5,10,29,4,1,1,0,1,1
203,0,96.3,8,9,4,3,0,0,0,0
57,1,85.85,3,30,4,4,0,0,0,1
1,0,159.0,8,2,2,1,0,0,0,1
47,0,134.1,7,5,4,1,0,0,0,0
102,0,80.0,10,16,3,2,0,1,0,0
25,0,154.0,9,16,4,2,2,0,0,1
80,3,121.55,4,25,4,3,1,0,3,1
71,0,115.6,6,1,3,4,1,0,3,0
100,2,130.5,6,28,4,1,0,0,0,0
4,1,87.63,11,18,4,2,2,3,0,1
15,0,79.0,2,12,4,2,0,3,0,0
30,1,76.08,11,17,4,3,0,0,0,1
4,0,66.0,3,7,2,1,1,0,0,1
35,0,108.4,9,27,4,3,0,0,0,1
60,0,198.9,5,14,4,1,1,0,5,0
102,0,109.0,10,16,3,1,0,1,0,1
172,0,102.3,8,23,4,3,0,0,0,0
29,1,139.0,7,28,4,1,0,3,0,1
21,2,126.0,10,20,4,3,0,0,0,1
217,1,121.55,10,16,4,2,2,0,3,0
111,0,72.25,7,13,3,3,0,0,0,1
97,2,168.3,9,27,4,3,0,0,3,0
42,1,131.48,3,24,4,3,1,0,3,1
11,0,155.0,10,2,4,0,2,0,0,0
1,0,117.8,5,18,3,1,0,0,0,1
20,1,160.0,7,5,4,1,0,0,0,1
286,1,117.0,9,16,4,2,0,1,0,0
95,0,103.5,6,29,4,4,0,3,0,0
298,0,76.0,5,10,3,2,0,0,0,1
53,1,107.1,10,29,4,1,1,0,0,0
13,0,75.0,1,20,4,8,2,0,0,1
129,3,114.75,5,22,4,5,4,0,3,1
3,0,136.0,10,18,4,1,2,0,3,1
0,2,65.0,12,20,3,1,0,0,0,1
2,1,96.0,12,18,4,0,2,0,0,1
18,1,221.0,5,6,4,2,0,0,5,1
27,0,141.0,5,10,4,3,0,0,0,0
2,1,130.0,3,20,4,3,2,0,0,1
114,0,189.0,7,14,4,3,0,1,3,0
3,0,142.33,6,14,4,3,0,0,0,1
25,0,100.3,11,12,4,2,2,0,3,1
32,0,198.9,4,30,4,1,2,0,5,0
170,1,103.7,8,25,4,3,2,0,3,0
21,1,136.0,4,11,4,2,1,0,3,1
33,0,62.2,3,8,3,2,0,0,0,1
125,0,132.67,12,1,4,3,2,0,5,0
27,2,113.0,12,7,4,3,0,0,0,1
143,1,132.88,7,28,4,4,2,0,0,1
267,0,115.2,10,1,4,1,1,0,3,0
46,1,99.0,9,1,4,2,0,3,0,1
61,2,102.6,12,2,4,2,0,0,3,1
49,2,115.2,12,5,4,1,2,0,0,1
36,3,207.9,9,15,4,3,0,0,5,1
49,1,80.3,3,4,4,2,1,0,0,1
223,2,89.25,10,4,4,0,2,0,0,1
30,2,102.0,10,16,4,2,1,0,0,1
22,2,94.33,3,3,4,3,0,0,0,1
0,0,159.0,9,15,4,1,0,3,0,1
99,1,118.8,10,16,4,1,2,0,0,0
21,1,77.92,12,4,4,2,1,3,0,1
27,1,68.07,11,23,4,4,0,0,0,1
1,0,120.0,4,12,3,5,0,1,0,1
150,1,90.0,6,16,3,3,0,1,0,1
26,2,109.0,11,2,4,3,0,3,0,1
15,2,98.11,12,28,4,5,2,3,0,1
4,1,149.0,8,25,4,1,0,0,0,1
75,0,72.25,4,18,3,2,1,3,0,1
0,0,134.0,3,26,4,1,1,3,0,1
3,2,65.0,8,9,3,1,2,0,1,1
31,0,73.9,1,19,4,3,0,0,0,1
124,2,130.05,7,17,4,2,2,0,3,1
2,1,86.0,1,16,4,1,0,3,0,1
122,0,67.0,11,25,2,1,0,0,0,1
30,0,82.0,11,16,4,2,0,3,0,1
3,0,95.0,6,24,3,2,0,0,0,1
16,0,76.0,3,8,2,3,0,0,3,1
24,2,145.4,4,17,4,3,2,0,3,1
117,1,99.45,5,13,4,2,2,3,0,1
98,1,109.65,5,8,4,3,2,3,0,0
209,1,98.1,10,5,4,3,0,3,0,0
90,0,75.0,5,10,3,3,0,0,0,1
63,0,79.2,11,24,4,1,0,3,0,0
212,0,70.0,5,20,3,3,2,0,0,1
8,2,220.0,12,30,2,2,1,0,6,1
2,0,163.0,9,15,4,1,0,0,0,1
98,2,93.6,12,5,4,1,1,0,0,1
47,1,88.52,4,28,4,3,1,0,0,1
33,1,104.0,12,8,4,3,0,0,0,1
81,3,110.8,12,30,4,4,0,0,0,1
64,0,140.0,5,17,2,2,0,0,0,0
54,1,95.0,10,29,3,1,2,0,1,1
16,0,75.0,12,8,2,3,0,0,0,1
0,1,0.0,6,9,4,1,0,3,0,1
4,0,104.0,4,16,4,1,1,3,0,1
32,2,109.0,10,29,4,1,0,3,0,1
13,1,90.0,10,26,3,1,0,0,0,1
39,1,77.5,3,4,4,2,0,0,0,1
3,1,133.0,9,7,4,0,1,0,0,1
131,2,76.23,8,5,4,2,0,3,0,1
2,0,151.0,7,12,4,1,0,0,0,1
148,1,93.5,9,11,4,2,0,0,0,1
73,0,67.83,11,24,3,3,0,0,0,1
175,1,96.3,7,13,4,2,0,0,0,1
73,0,126.9,5,7,4,1,0,0,0,0
418,0,86.0,9,26,3,2,1,1,0,0
14,1,124.0,8,31,4,1,0,0,0,1
6,0,93.0,3,10,4,2,0,3,0,0
28,0,67.0,7,14,2,1,0,0,0,1
71,0,80.75,6,17,3,2,0,0,0,1
25,0,75.6,9,13,4,3,2,0,0,1
43,0,58.4,10,2,3,3,2,0,0,1
45,0,99.0,8,30,4,2,0,3,0,0
270,0,70.0,4,20,3,4,0,0,0,1
72,0,119.0,12,19,4,3,1,0,3,0
92,0,89.55,9,12,3,2,2,0,0,1
0,1,74.69,12,28,4,0,1,0,0,1
37,1,96.3,10,22,4,3,0,0,0,1
178,1,80.75,7,6,4,4,1,3,0,1
18,2,158.0,12,30,4,2,0,0,0,1
10,1,89.0,4,3,4,0,2,3,0,1
96,0,99.45,3,24,4,3,1,0,3,1
57,1,94.5,10,22,4,1,0,0,0,1
36,1,123.97,9,4,4,1,2,0,3,0
111,0,58.0,3,27,3,2,2,0,0,1
6,2,145.0,8,21,4,0,1,0,3,1
157,1,72.25,7,7,3,3,1,0,0,1
193,0,65.0,10,15,3,3,0,0,0,0
48,1,140.4,5,10,4,5,0,0,3,1
62,2,135.9,8,10,4,2,0,0,0,1
1,1,115.0,8,4,4,1,0,0,0,1
97,1,97.2,10,11,4,2,0,3,0,0
54,3,139.5,10,13,4,3,0,0,3,1
135,1,90.0,6,28,4,2,0,3,0,1
58,2,109.4,12,28,4,4,1,0,0,1
3,0,147.0,4,1,4,2,0,0,3,0
2,0,95.0,10,13,3,1,0,0,0,1
134,0,65.0,12,4,3,2,2,0,0,1
143,1,97.54,8,18,4,1,0,0,1,1
101,0,93.38,4,12,4,5,2,0,3,1
209,1,72.75,7,2,4,4,2,0,3,1
4,1,72.07,2,4,4,2,0,0,0,1
19,1,104.0,12,5,4,2,1,0,0,1
47,1,94.5,10,13,4,4,0,0,0,1
93,0,115.0,10,15,3,1,2,0,0,0
32,0,176.4,10,6,4,3,1,0,3,0
75,1,76.5,7,6,4,1,1,0,0,0
62,0,68.72,9,20,4,3,2,0,0,1
36,0,94.35,6,26,4,0,2,0,0,1
56,0,65.49,3,6,4,2,2,0,3,1
49,1,94.5,10,23,4,6,2,0,0,1
3,0,65.0,10,8,2,1,0,0,0,0
296,1,117.0,9,21,3,4,0,1,0,0
13,0,107.8,2,29,4,3,1,1,0,1
21,1,79.0,2,17,4,3,0,3,0,1
37,0,94.5,9,16,4,2,0,0,0,1
60,0,65.0,9,21,3,1,1,0,0,1
205,2,85.5,10,18,4,4,0,3,0,0
255,0,123.75,12,30,4,2,2,0,3,1
136,0,170.36,5,7,4,5,2,0,5,0
60,0,167.04,9,6,4,5,2,1,3,1
10,2,136.67,11,3,4,3,0,0,0,1
28,1,109.0,4,21,4,2,0,0,0,1
19,0,111.0,3,4,4,2,0,0,3,0
159,0,112.5,8,26,4,1,0,0,0,0
141,1,131.47,8,1,4,5,1,0,3,1
131,0,164.25,7,25,4,1,1,1,0,0
17,1,125.8,12,29,4,3,2,0,3,1
25,0,85.0,10,8,3,1,2,0,0,1
75,0,80.0,3,17,4,3,1,0,0,0
44,0,82.13,11,22,4,3,0,3,0,0
181,1,108.45,8,3,4,4,1,0,0,0
168,0,90.95,7,4,4,3,1,0,0,0
145,1,131.7,7,3,4,1,2,0,3,1
149,0,129.0,6,9,4,3,0,0,3,0
25,1,85.0,10,18,3,3,0,0,0,1
143,1,114.3,8,14,4,2,2,0,0,1
64,2,168.3,9,19,4,3,1,0,3,1
0,1,67.0,12,13,2,1,0,0,0,1
62,0,106.2,4,1,4,2,1,0,3,1
2,0,71.0,2,10,2,1,0,0,0,1
257,0,101.5,7,1,3,2,0,1,0,0
12,2,124.0,9,20,4,1,2,0,0,1
166,0,110.0,11,1,4,3,0,0,0,0
2,1,78.2,11,6,3,5,2,0,3,1
32,0,149.4,3,25,4,2,0,0,3,0
26,0,91.0,2,19,4,2,0,0,0,0
2,0,94.0,10,30,0,1,2,0,3,1
16,0,85.0,2,6,4,1,1,0,0,0
104,1,77.03,7,16,4,1,1,0,0,1
34,0,135.9,8,1,4,2,1,0,0,0
92,1,80.75,6,26,3,1,2,0,0,1
8,1,79.0,6,23,4,1,0,3,0,0
108,2,108.0,10,17,4,3,1,3,0,1
60,1,123.3,3,29,4,1,0,0,3,0
54,0,72.0,11,12,3,1,0,0,0,1
19,2,119.33,11,12,4,1,2,0,3,1
267,1,73.37,9,19,4,5,2,0,0,1
2,1,103.0,11,14,4,3,2,0,0,1
6,0,116.0,11,6,4,2,0,0,0,1
157,2,155.7,8,10,4,2,0,0,0,0
85,0,140.4,5,26,4,2,0,0,3,0
151,1,97.75,8,11,4,3,2,0,0,1
30,1,144.9,8,5,4,2,0,0,0,1
21,0,67.32,12,19,4,4,1,0,0,1
43,0,106.8,3,17,4,3,0,0,3,1
9,3,168.0,9,8,4,1,0,0,0,1
197,0,160.6,12,21,3,4,1,1,0,1
57,1,78.3,3,12,4,1,2,0,0,1
6,1,121.67,5,16,4,2,1,0,0,1
10,0,127.0,3,17,4,2,0,0,0,0
275,0,62.8,6,4,4,1,1,0,0,0
2,2,130.0,8,17,4,1,0,0,0,1
24,0,46.4,11,27,3,3,2,0,0,1
131,1,114.3,5,13,4,1,0,0,3,0
61,0,116.1,5,11,4,3,0,3,0,0
188,0,105.3,8,13,4,1,1,0,0,0
224,1,65.0,10,2,3,2,1,0,1,1
47,1,100.0,8,18,3,2,0,0,0,1
33,1,83.9,3,2,4,4,0,0,0,0
49,1,90.9,4,19,4,1,0,0,0,1
3,2,146.5,8,29,4,3,1,0,0,1
19,1,130.0,2,19,4,2,2,0,3,1
116,0,61.0,2,28,3,2,2,0,0,0
4,1,88.0,2,12,4,2,0,3,0,1
6,0,92.0,2,22,4,2,1,0,0,0
301,0,52.0,11,18,3,2,0,0,0,0
29,1,102.8,4,15,4,3,2,0,0,1
18,1,94.96,10,31,4,2,2,0,0,1
193,0,120.0,6,20,4,2,1,0,0,0
117,1,104.04,10,29,4,3,2,0,3,1
111,0,120.0,10,10,3,0,1,0,0,0
3,1,120.0,10,16,4,0,1,3,0,1
61,0,97.71,4,30,4,1,1,0,0,1
8,0,160.0,11,5,3,1,0,0,0,1
64,3,82.67,9,1,4,5,2,0,0,1
12,0,100.0,10,12,2,3,1,0,0,1
18,0,112.33,4,15,4,2,1,0,0,0
34,1,122.45,10,2,4,0,2,0,3,1
17,0,85.0,10,9,3,1,2,3,0,1
83,1,93.6,11,24,4,3,0,0,0,0
33,1,126.9,6,15,4,3,0,0,0,1
87,1,89.25,9,18,4,2,1,0,0,1
10,0,119.0,10,14,3,2,1,0,0,1
52,0,74.8,12,4,4,2,2,3,0,0
282,0,0.0,10,10,4,1,2,0,0,1
17,0,75.66,12,2,4,15,6,3,0,1
39,2,96.3,10,23,4,1,0,0,0,1
111,1,115.6,11,21,4,5,1,0,3,0
112,1,94.81,9,15,4,3,0,0,0,1
35,1,65.83,10,7,4,2,0,0,0,1
315,0,52.0,12,2,3,2,0,0,0,1
29,1,139.0,9,29,4,1,0,0,0,0
42,0,157.5,8,31,4,3,0,1,3,0
87,0,76.5,8,13,4,3,2,0,0,0
45,0,67.0,11,28,2,0,1,0,0,1
43,1,125.53,4,30,4,1,1,0,0,1
21,1,124.0,9,21,4,1,1,0,0,1
52,2,126.9,5,21,4,1,0,0,0,1
13,0,149.0,9,25,4,0,2,0,0,0
70,1,125.1,9,15,4,1,0,3,0,1
152,2,119.0,7,11,4,1,1,0,0,0
5,1,99.0,1,11,4,2,1,0,3,1
100,1,80.75,4,17,3,2,2,0,0,1
20,2,80.85,9,2,4,4,0,0,0,1
32,1,94.94,9,2,4,2,1,0,3,1
65,0,148.5,7,9,4,1,1,0,3,0
86,1,60.0,3,2,3,2,0,0,0,1
130,0,159.3,6,2,4,3,0,0,0,0
22,2,0.0,12,8,1,3,0,0,0,1
172,0,80.75,9,16,3,2,2,0,0,1
36,2,214.76,8,7,4,0,1,0,6,1
28,0,132.05,7,3,4,2,2,3,0,0
105,0,137.7,7,23,4,1,0,0,3,0
158,2,151.2,10,9,4,1,2,0,3,0
46,0,85.5,10,16,3,2,2,0,0,1
100,2,140.0,9,28,3,4,0,1,0,1
99,2,72.25,12,5,4,1,2,0,0,1
65,0,126.9,6,20,4,1,1,0,0,0
89,1,119.0,12,22,4,3,2,0,3,1
67,0,137.7,4,9,4,1,1,0,3,0
9,0,85.0,2,21,4,1,2,0,0,0
3,1,133.0,10,19,4,2,1,3,0,1
19,1,204.0,8,10,4,1,0,1,3,1
98,0,95.0,9,30,3,2,0,0,0,0
9,0,123.33,6,12,4,1,2,0,0,0
11,0,116.0,6,26,4,0,2,0,0,0
266,0,75.0,12,2,3,2,0,0,0,1
35,1,144.9,8,1,4,0,1,0,0,1
217,3,83.83,10,23,4,3,2,0,1,1
230,0,109.65,9,18,4,2,2,3,0,0
103,0,115.0,4,19,4,2,0,0,0,0
44,3,85.5,8,28,3,3,2,0,0,1
9,0,129.0,5,18,4,1,0,3,0,1
17,0,97.02,10,6,4,4,0,0,0,1
40,0,65.0,10,31,3,1,2,0,3,1
58,1,98.6,3,29,4,4,0,0,3,1
55,3,106.2,11,11,4,2,0,0,3,1
35,0,78.3,1,13,4,2,0,0,0,0
193,1,189.0,8,22,4,1,1,1,3,0
27,1,91.8,12,27,3,1,2,1,0,1
31,2,108.9,5,22,4,0,1,0,0,1
35,0,71.1,3,14,4,2,1,3,0,0
102,0,59.5,11,7,3,2,1,3,0,0
20,0,85.0,10,4,3,2,0,0,0,1
33,1,6.0,1,6,4,2,0,0,1,1
3,1,79.0,11,2,2,2,1,0,0,1
119,1,119.85,6,1,4,5,2,0,0,1
1,0,139.0,8,20,4,1,0,3,0,1
21,0,151.0,8,15,4,2,1,0,0,0
19,0,147.71,11,5,4,5,2,0,4,1
26,2,121.0,5,22,4,0,2,0,0,1
247,1,93.0,6,6,3,1,1,1,0,1
44,0,75.0,2,17,3,3,0,0,0,1
26,0,142.0,4,15,4,2,0,0,3,0
40,1,125.0,7,26,3,1,0,1,0,1
83,0,112.8,9,1,3,1,0,0,0,1
136,0,90.9,8,26,4,2,0,0,0,1
145,1,116.55,6,21,4,2,0,0,0,0
169,1,89.25,7,25,4,3,1,3,0,1
386,0,90.0,10,23,3,0,2,1,0,1
27,2,130.0,2,22,4,2,1,0,3,1
11,0,160.0,5,24,3,3,0,1,0,1
9,0,0.0,10,21,1,2,0,0,0,1
53,1,98.6,3,29,4,4,0,0,3,1
50,0,67.66,3,5,4,2,2,0,1,0
81,0,95.0,9,5,3,4,1,0,0,0
81,1,146.6,11,6,4,2,2,0,3,1
37,0,95.0,10,13,3,3,0,0,0,1
37,1,134.1,6,17,3,2,0,1,4,1
134,1,76.58,5,9,4,4,1,0,0,1
8,0,110.0,10,28,0,2,0,0,3,1
2,1,0.0,9,10,1,1,0,0,0,1
5,0,72.25,8,21,3,1,2,0,0,1
159,1,119.85,5,26,4,3,0,0,0,0
270,1,108.8,9,29,4,3,1,0,3,0
2,0,140.0,10,12,4,2,0,0,0,1
96,0,85.0,8,28,3,1,2,1,0,1
107,1,118.8,9,5,4,3,1,3,0,0
133,2,117.3,11,26,4,2,2,1,0,1
12,1,106.0,2,12,4,2,0,0,3,0
40,1,205.38,8,13,4,1,1,0,6,1
116,0,1.0,2,28,4,1,2,0,0,1
27,0,95.0,10,3,3,1,1,0,0,1
280,0,110.0,9,19,4,2,1,0,0,0
74,2,105.3,4,14,4,3,0,0,0,1
15,1,118.33,4,15,4,2,1,0,0,1
31,3,84.03,1,30,3,5,2,0,3,1
29,0,85.0,10,25,3,3,0,0,0,1
11,0,113.2,12,30,4,4,0,0,3,1
12,0,65.0,10,7,2,1,0,0,0,1
63,0,125.55,10,20,4,3,0,0,3,0
32,1,65.0,7,4,2,1,1,0,0,1
78,2,103.5,6,28,4,5,2,3,0,1
192,0,19.15,9,25,3,3,2,0,0,0
273,0,109.0,7,17,3,2,0,1,0,0
86,1,146.6,11,6,4,2,2,0,3,0
13,1,125.0,6,26,4,0,2,0,0,0
151,1,91.48,10,6,4,3,2,0,0,1
36,0,102.0,12,26,4,3,1,0,0,0
4,0,93.56,8,2,4,1,0,3,0,1
65,1,119.0,12,7,4,4,0,0,3,1
112,1,140.4,5,27,4,2,1,0,3,1
85,1,119.85,5,16,4,3,1,0,0,1
85,1,108.3,6,26,4,4,2,0,0,1
6,1,43.5,12,25,3,2,2,0,0,1
377,1,90.0,10,14,3,2,0,1,0,0
18,1,92.4,6,13,4,4,1,0,0,1
221,0,80.0,8,12,3,1,0,0,0,0
8,1,65.0,7,26,2,1,0,0,0,1
87,0,72.25,4,3,4,2,2,3,0,0
4,1,169.0,9,20,4,1,0,0,0,1
196,1,97.75,8,24,4,4,1,0,0,1
5,0,66.0,3,8,2,3,0,0,0,1
1,1,110.0,6,2,2,2,0,0,0,1
136,0,93.08,7,2,4,2,2,0,0,0
35,1,76.5,10,26,3,1,1,0,0,1
1,2,90.0,8,7,4,2,2,0,0,1
1,0,101.0,3,28,4,0,1,0,0,1
271,1,101.33,9,21,3,3,0,0,0,0
114,0,191.0,7,17,4,5,4,1,3,0
212,0,84.31,5,30,4,3,1,0,0,0
6,1,106.33,3,10,4,3,0,0,0,1
2,0,65.0,12,2,2,1,0,0,0,1
37,0,85.5,9,16,4,2,0,0,0,1
55,0,65.0,3,31,2,2,0,0,0,1
136,0,96.3,6,28,4,3,0,0,0,0
3,1,114.0,10,22,4,3,0,3,0,1
53,1,61.5,2,27,3,4,2,0,0,1
25,1,100.0,11,1,4,3,0,3,0,1
193,0,120.0,6,20,3,2,1,0,0,0
10,0,89.0,10,10,2,0,1,0,0,1
39,0,67.5,2,15,4,1,1,3,0,0
22,0,95.0,10,11,3,3,0,0,0,1
193,1,90.95,7,25,4,3,1,0,0,1
136,0,107.95,8,7,4,5,2,0,0,0
41,2,132.67,10,26,4,3,0,0,0,1
10,0,72.1,2,19,3,1,0,0,0,1
56,0,120.0,6,8,3,1,0,0,0,1
88,1,126.9,6,2,4,3,0,0,0,1
1,1,101.0,4,8,4,1,0,0,0,1
10,2,195.0,9,30,4,1,0,0,3,1
14,0,64.05,2,3,4,16,6,3,0,0
86,0,83.3,10,29,4,2,2,0,0,1
0,0,96.12,6,6,4,0,1,0,0,1
73,0,73.67,3,19,4,4,2,0,0,0
14,2,170.0,10,7,4,2,0,0,3,1
57,0,94.5,4,24,4,0,1,3,0,0
232,0,110.7,11,24,4,3,0,0,3,0
1,1,66.0,2,17,2,1,0,0,0,1
114,1,75.0,6,1,3,3,0,0,0,1
110,1,101.58,5,5,4,3,1,3,0,1
28,2,207.63,5,20,4,2,1,0,5,1
32,1,125.1,5,18,4,2,0,3,0,1
214,1,158.95,8,7,4,2,2,0,5,0
1,1,96.3,10,23,4,2,2,0,0,1
31,2,89.4,5,21,4,1,0,3,0,1
29,2,144.0,10,28,4,1,0,0,3,1
84,0,159.3,8,28,4,1,2,0,3,0
1,0,81.19,8,24,4,1,0,3,0,1
18,0,169.0,1,15,4,3,2,0,5,1
72,2,118.8,10,20,4,3,0,0,0,1
0,0,0.0,6,15,1,1,0,0,0,1
33,1,119.0,9,26,4,1,1,0,0,1
36,2,94.99,11,25,4,4,0,0,0,1
136,0,131.75,7,13,4,5,2,1,0,1
228,1,136.19,12,29,4,4,2,0,5,0
103,1,198.98,8,2,4,5,2,0,6,1
3,1,79.0,12,15,2,2,0,0,0,1
1,1,128.0,5,31,4,2,0,3,0,1
78,2,177.3,4,7,4,2,0,0,5,1
56,0,88.23,11,10,4,3,1,0,0,1
123,0,108.3,4,29,4,2,1,0,0,0
26,1,128.33,11,12,4,1,2,0,3,1
25,0,87.33,12,27,3,5,1,0,0,1
205,0,116.1,9,15,4,1,0,3,0,0
36,3,171.9,10,9,4,2,2,0,3,1
219,0,108.0,9,4,4,1,0,1,0,0
185,0,150.4,10,2,3,5,3,1,0,0
133,0,88.5,4,29,4,2,1,3,0,0
90,0,74.95,3,6,4,3,2,0,0,1
1,0,149.0,9,14,4,1,0,3,0,1
93,1,126.9,6,20,4,1,1,0,0,1
15,2,150.0,10,19,4,3,0,0,0,1
72,0,109.8,4,26,4,3,0,0,3,0
20,0,110.0,5,26,0,1,0,0,3,0
29,0,84.67,12,30,3,4,2,0,0,1
48,0,130.0,9,14,3,2,0,0,0,1
1,0,99.0,1,4,4,3,1,0,3,1
7,0,117.0,12,31,4,4,2,0,3,1
113,3,117.3,12,6,4,4,0,1,0,1
8,0,127.0,2,4,4,3,0,0,0,0
112,2,105.3,7,18,4,2,1,0,0,1
99,1,94.5,7,16,4,1,2,3,0,0
8,0,85.57,8,21,4,5,2,0,0,1
15,1,73.15,9,5,4,1,1,0,0,1
16,0,84.0,6,12,4,0,2,0,0,1
74,0,74.8,12,19,4,3,1,3,0,0
143,0,0.0,4,24,4,0,0,0,0,1
45,0,79.2,12,18,4,0,2,3,0,1
3,1,89.0,4,24,4,0,1,3,0,1
116,1,109.65,5,12,4,3,1,0,0,1
0,0,158.0,8,9,4,1,0,3,0,1
6,2,100.0,8,17,4,2,1,0,0,1
48,0,63.75,7,25,3,3,1,3,0,1
98,3,108.0,10,9,4,1,2,3,0,1
0,1,83.2,12,7,4,1,0,0,0,1
24,1,133.5,4,30,4,2,2,0,0,1
41,0,76.5,8,28,3,1,2,0,0,1
156,0,72.25,8,8,3,5,2,0,0,1
20,1,131.35,12,28,4,4,0,0,3,1
130,0,80.75,9,3,3,1,2,0,0,1
125,2,121.55,6,27,4,5,1,0,3,1
1,0,142.0,11,29,4,2,0,0,5,1
40,0,100.02,6,26,4,1,2,0,0,0
109,2,43.5,12,28,3,3,1,0,0,1
163,0,159.3,9,23,4,1,0,0,3,0
15,1,85.55,2,29,4,3,1,0,3,1
155,0,105.3,7,25,4,1,1,0,0,0
224,1,109.31,9,3,4,3,2,0,3,0
265,0,100.3,10,9,4,3,2,0,0,0
174,1,159.3,9,20,4,5,1,0,3,0
21,2,105.0,9,4,4,2,2,0,0,1
139,0,103.05,8,22,4,3,1,0,0,0
2,0,72.2,9,23,4,2,0,0,0,1
35,0,139.5,10,3,4,3,1,0,3,0
72,1,60.0,2,12,3,2,0,0,0,1
85,2,140.27,7,10,4,5,2,0,3,1
73,1,89.25,10,26,4,3,1,0,0,1
38,1,118.0,12,31,3,3,0,0,0,1
90,0,135.9,8,27,4,1,0,0,0,0
1,0,90.0,9,9,2,3,0,0,0,1
3,1,212.29,9,15,4,5,2,0,5,1
10,1,180.0,10,19,4,4,0,0,0,1
0,0,65.0,11,9,2,0,1,0,0,1
146,0,113.56,8,9,3,3,0,0,4,1
22,0,164.33,6,27,4,5,1,0,3,0
53,0,75.0,11,18,3,2,1,0,0,1
185,0,107.1,11,4,4,2,1,0,0,0
1,2,0.0,8,26,1,1,0,0,3,1
48,0,94.5,10,25,4,1,2,0,0,0
5,2,155.0,8,22,4,4,1,0,3,1
91,0,118.8,7,14,4,3,1,0,3,0
204,0,72.75,10,9,3,2,2,0,0,1
53,0,109.1,6,21,4,2,0,0,0,1
38,0,85.0,12,2,2,2,0,0,0,1
147,1,118.88,8,3,4,10,4,0,3,0
96,0,99.45,3,24,4,3,1,0,3,1
6,0,0.0,12,10,4,1,0,1,0,1
29,0,210.03,9,23,4,2,1,1,5,0
4,1,2.0,3,23,4,1,0,0,0,1
0,2,108.88,12,7,4,4,0,0,3,1
5,1,143.5,6,20,4,3,1,0,3,0
224,0,82.11,12,29,4,3,2,0,0,0
64,0,153.0,7,14,4,2,0,1,3,0
30,2,157.5,10,5,4,3,0,0,3,1
154,1,90.95,6,27,4,3,1,0,0,1
81,1,111.78,4,24,4,2,2,1,3,1
31,2,85.5,10,5,4,2,1,0,0,1
0,2,0.0,2,3,1,1,0,0,3,1
8,2,99.0,8,13,4,3,0,0,0,1
14,2,152.0,11,11,4,1,0,0,0,1
26,2,122.0,8,30,4,2,0,0,0,1
100,3,65.49,2,25,4,3,1,0,3,1
38,0,85.5,9,18,3,1,2,0,0,1
45,1,94.5,10,22,4,2,0,0,0,1
1,2,111.65,9,20,4,3,2,0,0,1
91,0,65.0,9,14,2,2,0,0,0,1
2,0,63.75,6,26,3,3,2,3,0,1
132,2,162.0,9,22,4,3,0,0,3,1
232,1,100.75,7,12,4,4,0,0,1,0
10,1,99.0,8,17,4,3,1,0,0,0
8,0,94.24,10,29,4,3,1,3,0,1
14,1,166.0,8,15,4,1,1,0,3,1
4,1,151.0,7,5,4,1,0,0,0,1
1,2,179.0,9,20,4,1,0,0,0,1
34,1,68.7,2,25,4,3,0,3,0,0
51,0,121.2,9,24,3,3,0,0,0,1
0,0,81.0,8,6,4,1,0,3,0,1
78,0,85.5,4,8,4,2,0,3,1,0
43,0,75.0,10,13,3,1,0,0,0,1
44,1,66.29,2,21,4,5,2,3,0,1
124,1,118.8,7,16,4,1,2,0,3,0
4,1,80.08,3,14,4,2,1,0,0,1
26,1,57.59,11,17,4,3,1,3,0,1
2,1,79.0,12,14,2,1,0,0,0,1
142,0,104.76,8,3,4,6,2,0,0,0
52,0,130.0,9,11,4,0,2,0,0,0
88,0,76.5,4,7,4,2,0,3,0,0
106,0,82.45,4,17,4,3,2,0,0,1
153,0,186.3,8,19,4,1,0,0,5,0
145,1,138.5,8,29,3,1,2,1,0,1
0,0,185.0,9,19,2,1,1,0,0,1
79,0,75.0,11,13,3,2,0,0,0,1
14,2,113.0,9,9,3,3,0,1,0,1
8,0,0.0,10,6,1,1,0,0,0,1
2,1,150.0,7,13,2,2,0,0,3,1
45,1,98.1,11,30,4,2,0,0,0,1
34,0,224.67,9,23,3,3,0,1,0,0
1,0,46.0,1,30,3,1,0,0,3,1
127,0,139.5,8,14,4,0,1,0,0,1
52,0,116.1,7,9,4,1,2,0,3,0
7,0,120.0,10,26,4,1,0,3,0,1
109,0,75.76,4,16,4,2,2,0,1,1
62,1,111.6,10,25,4,3,0,0,3,1
169,0,137.7,8,22,4,1,1,0,0,0
197,0,86.5,7,17,4,0,1,0,1,0
53,1,69.76,11,11,4,2,1,0,0,0
125,2,80.75,10,20,4,5,1,0,0,1
169,0,72.25,7,13,3,4,2,0,0,1
2,0,80.6,1,3,4,0,2,0,0,1
30,0,88.4,3,4,4,2,0,0,0,1
36,2,102.6,10,17,4,1,0,0,0,1
9,1,78.03,9,7,4,2,1,0,0,1
49,0,106.25,5,19,3,5,2,1,0,1
60,1,137.7,7,24,4,4,2,0,3,1
6,0,105.0,11,3,4,2,0,0,3,1
273,0,95.0,5,13,3,2,1,0,0,0
11,1,87.0,11,1,4,1,2,0,0,1
105,0,75.0,10,12,3,3,0,0,0,1
33,0,64.0,1,25,2,2,1,0,0,1
99,0,85.5,3,24,4,3,0,3,0,1
228,1,76.85,7,29,4,2,1,0,1,1
39,0,65.0,12,27,3,1,0,0,0,1
192,0,110.0,6,24,3,2,0,0,0,0
0,1,144.67,7,8,4,2,1,3,0,1
28,0,171.87,10,8,4,1,1,0,4,1
4,2,112.2,12,27,4,4,0,0,3,1
47,0,139.95,9,7,4,4,0,0,3,1
4,0,110.0,10,29,0,1,0,0,3,0
74,0,87.0,9,18,3,2,0,1,0,1
14,1,151.0,8,15,4,1,1,0,0,1
18,1,111.0,2,11,4,3,0,0,0,1
33,0,95.0,1,25,2,1,1,0,0,1
103,2,188.5,11,7,4,3,1,0,0,1
130,0,114.3,5,5,4,3,0,0,3,0
64,0,92.48,9,14,3,4,1,0,0,1
7,0,251.5,9,25,4,5,3,0,5,0
26,1,126.0,4,13,4,1,0,0,3,1
176,1,108.45,7,28,4,4,2,0,0,0
14,0,67.0,12,5,2,0,1,0,0,1
97,0,102.3,4,16,4,1,2,0,3,1
2,0,65.0,7,10,2,1,2,0,0,1
244,0,85.85,10,30,4,3,2,0,0,0
34,0,59.0,1,26,2,1,0,0,0,1
156,0,103.5,8,21,4,1,2,3,0,0
34,0,69.82,2,19,4,9,4,3,0,0
9,1,71.6,1,10,4,2,2,0,0,1
122,2,151.2,10,12,4,4,1,0,3,1
109,0,129.6,9,1,4,3,0,0,0,0
56,0,58.0,9,17,3,2,0,1,0,1
4,1,82.9,1,10,4,0,2,0,0,1
48,2,177.3,8,18,4,3,2,0,3,1
3,1,54.75,10,1,3,3,1,0,0,1
59,2,80.3,3,2,4,3,0,0,0,1
6,0,94.0,11,8,2,1,0,0,3,1
100,1,121.5,7,16,4,1,2,0,0,0
19,1,130.67,6,21,4,3,0,0,0,1
2,0,94.32,9,17,4,1,1,3,0,1
5,0,90.0,10,19,3,2,1,0,0,1
3,0,0.0,6,24,4,0,0,0,3,1
183,0,98.1,10,11,4,1,0,3,0,0
66,1,141.9,9,1,4,3,0,0,0,1
98,0,50.33,2,25,3,4,2,0,0,1
18,0,129.0,4,13,2,1,0,0,0,1
443,0,65.0,4,29,3,1,0,0,0,0
22,0,62.0,11,17,2,1,0,0,0,1
109,1,94.5,7,27,4,1,0,3,0,0
127,0,97.75,11,19,4,2,2,0,3,0
48,1,85.5,10,21,3,2,1,0,0,1
88,1,102.3,6,26,4,1,2,0,0,1
165,0,137.34,8,13,4,5,2,0,0,0
173,2,80.1,11,1,4,5,0,3,0,1
0,1,0.0,2,25,1,1,0,0,0,1
146,0,85.0,12,29,3,3,0,0,0,1
68,2,121.5,7,24,4,1,2,0,0,1
24,0,80.0,11,13,3,1,2,0,0,1
3,0,89.0,4,17,4,1,2,3,0,0
71,1,82.45,3,28,4,3,1,0,0,1
11,1,93.0,2,6,4,1,0,0,0,1
22,0,67.0,10,13,2,1,0,0,0,1
39,1,72.2,2,28,4,2,2,3,0,1
0,1,174.0,8,21,4,1,0,0,5,1
38,1,73.2,2,27,4,1,1,0,0,1
12,0,60.0,8,5,2,3,0,0,0,1
67,1,100.81,3,26,3,1,2,0,0,1
50,0,63.75,12,3,3,2,2,0,0,1
102,2,122.85,10,30,4,2,2,0,3,1
36,0,87.3,1,28,4,2,0,0,3,0
72,0,115.5,4,24,4,1,2,0,0,0
45,1,131.4,3,19,4,1,1,0,3,0
41,2,145.2,10,15,4,1,2,0,3,1
83,0,174.6,6,7,4,3,0,1,3,1
0,0,84.0,4,5,3,1,0,3,0,1
65,1,149.4,9,9,4,2,0,0,3,1
109,0,88.83,4,19,4,4,0,0,0,1
39,2,74.8,12,27,4,1,0,3,0,1
31,1,142.4,3,23,4,3,0,0,3,1
14,0,95.0,5,12,0,5,2,0,0,1
2,1,75.0,2,21,3,0,1,3,0,1
124,1,117.1,5,13,4,2,1,0,0,1
211,0,77.03,8,23,4,3,0,0,0,0
150,2,65.83,3,17,4,3,0,0,0,1
96,2,191.57,7,16,4,5,2,1,3,1
338,0,80.0,10,7,3,2,1,0,0,0
5,0,79.0,2,13,4,1,2,3,0,0
5,0,110.0,10,11,0,2,0,0,3,1
18,1,158.0,12,30,4,1,0,0,0,1
33,1,97.4,3,4,4,2,2,0,3,1
66,0,126.0,3,5,4,1,1,1,0,0
53,0,120.0,10,14,3,1,0,0,0,1
40,0,96.3,10,11,3,3,0,0,3,1
35,0,125.1,3,24,4,3,0,3,0,0
104,0,75.0,12,3,3,3,0,0,0,1
124,1,99.45,7,17,4,2,2,0,0,1
2,0,65.0,5,15,2,1,2,0,0,1
56,0,82.0,9,17,3,2,0,1,0,1
77,1,90.95,4,11,4,3,1,0,0,1
34,2,88.0,12,16,4,1,0,3,0,1
117,0,94.5,8,1,3,1,2,1,0,0
13,2,129.0,8,23,4,2,0,3,0,1
32,1,92.83,5,8,4,2,2,0,0,1
28,0,100.0,5,19,2,2,0,0,0,1
22,0,75.0,10,13,3,3,0,0,3,1
176,0,94.12,10,7,4,2,2,0,0,0
18,0,114.0,6,12,4,0,2,0,0,0
5,3,239.0,9,24,4,1,1,0,5,1
144,0,80.75,6,27,4,3,1,3,0,1
5,1,116.0,12,30,4,3,2,0,0,1
53,4,122.0,10,31,4,3,1,0,3,1
19,1,81.82,1,1,4,2,1,0,0,1
9,0,69.0,3,2,3,1,0,0,0,1
25,2,89.89,12,10,4,2,2,0,0,1
111,1,102.75,5,9,4,3,1,3,0,1
50,0,196.91,9,3,4,10,4,0,5,0
46,2,78.0,12,26,4,3,2,0,0,1
70,0,121.5,8,31,4,2,0,0,0,0
121,1,88.77,6,30,4,2,0,0,1,1
80,0,95.24,4,28,4,3,0,0,3,1
56,2,99.9,6,20,4,2,1,0,0,1
133,1,84.33,3,11,3,2,1,0,0,1
164,0,82.28,10,4,3,5,2,0,0,1
150,1,76.5,8,2,4,0,2,0,0,1
40,0,95.0,7,26,3,1,0,1,0,1
34,1,105.3,4,22,4,1,0,0,0,1
70,0,75.0,11,25,3,2,0,0,0,1
39,0,150.3,3,31,4,3,0,0,3,1
35,1,76.05,3,25,3,2,1,0,0,1
21,0,72.38,11,22,4,2,0,3,0,0
57,3,85.5,10,28,4,2,0,0,0,1
87,1,98.25,9,15,4,3,0,0,0,1
5,1,0.0,5,9,1,0,1,0,0,1
26,1,99.0,2,1,4,3,1,0,3,1
254,1,98.25,10,13,4,2,0,0,0,0
7,1,89.0,1,10,4,1,2,0,0,1
52,1,75.0,11,14,3,3,1,0,0,1
76,1,79.2,12,3,4,1,2,3,0,1
115,0,1.0,2,27,4,1,0,0,0,1
28,1,149.0,9,18,4,0,2,0,0,1
4,1,110.11,9,12,4,0,1,0,0,1
39,0,87.0,8,14,3,2,0,1,0,1
22,0,126.0,7,20,3,1,0,0,0,1
96,0,138.0,9,28,4,1,1,1,4,0
0,0,75.0,12,21,4,0,1,3,0,1
20,1,105.0,9,14,4,2,1,0,0,1
3,0,150.8,2,27,4,6,4,1,3,0
21,1,200.0,11,7,4,2,1,0,0,1
22,2,288.0,8,19,4,2,0,1,5,1
174,2,126.9,9,7,4,1,0,0,0,0
110,0,70.0,12,9,3,4,0,0,0,1
135,0,99.45,7,24,4,3,2,0,0,0
14,1,101.0,6,13,4,1,1,0,0,1
0,0,65.0,8,31,2,2,1,0,0,1
109,1,90.96,5,8,3,3,2,0,3,1
33,0,111.9,6,27,4,2,1,0,0,0
171,1,123.3,10,30,4,0,2,0,3,0
35,1,73.1,3,4,4,2,0,3,0,1
146,1,106.2,6,3,4,2,0,0,0,1
18,0,111.0,6,14,4,1,0,0,0,0
18,0,118.0,9,4,4,0,1,3,0,0
133,1,80.75,4,25,3,2,1,0,0,1
0,0,116.0,1,24,4,0,1,0,3,1
34,1,138.0,10,30,4,0,2,0,0,1
171,1,76.08,12,31,3,2,2,0,0,1
256,1,72.25,8,26,3,2,0,0,0,1
0,1,0.0,10,28,1,2,0,0,0,1
27,1,65.0,6,29,2,1,0,0,0,1
39,1,71.1,3,4,4,2,1,3,0,0
104,0,80.75,9,18,3,1,2,0,0,1
184,0,69.9,11,24,4,3,0,3,0,0
4,2,97.1,2,9,4,3,0,0,3,1
82,0,130.5,6,29,4,3,0,0,0,0
68,0,65.0,9,29,3,2,0,0,0,1
65,2,73.95,3,3,4,3,2,0,0,1
0,0,55.08,2,12,4,1,0,0,0,1
56,3,94.5,10,21,4,3,0,0,0,1
8,3,87.98,12,22,4,3,1,0,0,1
149,1,99.45,7,23,4,4,2,0,0,1
76,1,82.45,3,29,4,5,2,0,0,1
139,0,131.36,7,16,4,9,4,0,0,0
86,0,60.0,5,20,3,2,1,0,0,1
1,2,179.0,5,27,4,2,0,0,0,1
5,2,140.75,9,19,4,2,2,0,3,1
66,1,119.85,5,8,4,3,2,0,0,1
25,0,129.0,5,10,4,3,0,3,0,1
118,2,121.55,6,27,4,3,1,0,0,1
101,0,80.0,4,4,3,2,1,0,0,0
31,0,85.5,10,4,3,1,0,0,0,1
2,0,99.14,8,19,4,5,2,0,0,1
16,1,117.6,9,5,3,4,2,0,0,1
94,0,96.3,3,9,4,3,0,0,3,1
84,0,71.28,11,20,4,0,2,3,0,0
192,0,102.0,9,25,3,3,2,0,0,0
121,0,90.0,6,24,3,2,1,0,0,0
71,0,85.5,4,18,4,1,1,3,0,1
88,1,0.0,12,4,1,2,0,0,0,1
13,0,169.0,4,28,4,1,0,1,0,0
82,1,149.4,9,15,4,3,0,0,3,0
141,1,163.8,9,23,4,2,0,0,3,1
2,0,110.0,10,8,0,2,2,0,3,1
144,1,114.3,5,6,4,2,0,0,3,0
176,0,116.1,9,8,3,3,0,0,0,0
41,1,131.4,5,28,4,1,1,0,3,1
72,0,70.72,11,18,4,2,2,0,0,1
71,0,78.3,2,17,4,3,0,0,0,0
163,2,104.4,10,26,4,4,0,0,3,0
181,2,76.5,8,6,4,2,0,0,1,0
57,2,141.84,9,7,4,4,1,0,3,1
83,0,75.0,12,18,3,1,2,0,0,1
66,2,168.3,8,19,4,2,0,0,3,1
0,0,140.0,10,15,4,1,0,3,0,1
2,0,109.0,6,2,2,1,0,0,4,1
47,0,119.52,9,18,4,2,2,0,3,1
13,1,93.17,7,19,4,2,0,0,0,1
29,0,95.0,9,17,3,1,1,0,0,1
106,0,99.9,7,16,4,1,1,0,0,0
64,1,94.5,7,25,4,3,1,3,0,1
4,1,95.0,9,28,2,2,1,0,0,1
66,3,88.4,11,25,4,3,2,0,0,1
4,1,113.96,8,28,4,3,2,0,3,1
238,1,126.9,9,21,4,2,0,0,0,0
62,0,63.3,11,1,3,2,2,0,3,1
12,2,87.78,7,19,4,2,0,3,0,1
84,1,231.0,12,8,4,3,0,1,5,1
130,0,144.5,12,23,4,2,2,0,5,1
3,0,0.0,9,25,1,2,2,0,0,1
61,1,111.6,12,30,4,4,1,0,0,1
28,3,146.0,9,12,4,0,1,0,3,1
23,1,109.0,1,2,3,1,2,1,0,1
87,1,90.23,10,31,4,3,1,0,0,1
222,2,111.35,9,29,4,3,1,0,0,0
65,0,118.8,4,7,4,3,0,0,3,0
21,1,106.0,3,20,4,0,1,3,0,1
21,2,162.67,11,11,4,2,1,1,3,1
189,1,90.95,7,30,4,3,2,0,0,1
150,0,120.82,7,7,4,5,2,0,0,0
3,0,82.88,12,21,4,4,1,0,0,1
1,0,71.65,8,1,4,1,1,3,0,1
3,0,65.0,9,19,2,0,1,0,0,1
85,0,140.4,6,2,4,1,0,0,3,0
87,1,82.45,4,7,4,3,1,0,0,1
18,0,90.0,6,21,2,3,0,0,0,1
0,0,108.8,5,10,3,3,0,0,0,1
84,0,132.6,5,24,4,4,0,0,3,0
83,2,132.3,10,19,4,4,0,0,3,1
18,2,167.74,4,20,4,3,0,0,5,1
55,1,74.8,11,11,4,5,2,3,0,0
120,0,94.5,7,18,4,1,1,3,0,1
111,0,150.3,8,14,4,4,2,0,3,0
99,1,89.3,3,23,4,2,0,0,0,1
2,0,66.0,1,14,2,1,0,0,0,1
49,0,60.0,11,9,3,2,1,0,3,1
46,0,107.1,4,4,4,1,1,3,0,0
101,2,144.45,11,11,4,2,0,0,3,1
122,0,68.0,8,1,3,5,2,0,0,1
0,1,114.0,8,11,4,1,0,0,0,1
320,1,115.0,8,18,4,2,0,1,0,0
20,1,231.0,8,6,4,1,0,0,5,1
21,0,85.0,10,4,3,3,0,0,0,1
8,0,116.33,4,8,4,2,1,0,0,0
40,0,38.67,12,26,3,1,2,0,0,1
323,0,70.0,5,17,3,4,0,0,0,0
110,0,94.5,7,25,3,1,2,1,0,0
179,2,108.9,10,1,4,1,2,0,0,0
4,0,66.0,2,14,2,1,2,0,0,1
90,0,60.0,12,21,3,4,1,0,3,1
41,0,85.67,3,13,2,1,2,0,0,1
30,0,163.62,8,6,3,1,0,0,4,1
259,0,90.0,5,5,3,3,0,0,0,0
71,1,101.87,10,21,4,2,1,0,3,1
3,2,128.0,8,7,4,0,1,3,0,1
7,1,77.5,1,19,4,3,0,0,0,1
196,1,87.67,9,17,4,3,2,0,0,1
59,0,177.93,4,26,4,5,1,0,5,0
193,0,90.95,7,13,4,7,2,0,0,0
7,1,143.0,8,26,4,2,2,0,0,1
205,0,90.95,7,22,4,3,2,0,0,0
76,1,80.3,2,21,4,1,2,0,0,1
251,1,81.5,8,14,4,3,2,0,1,0
124,0,146.7,8,8,4,4,1,0,3,0
33,1,91.48,4,16,4,1,2,0,3,1
134,2,103.5,8,11,4,3,0,3,0,1
111,0,137.7,7,24,4,1,2,0,3,0
117,0,76.0,2,29,3,1,1,0,0,1
32,1,74.0,2,21,4,2,2,0,0,1
82,0,99.45,4,6,4,4,1,0,3,0
7,0,88.27,4,10,4,1,2,0,0,1
137,2,117.3,12,24,4,3,2,1,0,1
3,0,99.0,8,17,2,3,1,0,0,0
122,1,103.5,5,17,4,3,0,3,0,1
162,1,90.9,10,25,4,4,0,0,0,1
2,1,176.0,5,26,4,3,0,0,3,1
16,1,148.0,2,27,4,3,2,1,3,1
197,1,112.0,8,18,3,3,0,0,0,0
52,1,122.4,12,29,4,3,0,0,0,1
50,0,193.5,9,2,4,2,1,1,3,1
31,0,67.5,2,5,4,2,0,3,0,0
28,1,108.42,6,14,4,3,0,0,3,1
59,2,156.3,6,3,4,2,1,0,3,1
19,2,69.0,12,5,4,1,2,0,0,1
119,1,96.3,6,26,4,0,2,0,0,1
5,1,109.0,3,14,4,3,1,0,0,1
185,1,99.45,8,10,4,6,2,0,0,1
182,2,112.2,8,10,4,7,2,0,3,0
51,0,123.3,8,31,4,4,1,0,3,0
10,0,79.0,3,6,4,0,1,3,0,0
4,2,140.0,10,29,4,1,0,3,0,1
18,0,77.88,2,1,4,5,1,0,1,0
91,2,121.5,10,7,4,1,0,0,0,0
4,2,79.0,12,5,2,1,1,0,0,1
11,2,65.0,11,4,2,2,0,0,3,1
54,1,69.5,3,5,4,1,0,3,0,1
0,0,120.0,9,12,3,4,1,0,0,1
44,0,95.0,4,23,3,1,2,0,1,1
1,1,96.0,3,23,4,1,0,0,0,1
59,1,137.7,7,28,4,2,0,0,0,1
155,2,137.7,7,17,4,1,2,0,3,0
1,0,77.6,1,22,4,2,0,0,3,1
98,1,124.2,11,18,4,2,1,1,0,1
25,1,104.0,10,10,3,1,1,0,0,1
117,1,126.0,11,4,4,5,2,3,0,0
141,2,105.3,7,17,4,1,2,0,0,1
111,3,154.5,9,23,4,2,1,0,0,1
118,0,110.0,6,6,3,1,1,0,0,1
86,0,61.5,3,23,3,4,0,0,0,1
12,3,90.0,8,23,4,2,2,0,0,1
14,0,62.0,5,18,3,4,0,0,0,1
28,0,79.0,3,18,4,1,0,3,0,0
12,1,81.62,5,29,4,0,2,0,0,1
14,0,104.17,8,17,4,4,1,0,0,1
124,0,94.5,8,8,3,1,2,1,0,0
197,2,137.7,8,27,4,3,2,1,3,0
26,1,123.5,4,11,4,3,1,0,3,1
5,0,80.0,12,1,2,3,0,0,0,1
23,0,85.0,10,9,3,1,2,0,0,1
0,0,80.75,4,10,3,3,2,0,0,1
26,0,120.0,6,8,3,1,0,0,0,1
14,0,40.67,2,19,3,2,1,0,0,1
19,1,77.25,12,23,4,1,0,0,1,1
5,0,181.0,12,8,4,2,0,0,5,1
9,0,137.0,8,26,4,2,0,3,0,1
4,0,69.5,1,14,4,1,0,3,0,1
54,1,74.8,11,18,4,2,2,3,0,1
0,0,126.0,10,11,4,0,1,0,0,1
22,1,125.1,10,2,4,0,2,0,0,1
188,1,112.01,9,4,4,2,2,0,1,0
75,0,80.75,9,17,3,2,2,0,0,1
14,1,119.0,9,28,2,1,0,0,3,1
73,1,107.95,4,9,4,2,2,0,3,0
27,1,135.0,2,27,4,1,1,0,3,1
72,2,149.4,5,2,4,1,1,0,3,1
4,1,139.0,8,6,4,1,0,3,0,1
349,0,90.0,10,4,3,5,1,0,0,1
1,0,86.0,9,25,3,3,2,0,0,1
44,1,74.8,12,2,4,2,2,3,0,1
5,0,86.0,2,10,4,1,0,0,0,1
97,0,61.0,12,30,3,4,0,0,3,1
22,2,88.4,12,19,4,3,1,0,0,1
126,0,73.12,7,11,4,2,1,3,0,0
233,0,90.95,8,29,4,5,1,0,0,0
1,1,146.0,7,17,4,0,1,0,3,1
0,1,201.16,9,21,4,1,0,0,5,1
5,0,67.0,8,30,2,3,0,0,0,1
11,0,85.0,10,3,3,2,1,0,0,1
5,0,110.0,10,11,0,5,2,0,3,1
0,1,75.0,12,11,2,1,0,0,0,1
37,0,70.0,12,14,3,2,1,0,0,1
3,0,55.0,3,27,3,2,2,0,0,1
278,3,78.3,12,9,4,2,1,0,0,1
19,1,89.89,12,3,4,2,2,0,0,1
129,0,80.75,5,13,3,2,2,0,0,1
14,0,55.0,12,3,3,5,2,0,0,1
0,0,139.0,10,20,4,1,0,0,0,1
42,0,75.56,2,18,4,3,2,0,0,0
136,1,72.25,7,10,3,4,2,0,0,1
22,2,107.0,10,6,4,4,0,0,0,1
208,2,88.77,10,23,4,2,2,0,1,1
0,0,131.0,7,24,4,0,1,0,0,1
37,1,58.37,1,28,4,3,1,0,0,1
5,0,167.0,8,21,4,0,1,0,0,0
73,0,71.0,1,21,4,3,2,0,0,1
149,0,118.8,8,20,4,1,2,0,3,0
33,0,104.96,4,16,4,1,2,0,3,1
46,1,105.5,11,4,4,3,0,0,1,1
110,1,113.76,7,19,4,4,0,0,3,1
323,1,112.0,5,17,3,4,0,1,0,0
32,1,99.0,8,28,4,0,1,3,0,1
146,2,130.0,6,29,4,2,0,0,0,1
5,0,1.6,12,22,1,5,0,0,1,1
167,1,119.7,8,21,4,0,2,0,0,0
38,0,140.4,5,13,4,2,1,0,3,0
172,1,89.25,7,23,4,6,2,3,0,0
26,1,119.0,10,9,4,0,2,3,0,0
30,0,104.4,8,28,4,0,1,0,0,0
83,1,77.0,7,15,4,2,0,3,0,1
176,0,125.1,9,8,3,3,0,0,0,0
142,1,95.79,8,21,4,3,2,0,1,1
7,1,135.0,10,15,4,1,0,0,0,1
128,0,79.2,11,26,4,1,1,3,0,0
22,1,124.0,9,13,3,3,0,0,0,1
10,0,85.0,2,13,3,2,2,0,0,1
19,1,117.81,9,23,4,2,1,0,0,1
2,1,113.57,12,28,4,5,2,0,0,1
192,0,102.0,9,25,4,3,2,0,0,0
11,1,119.0,4,18,4,0,1,0,0,1
88,0,96.0,5,3,3,3,0,1,0,1
16,0,75.0,3,11,2,1,0,0,0,1
46,1,139.5,10,4,4,4,0,0,3,0
100,1,105.3,5,1,4,1,2,0,0,1
94,1,110.75,3,28,3,5,1,1,0,1
26,2,114.67,10,7,4,3,0,0,0,1
3,1,98.56,8,22,4,3,1,3,0,1
4,0,70.0,12,16,3,1,0,0,0,1
41,0,69.29,12,27,3,5,2,0,0,1
42,2,143.1,4,29,4,2,1,0,0,1
87,0,75.0,5,8,3,3,2,0,0,1
10,0,65.0,10,18,2,0,1,0,0,1
38,0,85.5,9,10,3,2,2,0,0,1
15,0,151.0,7,6,4,3,0,0,0,1
33,0,62.0,1,25,2,1,1,0,0,0
30,0,98.1,3,10,4,3,0,0,0,0
199,1,68.0,11,4,3,2,1,0,0,1
33,1,105.0,10,25,3,3,2,0,3,1
250,0,95.0,9,26,3,3,1,0,0,0
17,1,173.67,7,28,4,3,0,0,3,1
48,2,131.72,11,5,4,1,2,0,3,1
6,0,65.0,7,26,2,3,0,0,0,1
0,1,110.0,9,30,2,2,0,0,3,1
0,0,65.0,7,27,2,2,1,0,0,1
118,0,119.0,6,6,3,2,1,0,0,1
85,0,220.73,9,22,4,3,1,0,5,0
53,0,80.75,9,17,3,2,2,0,0,1
99,0,65.0,10,30,4,2,2,0,0,0
37,1,97.0,12,19,4,1,1,0,3,1
35,0,162.45,3,18,4,2,0,0,5,1
104,2,82.45,4,2,4,4,2,0,0,0
42,2,63.0,11,20,3,2,0,0,0,1
50,0,99.0,9,2,4,1,0,3,0,0
18,0,65.0,12,27,3,1,0,0,0,1
9,1,97.0,3,17,4,1,0,3,0,1
128,1,99.9,5,12,4,1,0,0,0,1
54,0,118.8,10,10,4,2,1,0,0,0
84,2,80.75,10,21,3,2,1,0,0,1
1,0,0.0,3,2,4,1,0,0,0,1
138,1,97.33,7,3,4,2,2,0,0,0
144,0,213.3,9,22,4,3,1,1,3,0
4,2,99.0,6,13,4,0,1,3,0,1
65,1,80.75,10,23,3,1,2,0,0,1
31,0,63.0,12,3,3,1,2,3,0,1
12,3,164.0,8,24,4,2,0,0,3,1
29,0,85.0,4,6,3,4,0,3,0,1
0,1,76.47,6,27,4,4,1,0,0,1
54,0,85.0,6,11,3,1,2,3,0,1
245,0,110.0,7,6,4,4,2,0,0,0
105,0,89.3,3,5,4,1,2,0,0,1
11,0,121.0,5,30,2,3,1,0,0,0
92,2,112.5,8,22,4,0,1,0,0,1
50,0,131.4,11,11,4,2,0,1,0,0
92,0,90.0,11,11,3,1,0,0,0,1
175,0,104.1,9,30,4,2,1,3,0,0
52,0,94.5,4,12,4,3,0,3,0,0
85,0,98.0,12,3,4,1,1,0,0,1
68,0,75.0,12,4,3,0,2,0,0,1
5,0,134.83,9,10,4,4,2,0,0,1
253,2,115.2,9,19,4,0,1,0,3,0
189,2,109.77,8,20,4,5,2,0,3,0
64,0,109.8,9,2,3,2,2,0,0,1
0,0,124.0,8,21,4,2,1,0,0,0
3,1,136.0,6,10,4,1,0,0,3,1
104,1,71.9,12,23,4,5,2,0,0,1
86,1,90.3,4,5,4,3,0,0,0,1
6,1,87.7,1,10,4,14,6,0,0,1
65,2,113.55,10,26,4,2,0,0,0,1
19,1,109.0,3,18,4,2,0,0,0,1
40,0,75.6,10,19,3,2,1,0,0,0
31,0,107.1,6,20,4,1,1,0,3,0
69,0,83.0,9,22,3,2,0,1,0,1
60,0,126.0,12,8,4,3,0,0,3,0
54,1,118.2,12,30,4,4,1,0,3,1
15,3,115.0,9,17,4,1,0,3,3,1
83,0,115.56,10,23,4,3,2,0,3,0
210,0,167.95,8,2,4,4,0,0,5,0
183,1,110.0,9,8,3,3,0,0,0,0
13,1,94.35,5,29,4,0,1,0,0,1
8,1,184.0,9,21,4,2,0,0,3,1
20,2,107.0,10,7,4,2,0,0,0,1
238,1,132.6,10,4,4,5,2,0,3,0
112,1,94.5,7,17,4,2,2,3,0,1
239,0,112.2,6,15,3,2,0,1,0,0
13,2,139.0,9,9,4,1,0,0,0,1
128,0,122.4,8,17,4,4,1,0,3,0
19,1,73.9,1,30,4,1,0,0,0,1
68,1,92.35,8,29,4,5,2,0,0,1
55,1,60.0,1,31,3,1,2,0,0,1
58,1,75.0,11,20,3,1,2,0,0,1
87,0,96.3,4,14,4,3,0,0,0,0
12,0,80.0,2,24,4,3,0,0,0,1
4,1,93.17,4,15,4,2,1,0,0,1
33,0,108.9,5,25,4,1,0,0,0,1
101,0,61.5,12,31,3,3,1,0,3,1
14,0,0.0,9,17,4,2,0,1,0,1
109,1,90.0,11,17,4,3,0,0,0,1
98,0,168.3,5,17,4,2,0,0,3,0
126,0,86.36,5,2,4,3,1,0,3,1
139,0,104.21,4,30,4,5,2,0,4,1
0,0,89.0,3,27,4,0,1,3,0,1
11,1,96.41,11,3,4,4,2,3,0,1
5,2,80.3,1,15,4,2,1,0,0,1
122,1,139.95,8,3,4,4,0,0,3,0
76,2,79.2,11,6,4,0,1,3,0,1
26,1,65.0,6,28,2,2,0,0,0,1
0,1,0.0,9,20,1,1,2,0,0,1
91,1,118.8,7,13,4,4,0,0,3,1
0,0,79.0,1,26,2,2,0,0,0,1
6,1,65.0,6,8,2,1,0,0,0,1
14,1,85.0,2,16,4,1,0,0,0,1
25,1,104.0,6,1,4,2,0,3,0,1
41,1,160.0,10,21,4,2,0,0,0,0
14,1,98.67,10,30,3,2,1,0,3,1
16,0,83.03,3,8,4,1,0,0,1,0
1,1,0.0,5,17,1,1,0,0,6,1
166,0,137.7,8,4,4,3,0,0,3,0
2,2,220.0,7,29,4,2,0,0,5,1
80,1,88.0,12,2,4,2,0,3,0,1
3,1,97.5,12,19,4,0,1,0,0,1
86,0,87.5,9,24,3,2,0,0,0,1
270,0,62.8,4,20,3,4,0,0,0,0
60,0,121.5,4,30,4,1,1,0,0,0
57,1,79.2,11,21,4,2,1,3,0,0
101,0,222.17,10,23,4,5,2,1,5,0
1,1,127.0,2,13,4,2,2,0,3,1
117,0,146.7,7,14,4,3,0,0,3,0
59,0,80.0,1,28,3,1,0,0,0,1
11,1,90.0,8,18,4,2,0,0,0,1
272,1,94.35,10,15,4,4,2,0,0,0
0,1,145.0,8,4,4,1,0,0,3,1
301,0,52.0,11,18,4,2,0,0,0,0
6,1,119.0,6,12,4,0,1,3,0,0
13,1,99.0,9,11,4,0,2,3,0,1
18,2,88.0,11,25,4,2,0,3,0,1
32,2,97.92,10,5,4,4,1,0,0,1
35,0,85.0,10,20,3,3,0,0,0,1
16,0,76.0,3,8,2,2,0,0,3,1
10,1,75.0,1,17,4,0,2,3,0,1
13,0,87.0,2,21,3,0,2,0,0,1
82,0,38.67,3,28,3,2,1,0,0,1
96,2,81.08,7,16,4,1,2,0,0,1
23,2,98.4,10,16,4,2,0,0,0,1
30,5,96.3,10,14,4,3,0,0,0,1
62,1,139.5,10,29,4,1,0,3,5,1
22,0,127.67,6,21,4,3,0,0,0,0
37,2,105.3,10,22,4,2,0,0,3,1
26,2,145.0,4,15,4,2,0,0,0,1
0,0,165.0,10,1,4,1,1,0,0,1
13,0,122.0,8,26,4,3,2,3,0,0
48,1,105.0,3,29,3,3,0,0,0,1
10,0,95.0,11,25,4,1,0,3,0,0
41,0,110.0,9,4,3,1,0,1,0,1
97,1,121.5,7,12,4,2,0,0,0,1
204,0,100.0,5,5,3,3,0,0,0,0
24,0,229.6,10,6,4,2,0,1,4,0
55,2,88.4,11,14,4,3,1,0,0,1
104,3,146.7,7,5,4,1,0,0,3,1
113,1,186.3,8,11,4,2,0,0,5,1
12,2,90.0,8,29,4,1,0,0,0,1
6,0,108.0,2,5,4,2,0,0,3,1
107,1,124.2,11,4,4,2,1,1,0,0
12,1,91.0,2,18,4,3,1,0,0,1
7,0,58.0,12,9,3,3,0,0,0,1
6,0,65.0,10,12,2,0,1,0,0,1
180,0,49.74,8,16,4,5,2,0,0,0
69,2,180.3,7,19,4,3,0,0,5,1
82,1,80.0,5,2,3,1,1,0,0,1
100,1,94.5,7,23,4,1,2,3,0,1
143,2,129.6,9,21,4,4,1,0,0,0
9,1,85.0,10,2,3,1,2,0,0,1
94,0,109.8,12,6,4,3,0,0,0,0
224,0,65.0,10,2,3,2,1,0,0,1
18,1,65.0,10,18,2,1,0,0,0,1
171,0,89.25,8,2,4,5,0,3,0,0
208,0,150.45,9,12,4,12,5,0,3,0
42,0,60.0,11,5,3,3,0,0,3,1
33,2,99.0,9,25,4,0,1,3,0,1
44,0,107.1,6,30,4,3,0,3,0,0
28,2,110.65,10,12,4,1,1,0,0,1
61,0,73.0,10,4,3,0,2,0,0,1
230,1,96.3,9,2,4,2,1,0,0,1
162,0,35.0,9,17,3,3,0,0,0,1
24,2,114.0,10,8,4,3,0,3,0,1
175,1,123.25,7,24,4,2,2,1,0,0
99,2,198.9,5,29,4,0,1,0,5,1
14,0,137.7,4,7,4,3,2,0,0,0
0,0,131.0,4,6,2,1,0,0,0,1
98,1,86.7,4,9,4,2,2,0,0,0
65,0,118.8,4,16,4,1,0,0,3,0
7,1,66.22,2,11,4,1,0,0,0,1
263,0,59.5,9,21,3,0,1,0,0,1
171,0,92.82,8,4,4,3,2,3,0,0
123,1,143.1,9,20,4,5,1,0,3,0
2,0,65.0,8,26,2,1,0,0,0,1
63,1,93.6,11,1,4,4,0,0,0,1
190,0,130.05,12,26,4,4,1,1,3,1
6,0,77.0,9,24,3,1,0,0,0,1
0,0,79.0,2,16,4,1,0,0,0,1
133,1,121.5,7,12,4,3,0,0,0,1
40,0,85.0,10,25,3,3,0,0,0,1
12,0,127.8,9,16,4,2,0,0,0,1
26,0,79.92,12,21,4,4,1,1,0,0
151,1,77.23,6,3,4,2,2,0,0,1
231,0,64.6,12,27,3,5,0,0,0,1
7,2,126.0,9,22,4,2,0,0,0,1
7,1,139.0,9,11,4,0,2,0,0,1
119,0,155.7,8,7,4,6,4,0,3,0
3,0,139.0,8,6,4,1,0,3,0,0
3,1,126.0,9,14,4,0,1,0,0,1
160,0,76.27,11,13,4,4,2,3,0,0
18,0,115.0,4,14,4,2,0,3,0,0
44,2,110.13,11,4,4,2,1,0,3,1
82,1,79.2,12,9,4,2,0,3,0,1
52,0,94.5,4,21,4,2,0,3,0,0
13,2,260.0,11,10,4,1,0,0,6,1
41,1,60.0,11,8,3,3,2,0,3,1
64,4,105.6,10,31,4,2,1,0,3,1
37,1,120.7,11,16,4,4,2,1,0,1
160,1,129.0,6,17,4,2,1,0,3,0
96,0,90.0,11,16,4,3,0,0,0,1
39,0,73.6,1,9,3,1,2,1,0,1
128,1,97.43,7,11,4,2,1,0,3,1
6,3,110.5,12,28,4,4,0,0,0,1
18,0,89.0,4,8,4,1,0,3,0,0
77,1,123.45,4,30,4,3,2,0,0,1
276,0,61.0,5,13,3,3,2,0,0,0
97,0,80.75,5,29,3,3,2,0,0,1
336,0,78.0,9,21,3,4,1,0,0,1
78,1,169.91,12,29,3,3,1,0,0,1
32,0,92.08,11,12,4,4,2,0,0,1
100,0,108.0,10,16,3,1,0,1,0,0
125,0,94.5,5,6,4,2,0,3,0,0
35,0,61.16,2,11,4,3,1,0,0,1
2,0,81.6,12,17,4,2,2,0,0,1
100,1,72.25,4,18,4,3,1,3,0,1
37,0,107.1,3,31,4,4,2,3,0,0
197,1,168.3,10,28,4,1,0,0,5,0
55,2,150.45,5,12,4,3,2,0,3,1
49,0,134.1,6,29,4,4,2,0,0,1
144,2,72.25,12,29,4,3,0,0,0,1
59,0,74.83,3,31,3,3,0,0,0,1
224,1,96.3,10,29,4,1,2,0,0,0
48,1,73.95,3,7,4,3,1,0,0,0
2,0,45.5,1,27,3,4,0,0,0,1
1,1,119.0,10,28,3,1,0,0,4,1
15,1,116.31,10,4,4,2,0,0,0,1
3,0,75.0,12,4,4,1,0,3,0,1
0,1,84.7,10,25,4,1,0,3,0,0
0,0,153.15,5,10,4,1,0,0,5,1
81,1,149.4,9,8,4,3,0,0,3,0
277,0,80.0,9,5,3,5,2,0,0,0
22,1,88.33,11,21,4,1,2,0,0,1
86,0,40.67,3,23,3,3,0,0,0,1
157,0,92.65,12,8,3,3,0,0,0,1
71,0,127.0,9,22,3,3,0,1,0,1
162,0,70.0,9,17,3,3,0,0,0,1
89,2,55.63,11,28,4,1,2,0,0,1
59,1,109.8,8,31,4,3,0,0,0,1
27,0,137.6,5,21,4,2,2,0,3,0
3,1,228.33,8,15,4,2,1,1,0,1
37,0,87.3,2,12,4,3,2,0,3,1
63,0,54.46,3,30,4,4,0,3,0,1
8,2,196.0,9,18,4,0,2,0,0,1
28,0,130.0,10,29,3,1,0,0,0,1
5,1,138.5,4,14,4,3,1,0,3,1
92,0,106.08,5,24,3,4,0,0,3,1
34,2,166.8,10,15,4,3,2,0,3,1
6,1,154.0,8,19,4,1,0,0,3,1
0,2,140.0,10,29,4,1,1,3,0,1
76,1,151.2,10,22,4,1,0,0,3,0
0,0,180.0,9,20,4,1,0,3,0,1
77,1,75.16,4,13,4,4,1,0,0,1
26,1,114.0,12,4,4,4,2,0,3,1
10,0,79.2,12,16,4,2,1,0,0,1
151,1,128.56,12,29,4,3,1,0,0,0
83,2,105.3,4,25,4,2,1,0,0,1
10,0,93.0,2,25,4,3,0,0,0,0
2,1,84.0,12,8,4,1,0,3,0,1
44,2,88.4,11,14,4,4,1,0,0,1
124,1,97.01,8,8,4,5,1,0,0,1
29,1,143.52,5,9,4,4,1,0,3,1
111,0,127.8,8,11,4,2,0,0,3,1
7,0,79.0,11,16,2,0,1,0,0,1
79,2,91.2,11,19,4,5,2,0,3,1
31,0,168.3,8,7,4,0,2,0,3,1
56,1,59.0,2,8,3,4,1,0,0,1
32,1,49.67,2,22,3,5,1,0,0,1
61,1,89.25,10,13,4,4,0,0,0,1
16,0,134.7,5,31,4,4,0,0,3,1
77,2,85.5,10,30,4,0,1,0,0,1
0,0,125.7,9,21,3,2,1,1,0,1
22,0,129.0,3,21,4,1,1,3,0,0
91,1,105.4,6,1,3,3,0,0,0,1
29,2,81.55,3,4,4,2,0,3,0,1
13,0,65.0,6,14,2,3,0,0,0,1
128,1,96.3,7,2,4,1,2,0,0,1
73,2,150.3,7,4,4,3,1,0,3,1
10,0,107.0,3,7,2,3,1,0,4,1
13,2,89.0,1,15,4,2,0,0,0,1
20,0,146.2,9,24,4,2,2,0,0,0
47,1,129.99,8,20,4,4,2,0,0,1
59,1,118.27,4,24,4,5,2,0,3,1
0,0,54.02,1,10,4,0,1,3,0,1
47,1,117.9,7,1,4,3,2,0,0,1
42,0,100.5,12,28,4,1,1,0,1,1
14,0,68.85,1,8,4,2,1,0,0,1
21,0,87.0,2,23,3,5,0,0,0,1
232,2,91.45,12,28,4,4,0,0,0,1
0,0,120.0,10,18,2,5,1,0,0,1
2,3,123.5,8,21,4,2,0,0,0,1
2,0,0.0,1,27,1,1,0,0,0,1
6,2,114.5,9,2,4,4,0,0,0,1
13,1,141.0,6,19,4,1,2,0,0,1
79,1,90.95,3,24,4,3,1,0,0,0
221,0,65.0,10,10,3,1,2,0,0,1
40,0,89.4,5,21,4,1,0,3,0,0
318,0,80.75,9,16,3,2,1,0,0,1
192,0,95.0,6,24,3,2,0,0,0,0
60,0,109.8,11,20,4,1,2,0,0,1
57,0,94.5,6,20,4,3,1,0,0,0
5,1,111.0,7,20,4,1,0,0,0,1
72,0,108.0,9,18,3,1,0,1,0,1
95,3,103.7,12,21,4,5,2,0,0,1
119,1,99.3,4,29,4,2,1,0,0,1
142,1,129.6,9,20,4,5,1,0,0,0
1,1,211.76,10,28,4,2,1,0,5,1
11,0,95.0,3,10,4,2,0,3,0,1
49,1,73.95,3,9,4,4,1,0,0,1
47,1,72.36,10,19,3,3,1,0,1,1
39,0,100.62,8,28,4,3,2,3,0,1
96,0,63.75,8,27,3,1,2,3,0,1
152,1,90.67,8,19,4,4,2,3,0,0
56,0,185.0,9,25,3,2,2,0,0,1
19,2,82.39,10,5,4,0,1,0,0,1
78,0,80.75,10,18,3,3,0,0,0,1
236,0,89.0,8,2,2,5,0,0,0,1
58,0,131.4,6,28,4,5,1,0,3,0
12,1,142.33,9,18,4,1,2,3,0,1
8,0,72.0,2,23,3,2,0,0,0,1
6,2,158.5,2,23,4,3,0,1,0,1
181,2,129.7,8,4,4,5,2,0,3,0
63,0,71.0,1,19,3,2,0,0,0,1
225,0,105.3,8,13,4,1,2,0,0,0
12,0,85.0,2,16,3,4,0,0,0,1
47,2,150.3,6,18,4,1,2,0,3,1
215,2,100.8,5,4,4,4,0,0,0,0
2,1,66.99,12,24,4,3,0,0,0,1
75,1,77.03,6,26,4,2,2,0,0,1
129,1,103.5,5,6,4,2,0,3,0,1
8,0,64.0,2,16,3,3,0,0,0,1
11,1,76.93,11,18,4,7,3,0,0,0
2,0,93.0,2,26,4,1,0,0,0,1
96,1,68.0,7,23,4,2,0,0,0,0
3,0,65.0,5,30,2,2,1,0,0,1
6,0,75.0,7,8,3,2,1,0,0,1
65,2,137.7,7,23,4,1,1,0,3,1
48,2,142.2,9,2,4,1,0,0,3,1
104,1,126.9,5,14,4,1,2,0,0,1
30,1,134.1,9,18,4,0,2,3,0,1
140,0,99.45,7,15,4,2,2,0,0,1
186,0,112.5,8,28,4,0,1,0,0,0
138,0,169.15,7,11,4,4,1,0,5,0
188,1,134.4,9,28,4,4,2,0,3,0
25,0,63.58,3,13,3,2,2,0,0,1
92,1,107.1,8,20,4,3,2,3,0,0
294,1,76.58,10,23,4,3,2,0,3,1
69,0,140.4,4,30,4,1,1,0,3,0
130,0,68.0,7,31,4,11,4,0,0,0
14,0,200.0,9,26,4,1,2,3,0,1
8,2,133.4,3,17,4,3,2,0,0,1
30,1,96.3,10,12,4,3,1,0,0,1
52,2,158.4,10,17,4,1,1,0,3,1
8,0,142.67,12,29,4,3,0,0,3,1
12,1,139.0,7,10,4,1,2,3,0,1
112,1,120.0,6,2,3,3,0,0,0,1
69,1,125.1,9,12,4,0,1,3,0,1
12,0,128.06,3,30,4,15,6,0,3,0
31,0,161.1,7,23,4,1,1,0,0,1
47,2,101.15,3,28,4,3,1,0,0,1
143,0,100.3,6,2,4,3,2,0,0,0
4,0,95.0,10,25,0,1,0,0,0,1
36,1,177.77,9,24,4,5,2,0,5,1
131,0,105.3,8,2,4,4,0,0,0,0
83,1,92.0,11,3,4,3,1,0,3,1
17,0,81.0,1,24,4,6,4,0,0,1
30,1,135.9,5,21,4,1,0,0,0,1
109,0,72.25,8,26,3,2,2,0,0,1
84,0,90.95,4,8,4,2,2,0,0,0
74,1,82.45,3,20,4,2,2,0,0,1
44,1,60.0,11,11,3,3,0,0,3,1
1,0,139.0,7,8,4,1,0,3,0,0
93,0,115.0,10,15,4,1,2,0,0,0
39,1,70.87,11,12,4,11,5,3,0,0
30,0,85.0,10,27,3,3,0,0,0,1
0,0,147.59,9,16,4,1,0,3,3,1
0,0,59.94,11,16,4,4,0,3,0,1
155,0,130.5,8,16,4,2,0,0,0,0
49,1,101.51,11,16,4,5,2,0,3,1
60,0,63.75,3,5,4,6,2,0,0,0
103,0,115.0,4,19,3,2,0,0,0,0
30,1,65.06,2,21,4,2,2,0,0,1
16,1,80.3,1,22,4,2,0,0,0,1
76,0,82.45,3,18,4,2,2,0,0,1
53,1,81.0,12,29,4,2,0,3,0,1
38,0,73.1,3,4,4,4,2,3,0,0
143,1,79.2,12,8,4,3,0,3,0,1
93,1,126.9,6,20,4,1,1,0,0,1
247,1,115.0,6,6,4,1,1,1,0,0
15,1,86.0,1,21,4,1,0,3,0,1
31,1,87.3,9,6,4,1,0,3,0,1
0,1,157.0,6,9,4,2,0,1,3,1
69,2,72.25,11,15,4,0,1,0,0,1
47,1,65.0,11,11,2,2,0,0,0,1
0,1,164.0,9,23,4,2,0,0,0,1
15,0,136.0,6,22,3,1,0,0,0,1
91,1,83.87,4,3,4,4,2,0,0,1
181,0,78.48,10,11,4,1,0,3,0,0
13,0,96.0,4,26,3,3,0,1,0,1
18,0,67.0,12,11,2,1,2,0,0,1
9,0,169.11,9,20,4,5,4,3,0,1
263,0,110.0,10,21,3,2,0,0,0,0
85,0,90.95,4,13,4,5,2,0,0,0
268,2,67.5,12,16,4,2,1,3,0,0
56,0,94.5,6,20,4,2,1,0,0,0
84,0,78.3,3,3,4,3,0,0,0,0
132,0,105.83,7,5,4,4,0,0,0,0
75,0,89.75,10,1,3,1,0,0,0,1
196,0,105.3,8,28,4,1,2,0,0,0
24,1,142.0,9,11,4,0,2,0,3,1
4,0,65.0,3,21,2,0,1,0,0,1
68,3,132.3,10,10,4,2,1,0,3,1
5,0,58.0,12,14,3,3,1,0,0,1
8,0,92.4,10,20,4,3,0,0,0,1
46,2,97.2,11,6,4,0,1,0,0,1
240,2,90.95,10,27,4,3,1,0,0,1
42,0,65.0,9,15,2,2,0,0,0,1
111,0,60.0,3,23,3,3,0,0,0,1
12,2,77.78,11,22,4,4,0,3,0,1
23,0,87.0,1,2,3,1,2,1,0,1
39,2,91.45,12,27,4,2,2,0,1,1
150,2,129.6,9,24,4,5,2,0,0,0
247,0,90.95,10,25,4,4,0,0,0,0
93,3,96.3,4,12,4,3,0,0,0,1
1,0,169.33,10,9,4,2,1,0,0,1
219,0,158.95,8,8,4,5,1,0,5,0
5,1,94.0,11,9,4,1,1,0,0,1
45,2,177.3,4,11,4,2,1,0,5,1
9,0,75.0,7,27,3,3,0,3,0,1
23,2,96.0,9,2,4,2,0,3,0,1
118,1,133.46,7,11,4,5,2,0,0,1
19,0,150.0,11,7,4,1,1,0,0,0
3,1,95.0,11,19,4,1,0,3,0,0
76,1,93.6,11,22,4,1,0,0,0,1
152,2,99.0,7,11,4,1,1,0,0,1
4,1,103.0,7,1,2,1,0,0,3,1
308,0,52.0,11,25,3,2,0,0,0,0
16,1,129.0,9,27,4,2,0,3,0,1
185,2,113.4,10,10,4,3,1,0,0,0
41,1,71.52,2,22,4,2,1,0,1,1
96,0,94.5,7,11,3,1,2,1,0,1
31,3,157.5,10,7,4,1,0,0,3,1
48,1,105.3,3,9,4,3,0,0,3,1
16,0,133.6,12,10,4,7,4,0,5,1
99,0,81.0,2,19,2,2,0,0,0,1
8,1,90.0,8,27,4,1,0,0,0,1
18,0,97.0,1,15,4,5,2,0,3,1
88,1,85.0,9,3,3,5,2,0,0,1
302,0,100.0,9,16,3,2,1,0,0,0
75,0,99.0,4,17,4,0,2,3,0,1
32,0,137.52,8,21,3,1,2,0,4,1
1,1,109.0,2,12,4,1,0,0,0,1
151,0,200.0,6,27,4,0,1,0,4,0
39,0,116.1,5,12,4,3,1,3,0,0
155,1,126.9,9,2,4,2,1,0,0,0
36,2,125.1,3,23,4,4,2,0,3,0
21,2,110.0,8,31,4,2,0,3,0,1
87,1,106.25,10,23,3,1,2,1,0,1
7,0,66.7,1,26,4,1,0,3,0,1
86,1,187.85,5,15,4,2,2,0,5,1
106,0,65.79,5,2,4,3,1,3,0,0
2,0,65.0,8,7,2,1,2,0,0,1
18,2,157.0,12,30,4,2,0,0,3,1
23,2,161.5,9,24,4,2,2,0,3,1
4,0,140.0,10,2,4,0,1,3,0,0
25,0,152.0,12,25,4,0,2,1,3,0
14,1,199.8,10,22,4,3,2,0,5,1
23,1,119.0,10,20,4,2,0,3,0,0
3,1,133.0,9,21,4,0,1,3,0,1
13,1,140.0,10,29,4,1,0,0,0,0
23,0,80.0,3,16,3,1,0,0,0,1
24,0,47.0,12,5,2,1,2,0,0,1
201,0,98.1,10,1,4,1,1,3,0,0
10,1,186.0,8,5,4,2,0,0,3,1
42,1,106.8,11,25,4,3,0,0,0,1
95,0,96.3,4,18,4,2,1,0,0,0
1,2,0.0,8,26,4,1,0,0,0,1
73,0,107.1,7,6,4,2,0,3,0,0
138,0,94.5,8,22,3,1,2,1,0,1
42,2,121.78,11,1,4,9,2,0,0,1
14,1,0.0,8,13,4,1,1,0,6,1
34,2,108.0,10,2,4,1,2,3,0,1
40,2,165.6,9,28,4,2,0,0,3,1
73,0,77.04,4,26,3,3,0,0,0,1
138,0,142.2,8,18,4,2,0,0,3,0
80,1,80.33,3,17,4,3,1,0,0,1
45,2,157.68,6,27,4,3,1,1,3,1
129,0,126.9,6,2,4,3,0,0,0,0
60,2,152.1,7,9,4,1,0,0,3,1
29,2,163.46,4,18,4,3,1,1,0,1
68,0,112.2,4,14,4,3,1,0,3,0
98,0,130.5,7,4,4,5,1,0,0,0
1,0,68.0,12,27,4,0,2,3,0,1
0,0,73.07,8,24,4,1,0,3,0,1
97,1,99.45,4,27,4,4,0,0,0,1
126,1,79.2,12,20,4,1,0,3,0,1
30,0,150.3,3,31,4,3,0,0,0,0
8,0,95.0,6,24,3,2,0,0,0,1
45,1,149.4,8,19,4,1,0,0,3,1
0,0,98.1,10,1,4,1,2,3,0,1
26,1,117.0,4,21,4,1,0,0,0,1
20,0,58.0,12,27,3,1,2,0,0,1
27,0,118.15,9,19,3,0,1,0,0,0
327,0,88.0,9,9,3,4,2,1,0,1
58,0,58.3,12,23,3,4,0,1,0,1
68,1,74.61,11,18,4,2,2,0,3,1
190,0,95.0,6,22,3,4,1,0,0,1
133,3,156.15,9,19,4,4,1,0,0,1
116,0,76.0,2,28,3,1,2,0,0,1
42,0,114.3,3,12,4,1,1,0,3,1
5,0,0.0,3,16,1,2,0,2,6,1
8,1,120.47,11,7,4,3,1,0,0,1
239,0,128.7,10,28,4,2,0,0,0,0
9,1,115.0,2,27,4,1,1,0,3,0
45,1,79.2,12,16,4,2,1,3,0,1
92,1,99.9,7,15,4,1,0,0,0,1
137,0,89.75,9,12,3,1,1,0,0,1
96,0,110.97,10,26,4,2,0,0,3,0
112,0,105.3,7,14,4,3,0,0,0,0
6,0,85.0,2,15,4,2,1,0,0,0
149,0,105.3,8,20,4,2,2,0,0,0
6,1,136.0,10,19,4,2,1,0,3,1
11,1,139.33,10,9,4,2,1,3,0,1
12,2,141.0,5,2,4,0,1,0,0,1
17,1,82.0,12,18,3,2,2,0,0,1
63,1,99.0,9,4,4,0,1,3,0,1
1,0,56.47,5,8,4,0,1,3,0,1
1,1,0.0,9,14,4,0,0,0,0,1
18,0,97.0,12,26,4,1,2,0,0,1
9,0,149.0,8,17,4,2,0,0,4,1
15,0,70.0,12,27,3,5,1,0,0,1
25,0,64.64,2,7,4,2,2,0,0,1
0,1,89.0,3,4,4,1,0,3,0,1
23,0,104.5,9,17,4,2,0,0,0,1
112,0,58.9,3,21,4,2,1,3,1,1
45,2,94.5,10,19,4,5,1,0,0,1
49,1,158.4,10,15,4,1,2,0,3,0
135,2,94.5,5,22,4,0,2,3,0,1
67,1,140.4,5,31,4,3,0,0,3,1
34,0,65.0,9,15,2,1,0,0,0,0
65,1,137.7,4,11,4,2,1,0,3,1
90,0,80.75,10,17,3,3,1,0,0,1
5,2,230.0,5,19,4,3,0,0,5,1
4,0,130.4,9,18,4,1,2,0,0,0
142,2,94.5,8,3,4,1,0,3,0,1
1,3,79.5,12,20,4,1,0,3,0,1
3,1,0.0,7,30,1,1,1,0,4,1
23,1,105.0,10,18,3,3,2,0,3,1
2,1,89.89,11,27,4,2,2,0,0,1
146,0,75.0,12,29,3,3,0,0,0,1
18,0,101.0,4,3,4,0,2,0,0,0
42,2,109.0,10,29,4,1,0,3,0,1
40,1,73.1,3,7,4,2,1,3,0,1
94,3,72.25,12,4,4,2,1,0,0,1
220,0,128.0,9,17,3,1,2,1,0,0
118,1,88.01,7,8,4,1,0,0,0,1
182,2,117.9,9,30,4,2,0,0,0,0
1,0,65.0,12,10,2,1,0,0,0,1
32,2,111.3,4,14,4,3,0,0,0,1
33,0,98.1,6,9,4,1,0,3,0,0
9,2,105.0,9,11,4,1,0,0,0,1
81,1,103.5,7,3,4,1,2,3,0,0
38,0,125.1,9,18,4,0,2,3,0,0
1,0,109.0,2,9,4,1,0,0,0,1
64,0,149.4,9,16,4,1,0,0,3,0
154,0,95.4,8,24,4,2,0,0,0,0
30,1,72.0,2,28,3,1,2,0,0,1
78,1,96.3,4,14,4,3,0,0,0,1
60,0,130.48,4,25,4,3,1,0,3,1
239,0,112.2,6,15,4,2,0,1,0,0
50,2,126.3,11,10,4,3,0,0,0,1
56,1,116.1,5,13,4,2,1,3,0,1
13,1,87.78,5,30,4,2,1,3,0,1
166,0,96.3,8,27,4,1,2,0,0,0
21,2,98.0,9,11,4,0,2,3,0,1
48,0,104.0,9,11,3,1,0,1,0,1
15,1,85.0,11,1,4,4,0,3,0,1
25,0,104.0,12,23,4,2,1,0,0,0
22,2,147.75,9,10,4,3,1,0,0,1
132,0,114.75,7,14,4,4,2,0,0,0
57,1,96.6,12,8,4,3,0,0,0,1
2,0,101.0,3,28,4,0,1,0,0,1
11,2,141.5,4,23,4,2,2,0,0,1
194,1,81.82,7,10,4,2,2,0,1,1
251,2,74.29,12,28,4,9,2,0,1,0
22,0,75.0,10,20,3,4,0,0,3,1
75,0,82.45,3,30,4,4,0,0,0,0
91,2,132.3,10,20,4,3,0,0,3,0
276,0,106.0,11,28,2,2,1,0,4,0
194,0,124.95,8,26,4,3,2,0,3,0
54,0,95.36,3,28,4,4,1,0,4,1
59,1,93.5,3,19,4,2,2,0,0,1
144,1,118.15,5,27,4,2,2,0,3,0
2,0,94.5,8,1,3,1,2,1,0,0
85,1,85.0,10,6,3,3,1,0,0,1
30,1,63.21,2,12,4,2,1,0,0,1
55,1,164.9,5,6,4,3,2,1,3,1
31,0,69.3,10,19,3,2,1,0,0,1
4,1,124.0,8,15,4,1,0,0,0,1
0,0,114.0,9,13,4,0,1,0,0,1
103,0,80.0,5,4,3,3,0,0,0,1
9,2,89.55,11,26,4,1,1,0,0,1
129,0,99.45,5,10,4,4,0,0,0,1
2,2,0.0,12,1,4,0,0,0,0,1
4,2,81.6,12,5,3,2,2,0,0,1
83,0,104.4,6,27,4,3,1,0,0,0
9,1,121.0,6,12,4,2,2,0,0,1
143,2,101.54,4,23,4,4,2,0,3,0
4,2,107.0,3,22,4,2,0,0,0,1
27,0,85.0,10,19,3,3,0,0,0,1
7,0,68.0,2,29,2,1,1,0,0,1
224,0,68.61,12,25,4,5,2,3,0,0
8,2,117.67,9,3,4,3,0,0,0,1
13,2,129.0,9,25,4,1,2,3,0,1
4,0,0.0,9,18,1,3,2,0,0,1
112,1,95.63,7,11,4,5,3,3,0,1
61,1,72.24,10,26,3,1,1,0,0,1
36,1,55.09,12,10,4,2,0,3,0,1
248,1,67.26,12,24,4,3,2,0,1,1
270,1,95.4,9,30,4,2,1,3,0,0
111,0,85.86,4,24,4,2,2,0,1,1
36,0,100.8,4,17,4,0,2,0,0,0
92,2,135.0,10,6,4,1,0,0,0,1
198,0,90.0,9,9,3,2,1,0,0,0
0,0,96.3,6,27,4,0,1,0,0,1
48,2,92.83,5,22,4,1,2,0,0,1
85,1,157.25,3,24,4,3,2,0,5,0
13,1,88.4,12,18,4,2,2,0,0,1
9,1,245.0,9,30,4,3,2,0,5,1
0,0,112.0,10,20,2,1,0,0,0,1
0,0,89.0,5,9,4,0,1,3,0,0
169,1,137.7,8,12,4,2,1,0,3,0
31,0,192.6,6,26,4,2,2,1,3,0
7,2,107.03,8,31,4,1,0,0,0,1
102,0,82.45,7,10,3,2,2,0,3,1
0,1,79.0,11,12,4,1,0,0,0,1
243,2,116.45,10,30,4,3,2,0,0,0
43,3,96.3,10,29,4,3,0,0,0,1
162,0,135.0,5,11,4,3,0,0,3,0
182,1,112.2,8,15,4,3,1,0,3,0
50,2,123.3,3,30,4,2,0,0,3,1
51,0,65.0,5,22,2,0,1,0,0,1
40,1,82.1,3,7,4,2,1,3,0,1
2,1,75.0,12,2,4,2,0,3,0,1
37,0,135.45,3,24,4,2,0,0,3,1
82,1,107.1,8,14,4,2,2,3,0,0
1,0,84.0,7,26,2,1,0,0,0,1
7,0,0.0,11,10,1,2,0,0,0,1
65,1,104.0,11,18,4,2,1,0,0,1
19,2,93.0,2,19,4,3,2,0,0,1
81,0,190.8,10,15,4,4,2,0,5,0
3,0,89.0,4,17,4,0,1,3,0,1
18,2,98.57,8,29,4,5,2,0,0,0
3,2,102.8,4,23,4,1,1,0,0,1
59,0,82.45,3,10,4,3,1,0,3,0
122,0,85.0,4,15,3,1,0,0,0,1
68,0,123.17,7,16,4,5,2,0,3,0
4,1,151.0,7,6,4,3,0,0,0,1
20,0,66.0,1,10,2,0,1,0,0,1
26,0,171.0,2,10,4,4,2,0,5,0
187,1,80.75,9,12,3,4,1,0,1,1
8,0,89.0,10,20,2,1,0,0,0,1
213,0,123.25,8,23,4,5,1,1,0,0
137,0,94.5,4,17,4,0,1,3,0,1
4,1,75.0,11,13,2,0,2,0,0,1
99,2,269.3,7,22,4,2,1,0,6,0
29,2,119.0,10,19,4,4,0,3,0,0
16,0,87.3,1,24,4,1,2,0,0,1
130,2,139.5,9,29,4,3,0,0,3,0
31,2,80.0,7,22,3,2,1,0,0,1
23,1,79.0,2,12,4,2,1,3,0,0
5,0,80.0,2,12,4,1,0,3,0,1
159,1,65.0,4,9,3,1,1,0,0,1
80,0,100.0,4,10,3,1,2,1,0,0
31,0,94.5,4,24,4,0,1,3,0,0
244,1,85.5,9,3,4,1,0,3,0,0
1,2,168.5,8,16,4,2,0,0,0,1
1,0,146.0,7,21,4,1,0,0,3,1
6,2,130.0,2,25,4,3,1,0,3,1
92,1,76.5,3,31,4,3,2,3,0,0
40,1,94.5,10,5,4,3,1,0,0,1
62,2,111.6,12,25,4,1,2,0,0,1
23,0,98.0,4,10,4,2,2,3,0,0
73,0,60.0,12,6,3,1,2,0,3,1
3,2,118.0,3,11,4,2,0,0,0,1
173,0,143.1,9,10,4,1,2,0,0,0
21,1,123.2,11,10,4,1,0,3,0,1
174,1,99.45,7,26,4,6,2,0,0,1
24,1,0.0,11,5,1,1,0,0,0,1
44,1,101.34,4,25,4,3,1,0,0,1
11,3,116.71,10,23,4,5,2,3,0,1
109,4,105.21,7,6,4,4,2,0,0,1
141,0,90.0,11,25,4,2,0,0,0,1
0,0,66.0,1,4,2,2,1,0,0,1
172,1,300.0,7,29,3,3,2,1,0,0
63,2,121.5,7,23,4,1,0,0,0,1
91,1,148.5,8,3,4,2,0,0,0,1
37,1,90.95,11,11,4,4,0,0,0,1
131,0,103.5,12,26,4,0,1,0,3,0
175,0,130.05,8,15,4,3,1,0,3,0
160,1,90.95,6,30,4,3,1,0,0,1
32,2,171.13,10,4,4,5,2,0,3,1
132,1,101.58,7,11,4,3,1,0,0,1
9,2,0.0,7,8,1,1,0,0,3,1
82,1,76.5,7,19,4,2,2,0,1,0
17,1,94.95,10,15,4,3,2,0,0,1
8,2,0.0,12,9,1,2,0,0,3,1
97,2,96.3,4,8,4,2,0,0,0,1
14,0,124.0,9,21,4,2,1,0,0,1
0,0,130.0,10,29,3,1,0,0,0,1
245,0,80.75,9,28,3,4,0,0,0,1
164,2,105.3,8,5,4,2,0,0,0,0
285,0,100.0,10,3,3,3,1,0,0,0
26,0,124.7,5,11,4,4,2,3,0,0
11,1,90.0,4,10,2,0,1,0,3,1
7,2,125.8,12,29,4,3,1,0,3,1
99,0,65.0,10,30,3,2,2,0,0,0
118,0,6.0,6,6,4,2,1,0,0,1
1,0,107.0,4,19,3,2,0,0,0,1
3,2,101.0,4,21,4,1,0,0,0,1
58,1,90.95,9,8,3,3,1,0,3,1
10,1,93.0,2,9,4,2,0,0,0,0
66,0,149.4,9,8,4,3,1,0,3,0
163,0,110.0,9,8,3,3,0,0,0,0
23,1,92.0,8,31,4,4,1,0,0,1
33,0,64.0,1,25,2,1,1,0,0,1
131,2,164.25,8,1,4,1,1,1,0,1
41,2,105.9,10,16,4,2,1,0,0,1
106,1,82.45,7,27,3,3,0,0,3,1
76,1,85.5,4,25,4,1,1,3,0,1
108,0,75.76,4,16,4,2,2,0,1,1
35,1,140.4,4,30,4,1,2,0,3,1
0,2,126.0,10,1,4,1,0,0,0,1
6,2,161.5,9,8,4,3,1,0,0,1
349,0,90.0,10,4,4,5,1,0,0,0
99,1,135.9,5,19,4,1,0,0,0,0
14,2,102.41,5,23,4,2,1,0,0,1
72,0,109.65,5,29,4,2,2,3,0,0
0,0,95.0,10,10,2,0,1,0,0,1
2,0,75.0,8,28,3,1,2,3,0,1
9,1,109.33,12,28,4,3,0,3,0,1
5,0,146.67,10,29,4,1,2,0,0,1
6,1,0.0,9,23,4,1,0,0,3,1
259,0,89.0,10,5,3,4,0,0,0,0
80,1,207.9,11,11,4,2,0,1,5,1
32,1,88.0,12,10,4,1,2,3,0,1
64,0,94.5,7,25,4,0,1,3,0,1
7,0,82.0,2,19,3,2,1,0,0,1
93,0,73.74,4,4,4,3,1,0,1,1
14,0,125.2,4,7,4,3,2,0,3,0
59,1,139.5,9,7,4,1,0,0,3,1
38,0,92.86,8,21,4,0,2,3,0,0
208,2,80.24,6,11,3,2,2,0,0,1
53,0,140.7,8,26,4,2,1,0,3,1
276,0,95.67,9,22,3,3,0,0,0,1
38,1,81.9,3,11,4,2,2,0,0,0
10,2,136.14,9,12,4,5,2,0,0,0
154,0,189.9,6,12,4,1,2,0,5,0
82,0,96.3,6,27,4,0,1,0,0,0
313,1,91.8,12,1,4,3,0,0,3,0
166,0,121.55,7,7,4,3,2,0,0,0
8,2,80.75,11,16,4,4,0,0,0,1
1,0,75.0,11,29,3,1,0,0,0,1
115,0,58.0,3,26,3,1,2,0,0,1
78,0,90.9,10,30,4,0,2,0,0,0
7,0,72.25,6,20,3,3,1,3,0,1
48,1,109.8,9,4,4,0,2,0,1,1
5,1,156.0,5,2,4,3,1,0,3,1
24,2,85.0,2,24,4,1,0,0,0,1
60,1,142.13,7,24,4,4,2,0,3,1
93,0,125.33,10,22,4,2,2,0,3,0
60,0,94.5,4,17,4,0,1,3,0,1
92,1,135.9,6,16,4,3,0,0,0,1
92,0,100.0,3,26,3,1,2,0,0,0
8,0,62.37,11,26,4,1,0,0,0,1
68,0,121.5,5,10,4,3,0,0,0,0
40,0,113.25,8,31,3,4,0,1,0,1
4,0,95.0,10,23,3,3,2,0,0,1
184,2,107.1,10,27,4,3,2,0,0,0
13,0,119.0,12,26,4,3,1,0,3,1
7,0,79.14,11,15,4,7,2,3,0,0
19,0,129.0,9,24,4,1,2,3,0,0
53,0,149.4,9,11,4,2,2,0,3,0
34,0,94.3,10,15,4,3,2,3,1,1
55,0,74.88,11,23,4,1,0,0,0,1
29,1,184.06,9,26,4,2,1,0,6,1
159,0,94.5,8,5,4,1,0,3,0,0
21,0,129.0,3,4,4,1,0,1,0,0
8,0,54.75,9,9,3,4,0,0,0,1
3,1,129.0,2,8,4,0,1,1,0,1
98,1,90.6,10,30,4,1,2,0,0,1
42,2,94.5,10,19,4,1,1,0,0,1
81,1,76.5,8,3,4,12,5,0,0,0
50,0,82.45,3,11,4,2,2,0,3,0
212,1,103.84,10,9,4,2,2,0,3,0
11,1,87.0,1,29,4,2,0,1,0,1
63,1,99.9,6,20,4,2,1,0,0,1
7,1,132.33,6,29,4,3,0,3,0,1
0,0,155.33,8,31,4,2,1,0,5,1
4,2,198.0,8,24,4,1,0,0,3,1
10,1,79.39,12,5,4,1,2,0,0,1
155,0,142.83,10,20,4,3,0,0,3,0
8,1,90.0,8,18,4,5,1,0,0,1
187,0,80.75,9,12,3,4,1,0,1,1
29,1,66.18,12,2,2,2,0,0,0,1
96,0,80.7,7,19,4,5,3,0,0,0
57,0,85.0,8,5,3,2,1,0,0,1
148,0,105.3,5,5,4,3,0,0,0,1
129,1,94.5,5,12,4,2,0,3,0,1
37,0,94.5,4,23,4,1,1,3,0,1
169,0,130.05,8,11,4,3,1,0,3,0
8,0,58.41,12,3,4,3,1,0,3,1
92,2,117.9,8,26,4,2,1,0,0,1
80,1,135.27,8,3,4,3,0,0,3,1
53,0,114.3,7,18,4,1,1,0,0,1
138,1,148.5,7,12,4,3,0,1,0,1
53,1,122.4,6,18,4,4,2,0,3,0
103,0,97.92,9,6,3,3,0,1,0,1
308,1,78.3,11,23,4,3,0,0,0,0
41,2,98.67,10,6,4,3,0,0,0,1
132,0,72.25,7,17,3,1,2,0,0,1
16,2,101.0,4,17,4,0,2,0,0,1
0,0,88.56,5,20,4,1,0,3,0,0
20,1,145.0,9,24,4,3,2,0,0,1
17,1,80.0,3,17,2,2,0,0,0,1
81,0,59.84,12,2,4,2,0,3,0,1
17,2,157.5,12,2,4,2,0,0,3,1
65,0,80.75,6,9,3,3,1,0,0,1
303,0,78.0,8,19,4,3,2,0,0,0
23,2,89.0,9,11,4,0,2,3,0,1
80,1,93.25,7,25,3,1,1,0,0,1
55,0,87.0,4,6,3,1,0,1,0,1
137,0,112.0,6,26,3,3,2,0,0,1
32,0,78.3,2,6,4,1,0,0,0,0
45,1,162.79,9,12,4,3,1,0,0,1
48,0,73.51,10,2,4,2,1,0,0,1
131,0,108.0,10,10,4,0,1,3,0,0
74,0,75.0,12,2,3,2,0,0,0,1
36,2,104.0,12,7,4,4,2,0,0,1
361,0,91.0,11,4,4,1,0,0,0,0
4,1,65.0,10,11,2,3,0,0,0,1
26,1,117.67,9,17,4,3,0,0,0,0
28,1,103.87,9,22,4,4,0,0,0,1
3,1,0.0,8,2,1,0,1,0,0,1
101,2,90.0,11,26,4,1,2,0,0,1
160,0,71.6,7,25,4,5,3,0,0,0
63,3,118.33,11,10,4,3,0,3,0,1
0,1,79.0,2,26,4,1,0,3,0,1
16,1,89.0,9,11,4,0,2,3,0,1
12,2,93.0,2,7,4,0,1,0,0,1
16,0,77.25,1,25,4,4,1,0,1,1
4,1,160.0,10,3,4,2,1,0,0,1
115,1,116.1,6,6,4,2,1,0,0,1
40,2,94.67,12,13,4,3,0,3,0,1
161,2,145.85,8,14,4,3,2,0,3,0
195,1,121.5,8,13,4,1,0,0,0,0
111,1,221.4,10,6,4,1,0,0,1,0
137,1,102.73,8,20,4,5,2,0,0,1
219,1,102.85,10,3,4,3,1,0,0,0
89,1,139.95,7,18,4,3,1,0,3,0
109,0,80.75,5,22,3,1,2,0,0,1
4,0,107.0,5,21,3,1,0,0,3,1
50,1,139.5,10,8,4,1,2,0,3,0
1,0,60.0,2,28,4,1,2,0,0,0
140,1,88.77,7,2,4,1,1,0,1,1
9,0,79.0,12,21,2,2,0,0,0,1
159,1,82.44,8,2,3,3,0,0,0,1
66,0,154.8,6,4,4,1,1,0,3,0
4,1,119.0,8,29,4,0,1,3,0,1
8,1,90.0,11,25,4,2,0,0,0,1
48,1,79.2,11,6,4,0,1,3,0,1
240,1,85.5,8,18,4,3,0,3,0,0
204,0,61.38,10,9,3,2,2,0,0,1
37,1,126.6,3,24,4,3,0,0,0,1
2,2,147.0,3,27,4,2,2,0,3,1
37,1,109.0,10,27,4,2,0,3,0,1
32,0,165.15,4,27,4,1,0,1,0,1
5,0,0.0,8,19,1,1,0,0,0,1
54,1,88.2,11,12,4,1,2,3,0,0
108,0,90.3,4,13,4,3,0,0,0,1
5,1,65.0,12,12,2,0,1,0,0,1
157,0,217.6,8,19,4,3,2,1,5,0
198,0,99.95,8,8,4,4,1,0,0,0
68,1,116.1,6,19,4,0,1,3,0,1
46,1,243.9,9,20,4,3,0,0,6,0
4,0,80.0,2,19,2,1,0,0,0,0
136,1,113.05,5,14,4,2,2,0,3,1
267,0,95.0,9,30,3,2,1,0,0,0
290,0,90.95,10,20,4,3,2,0,0,0
178,2,90.9,10,26,4,4,0,0,0,1
46,0,60.0,11,6,3,2,1,0,3,1
38,0,85.0,3,12,3,1,2,0,0,1
112,0,116.28,8,24,3,4,0,0,4,0
8,1,89.0,4,5,4,1,0,3,0,1
58,0,61.5,3,2,3,4,1,0,0,1
37,0,77.0,3,13,2,0,1,0,0,1
1,0,79.0,2,13,2,1,0,0,0,1
109,2,129.59,6,8,4,3,0,0,3,1
8,2,96.0,12,12,4,0,1,0,0,1
39,0,65.0,11,27,2,2,2,0,0,1
53,0,75.0,11,18,3,2,0,0,0,1
89,2,104.0,12,10,4,1,1,0,0,1
0,2,95.0,11,14,2,3,1,0,0,1
292,1,163.63,10,23,4,4,2,0,1,0
173,2,167.45,12,9,4,3,2,1,3,0
179,3,90.9,10,27,4,3,1,0,0,1
48,0,157.5,7,2,4,3,2,0,3,0
20,2,115.6,6,8,4,2,0,0,3,1
200,1,62.18,8,6,4,2,2,3,0,1
6,1,121.0,6,5,4,0,1,0,0,1
31,1,120.42,10,24,4,2,2,0,0,1
22,1,62.0,11,17,2,1,0,0,0,1
34,0,112.5,3,23,4,1,0,0,3,0
38,1,111.8,10,15,4,1,2,0,3,1
4,1,139.0,7,6,4,2,0,3,0,1
106,0,95.2,4,27,4,4,0,0,0,1
0,1,115.0,6,7,4,1,0,0,0,1
18,0,71.21,11,20,4,3,2,0,0,0
47,1,101.1,3,16,4,3,0,0,3,0
122,0,114.3,5,12,4,2,0,0,0,0
19,0,100.0,6,22,2,2,0,0,0,1
66,3,177.66,9,4,4,3,2,0,5,1
100,0,73.95,3,17,4,3,1,0,0,1
55,0,0.0,4,6,4,1,0,1,0,1
144,0,140.76,8,12,4,5,2,0,3,0
5,0,71.8,12,5,3,1,2,0,0,1
0,2,68.85,7,23,4,1,0,0,3,1
66,1,102.6,12,7,4,3,0,0,3,1
18,1,146.0,5,10,4,3,0,0,3,1
161,0,130.0,3,25,3,2,1,1,1,0
66,0,126.9,6,17,4,2,1,0,0,0
61,1,120.7,11,21,4,3,1,1,0,1
12,1,64.0,12,5,3,1,1,0,0,1
195,1,94.5,8,13,4,1,2,0,0,1
8,2,120.0,10,20,4,3,0,0,0,1
28,1,163.0,9,28,4,2,0,0,3,1
20,4,129.5,3,9,4,4,0,0,3,1
335,0,80.0,10,13,3,3,0,0,0,1
245,1,58.36,12,27,4,5,2,0,0,0
85,1,126.9,8,5,4,1,0,0,0,1
179,1,77.56,8,31,4,3,1,0,0,1
80,0,65.83,3,25,4,2,1,3,0,1
1,1,40.0,11,10,2,2,0,0,0,1
0,0,124.0,9,8,4,1,0,0,0,1
4,1,90.0,5,23,3,1,1,0,0,1
79,1,96.3,4,16,4,1,2,0,0,1
54,1,208.41,8,24,4,5,2,1,3,0
98,1,78.35,8,14,4,2,2,3,0,1
102,0,80.0,10,16,4,2,0,1,0,0
0,0,80.0,12,23,4,1,0,3,0,1
165,0,146.7,8,12,4,2,1,0,0,0
194,0,86.75,7,15,4,1,0,0,1,0
98,0,80.1,10,26,4,2,0,3,0,0
19,0,90.0,10,6,3,3,0,0,0,1
83,0,46.67,3,12,3,4,2,0,0,1
9,2,90.0,8,23,4,3,2,0,0,1
18,0,72.9,1,26,4,3,0,0,0,1
29,0,122.55,9,18,4,0,2,3,0,0
61,1,82.45,3,12,4,2,2,0,3,1
24,0,85.0,2,6,4,1,2,0,0,0
40,1,55.0,12,26,3,2,2,0,0,1
136,1,88.01,8,13,4,1,2,0,0,1
273,0,109.0,7,17,4,2,0,1,0,0
92,0,87.3,3,18,4,2,0,0,3,1
109,0,68.72,7,13,4,4,2,3,0,1
94,1,79.2,12,23,4,1,0,3,0,1
1,1,89.5,12,20,4,3,0,0,0,1
0,0,103.1,3,6,4,0,1,0,0,1
33,1,154.8,3,25,4,2,2,0,3,1
68,1,58.0,2,13,3,3,2,0,0,1
2,1,149.0,10,15,4,1,0,3,0,1
240,1,70.55,12,31,4,2,2,3,0,0
63,1,105.3,7,23,4,3,2,0,0,1
17,2,148.38,5,7,4,2,2,1,0,1
20,1,127.0,2,14,4,1,2,0,3,0
181,2,162.15,8,23,4,5,0,1,0,0
209,1,81.77,4,25,4,2,1,0,0,1
4,1,211.33,9,14,3,2,1,0,5,1
49,1,108.0,10,3,4,2,1,3,0,1
29,1,115.0,12,31,3,3,0,0,0,1
72,0,95.0,9,21,3,3,0,0,0,1
125,0,55.0,3,27,3,2,2,0,0,0
50,2,52.0,1,14,3,3,0,0,0,1
28,2,130.0,11,11,4,1,0,0,3,1
43,1,166.5,10,21,4,4,2,0,5,1
6,1,104.25,12,13,4,0,1,0,1,1
38,1,117.0,10,3,4,2,1,0,0,1
208,0,85.5,8,30,4,3,0,3,0,0
51,0,159.3,5,7,4,1,2,0,3,0
117,1,83.83,6,26,4,2,2,0,1,1
17,0,95.0,10,30,3,1,0,0,0,1
46,1,140.4,5,12,4,5,2,0,3,1
118,2,113.33,6,26,4,6,4,0,0,1
237,0,147.3,10,13,4,3,0,0,3,0
17,0,82.0,3,14,3,4,1,1,3,1
212,0,78.0,5,20,4,3,2,0,0,0
64,0,116.1,6,19,4,2,2,3,0,0
211,1,67.5,11,18,4,2,0,3,0,0
92,0,150.3,8,22,4,3,1,0,3,0
13,0,65.0,9,13,2,3,2,0,0,1
82,0,168.3,3,25,4,2,1,0,5,0
83,1,124.65,5,7,4,2,2,0,0,1
129,0,131.75,7,25,4,4,1,1,0,0
60,0,75.0,4,2,3,3,2,0,0,1
75,0,89.28,6,4,4,1,1,3,0,1
89,0,75.0,5,9,3,2,1,0,0,1
14,0,87.0,2,24,3,3,0,0,0,1
141,0,167.4,8,31,4,4,0,0,3,1
24,1,95.0,5,8,2,3,2,0,0,1
142,1,136.85,7,5,4,5,0,0,3,1
99,0,130.05,6,26,4,2,2,0,3,0
9,3,149.0,9,15,4,1,0,3,0,1
19,0,110.5,12,31,4,2,2,0,0,1
2,0,65.0,10,18,2,0,2,0,0,1
91,1,113.7,10,23,4,4,2,0,3,1
6,0,85.0,2,16,4,1,0,0,0,1
113,0,107.55,7,18,4,3,1,0,0,0
0,0,116.0,4,11,4,3,1,0,0,0
3,2,109.1,10,26,4,4,0,3,0,1
66,1,184.52,10,24,4,2,1,0,6,1
77,2,104.4,10,25,4,3,0,0,3,1
0,3,0.0,9,13,1,1,0,0,0,1
80,0,73.1,3,30,4,8,2,3,0,0
137,0,105.3,5,5,4,3,0,0,0,0
11,2,135.0,10,2,4,0,2,3,0,1
7,1,99.0,7,20,4,1,0,3,0,1
138,1,68.0,7,11,4,6,3,0,0,0
47,0,85.5,4,16,3,3,2,0,0,1
6,2,106.0,8,19,4,4,0,0,0,1
4,0,72.8,2,16,3,1,0,0,0,1
142,1,125.33,5,9,4,2,1,0,0,1
73,2,117.0,6,4,4,1,1,0,0,1
196,0,76.5,5,12,3,3,1,0,0,0
30,2,139.5,9,15,4,1,0,0,0,1
122,0,105.3,5,11,4,1,0,0,0,0
4,2,75.0,9,27,3,1,0,0,0,1
183,2,103.5,10,4,4,3,0,0,0,0
113,0,85.0,6,30,4,3,1,0,0,0
12,0,71.8,3,19,3,2,2,3,0,1
76,0,120.0,10,10,3,0,1,0,0,0
158,0,107.1,8,15,3,2,1,0,3,0
85,0,66.6,1,22,3,2,0,0,3,1
32,1,70.0,12,27,3,5,1,0,0,1
91,0,43.43,1,1,3,5,2,0,0,1
28,0,219.0,10,16,4,1,2,0,5,0
0,0,83.5,10,25,3,0,2,1,0,1
164,1,100.3,6,19,4,2,2,0,0,0
64,0,94.78,4,26,4,4,0,3,0,0
82,0,85.0,9,6,3,5,0,0,0,1
51,0,87.3,7,21,3,5,2,1,3,1
189,1,99.45,7,17,4,3,2,0,3,1
291,0,68.0,12,28,3,5,2,0,0,1
88,1,132.3,10,20,4,3,0,0,3,1
6,0,41.0,2,3,2,1,0,0,0,1
0,0,138.0,8,13,4,1,0,0,0,1
97,0,135.0,10,17,4,5,2,0,0,0
17,0,75.0,1,22,4,3,2,3,0,1
124,0,94.5,8,8,3,1,2,1,0,1
159,0,122.0,9,19,3,2,1,0,0,0
271,0,87.3,12,3,3,1,2,0,0,1
147,1,127.93,7,3,4,2,2,0,3,1
36,0,95.0,10,31,4,2,1,3,0,0
98,0,198.9,6,2,4,3,0,0,5,0
19,0,89.0,9,12,4,0,1,3,0,1
273,0,94.5,6,24,4,2,1,0,0,0
11,3,135.0,10,2,4,0,2,3,0,1
55,0,92.0,4,6,3,1,0,1,3,1
59,0,67.5,3,13,4,1,2,3,0,1
8,0,6.0,1,28,4,2,0,0,0,1
77,2,128.7,4,14,4,3,0,0,3,1
7,1,124.0,12,9,4,2,0,0,0,1
33,2,125.1,5,24,4,2,0,0,0,1
70,1,78.3,2,11,4,3,0,3,0,0
6,1,81.0,12,1,4,1,0,0,0,1
86,0,100.0,9,9,2,2,0,0,0,1
0,0,134.0,7,10,4,0,2,3,0,1
31,1,119.1,3,5,4,3,2,0,3,0
0,0,65.0,12,14,2,1,0,0,0,1
6,1,97.0,12,12,4,0,1,3,0,1
31,0,77.0,2,4,2,2,0,0,0,1
107,1,139.5,7,13,4,4,0,1,0,1
0,0,89.0,3,21,4,0,1,3,0,1
71,1,74.8,12,7,4,4,1,3,0,1
42,1,171.9,6,23,4,1,0,0,5,0
115,0,76.0,2,27,3,3,2,0,0,1
116,1,73.77,4,28,4,5,2,0,0,1
34,1,54.71,12,3,4,5,2,3,0,1
47,2,79.0,10,2,4,3,2,3,0,1
139,0,118.8,10,8,4,1,2,0,0,0
25,0,65.0,12,27,3,1,0,0,0,1
6,3,129.0,10,20,4,2,0,0,0,1
0,0,65.0,3,23,2,1,0,0,0,1
166,0,93.5,9,16,4,4,0,0,0,0
280,0,100.0,9,19,3,2,1,0,0,0
19,0,90.0,6,22,2,2,0,0,0,1
102,1,108.0,10,9,4,0,1,3,0,0
39,2,94.5,10,4,4,2,2,0,0,1
1,1,120.0,6,2,4,3,0,0,0,1
35,0,77.25,12,26,4,1,0,0,1,1
132,1,124.8,7,29,4,2,1,0,3,1
34,1,99.3,1,22,4,2,1,0,0,1
20,1,90.86,5,29,4,2,2,0,0,1
101,0,114.3,7,4,4,5,2,0,0,0
62,2,89.25,10,8,4,3,1,0,0,1
15,1,65.6,11,25,4,10,4,0,0,0
3,0,65.0,11,21,2,0,1,0,0,0
16,1,154.4,9,18,4,3,2,0,0,0
275,0,106.2,10,1,4,1,2,0,0,0
195,0,99.95,8,3,4,4,0,0,0,0
214,0,105.4,10,25,3,2,0,0,0,0
24,1,109.0,9,10,3,2,2,0,0,1
126,0,131.47,7,3,4,4,2,0,0,1
75,0,65.0,6,15,2,1,0,0,0,1
86,0,120.0,9,24,3,2,0,1,0,1
35,1,68.07,12,9,4,7,2,0,0,1
74,1,99.45,4,13,4,4,0,0,0,1
65,0,63.75,3,13,4,2,2,3,0,1
87,1,112.25,10,23,3,1,2,1,0,1
127,1,79.2,11,13,4,1,2,3,0,0
60,2,93.6,12,16,4,2,1,0,0,1
50,0,89.1,6,21,4,3,0,3,0,0
85,0,108.9,7,3,4,3,2,0,0,0
36,0,130.32,5,22,3,0,2,0,4,1
169,0,76.5,9,1,3,3,1,0,0,1
3,0,79.0,7,4,2,1,1,0,0,1
101,0,107.1,8,3,4,6,2,3,0,0
19,0,102.0,8,31,4,4,1,0,0,1
19,0,100.73,5,30,4,3,1,0,0,1
23,2,57.59,11,25,4,2,2,3,0,1
296,0,85.0,9,21,3,4,0,0,0,0
4,1,167.0,8,13,4,1,0,3,0,1
1,0,75.0,1,3,4,0,1,3,0,1
19,0,131.6,4,14,4,3,2,0,3,0
1,0,130.0,12,30,4,1,0,0,0,1
41,1,57.83,2,9,4,2,0,0,0,1
22,0,139.0,8,7,4,0,2,3,0,1
16,1,112.42,6,4,4,1,1,0,3,1
30,2,126.6,4,27,4,3,0,0,3,1
0,2,18.6,10,27,4,3,0,1,5,1
199,2,105.3,7,23,4,1,2,0,3,0
85,1,91.48,7,13,4,4,1,0,3,1
44,1,108.0,10,2,4,1,2,3,0,0
99,2,134.16,5,6,4,3,2,0,3,1
7,2,182.0,3,26,4,1,1,0,3,1
173,0,96.9,8,22,3,1,1,0,0,1
2,0,71.6,1,3,4,0,1,0,0,1
7,0,73.9,1,11,4,5,2,0,0,1
33,2,107.58,10,17,4,4,2,0,1,0
5,1,84.0,3,28,4,1,1,3,0,1
0,1,156.0,8,25,4,2,0,0,5,1
65,1,125.1,9,27,4,3,0,3,0,1
33,0,41.43,11,7,3,5,2,0,0,1
40,0,85.5,10,19,3,1,0,0,0,1
56,1,120.38,9,3,4,2,2,0,3,1
40,0,185.28,12,30,4,2,2,0,3,0
24,1,117.3,5,29,4,2,2,0,3,1
86,1,85.5,4,27,4,1,0,0,0,1
118,0,125.0,9,18,3,0,1,0,0,0
47,1,74.8,11,20,4,5,2,3,0,0
149,0,137.7,8,20,4,1,2,0,3,0
76,2,76.5,7,7,4,3,0,0,0,1
192,1,176.95,7,16,4,2,2,0,5,0
43,0,122.4,11,1,4,4,0,0,3,1
26,0,115.0,4,15,4,2,0,3,0,0
87,0,97.71,6,9,4,3,0,0,0,1
156,2,171.96,8,13,4,5,2,1,0,0
129,1,80.5,8,4,4,3,2,0,0,1
6,1,103.84,9,14,4,3,1,0,3,1
109,0,152.1,8,24,4,4,0,0,3,0
7,2,56.0,5,21,3,1,1,1,0,1
1,0,111.65,9,22,4,2,0,0,0,1
11,1,126.0,9,30,4,1,0,0,0,1
190,0,59.16,12,1,3,3,2,0,0,1
49,0,65.0,3,4,3,5,2,0,0,1
23,1,85.0,8,12,3,2,1,0,0,1
56,0,113.4,6,8,4,2,0,0,0,0
103,0,72.25,7,18,3,3,1,0,0,0
86,1,109.8,11,30,4,2,0,0,0,0
35,0,108.9,10,16,4,2,1,0,0,1
43,1,82.72,12,16,4,3,2,3,0,1
74,1,126.0,12,22,4,3,0,0,3,1
7,1,67.0,7,11,2,1,1,0,0,1
4,1,65.0,2,16,2,3,0,0,0,1
40,1,135.64,4,21,4,5,2,0,3,1
57,1,75.33,6,10,3,2,1,0,0,1
86,2,137.7,7,14,4,3,1,0,3,1
25,2,88.0,11,17,4,3,0,3,0,1
240,2,67.5,12,10,4,1,2,3,0,0
70,2,87.48,10,30,4,3,2,0,0,1
5,0,65.0,11,23,2,0,1,0,0,1
16,3,165.0,9,5,4,1,2,0,5,1
43,2,99.0,10,15,4,3,1,3,0,1
61,0,125.8,10,9,3,1,2,0,4,1
1,0,95.0,6,22,0,3,0,0,0,1
50,1,78.85,2,22,4,4,1,0,0,1
50,1,74.8,11,20,4,5,2,3,0,0
7,0,0.0,2,15,4,0,0,0,0,1
104,0,111.78,5,4,4,4,0,0,0,0
7,1,106.0,4,7,4,1,0,0,0,1
6,0,84.0,3,13,2,0,1,0,0,0
88,1,187.85,5,16,4,4,1,0,5,0
9,0,65.0,10,1,2,1,0,0,0,1
80,0,85.5,3,25,4,2,1,3,0,0
349,0,80.0,10,4,3,5,1,0,0,0
174,1,119.85,9,2,4,2,2,0,0,0
28,1,205.0,10,6,4,3,1,1,3,1
184,1,96.9,7,11,3,4,1,0,0,1
154,0,113.4,10,7,4,2,1,0,0,0
6,2,107.0,2,19,4,2,0,0,3,1
30,1,74.8,11,29,4,4,0,3,0,1
8,0,81.0,2,12,4,2,0,3,0,1
112,0,131.13,12,27,4,3,0,0,3,0
19,2,91.47,9,30,4,4,0,0,3,1
5,1,143.0,7,17,2,3,2,0,4,0
7,2,91.0,11,16,4,0,1,0,0,1
6,0,65.0,9,30,2,2,0,0,0,1
26,1,119.87,9,19,4,4,2,0,0,0
115,0,120.3,8,5,4,2,1,0,0,0
258,1,106.2,9,29,4,1,0,0,0,0
25,0,65.0,11,22,3,3,2,0,0,1
30,2,161.1,8,5,4,1,0,0,0,1
174,0,70.0,10,10,4,1,1,0,0,0
92,1,149.4,5,19,4,1,0,0,3,1
2,1,75.0,2,8,4,1,1,3,0,1
161,2,108.8,10,2,4,3,2,0,0,0
72,0,63.75,3,13,4,3,2,3,0,0
3,1,128.0,8,20,4,1,1,3,0,1
41,1,177.3,8,24,4,3,0,0,3,1
40,1,130.0,11,11,4,2,0,0,0,1
51,1,90.9,3,15,4,3,0,0,0,1
229,0,96.3,10,16,4,1,2,0,0,0
80,1,85.5,4,12,4,3,0,3,0,0
7,1,108.33,6,13,4,2,1,0,0,1
47,2,140.53,8,31,4,5,2,0,3,1
19,1,139.0,9,23,4,2,1,3,0,1
3,0,79.0,2,7,4,0,2,3,0,0
0,0,140.0,10,30,4,0,1,0,0,1
28,1,89.0,1,16,4,1,0,0,0,1
14,0,166.25,10,7,2,2,0,0,4,0
46,2,69.0,12,26,4,3,2,0,0,1
36,2,89.1,6,1,4,1,0,3,0,1
67,1,57.83,3,5,4,1,1,0,0,1
5,1,110.0,5,24,2,2,0,0,0,1
129,0,112.5,7,6,4,1,0,3,0,0
7,0,65.0,10,22,2,1,0,0,0,1
56,1,73.95,3,10,4,3,1,0,0,1
255,1,80.85,6,3,4,1,0,0,0,0
8,0,127.8,9,16,4,2,0,0,0,0
6,1,95.0,11,25,4,1,0,3,0,1
184,0,98.1,10,12,4,1,0,3,0,0
13,1,126.0,10,12,4,4,1,0,0,1
136,1,105.3,8,3,4,3,0,0,0,1
84,0,50.33,3,5,3,4,2,0,0,1
20,2,96.9,12,21,4,4,1,0,3,1
139,1,62.0,2,11,3,3,0,0,3,1
207,0,161.67,12,30,3,2,1,0,0,1
153,0,90.46,7,15,4,5,2,0,0,0
14,0,112.0,2,4,2,3,0,0,6,1
129,0,132.3,10,10,4,5,1,0,3,0
47,1,70.12,6,19,4,2,2,3,0,1
34,0,104.85,10,16,4,2,0,0,0,1
267,0,121.5,12,31,4,1,1,0,3,1
15,0,177.0,4,29,4,2,0,0,3,0
24,2,148.0,8,4,4,2,0,3,0,1
1,2,169.0,7,11,4,1,1,0,0,1
33,0,143.94,9,1,4,5,2,1,4,1
25,1,109.4,4,17,4,3,2,0,0,1
4,0,85.98,2,3,3,4,0,0,4,1
2,1,106.5,12,18,4,0,2,0,0,1
335,1,90.0,10,13,3,3,1,0,0,1
0,2,95.0,11,14,2,4,1,0,0,1
142,0,109.8,8,26,4,2,0,0,3,0
79,2,114.0,11,25,4,2,0,0,3,1
271,1,144.63,12,26,4,5,2,1,3,0
60,1,106.2,4,1,4,2,1,0,3,1
52,0,140.0,5,20,3,2,0,0,0,1
200,2,66.53,8,4,4,10,4,0,0,0
8,0,146.0,4,21,4,3,0,0,3,1
145,0,153.0,10,22,4,1,1,1,0,0
15,0,60.0,12,29,3,2,0,0,0,1
1,2,185.0,9,22,4,1,0,0,0,1
72,1,135.9,9,10,4,1,1,0,0,1
14,1,80.0,2,27,4,1,0,3,0,1
205,0,86.63,7,21,4,2,0,0,1,0
80,0,80.75,4,11,3,2,1,0,0,1
77,2,153.18,6,19,4,3,2,0,3,1
8,1,94.0,11,23,4,1,0,0,0,1
81,0,131.4,8,5,4,2,0,0,3,0
85,0,116.1,8,29,4,3,1,3,0,1
47,1,86.35,3,11,4,2,2,0,0,1
7,0,78.8,5,16,4,0,1,3,0,1
23,1,90.95,11,12,4,3,1,0,0,1
34,0,108.9,10,14,4,2,0,1,0,1
77,1,78.2,3,6,4,2,2,0,0,1
59,1,99.9,7,23,4,1,1,0,0,1
2,0,77.5,1,13,4,2,0,0,0,1
14,2,146.2,3,19,4,3,2,0,0,1
277,4,60.29,11,13,4,1,2,0,0,1
117,0,72.25,7,12,3,3,0,0,0,1
152,2,114.63,7,21,4,5,2,0,3,0
7,1,86.78,1,28,4,3,0,0,3,1
160,1,141.18,7,31,4,2,2,0,3,0
78,1,88.4,12,8,4,3,1,0,0,1
1,1,65.0,1,7,2,1,0,0,0,1
11,0,85.0,7,25,3,4,1,0,0,1
113,0,126.9,6,17,4,2,0,0,0,0
46,0,60.0,1,18,3,1,1,0,0,1
0,1,65.0,3,21,2,0,1,0,0,1
33,1,88.4,2,19,4,2,0,0,0,1
54,1,92.0,3,14,3,4,1,1,0,1
247,0,115.0,6,6,3,1,1,1,0,0
290,0,72.0,6,17,3,2,1,0,0,0
2,1,45.0,4,20,2,1,0,0,0,1
58,0,81.08,4,24,4,1,2,0,0,1
85,0,125.0,9,30,3,3,0,1,0,1
15,1,104.5,12,4,4,2,2,0,0,1
7,1,65.0,9,12,3,2,1,0,4,1
70,0,109.0,6,15,3,2,0,1,0,1
3,0,134.0,10,10,4,0,1,3,0,1
6,0,96.4,8,21,4,3,2,0,0,1
36,1,109.0,10,28,4,2,1,3,0,1
11,2,90.0,8,28,4,1,0,0,0,1
22,0,140.0,5,20,3,2,0,0,0,1
113,0,103.5,7,10,4,0,1,3,0,0
170,1,96.9,9,12,3,1,0,1,0,1
21,0,79.0,3,14,4,1,1,3,0,1
208,0,96.3,10,22,4,3,2,0,0,0
192,1,94.5,8,9,4,3,0,0,0,0
28,0,118.15,8,29,4,3,1,0,0,0
117,0,105.3,5,6,4,2,1,0,0,0
78,0,105.3,7,18,4,1,1,0,0,0
1,1,108.0,7,20,4,1,0,3,0,1
5,1,93.5,11,15,4,2,2,0,0,1
0,0,75.0,9,21,3,2,1,0,3,1
3,0,66.0,2,1,2,2,1,0,0,1
5,0,93.0,2,27,4,1,0,0,0,1
47,0,140.4,6,16,4,3,1,0,3,0
11,0,136.0,10,23,4,1,0,0,3,1
123,1,76.5,8,12,4,2,0,0,0,1
159,0,65.0,4,9,3,1,1,0,0,1
17,1,144.84,6,1,4,4,1,0,3,1
32,0,60.83,9,15,3,5,1,0,0,1
2,0,61.38,4,17,3,2,2,0,0,1
115,2,151.2,10,9,4,1,2,0,3,0
40,1,88.4,11,15,4,5,0,0,0,1
79,0,105.0,4,30,3,3,2,1,0,1
54,0,180.68,4,28,4,3,1,1,0,0
67,0,32.71,11,1,3,1,2,0,0,1
57,1,84.69,10,10,4,1,2,3,0,1
54,0,65.0,11,18,2,1,0,0,0,1
39,0,115.5,6,18,3,3,2,1,0,1
20,1,86.0,2,8,4,5,3,0,0,0
57,2,159.3,5,22,4,2,2,0,3,1
102,0,87.0,10,16,3,2,0,1,0,0
1,0,106.0,2,26,4,1,0,0,3,1
137,0,80.75,6,10,3,2,1,0,1,1
16,0,95.0,10,8,0,1,2,0,0,1
433,0,70.0,9,8,4,3,0,0,0,0
104,0,80.75,5,5,3,3,2,0,0,1
0,0,112.2,9,30,3,1,0,1,0,1
11,0,159.0,5,2,4,1,1,0,0,0
101,1,118.8,10,7,4,2,1,0,0,1
30,2,153.0,9,1,4,2,0,1,0,1
5,0,105.0,11,1,4,2,2,0,3,1
44,1,98.1,9,7,4,1,0,0,0,1
4,0,12.0,10,19,4,0,1,0,0,1
169,1,99.45,8,5,4,4,2,0,0,1
49,0,75.0,11,2,3,4,0,0,0,1
31,1,98.93,3,3,4,16,6,0,3,0
108,1,97.0,12,24,4,3,2,3,0,0
132,0,121.37,7,31,4,5,2,0,3,0
52,1,120.6,10,28,4,2,2,0,3,1
1,2,133.0,6,28,4,1,0,0,0,1
156,1,106.25,8,14,4,3,2,0,0,0
355,0,87.31,12,26,4,5,2,0,3,0
80,1,96.3,4,8,4,2,0,0,0,1
6,0,116.0,12,10,3,2,0,1,0,1
67,0,75.0,12,2,3,2,2,0,0,1
118,0,110.0,6,6,3,3,1,0,0,1
6,1,164.0,8,14,4,0,1,0,0,1
30,1,144.9,7,12,4,2,0,0,0,1
0,0,65.0,10,27,2,2,0,0,0,1
0,0,116.0,3,4,4,2,0,0,3,1
88,0,90.6,10,5,3,1,1,1,0,1
103,1,137.7,7,14,4,3,0,0,3,1
188,1,90.95,7,4,4,17,7,0,0,0
186,0,80.0,4,22,3,2,1,0,0,1
199,0,102.85,12,28,4,4,0,0,3,1
17,1,138.0,9,18,4,2,2,0,0,1
3,3,0.0,5,22,1,0,1,0,0,1
100,0,62.86,4,12,4,3,0,0,0,1
27,1,151.0,8,22,4,2,1,0,0,0
13,1,79.0,2,13,4,1,0,3,0,1
8,0,185.67,3,25,4,2,1,1,0,0
1,0,65.6,12,27,4,1,0,3,0,1
17,0,125.33,12,28,4,5,1,0,3,1
102,1,108.3,5,3,4,3,0,0,0,1
65,1,107.1,9,6,4,2,0,0,0,1
52,0,82.08,11,14,4,3,1,0,3,1
190,1,109.25,8,22,4,3,1,0,0,0
103,1,94.5,7,14,4,3,2,3,0,1
74,1,91.48,10,3,4,0,1,0,0,1
1,1,66.0,2,3,2,1,0,0,0,1
25,1,137.0,4,20,4,2,0,0,3,1
122,1,86.0,3,27,3,1,2,1,0,1
66,2,125.1,9,22,4,1,0,3,0,1
36,1,53.97,1,29,4,2,1,3,0,1
124,0,74.8,12,7,4,4,1,3,0,0
155,0,126.48,9,16,4,4,2,1,0,0
14,0,58.0,12,14,3,4,1,0,0,1
0,1,0.0,6,7,1,1,0,0,6,1
43,0,74.8,11,25,4,2,2,3,0,0
2,1,149.0,5,28,4,1,0,3,0,1
225,0,150.11,12,29,4,3,2,0,5,1
40,1,96.9,12,7,4,4,0,0,3,1
4,1,87.0,1,8,4,2,0,0,0,1
7,1,95.0,11,2,4,3,1,0,0,1
62,1,115.04,9,27,4,2,0,0,3,1
44,0,150.3,7,1,4,2,0,0,3,0
116,1,184.24,6,26,4,2,2,0,1,0
3,2,173.5,7,12,4,2,0,0,0,1
196,0,80.75,5,12,3,3,1,0,0,1
56,0,80.19,6,20,4,3,1,3,0,0
127,0,105.3,5,22,4,1,2,0,0,0
1,1,95.0,12,28,4,1,1,3,0,1
48,0,122.22,8,22,3,3,1,0,0,1
40,0,74.8,12,1,4,3,1,3,0,0
29,1,95.95,4,17,4,0,2,0,0,1
42,2,147.9,8,27,4,4,2,0,3,1
0,0,177.0,6,17,4,1,0,0,3,1
23,1,118.0,9,6,4,2,0,0,0,1
77,0,76.5,7,7,4,5,2,0,0,0
96,1,88.83,4,8,4,2,2,0,0,1
238,0,80.75,9,9,3,1,0,0,0,1
119,1,119.28,7,18,4,6,3,0,3,1
113,1,100.75,4,25,4,3,1,0,0,1
0,0,156.0,8,25,4,1,0,0,5,1
4,1,133.33,10,27,4,3,0,3,0,0
102,0,126.0,12,6,4,1,0,0,3,1
4,2,93.56,8,12,4,7,2,0,0,1
6,2,149.0,10,31,4,2,1,0,0,1
66,0,75.0,10,9,3,2,1,0,0,1
19,1,111.75,10,1,4,3,1,0,0,0
59,0,85.5,5,14,3,3,2,0,0,1
3,2,157.0,6,10,4,2,0,0,3,1
73,0,126.9,6,9,4,3,1,0,0,0
320,0,90.0,8,18,3,2,0,1,0,1
10,1,52.36,12,20,4,2,2,3,0,1
53,1,134.4,6,9,4,3,0,0,3,0
15,0,133.2,4,6,4,4,1,0,3,0
179,1,155.25,7,27,4,1,0,1,0,0
0,0,99.0,8,11,4,1,0,0,0,1
51,1,123.3,8,28,4,3,2,0,3,0
0,0,0.0,9,22,1,1,0,0,0,1
64,0,130.0,5,17,2,2,0,0,0,1
1,0,85.0,1,28,4,2,0,0,0,1
99,0,187.85,5,19,4,3,2,0,5,1
144,0,151.2,10,5,4,5,2,0,3,0
17,2,166.0,5,31,4,2,0,0,3,1
104,0,109.65,5,11,4,5,2,3,0,0
60,1,107.1,3,31,4,3,0,0,0,0
13,1,80.0,8,20,4,3,0,0,0,0
8,2,134.75,9,1,3,3,0,1,0,1
170,0,300.0,7,29,3,3,2,1,0,0
128,0,120.0,6,20,4,2,1,0,0,0
5,1,149.0,9,7,4,1,0,3,0,1
5,0,89.0,4,19,4,1,0,3,0,1
36,0,133.2,6,9,4,2,0,0,3,0
2,1,84.85,6,8,4,1,0,0,0,1
20,0,90.0,5,22,3,1,2,0,0,1
284,1,74.15,10,21,4,2,1,0,0,1
102,0,101.5,10,16,4,2,0,1,0,0
247,1,115.0,6,6,3,1,1,1,0,0
57,0,118.8,4,22,4,2,0,0,3,0
225,0,67.5,11,25,4,1,0,3,0,0
94,2,65.45,11,23,4,2,1,0,3,1
17,0,65.0,4,21,2,2,0,0,0,1
42,4,121.33,11,11,4,2,1,0,0,1
35,0,98.1,5,22,4,1,2,3,0,0
106,0,124.2,11,4,4,2,1,1,0,0
103,1,76.22,4,11,4,0,1,0,0,1
10,2,0.0,4,7,1,2,0,0,0,1
158,1,82.88,7,2,4,2,2,3,0,1
17,0,142.54,11,6,4,2,2,3,0,1
2,0,90.0,11,11,3,1,0,0,4,1
4,0,92.4,10,11,4,3,2,0,0,1
0,0,6.0,1,7,4,1,0,0,1,1
71,0,137.53,9,14,3,5,2,0,3,1
31,0,85.0,10,14,3,2,1,0,0,1
2,2,98.0,8,7,4,0,1,3,0,1
7,0,112.2,10,5,3,1,1,1,0,1
10,0,148.5,3,26,4,2,2,0,3,0
6,1,126.0,5,9,4,1,1,0,3,1
2,3,139.0,10,27,4,2,0,3,0,1
91,0,116.1,6,18,4,1,1,3,0,0
14,0,95.0,6,17,3,4,2,0,0,1
38,0,90.2,3,23,4,2,0,3,0,1
32,1,214.21,10,29,4,1,2,0,6,1
161,0,121.5,7,25,4,1,1,0,0,0
1,0,89.0,4,13,4,1,0,3,0,0
9,0,87.0,1,15,4,2,1,0,0,1
112,1,76.5,8,17,4,2,1,0,0,1
81,0,103.5,7,3,4,3,2,3,0,1
51,1,83.3,3,21,4,3,1,3,1,1
98,2,212.4,8,12,4,5,2,1,3,0
114,2,186.3,7,30,4,1,0,0,5,1
107,2,135.15,5,22,4,2,2,0,0,1
4,0,156.0,4,6,4,1,0,0,3,0
36,0,110.0,9,11,2,3,2,0,3,1
129,1,88.01,8,10,4,3,0,0,0,1
12,1,118.5,8,31,4,2,0,3,0,1
23,0,109.0,3,18,4,1,0,0,0,1
0,0,160.0,9,27,2,1,0,0,0,1
24,1,95.0,5,14,3,1,0,0,0,1
0,0,107.42,9,9,4,1,0,3,0,1
26,0,76.5,9,17,3,3,1,0,0,1
38,1,87.71,3,3,2,3,0,0,0,1
13,2,130.0,2,6,4,1,2,0,0,1
10,0,112.0,2,19,4,2,0,0,3,1
51,1,65.75,3,3,4,3,1,3,0,1
16,0,0.0,2,24,4,0,0,0,0,1
269,0,106.0,11,21,2,2,1,0,4,0
40,1,134.1,9,10,4,1,1,3,0,1
208,0,80.75,7,30,4,2,2,3,0,0
160,0,94.5,8,4,4,2,0,3,0,0
109,0,86.9,6,27,4,1,1,0,3,0
68,0,109.8,12,22,4,2,0,0,0,0
91,0,75.0,9,30,3,2,1,0,0,1
136,1,154.8,9,30,4,2,1,0,3,0
106,2,90.23,10,31,4,3,1,0,0,0
161,0,105.0,3,25,4,2,1,1,0,0
52,1,99.9,6,20,4,3,1,0,0,1
349,0,80.0,10,4,4,5,1,0,0,0
159,2,85.0,11,22,4,4,0,0,0,1
14,0,100.0,10,15,3,1,0,0,0,1
1,1,111.0,7,20,4,1,0,0,0,1
195,1,106.03,8,13,4,1,2,0,0,0
25,2,103.95,4,12,4,2,0,3,0,1
47,2,156.6,11,25,4,2,0,0,5,1
85,2,104.4,10,25,4,4,0,0,3,1
51,1,69.12,9,30,4,6,2,0,0,1
126,0,79.2,11,5,4,1,1,3,0,1
0,0,131.0,3,23,4,3,0,0,0,1
33,1,125.1,9,9,4,2,1,3,0,1
183,2,80.1,10,29,4,1,2,3,0,0
11,2,144.0,10,3,4,2,1,3,0,1
14,0,65.0,11,29,2,1,0,0,0,1
18,1,150.5,9,22,4,3,1,0,0,1
3,2,133.0,9,21,4,2,1,3,0,1
192,2,140.4,9,15,4,3,0,0,3,0
10,2,145.0,10,3,4,1,1,0,0,1
101,1,163.2,6,1,4,4,1,1,3,1
41,0,89.29,12,27,3,5,2,0,4,1
192,0,100.0,8,25,3,3,0,0,0,1
33,1,152.1,8,11,4,1,0,0,0,1
14,1,101.0,11,5,4,3,0,0,0,1
61,2,126.9,5,13,4,2,1,0,0,1
36,0,131.4,4,1,4,2,0,0,3,0
167,1,60.0,3,13,3,2,2,0,3,1
4,0,169.0,9,15,4,1,0,0,0,0
4,1,111.2,9,22,3,3,0,0,0,1
10,2,169.0,6,14,4,5,0,0,3,1
0,0,79.0,2,15,4,0,1,3,0,1
85,1,210.6,8,19,4,4,2,1,3,1
2,1,85.0,6,14,4,1,0,0,0,1
122,0,116.1,6,9,4,3,0,3,0,0
15,0,84.33,3,5,4,1,2,3,0,1
23,1,143.99,5,2,4,2,1,0,3,1
116,0,75.0,5,31,3,3,0,0,0,1
220,1,96.3,9,2,4,2,0,0,0,0
13,2,0.0,2,17,1,2,0,0,3,1
9,1,89.0,1,12,4,4,0,0,0,1
14,0,111.67,12,26,4,1,2,0,0,1
61,0,121.5,7,23,4,1,1,0,0,0
263,0,100.3,9,29,4,4,2,0,0,0
0,1,115.0,5,23,3,0,1,0,0,1
17,0,187.0,7,9,4,1,1,0,3,0
40,1,72.76,10,14,4,2,0,0,0,1
48,2,79.2,11,4,4,2,1,3,0,1
99,3,141.67,12,31,3,1,2,0,0,1
9,1,87.0,10,31,4,1,1,0,0,1
33,0,143.28,11,7,4,3,1,0,0,1
6,2,104.5,9,7,4,1,1,0,0,1
42,0,91.8,11,1,4,5,0,0,0,0
85,0,94.5,7,17,4,2,2,3,0,0
145,0,118.8,9,16,4,2,2,3,0,0
7,0,86.0,2,5,2,2,0,0,4,1
46,2,102.6,12,7,4,3,0,0,0,1
137,2,77.0,2,7,3,1,2,0,3,1
120,0,85.5,6,27,4,2,1,3,0,1
54,0,75.0,3,29,3,3,0,0,0,1
77,0,76.5,8,3,4,12,5,0,0,0
50,0,98.6,3,28,4,3,1,0,3,0
16,1,103.0,3,18,4,1,0,0,1,1
5,0,100.0,9,20,2,0,2,0,0,1
29,3,201.25,10,5,4,2,0,0,3,1
6,2,118.0,8,17,4,1,0,3,0,1
59,1,93.08,4,11,3,3,1,0,0,1
124,1,88.76,6,30,4,2,0,0,1,1
106,0,103.0,11,6,2,0,1,0,3,1
174,1,99.45,8,13,4,2,2,0,0,1
8,1,89.25,5,25,4,1,0,0,0,1
136,0,198.0,8,8,4,3,1,1,3,0
1,1,77.77,4,16,4,1,1,0,0,1
27,1,88.0,12,6,2,1,0,0,0,1
92,0,90.95,4,25,4,3,1,0,0,0
42,0,67.5,11,4,3,2,0,0,0,1
56,0,88.4,12,26,4,3,1,3,0,0
19,2,162.29,9,6,4,5,2,1,0,1
80,1,85.5,4,13,4,1,0,3,0,1
75,1,140.4,5,3,4,2,0,0,3,0
16,2,85.78,12,2,4,2,1,3,0,1
40,0,72.0,11,26,3,1,1,0,0,1
252,0,106.3,10,15,4,1,2,0,0,0
81,2,123.0,10,21,4,4,2,0,3,0
95,2,90.0,11,20,4,0,2,0,0,0
166,0,107.95,7,24,3,2,2,1,3,0
51,1,129.0,11,1,4,3,0,0,0,1
83,1,96.3,4,25,4,2,1,0,0,1
4,0,85.0,9,19,3,0,1,3,0,1
65,0,162.45,6,10,4,7,3,0,0,0
47,1,118.8,10,4,4,3,0,0,0,1
150,2,96.9,7,10,4,5,2,0,0,1
103,0,94.5,7,18,3,1,2,1,0,0
147,0,72.25,7,25,3,5,2,0,0,1
177,0,77.03,7,18,4,2,1,0,0,0
20,2,67.22,2,24,4,2,0,0,0,1
44,1,95.0,4,23,3,1,2,0,0,1
39,1,94.5,6,21,4,3,0,0,0,1
42,0,113.6,3,20,4,2,2,0,0,0
61,0,76.58,4,11,4,3,1,0,0,0
30,1,111.6,9,21,4,3,1,0,0,1
57,0,101.52,9,21,3,2,0,0,0,1
5,1,125.0,4,21,4,3,2,0,0,1
39,2,88.0,11,19,4,1,1,3,0,1
4,0,96.0,12,21,4,1,1,0,0,1
86,1,90.95,4,25,4,3,1,0,0,1
169,1,0.0,7,9,4,2,2,0,0,1
18,1,191.0,12,23,4,2,1,0,3,1
3,0,72.5,7,11,3,1,2,1,0,1
15,0,81.0,2,19,2,1,0,0,0,1
9,1,62.58,2,6,4,6,2,3,0,1
68,1,65.0,12,2,2,1,0,0,0,1
223,2,89.25,10,4,4,0,2,0,0,0
1,1,169.0,9,15,4,1,0,0,0,1
148,0,61.56,4,23,4,1,2,3,0,1
47,2,123.3,9,1,4,3,0,0,3,1
252,0,111.6,10,15,4,1,1,0,0,0
133,1,120.0,6,19,4,1,2,0,0,1
0,0,115.0,8,10,4,0,1,3,0,1
87,0,104.4,10,26,4,3,0,0,3,0
15,1,84.0,9,8,3,3,0,0,0,1
122,1,76.5,7,29,4,3,0,0,0,1
111,3,168.3,9,16,4,2,0,0,3,1
142,0,99.45,7,12,4,5,0,0,0,0
57,0,77.85,6,27,4,2,1,3,0,0
105,1,96.9,7,21,3,3,1,0,0,1
296,0,96.0,9,21,3,4,0,1,0,1
121,0,97.54,7,25,4,2,1,0,1,0
100,2,72.25,12,12,4,1,2,0,0,1
118,0,99.28,9,3,3,5,2,0,0,1
16,1,140.0,10,29,4,1,1,0,0,0
157,2,121.5,7,14,4,2,0,0,0,0
102,0,80.75,9,18,3,1,2,0,0,1
5,1,115.67,5,15,4,1,2,3,0,1
39,0,72.9,2,1,4,3,1,0,0,0
2,1,103.0,11,23,4,1,0,0,0,1
144,2,129.6,9,23,4,3,2,0,0,1
3,0,65.0,9,26,2,7,3,0,0,1
15,0,86.0,2,5,2,2,0,0,4,1
25,1,68.0,11,10,3,5,2,0,0,1
2,2,116.67,9,14,4,3,0,0,0,1
66,2,67.91,12,5,4,1,1,0,0,1
44,1,87.31,6,22,4,1,0,0,0,1
17,0,127.0,2,12,4,2,2,0,0,0
43,0,68.0,3,25,3,2,1,0,0,1
18,1,127.0,4,14,4,2,0,0,0,1
52,1,99.88,3,31,4,3,1,0,3,1
23,1,91.0,2,21,4,0,1,0,0,0
99,2,198.9,6,11,4,1,0,0,5,1
0,0,106.0,2,13,4,1,1,0,3,0
80,0,144.0,9,19,3,2,1,0,0,1
173,0,85.5,7,8,4,2,0,3,0,0
181,1,94.5,8,16,4,3,0,3,0,0
129,0,103.5,8,11,4,3,2,3,0,0
10,0,85.0,10,2,3,1,2,0,0,1
57,1,108.0,3,21,4,2,1,0,0,0
35,0,171.45,8,28,4,1,2,1,0,0
18,0,106.0,4,10,4,0,2,3,0,0
2,2,110.11,9,15,4,1,0,3,0,1
123,2,116.59,6,16,4,4,2,0,0,1
198,0,72.25,8,3,3,4,2,0,0,1
3,2,156.0,4,1,4,2,0,0,3,1
77,1,150.45,5,15,4,2,2,0,0,0
6,2,80.0,8,23,4,3,2,0,0,1
4,0,65.0,5,23,2,0,1,0,0,1
2,0,69.5,1,9,4,1,0,3,0,1
111,0,87.0,2,14,4,3,2,0,0,1
121,0,113.05,5,14,4,2,2,0,3,0
133,1,121.5,6,9,4,3,0,0,0,1
52,3,94.5,10,23,4,2,1,0,0,1
132,1,113.4,10,8,4,3,2,0,0,0
77,2,164.3,6,19,4,0,2,0,3,1
90,1,85.5,4,8,4,1,0,3,0,1
72,1,119.85,5,13,4,2,2,0,0,1
128,0,85.5,8,28,4,0,2,3,0,1
186,1,96.9,7,22,3,2,2,0,0,1
40,1,94.5,6,21,4,3,0,0,0,1
29,1,99.49,4,15,4,7,3,0,0,0
145,1,112.0,7,4,3,4,1,0,0,1
94,0,146.7,6,30,4,2,0,0,3,0
240,0,80.75,10,27,4,3,1,3,0,0
76,2,110.5,4,16,4,2,2,0,0,1
183,1,90.9,7,16,4,1,2,0,0,1
3,2,101.0,11,6,4,2,0,0,0,1
149,0,95.4,6,3,4,1,0,3,0,1
9,1,86.0,2,10,4,1,0,0,0,1
150,2,131.75,7,14,4,8,2,0,3,0
145,0,69.56,4,29,4,4,2,0,0,1
14,1,69.0,12,5,3,1,2,0,0,1
134,1,105.3,8,4,4,2,0,0,0,1
319,2,113.9,12,29,4,3,1,0,3,0
116,0,80.75,6,11,4,1,1,0,2,0
94,0,118.8,10,7,4,2,1,0,0,0
90,0,80.75,4,13,4,4,0,3,0,0
131,3,162.0,8,1,4,1,1,1,3,1
1,2,142.0,5,3,4,1,0,0,0,1
254,1,100.7,7,9,4,1,0,0,1,0
6,1,180.67,8,15,4,2,1,0,3,1
197,1,116.1,9,15,4,3,0,3,0,0
115,2,107.41,12,29,4,2,0,0,3,1
180,0,85.5,8,26,4,2,0,3,0,0
220,0,85.5,9,2,4,2,0,3,0,0
3,0,65.0,9,27,2,0,2,0,0,1
349,0,130.0,10,4,3,2,0,0,0,0
36,0,102.6,10,13,4,1,0,3,0,0
0,0,80.0,2,19,2,1,0,0,0,1
169,0,63.5,4,22,3,2,2,0,0,1
21,0,46.67,11,3,3,3,0,0,3,1
70,0,67.5,3,12,4,1,2,3,0,0
7,0,83.58,12,26,4,1,2,0,1,1
57,0,75.0,11,15,3,5,0,0,0,1
212,1,67.5,11,18,4,2,0,3,0,0
125,2,101.49,5,15,4,1,2,0,3,1
14,1,72.0,5,18,3,4,0,0,0,1
50,0,111.6,12,27,4,1,0,0,0,0
79,2,128.7,4,15,4,2,1,0,0,1
35,2,74.8,12,2,4,2,2,3,0,1
165,0,94.5,7,17,4,0,1,3,0,0
34,0,66.0,1,24,2,0,1,0,0,1
124,2,126.9,6,10,4,2,1,0,0,1
11,0,203.5,4,24,4,2,2,0,5,0
8,0,119.0,5,25,4,1,0,3,0,1
172,1,96.3,7,3,4,1,2,0,0,1
179,0,127.8,8,31,4,2,0,0,0,0
14,3,138.05,8,13,4,1,1,0,1,1
24,2,148.0,9,15,4,2,0,3,0,1
54,0,108.0,10,2,4,2,2,3,0,0
6,0,65.0,11,24,2,1,0,0,0,1
56,0,88.4,11,14,4,5,1,0,0,0
2,1,40.0,3,9,2,1,0,0,0,1
71,0,75.0,12,2,3,2,1,0,0,1
1,1,12.0,10,10,3,1,1,0,0,1
14,0,79.0,11,29,2,1,0,0,0,1
71,0,90.0,5,10,3,3,0,0,0,1
41,0,107.1,4,1,4,2,0,3,0,1
7,0,93.0,2,10,4,4,0,0,0,1
23,1,95.83,6,18,4,1,2,0,0,1
141,1,128.8,9,23,4,2,0,0,0,1
0,0,85.93,5,12,4,1,0,3,0,1
9,1,139.0,7,6,4,1,0,0,0,1
27,1,128.2,9,23,3,1,0,0,0,1
65,0,119.85,5,9,4,3,1,0,0,1
92,1,63.75,12,1,4,15,4,0,0,0
98,0,80.75,9,16,3,2,1,0,0,1
80,1,106.2,3,25,3,2,2,0,0,1
33,0,139.52,4,24,4,4,2,0,5,0
219,0,92.65,10,6,4,3,1,3,0,0
22,1,174.0,12,17,4,1,0,0,5,1
47,1,107.1,7,3,4,2,2,3,0,1
79,3,134.55,10,20,4,3,1,0,3,1
29,0,68.0,3,12,3,2,2,0,0,1
110,0,120.0,10,9,3,0,1,0,0,1
20,0,102.4,12,23,4,2,2,0,0,1
1,1,65.0,4,10,2,1,2,0,0,1
93,0,109.35,7,14,4,3,1,0,0,0
0,0,64.5,1,18,3,1,1,0,0,1
12,1,65.0,7,30,2,1,0,0,0,1
213,1,102.85,10,1,4,2,2,0,0,0
1,0,66.0,1,14,3,1,0,0,0,1
7,1,126.0,3,23,4,4,0,3,0,1
8,0,65.0,11,5,2,4,2,0,0,1
20,0,95.0,9,18,3,1,2,0,0,1
19,0,80.0,10,6,3,3,0,0,0,1
185,0,61.0,8,28,4,4,2,3,0,0
5,0,80.0,10,19,2,1,1,0,0,1
51,0,112.0,11,4,3,2,1,0,0,1
17,0,81.0,2,25,4,1,0,3,0,1
14,0,99.5,12,26,4,2,2,0,0,1
125,3,105.3,8,20,4,2,2,0,0,1
103,0,55.96,8,22,4,5,2,0,0,1
4,1,149.0,9,6,4,5,0,3,0,1
47,2,120.95,1,20,4,4,1,0,4,1
103,0,94.5,7,18,4,1,2,1,0,0
35,1,119.81,12,24,4,1,2,0,3,1
100,1,154.7,4,13,4,4,0,0,5,0
16,0,109.0,3,18,4,2,0,0,0,0
16,0,87.0,2,26,3,2,0,0,0,1
14,1,69.5,1,23,4,1,1,3,0,1
75,3,157.25,11,7,4,2,1,0,0,1
4,1,93.0,2,25,4,3,0,0,0,1
16,0,180.5,7,16,4,2,2,0,3,0
1,1,149.0,6,3,4,1,0,0,0,1
7,1,92.4,10,28,4,2,0,0,0,1
51,1,87.3,9,7,4,1,0,3,0,1
0,1,121.5,6,21,4,1,0,0,0,1
258,0,106.2,9,15,4,3,0,0,0,0
92,0,52.0,3,5,3,5,2,0,3,1
115,2,110.7,8,4,4,3,2,0,0,1
0,2,106.0,8,19,4,1,0,0,0,1
91,1,58.9,4,9,4,1,1,3,0,1
0,1,83.16,12,26,4,0,1,0,3,1
22,2,87.78,10,21,4,3,0,3,0,1
197,0,128.7,10,29,4,1,2,0,3,0
42,1,98.36,10,26,4,5,2,0,0,1
1,1,161.0,12,26,4,1,1,0,3,1
132,2,114.75,7,2,4,5,2,0,0,0
127,0,80.0,4,28,3,3,1,0,0,1
138,1,121.5,7,25,4,2,1,0,0,1
1,1,91.0,2,27,4,1,0,3,0,1
40,0,71.1,3,11,4,2,2,3,0,0
58,0,99.45,4,11,4,3,1,0,0,1
14,0,82.0,9,17,3,2,0,1,0,1
30,1,97.71,5,15,4,3,2,0,0,1
6,1,61.0,4,4,4,1,1,0,0,1
105,0,119.85,5,22,4,2,2,0,0,0
239,0,85.5,10,28,4,2,0,3,0,0
193,0,130.05,8,7,4,5,2,0,3,0
1,0,154.0,9,14,4,2,0,3,0,1
72,3,79.2,11,13,4,0,2,3,0,1
153,1,83.85,7,30,4,5,2,0,3,1
9,0,104.0,4,21,2,1,0,0,0,1
18,1,107.25,4,18,4,4,1,0,3,1
19,1,94.35,6,12,4,0,1,0,0,1
0,0,141.0,3,24,4,1,0,0,0,1
217,2,63.75,11,20,4,2,2,3,0,0
77,3,127.38,9,21,4,3,0,0,1,1
97,0,80.75,10,30,3,1,2,0,0,0
79,1,37.33,7,7,1,3,0,0,0,1
175,1,85.5,7,23,4,1,1,3,0,1
93,1,82.45,4,1,4,2,2,0,0,1
166,2,121.5,8,2,4,3,0,0,0,0
2,1,102.0,2,13,4,1,0,0,0,1
143,0,100.0,8,25,3,3,0,0,0,1
37,1,118.1,3,6,4,0,2,1,0,1
15,0,111.0,5,8,4,1,2,0,0,0
121,0,80.75,5,26,3,3,0,0,0,1
60,2,89.25,10,25,4,2,2,0,0,1
2,0,66.0,1,14,2,1,0,0,0,1
36,1,108.9,6,19,4,1,2,0,0,1
12,1,95.48,9,12,4,1,2,0,0,1
137,0,105.3,4,21,4,3,0,0,3,1
247,1,86.63,8,27,4,1,1,0,1,0
67,0,85.0,10,3,3,5,2,0,0,0
182,1,120.0,10,12,3,1,0,0,0,0
8,1,82.39,11,7,4,1,1,0,0,1
180,0,96.3,7,23,4,1,1,0,1,0
7,0,66.0,2,18,2,1,0,0,0,1
194,2,130.05,8,14,4,2,2,0,3,0
118,0,120.0,6,6,3,2,1,0,0,1
77,1,134.85,5,14,4,2,2,0,3,1
57,1,109.29,9,9,4,3,2,0,3,1
15,2,278.0,6,19,4,2,2,1,5,1
32,2,168.3,3,26,4,1,0,0,3,1
47,1,135.9,8,20,4,3,2,0,0,0
64,1,114.33,4,20,4,4,0,0,3,0
14,0,75.0,10,5,3,2,1,0,3,1
32,1,113.4,10,26,4,4,1,0,0,1
53,1,67.5,12,25,4,1,0,3,0,1
72,0,135.9,8,16,4,3,0,0,0,0
142,0,114.3,5,22,4,1,2,0,3,1
69,0,85.85,4,2,4,2,2,0,0,0
157,0,80.75,8,25,4,5,2,3,0,0
8,1,126.0,7,19,4,2,0,0,0,1
81,0,96.0,7,16,3,1,2,0,0,1
149,1,65.45,11,16,4,4,0,0,0,1
242,1,96.3,8,19,4,2,0,0,0,0
55,0,71.28,11,13,4,1,2,3,0,0
84,1,76.5,8,6,4,3,0,0,0,0
69,1,90.95,10,17,3,3,1,0,3,1
33,2,147.9,11,19,4,6,2,0,5,0
8,0,171.67,3,24,4,3,0,0,3,0
59,0,80.75,3,31,3,3,1,0,0,1
85,0,90.0,9,9,2,2,0,0,0,1
102,1,118.8,10,6,4,1,0,0,0,0
224,2,121.13,10,29,4,2,2,1,0,0
4,0,134.0,3,24,4,2,0,3,0,0
12,2,94.35,10,23,4,3,2,0,0,1
7,1,126.67,10,29,4,1,2,3,0,0
50,2,93.6,11,18,4,2,1,0,0,1
69,1,140.4,6,30,4,3,2,0,3,1
158,1,90.95,6,30,4,3,1,0,0,1
116,0,121.37,7,18,4,5,2,0,3,0
113,0,121.21,8,6,4,1,2,0,3,0
59,0,85.5,4,19,4,1,0,0,0,0
63,0,80.75,4,26,3,4,0,0,0,1
33,0,143.1,5,9,4,3,1,0,0,0
52,0,98.82,9,4,4,0,1,0,0,0
154,0,71.6,5,9,4,3,1,0,0,0
75,0,65.0,12,9,2,2,0,0,0,1
3,0,110.0,9,18,0,2,2,0,3,1
12,1,87.63,11,18,4,2,2,3,0,1
338,1,90.67,10,7,3,2,1,0,0,1
70,0,115.6,5,9,3,2,1,0,3,1
22,1,139.0,9,15,4,2,0,3,0,0
71,2,149.4,9,8,4,3,1,0,3,1
69,1,135.9,9,11,4,1,2,0,0,1
105,2,129.6,9,7,4,4,0,0,0,1
59,1,88.4,11,28,4,3,1,0,0,1
62,1,116.1,5,25,4,1,0,3,0,1
147,1,124.0,6,2,3,3,0,0,0,0
2,1,76.12,11,27,4,5,4,0,0,0
73,1,84.3,3,17,4,3,0,0,0,0
67,2,89.1,10,28,4,1,0,3,0,1
74,0,72.25,3,29,4,5,0,0,0,0
11,2,0.0,12,11,1,2,0,0,3,1
1,0,75.0,3,8,3,3,0,0,0,1
86,1,105.4,4,25,4,5,3,0,0,0
71,0,75.54,10,30,4,0,1,0,0,0
164,0,100.0,10,2,3,2,0,0,0,0
104,0,76.5,8,18,4,3,0,0,0,0
39,0,72.0,11,21,3,2,1,0,0,1
2,1,153.62,9,22,4,1,0,0,3,1
13,1,100.0,9,15,2,1,0,3,0,1
142,1,76.5,8,9,4,1,2,0,0,1
320,0,0.0,8,18,4,2,0,1,0,0
79,0,80.75,6,16,3,2,0,0,0,1
76,1,69.3,4,21,4,1,0,3,0,1
2,1,91.0,6,14,4,1,0,0,0,1
125,1,68.0,12,27,3,3,0,0,0,1
4,0,98.1,9,26,3,1,1,0,0,0
223,0,86.2,8,31,4,9,3,3,0,0
211,0,78.3,11,18,4,1,0,0,0,0
13,1,149.33,6,3,4,2,1,0,3,1
54,1,73.5,2,27,4,1,2,3,0,0
110,0,153.4,8,22,4,1,1,0,0,1
62,0,106.2,10,31,4,4,1,0,3,0
132,1,105.3,5,6,4,2,0,0,0,1
45,0,108.79,4,24,4,3,2,0,0,1
40,1,145.35,3,23,4,4,0,0,3,0
34,0,78.3,2,12,4,2,1,0,0,1
65,1,126.0,12,3,4,1,0,0,3,1
21,1,122.19,12,1,4,3,1,1,0,1
70,2,130.05,4,10,4,3,2,0,3,1
57,1,139.5,10,14,4,2,0,0,3,0
18,0,104.0,11,25,4,2,0,0,0,0
275,0,110.0,4,17,4,0,2,1,0,0
59,0,168.3,9,24,4,1,1,0,3,0
138,0,72.5,8,22,3,1,2,1,0,1
168,1,81.2,4,21,3,3,2,0,0,1
0,2,0.0,9,16,1,2,1,0,3,1
44,1,134.93,3,20,4,2,2,0,3,1
105,1,114.3,7,7,4,3,1,0,0,1
63,2,144.9,8,9,4,2,0,0,0,1
2,1,120.0,10,22,4,1,0,0,0,1
87,1,134.42,6,12,4,5,2,0,0,1
22,1,96.13,12,4,4,2,2,0,1,1
14,2,215.5,3,24,4,1,0,1,0,1
58,0,81.0,1,27,3,3,0,0,0,1
74,1,112.5,4,6,4,3,0,0,0,0
1,0,129.0,4,6,4,1,0,3,0,1
83,1,167.4,6,14,4,1,0,0,3,1
0,1,69.0,11,30,4,7,3,0,0,1
277,0,80.0,9,5,4,5,2,0,0,0
1,1,129.0,10,21,4,1,0,3,0,1
86,0,221.18,10,24,4,3,1,1,5,0
20,0,75.0,1,30,4,1,2,3,0,1
32,1,120.0,10,24,4,1,1,0,0,1
49,0,75.0,11,9,3,3,0,0,0,1
18,0,85.0,10,2,3,2,2,0,0,1
100,0,38.67,3,25,3,2,1,0,0,1
61,1,79.36,3,3,4,3,2,0,0,1
58,1,90.9,3,31,4,3,0,0,0,1
69,1,153.05,10,16,4,3,2,0,5,1
58,1,128.1,9,4,4,4,2,0,3,0
9,2,153.0,8,17,4,2,1,0,0,1
55,0,80.0,4,6,3,1,0,0,0,1
22,0,84.33,3,3,4,3,0,3,0,1
273,0,100.8,9,30,4,2,1,0,0,0
26,1,128.33,3,29,4,3,0,0,0,1
78,0,135.9,9,3,4,3,2,0,0,0
254,0,119.7,9,23,4,2,0,0,0,0
66,1,144.45,10,24,4,1,1,0,3,1
0,0,67.0,11,24,2,1,0,0,0,1
21,0,95.0,10,17,2,1,1,0,0,1
45,1,75.0,11,7,3,5,2,0,0,1
35,1,71.1,3,16,4,2,0,3,0,1
31,1,63.0,12,11,3,2,1,0,0,1
179,1,81.25,7,19,3,3,0,0,0,1
24,1,139.0,8,2,4,4,0,3,0,1
0,0,123.0,10,20,3,1,0,0,0,1
80,1,76.5,7,3,4,2,1,0,0,0
30,1,162.35,6,20,4,0,1,0,5,1
163,1,99.45,6,29,4,4,0,0,3,1
33,0,131.4,4,2,4,1,1,0,3,1
146,0,89.75,9,21,3,1,0,0,0,1
5,0,110.0,5,24,2,2,0,0,0,1
222,1,102.85,10,2,4,3,2,0,0,0
75,0,12.0,3,17,3,3,1,0,0,0
9,0,149.0,4,22,4,2,1,0,0,0
40,2,149.4,9,26,4,3,1,0,3,1
67,1,0.0,5,21,4,0,0,0,3,1
32,3,94.5,9,5,4,1,2,0,0,1
28,1,74.8,12,4,4,3,2,3,0,1
28,0,97.0,9,10,3,2,0,0,3,1
0,0,123.0,4,23,4,1,1,0,0,1
210,0,36.38,10,8,3,3,1,0,0,1
142,1,96.3,7,4,4,0,1,0,0,1
26,0,65.0,10,21,2,1,0,0,0,1
6,1,94.0,11,9,2,1,0,0,3,1
205,1,92.01,8,20,4,6,2,0,0,1
52,1,125.1,9,9,4,2,0,3,0,1
175,0,65.83,7,15,4,2,1,3,0,0
13,0,131.89,12,2,4,4,2,0,3,1
0,0,140.0,10,30,4,0,1,3,0,1
1,0,85.0,9,29,2,2,0,0,0,1
50,1,146.7,4,21,4,2,0,0,3,1
60,1,65.0,10,12,3,1,1,0,0,1
36,2,161.1,7,25,4,0,1,0,0,1
161,0,116.1,9,8,3,3,0,0,0,0
2,0,79.0,11,9,1,2,1,0,0,1
83,1,140.4,8,12,4,2,0,0,3,0
7,1,119.0,9,21,2,2,0,0,3,1
11,1,129.75,7,25,4,2,1,0,0,1
31,0,99.0,8,30,4,4,0,3,0,0
98,2,114.3,7,3,4,1,2,0,0,1
109,1,74.8,12,20,4,5,2,3,0,1
45,1,124.6,7,2,4,1,2,3,0,0
32,1,134.78,9,25,4,2,2,0,3,1
14,1,87.0,11,4,4,1,0,0,0,0
119,0,127.8,8,16,4,2,0,0,3,0
69,0,137.7,7,25,4,1,1,0,3,1
41,0,65.0,12,27,3,1,0,0,0,1
6,0,65.0,10,12,2,0,1,0,0,1
83,0,80.75,4,20,3,5,2,0,0,1
17,1,106.77,10,17,4,1,2,0,0,1
140,2,195.3,7,8,4,1,0,0,5,1
80,0,151.2,10,21,4,2,2,0,3,1
2,0,109.65,10,13,3,1,0,0,0,1
172,0,108.9,10,4,4,3,0,0,0,0
6,1,174.0,9,4,4,1,0,0,5,1
274,2,107.0,8,9,4,3,0,0,0,0
57,0,130.05,4,5,4,4,0,0,3,0
11,0,90.0,8,21,4,2,1,0,0,1
174,0,109.65,9,4,4,2,2,3,0,0
15,1,137.0,4,20,4,2,0,0,3,1
9,1,114.0,12,7,4,1,0,0,3,1
10,0,76.59,12,2,4,7,3,0,0,1
0,0,176.0,5,20,4,1,0,0,3,1
49,0,71.0,12,30,3,4,0,0,0,1
4,0,115.2,9,20,3,0,2,0,0,1
178,0,103.69,8,31,4,2,0,0,1,0
1,1,119.0,4,23,4,3,2,0,0,1
36,0,168.73,12,28,4,4,0,0,0,1
0,0,65.0,9,20,2,0,2,0,0,1
124,1,114.3,8,11,4,3,0,0,0,1
84,2,90.9,4,25,4,2,1,0,0,1
2,1,103.0,11,17,4,2,0,0,0,0
64,0,140.4,5,27,4,2,0,0,3,0
0,0,89.0,4,13,4,1,0,3,0,1
66,1,149.4,9,8,4,3,1,0,3,0
19,2,156.0,8,23,4,3,0,0,3,1
71,0,132.6,5,7,4,4,2,0,3,1
81,0,93.6,11,13,4,0,2,0,0,0
152,0,101.15,7,22,4,3,2,0,0,0
10,1,254.5,9,30,4,2,2,0,5,1
176,2,159.3,9,1,4,1,0,0,3,0
69,0,76.08,7,7,3,2,0,0,0,1
92,1,89.25,7,15,4,4,0,0,3,0
205,0,90.0,5,29,4,1,2,0,0,0
69,1,150.3,3,12,4,1,1,0,5,0
63,1,161.1,8,6,4,1,0,0,3,1
9,1,153.0,8,17,4,2,1,0,5,0
154,0,146.7,7,9,4,1,0,0,3,0
36,1,78.3,2,13,4,2,2,0,0,1
42,1,112.59,9,19,4,1,1,3,0,0
41,1,117.9,3,31,4,3,0,0,0,1
285,0,81.81,10,16,4,3,2,0,1,0
152,0,113.9,8,19,4,3,2,0,3,0
19,1,107.0,1,1,4,2,0,0,0,1
33,1,84.15,11,11,4,2,2,3,0,0
13,2,265.44,7,13,4,7,2,0,6,1
19,0,107.0,9,11,3,1,2,0,3,1
7,1,160.0,10,18,4,4,0,0,0,1
6,0,127.0,9,11,4,2,1,0,0,0
1,0,67.0,10,11,2,1,0,0,0,1
29,2,154.93,9,25,4,1,2,0,3,1
72,0,67.5,3,16,4,1,0,3,0,0
15,0,60.0,12,27,3,1,0,0,0,1
39,0,68.76,2,22,4,4,1,0,1,1
22,2,95.0,9,1,4,5,1,0,0,1
7,3,143.0,9,20,4,1,0,0,0,1
121,1,96.9,7,6,3,4,0,0,0,1
36,1,114.3,3,11,4,2,1,0,3,0
68,2,132.3,10,18,4,3,0,0,3,1
107,0,96.9,8,20,3,1,2,1,0,0
33,0,98.1,5,25,4,1,0,3,0,0
1,0,124.0,6,26,4,0,2,0,0,1
4,1,174.67,9,13,4,3,0,0,3,1
237,2,87.67,9,22,4,3,1,0,0,1
6,1,70.0,12,27,3,5,1,0,0,1
8,1,77.92,12,27,4,1,2,3,0,1
186,2,168.3,7,7,4,2,0,0,5,0
3,1,102.0,1,19,4,4,0,0,3,1
166,1,99.78,9,30,4,2,0,0,0,1
8,1,93.5,2,17,4,4,0,0,0,1
139,1,192.3,7,30,4,1,2,0,5,0
68,3,135.0,10,8,4,1,2,0,0,1
10,2,106.5,8,20,4,3,1,3,0,1
137,2,146.1,12,24,4,3,2,1,0,1
3,1,79.0,3,17,2,1,0,0,0,1
0,2,45.0,3,15,3,1,0,0,3,1
155,0,94.5,8,22,4,2,1,3,0,0
44,1,259.2,8,10,4,1,0,1,5,1
56,2,115.09,4,24,4,3,2,0,0,1
73,1,135.0,10,12,4,4,1,0,0,0
88,0,112.2,10,5,3,1,1,1,0,1
31,0,26.35,4,23,3,4,2,0,3,0
0,1,89.0,4,4,4,0,1,3,0,1
189,3,76.5,8,11,4,4,0,0,0,1
137,0,198.0,8,8,4,3,1,1,3,0
29,2,149.1,10,31,4,3,1,1,0,1
39,0,140.08,11,9,4,4,1,0,3,1
110,4,150.45,6,13,4,5,2,0,3,1
114,0,130.0,10,13,3,2,0,0,2,1
181,0,120.0,10,11,4,2,0,0,0,0
23,1,75.0,10,21,3,3,0,0,3,1
269,0,78.88,7,10,3,1,2,0,3,1
13,0,79.0,7,11,2,1,1,0,0,1
0,0,139.0,3,20,1,0,1,0,0,1
212,1,63.11,8,16,4,5,2,3,0,1
36,0,115.2,3,24,4,1,0,0,0,0
93,1,60.0,3,4,3,2,0,0,0,1
67,0,61.16,3,1,3,4,0,0,0,1
0,2,107.0,11,14,4,1,0,0,3,1
0,0,158.0,5,9,4,1,1,0,3,1
14,0,109.0,6,8,4,1,0,3,0,1
22,0,65.0,12,18,2,1,0,0,0,1
58,1,105.3,4,7,4,2,0,0,0,1
307,0,108.0,9,11,4,4,2,0,3,0
54,2,89.1,10,29,4,1,1,3,0,1
74,1,89.25,10,28,4,2,0,0,0,1
90,1,96.3,4,25,4,1,1,0,0,1
106,0,121.37,7,18,4,5,2,0,3,0
99,0,67.5,3,17,4,2,0,3,0,1
95,1,102.1,5,12,4,3,2,0,3,1
256,1,96.25,8,7,4,2,2,0,1,1
31,0,87.04,4,23,3,1,2,0,3,1
203,1,95.4,6,6,4,1,1,3,0,1
87,0,80.75,5,26,3,3,0,0,0,1
17,0,48.0,10,16,3,2,0,0,0,1
58,2,186.3,4,15,4,1,0,0,5,1
6,1,133.5,3,26,4,2,2,0,0,1
40,1,196.0,10,21,4,1,0,0,3,1
38,0,81.0,6,19,4,1,2,0,0,0
23,0,127.67,6,21,4,3,0,0,0,0
158,1,99.45,7,3,4,3,2,0,0,1
164,0,106.53,8,14,4,4,2,0,0,0
46,1,72.0,2,18,4,2,0,3,0,0
60,1,65.0,10,12,3,3,1,0,0,1
50,1,118.8,10,4,4,3,0,0,0,1
2,0,125.0,9,1,2,1,0,0,4,1
137,1,79.72,5,22,4,3,2,0,0,1
73,0,94.0,4,3,4,1,2,3,0,1
0,1,68.4,1,24,3,2,2,0,3,1
85,0,76.5,7,24,4,3,2,0,0,0
43,1,119.0,10,25,4,1,0,0,0,1
12,1,77.0,1,15,4,2,0,3,0,1
106,0,72.25,7,13,3,4,1,0,0,1
1,0,115.0,9,27,2,1,0,0,0,1
15,0,88.4,12,20,4,5,2,0,0,1
1,2,92.0,8,31,4,4,1,0,0,1
94,1,96.3,4,12,4,2,0,0,0,1
88,1,71.0,10,7,2,2,0,0,0,1
256,0,100.75,10,16,4,3,2,0,0,0
47,0,123.3,3,28,4,2,1,0,3,0
11,1,65.29,11,13,4,4,2,0,0,1
54,0,80.3,2,26,4,2,0,0,0,1
89,0,116.1,8,29,4,1,1,3,0,1
52,2,148.5,10,15,4,3,2,0,3,1
63,0,68.0,7,2,4,3,1,0,0,0
256,1,115.0,6,15,4,2,0,1,0,0
20,1,121.25,5,29,4,4,2,0,3,1
10,2,149.0,9,19,4,1,1,0,0,1
18,0,93.0,8,26,4,3,0,0,0,1
55,0,106.24,9,11,4,3,2,0,3,1
194,1,132.18,8,19,4,2,2,0,3,0
17,0,79.0,2,20,4,1,2,0,0,1
164,0,107.95,8,13,4,3,2,0,0,0
16,4,142.0,10,1,4,2,0,0,0,1
14,1,109.0,8,17,4,1,0,3,0,0
29,0,79.0,3,18,4,1,0,3,0,1
196,1,83.0,7,31,4,2,2,3,0,1
39,0,118.0,10,3,4,2,1,0,0,1
39,2,174.25,11,7,4,3,1,0,0,1
71,1,145.0,11,10,4,2,0,3,0,1
64,1,149.4,9,24,4,2,2,0,3,0
110,1,76.5,4,9,4,2,2,3,0,0
46,2,129.6,11,3,4,3,0,0,3,1
6,1,97.02,10,11,4,1,2,0,0,1
165,3,104.4,10,28,4,2,2,0,3,1
4,0,198.0,2,6,4,1,2,1,5,1
16,0,95.0,6,16,2,1,0,0,0,1
25,0,178.25,1,1,4,2,2,0,1,0
165,2,99.45,7,21,4,3,2,0,0,1
64,0,94.5,4,12,4,3,0,3,0,0
7,1,103.0,3,7,4,3,1,0,0,1
206,1,127.47,6,9,4,5,2,0,3,0
86,1,56.93,2,20,4,3,2,0,0,1
4,0,147.0,7,19,2,3,0,0,4,1
4,0,106.0,7,8,2,1,0,0,4,1
10,1,87.5,11,14,4,3,1,3,0,1
22,1,67.0,2,19,2,1,0,0,0,1
4,0,98.32,5,15,2,2,2,0,0,1
14,1,67.76,12,1,4,2,0,3,0,1
52,0,48.4,3,7,3,4,1,0,0,1
0,0,3.0,2,29,1,1,1,0,0,1
181,0,111.5,7,1,4,4,1,0,0,0
50,0,107.1,6,29,4,3,0,3,0,0
9,1,0.0,12,10,1,1,0,0,1,1
88,1,85.5,4,3,4,0,2,3,0,0
47,1,101.7,6,21,4,3,0,0,0,1
249,0,80.75,10,22,4,2,2,0,0,0
129,2,105.3,5,22,4,0,2,0,0,1
173,2,114.75,7,31,4,2,2,0,0,0
8,0,79.0,12,14,2,1,0,0,0,1
123,0,110.33,3,30,4,3,0,0,3,0
137,0,83.47,8,17,3,4,1,1,0,1
2,2,92.54,11,16,4,6,2,0,0,1
73,2,79.2,11,27,4,2,1,0,0,1
74,0,186.3,6,15,4,2,0,0,3,0
12,0,118.67,12,30,4,4,2,0,3,1
37,1,131.03,7,20,4,4,0,3,0,1
39,1,65.0,12,27,3,1,0,0,0,1
68,0,109.65,4,23,4,3,2,0,0,0
1,0,76.0,1,5,2,1,0,0,0,1
28,1,90.25,9,4,4,2,2,0,0,1
26,2,159.0,10,15,4,1,1,0,3,1
50,0,12.0,2,22,3,5,2,0,4,0
0,2,0.0,1,5,1,3,0,0,3,1
155,1,135.9,9,2,4,2,1,0,0,0
182,1,120.0,10,12,4,1,0,0,0,0
0,0,75.0,12,21,2,0,1,0,0,1
23,0,65.0,11,5,2,1,0,0,0,0
12,0,65.0,11,25,2,1,0,0,0,1
100,0,102.34,12,26,4,4,1,0,0,0
220,1,80.75,10,20,4,3,1,3,0,1
62,1,91.48,4,22,4,1,0,0,3,1
3,0,120.0,9,19,2,1,2,0,0,1
81,0,119.07,10,10,4,3,1,0,3,0
13,0,75.0,11,21,3,0,1,0,0,1
31,1,69.5,2,6,4,1,2,3,0,1
0,3,129.0,8,30,4,3,0,3,0,1
109,0,81.25,3,27,4,2,2,3,0,0
0,1,182.33,5,27,4,2,0,0,3,0
0,0,0.0,8,6,4,2,0,3,0,1
106,1,95.0,5,29,3,0,1,0,0,1
116,0,90.38,2,28,3,5,3,0,0,1
11,1,140.0,11,5,4,1,0,0,3,0
43,0,118.0,12,31,3,3,0,0,0,1
88,1,96.9,7,18,3,2,1,0,0,1
10,1,139.0,8,8,4,0,1,3,0,0
138,1,114.3,5,7,4,1,0,0,0,1
4,0,185.0,12,28,4,1,0,0,5,1
185,0,116.1,9,15,4,3,0,3,0,0
101,1,101.18,8,11,4,1,0,0,3,1
0,0,168.3,5,19,4,1,0,3,0,1
18,1,89.0,1,15,4,3,2,0,0,1
32,0,114.0,12,4,4,0,2,0,3,1
32,2,140.0,10,6,4,3,1,0,3,1
69,2,110.08,4,17,4,2,2,0,3,1
80,1,88.4,11,15,4,4,0,0,0,1
145,2,90.95,6,26,4,4,2,0,0,0
28,1,158.86,7,24,4,3,2,0,0,1
0,0,77.0,9,21,3,0,1,0,0,1
5,0,112.0,10,18,4,3,0,3,0,1
67,1,99.45,4,24,4,2,2,0,0,1
94,0,117.9,8,23,4,2,0,0,0,0
26,0,67.87,3,3,4,3,0,3,0,1
51,2,228.6,7,23,4,1,0,1,3,1
45,0,80.3,1,23,4,1,1,0,0,1
73,0,150.45,5,9,4,4,1,0,0,0
120,1,159.3,6,2,4,3,0,0,3,0
56,0,75.0,11,16,3,2,0,0,0,1
19,1,165.0,9,5,4,1,2,0,5,1
23,2,115.9,12,30,4,4,2,0,3,1
101,0,67.45,2,20,4,2,2,0,0,1
1,1,67.76,4,22,4,2,0,0,0,1
1,2,145.0,10,9,4,2,2,0,0,1
54,1,57.93,11,16,4,3,0,3,0,1
12,1,164.0,8,26,4,1,0,0,3,1
104,2,123.3,10,25,4,3,0,0,3,1
11,1,130.0,11,5,4,1,0,0,0,0
133,2,105.3,7,12,4,3,0,0,0,1
85,0,140.4,5,3,4,3,0,0,3,1
0,1,0.0,1,19,1,1,0,0,0,1
19,0,114.0,5,7,4,1,1,3,0,0
85,2,151.2,10,7,4,2,0,0,3,1
80,0,93.6,11,25,4,2,0,0,0,0
175,1,140.4,9,17,4,1,1,0,3,0
186,2,137.7,8,8,4,2,1,0,3,0
72,1,100.0,9,14,2,2,0,3,0,0
6,0,94.0,11,8,2,1,0,0,3,1
66,1,106.5,11,10,4,3,0,3,0,1
135,0,90.0,9,14,3,2,1,0,0,1
320,0,115.0,8,18,4,2,0,1,0,0
59,0,85.0,7,18,3,1,1,0,0,1
59,2,159.3,6,11,4,1,1,0,3,1
8,0,139.0,9,1,4,1,0,0,0,1
42,1,90.76,2,14,4,3,2,0,3,1
61,0,91.0,10,4,3,0,2,0,0,1
205,1,70.03,7,26,4,5,0,0,0,0
82,1,181.7,7,9,4,1,0,0,3,1
11,1,150.0,11,5,4,1,0,0,0,0
238,2,95.63,9,3,4,2,2,0,0,1
132,0,72.25,7,1,3,2,1,0,0,1
4,1,93.0,2,4,4,2,0,0,0,1
2,0,97.0,2,5,2,2,0,0,4,1
129,0,72.75,3,25,4,2,0,3,0,1
4,1,88.0,12,14,4,1,0,0,0,1
72,1,96.3,4,2,4,1,1,0,3,1
159,2,146.2,12,22,4,8,4,0,5,1
19,1,141.0,4,30,4,1,0,0,0,1
37,2,138.15,3,24,4,2,0,0,0,1
62,1,140.4,5,17,4,3,0,0,3,1
114,2,87.67,6,6,4,3,1,0,0,1
359,0,70.0,10,14,3,3,2,0,0,1
127,1,91.48,10,8,4,1,0,0,0,1
46,2,75.0,3,29,3,5,0,0,0,1
6,0,140.0,10,4,4,4,0,3,0,1
70,2,165.63,7,14,4,3,1,0,6,1
2,1,102.0,1,27,4,1,0,0,0,1
18,0,74.0,12,18,2,1,0,0,0,1
133,0,103.7,6,27,4,4,1,0,3,0
111,1,109.65,6,13,4,5,2,3,0,0
56,1,207.9,8,13,4,1,2,0,5,1
104,0,76.5,4,15,4,2,2,3,0,0
3,0,114.5,9,3,4,2,0,0,0,1
74,1,89.3,3,10,4,3,0,0,3,1
31,0,108.11,5,19,4,1,0,0,3,1
1,0,89.0,3,22,4,1,0,3,0,1
24,0,285.17,5,21,4,1,2,0,6,0
155,2,173.25,7,7,4,3,1,1,0,0
97,2,141.3,7,21,4,3,2,0,3,1
129,0,62.0,2,4,3,3,0,0,3,1
31,0,95.0,10,9,2,2,2,0,0,1
18,1,140.0,10,29,4,1,2,0,0,0
109,2,146.7,7,10,4,0,2,0,3,1
75,0,108.45,3,22,4,4,0,0,3,1
10,1,93.0,2,9,4,3,0,0,0,0
52,1,150.9,8,27,4,1,2,0,3,0
199,1,95.4,5,2,4,3,1,3,0,0
19,2,187.0,7,3,4,2,2,0,3,1
2,1,89.0,5,11,2,1,0,0,0,1
178,0,106.0,8,22,2,3,1,0,4,0
65,1,118.8,4,23,4,1,0,0,3,1
53,1,121.35,9,1,4,4,2,0,3,1
41,1,121.33,11,11,4,2,1,0,0,0
222,1,83.1,12,29,4,3,1,0,0,1
36,1,67.5,2,13,4,1,1,3,0,1
26,0,77.0,11,16,2,3,0,0,0,0
166,1,122.4,10,3,4,3,1,0,3,0
273,0,63.75,11,22,4,5,0,3,0,0
4,0,147.33,10,16,4,1,2,0,0,1
75,2,135.0,10,14,4,5,2,0,0,0
71,1,89.25,9,18,4,2,0,0,0,1
5,2,128.0,3,21,4,1,1,0,0,1
33,1,80.3,2,8,4,3,1,0,0,1
47,1,125.1,9,20,4,1,0,3,0,1
77,2,132.6,5,10,4,4,0,0,3,1
14,0,65.0,6,15,2,1,0,0,0,1
4,0,75.0,8,11,2,2,0,0,0,1
0,0,149.0,9,1,4,1,0,3,0,1
4,0,81.0,2,19,2,1,0,0,0,1
228,1,90.1,9,10,4,2,2,3,0,1
86,0,84.58,4,6,4,4,0,0,0,0
268,2,96.3,10,28,4,2,1,0,0,1
70,1,158.4,9,16,4,2,1,0,3,1
67,2,132.3,6,26,4,0,2,0,3,1
2,1,136.85,5,24,4,2,0,0,0,1
34,1,134.1,8,15,4,2,1,3,0,1
0,1,146.0,8,13,4,3,1,0,0,1
6,0,152.0,10,1,4,1,1,0,3,1
10,1,92.0,2,12,4,2,1,0,0,1
20,1,108.8,9,14,4,4,1,0,0,1
53,0,68.0,11,14,3,3,1,0,0,1
47,1,93.5,3,21,4,3,1,0,0,1
4,2,127.0,12,31,4,2,0,0,0,1
11,2,111.0,2,3,4,2,0,0,0,1
4,0,144.0,5,23,3,0,1,3,0,1
42,0,86.98,3,20,4,2,2,3,0,0
3,0,145.0,3,17,4,2,0,0,3,0
205,0,80.75,8,4,4,3,1,3,0,0
13,2,123.67,9,30,3,3,0,1,0,1
180,2,54.75,11,13,4,0,1,3,0,1
2,1,67.0,4,20,2,1,0,0,0,1
62,2,137.7,4,24,4,1,2,0,3,1
33,0,135.9,9,8,4,3,2,0,0,0
5,0,67.0,9,28,2,1,0,0,0,1
74,1,80.75,5,3,3,3,0,0,0,1
26,1,231.0,9,24,4,3,1,0,5,0
6,1,138.57,9,20,4,5,2,3,0,1
11,0,157.67,12,29,3,3,0,0,4,1
34,0,126.9,5,11,4,1,0,0,0,0
24,1,100.0,2,24,4,4,0,0,0,0
107,1,156.6,12,3,4,1,2,0,5,0
37,0,88.0,12,8,4,3,0,3,0,0
92,1,134.1,8,20,4,3,2,0,0,0
308,1,78.3,11,23,4,3,0,0,0,0
42,0,79.64,9,8,3,7,2,1,0,1
1,1,73.92,4,15,4,1,0,0,0,1
62,0,118.8,4,16,4,1,2,0,3,0
63,0,116.1,5,7,4,1,0,3,0,1
49,1,126.9,5,13,4,2,2,0,0,1
107,0,80.75,10,3,3,3,1,0,0,1
187,0,105.3,7,19,4,2,0,0,3,0
112,0,76.97,4,18,4,4,1,0,1,1
3,1,120.0,10,13,4,1,0,0,0,1
56,0,109.8,8,28,4,1,2,0,0,0
60,1,92.7,4,1,4,2,1,0,0,0
14,0,85.0,7,23,3,4,2,0,0,1
108,2,101.58,4,26,4,4,0,0,3,1
34,1,135.9,7,9,4,2,2,0,0,1
225,2,119.85,9,14,4,4,0,0,0,0
20,0,89.0,9,11,4,0,1,3,0,1
9,1,120.0,10,19,4,3,1,0,0,1
43,0,168.3,7,14,4,1,0,0,3,0
94,1,87.3,3,18,4,2,1,0,3,1
29,0,87.0,3,4,3,2,1,0,0,1
228,1,102.85,10,5,4,4,0,0,0,0
282,0,76.67,10,10,3,1,2,0,0,1
18,0,145.0,10,30,4,1,2,3,4,1
54,1,98.1,12,20,3,3,0,0,0,1
95,1,65.83,4,14,4,1,0,3,0,1
10,0,66.0,2,4,2,1,0,0,0,1
75,1,112.79,10,22,4,2,2,0,3,0
42,1,73.15,10,26,4,4,1,3,0,1
32,0,92.88,10,25,4,5,1,0,0,1
62,0,95.88,5,21,3,1,2,0,0,0
37,1,108.9,6,20,4,2,1,0,0,1
101,0,80.0,4,4,4,2,1,0,0,0
145,0,69.56,4,29,4,4,2,0,0,1
24,0,206.0,12,30,4,1,0,0,5,1
88,1,156.6,11,26,4,1,0,0,5,0
41,0,66.88,12,1,4,3,0,3,0,1
35,0,140.4,3,25,4,2,0,0,3,0
58,0,79.2,11,3,4,3,0,3,0,0
206,4,102.85,10,4,4,4,0,0,0,1
95,2,151.2,10,17,4,2,1,0,3,1
40,1,106.0,12,16,4,2,0,0,0,1
30,1,74.8,12,5,4,3,1,3,0,1
31,0,168.3,4,30,4,1,0,0,3,0
55,2,122.4,9,7,4,4,1,0,3,1
197,0,110.43,12,29,4,4,0,0,0,1
118,2,110.0,6,6,3,5,1,0,0,1
87,0,85.5,6,26,4,0,2,3,0,0
81,0,134.1,8,1,4,6,3,0,0,0
67,2,88.4,11,23,4,4,0,0,0,0
66,0,150.3,6,29,4,3,0,0,3,0
225,0,106.25,10,17,4,4,1,0,0,0
1,0,139.0,8,20,4,1,1,3,0,1
71,2,89.25,10,24,4,1,2,0,0,1
51,0,79.2,11,12,4,1,1,3,0,0
49,0,109.8,8,28,4,0,1,0,0,1
123,1,100.8,4,30,4,1,1,0,0,0
14,1,114.0,9,16,4,1,0,0,0,1
1,0,102.6,9,30,3,2,0,0,0,1
9,1,106.26,5,17,4,1,0,0,0,1
22,1,139.0,7,6,4,2,0,3,0,1
3,0,106.0,5,13,2,1,0,0,4,1
115,1,90.9,10,26,4,1,0,0,0,1
16,1,86.0,2,21,4,0,1,0,0,1
18,0,89.0,9,12,4,0,1,3,0,1
80,3,147.9,7,8,4,2,1,0,3,1
32,1,66.59,12,17,4,2,2,3,0,1
2,0,66.88,5,15,3,2,2,0,0,1
66,0,112.2,4,19,4,4,0,0,3,1
14,2,95.0,9,4,4,1,0,0,0,1
93,1,72.25,7,10,3,3,2,0,0,1
277,0,84.15,10,20,4,3,2,3,0,0
42,2,85.5,9,21,4,3,1,0,0,1
3,2,229.0,7,10,4,3,2,0,5,1
83,1,154.7,8,1,4,3,1,0,0,1
62,0,48.6,2,15,4,1,1,3,0,1
27,2,153.0,4,24,4,0,2,0,3,1
1,1,65.0,3,2,2,1,0,0,0,1
12,1,125.8,12,28,4,4,0,0,3,1
112,0,131.4,8,17,4,2,0,0,3,0
30,0,85.0,3,13,3,1,2,0,0,1
154,0,75.0,4,19,3,3,0,0,0,1
61,0,60.0,2,3,3,4,1,0,0,1
26,0,147.0,10,2,4,1,2,0,0,0
12,1,108.0,2,27,4,1,0,0,3,1
18,0,69.0,2,19,3,2,1,0,0,0
85,1,114.4,3,30,3,3,0,0,0,1
268,0,78.0,4,8,3,3,2,0,0,1
51,3,150.3,7,3,4,2,2,0,0,1
99,0,76.5,8,21,4,5,2,0,0,0
17,1,119.0,1,9,4,1,1,0,0,1
115,1,99.45,5,4,4,4,1,0,0,1
184,1,139.5,8,17,4,1,0,1,0,0
8,0,88.2,12,14,4,3,0,0,0,1
28,0,82.65,10,15,4,3,0,0,0,1
10,0,87.0,12,23,4,4,0,0,0,1
63,0,80.3,3,5,4,1,2,0,0,1
33,0,108.9,5,25,4,1,0,0,0,1
10,1,83.93,3,14,4,3,1,0,0,1
9,0,55.0,3,2,2,2,0,0,0,0
17,0,105.0,9,1,4,3,0,0,0,1
13,0,152.67,6,2,4,3,0,0,3,0
50,0,101.15,3,28,4,3,1,0,0,0
117,0,82.45,4,27,4,4,1,3,0,0
18,0,156.0,6,11,4,1,0,0,3,0
192,0,106.0,9,5,2,2,1,0,4,0
192,2,72.75,12,4,4,2,2,3,0,1
26,0,79.2,12,19,4,2,1,3,0,0
0,1,79.31,5,9,4,0,1,0,0,1
277,2,96.3,10,21,4,2,0,0,0,0
1,0,92.0,1,3,4,1,2,0,0,1
1,2,191.0,7,20,4,1,0,0,5,1
8,0,146.0,4,21,4,1,0,0,3,0
51,0,142.2,7,11,4,1,1,0,3,0
6,2,108.0,5,8,4,1,2,3,0,1
42,1,71.1,3,11,4,2,1,3,0,1
71,2,149.4,9,19,4,3,1,0,3,1
8,1,128.0,8,22,4,1,1,3,0,1
45,0,167.4,12,30,4,1,0,0,3,0
30,2,125.1,9,15,4,1,0,3,0,1
263,0,0.0,9,21,4,0,1,0,0,1
5,0,119.0,6,2,4,1,0,3,0,1
326,2,67.5,11,24,4,3,0,3,0,0
194,2,77.23,4,17,4,3,2,0,0,1
180,0,120.0,10,10,4,2,1,0,0,0
36,1,131.4,6,28,4,5,0,0,3,1
110,1,86.9,9,14,4,4,0,3,0,1
60,0,72.25,7,10,3,0,2,0,0,1
7,0,101.0,3,22,4,1,0,0,0,0
151,0,200.0,6,27,3,0,1,0,4,0
29,0,151.0,8,20,4,1,0,0,0,1
117,1,161.1,11,10,4,1,0,3,0,0
88,1,138.0,5,3,3,3,0,1,0,1
30,1,144.0,10,5,4,2,0,0,0,1
2,2,164.5,10,9,4,2,0,0,3,1
25,1,104.2,4,10,4,3,2,0,0,1
71,0,72.25,7,24,3,1,2,0,0,1
57,2,130.2,11,11,4,2,1,1,0,1
57,2,137.7,4,21,4,3,0,0,3,1
190,0,109.3,5,6,4,2,2,0,1,0
21,1,129.0,10,3,4,3,1,3,0,1
24,2,87.78,9,19,4,1,1,0,0,1
20,1,124.16,11,6,4,2,2,0,0,1
80,0,63.46,7,31,4,7,2,0,0,1
78,2,62.18,9,30,4,1,0,0,0,1
122,0,105.9,8,21,3,5,3,0,0,1
2,1,104.72,5,29,4,0,2,0,3,1
87,1,103.5,7,4,4,4,1,3,0,1
181,1,103.7,7,26,4,4,0,0,3,0
198,0,90.0,9,9,4,2,1,0,0,0
168,2,72.25,8,12,3,3,2,0,0,1
1,0,65.0,9,2,2,2,0,0,0,1
56,0,75.0,4,4,3,2,1,0,0,1
31,0,78.3,2,7,4,0,2,0,0,0
89,1,118.8,10,10,4,1,1,0,0,0
83,3,126.9,6,10,4,2,1,0,0,1
33,1,181.8,9,2,4,2,2,0,5,0
142,0,99.3,8,24,4,3,0,0,0,1
13,0,156.0,5,6,4,2,0,0,3,1
118,1,118.8,8,2,4,3,0,0,3,1
87,1,135.27,8,8,4,1,1,0,3,1
127,2,61.5,3,23,3,4,0,0,0,1
24,1,127.48,5,31,4,4,0,0,3,1
133,0,90.95,6,21,3,5,0,0,3,1
195,1,89.25,8,24,4,4,0,3,0,0
186,0,40.0,4,22,3,2,1,0,0,1
53,0,192.0,4,28,4,3,0,0,5,1
24,1,94.86,9,25,4,3,2,0,3,1
11,3,258.0,5,20,4,2,0,0,5,1
50,0,109.8,8,29,4,1,1,0,0,1
68,0,49.5,9,29,3,2,0,0,0,1
18,0,74.8,11,25,4,2,2,3,0,0
5,1,81.0,2,26,4,2,0,3,0,1
38,1,94.5,10,6,4,3,0,0,0,1
139,1,96.3,7,4,4,0,1,0,0,1
38,1,91.9,2,22,4,1,1,0,3,1
60,0,95.1,6,26,4,1,2,3,0,0
33,1,182.85,3,22,4,3,0,0,6,1
87,1,85.5,6,26,4,0,1,3,0,1
20,1,89.0,6,26,4,0,1,3,0,1
104,1,69.3,11,12,4,3,2,0,0,1
192,1,72.75,8,8,4,3,1,0,0,1
3,2,129.0,3,21,4,3,1,0,0,1
230,1,137.0,9,6,3,5,0,0,0,0
55,0,88.0,11,2,4,4,0,3,0,1
24,1,129.0,5,2,4,2,1,3,0,1
45,2,112.5,3,18,4,2,1,0,3,1
1,0,168.5,7,6,4,4,0,0,3,1
0,1,90.0,12,26,4,2,2,3,0,1
131,0,94.5,8,15,3,1,2,1,0,1
95,1,149.4,9,26,4,2,1,0,3,1
104,0,119.7,8,21,4,1,2,0,0,1
157,2,101.58,7,11,4,3,1,0,0,0
109,1,77.89,4,20,4,4,1,0,0,1
23,0,85.0,3,2,3,4,0,0,0,1
83,2,90.32,12,26,4,3,1,0,3,1
84,2,121.5,7,15,4,2,0,0,0,1
236,0,159.3,9,22,4,3,0,0,3,0
11,0,174.33,7,18,3,2,1,0,4,1
17,0,65.0,11,12,2,1,0,0,0,0
169,1,77.0,4,22,3,2,2,0,0,1
10,1,117.67,9,3,4,3,0,0,0,1
3,3,0.0,6,27,1,0,1,0,0,1
98,1,106.2,11,2,4,4,0,0,0,1
31,1,79.48,11,12,4,2,2,3,0,1
38,1,140.4,5,21,4,1,1,0,3,1
59,2,104.0,11,24,4,3,0,0,0,1
56,0,185.0,9,25,3,2,2,0,0,1
16,3,116.75,9,9,4,4,0,0,0,1
45,3,159.08,1,1,4,2,2,3,5,1
212,0,78.0,5,20,3,3,2,0,0,1
0,1,91.0,11,9,4,0,1,0,0,1
101,0,85.6,4,11,4,2,1,0,3,1
10,0,129.0,9,3,4,1,0,3,0,0
5,1,65.0,7,25,2,0,1,0,0,1
103,0,124.53,5,5,4,3,1,0,3,0
105,0,37.5,10,12,3,3,0,0,0,1
153,2,133.88,7,4,4,3,1,0,0,0
5,1,67.0,11,7,2,0,1,0,0,1
265,0,109.0,6,24,4,2,0,1,0,0
221,1,96.0,8,12,3,1,0,1,0,1
5,0,95.0,6,14,2,1,0,0,0,0
56,0,99.9,6,21,4,2,0,0,0,0
0,0,89.0,7,29,4,1,0,3,0,1
95,0,87.04,4,23,3,5,2,0,0,1
1,0,174.0,12,1,4,1,0,0,5,1
182,1,94.5,8,3,4,1,0,3,0,0
97,1,135.9,9,10,4,3,2,0,0,1
233,0,90.0,10,14,3,2,1,0,0,0
87,0,105.4,10,22,3,1,2,0,0,1
208,2,90.95,8,29,3,2,1,0,3,1
26,0,70.72,12,3,3,2,2,0,0,1
28,1,125.77,2,26,4,2,1,0,3,0
4,0,263.55,6,16,4,1,0,0,1,0
3,2,45.0,5,19,3,1,0,0,0,1
10,1,65.0,7,4,2,1,1,0,0,1
44,2,143.44,10,18,4,5,0,0,3,1
14,0,80.09,1,20,4,14,5,0,0,1
13,2,99.0,8,30,4,3,2,0,0,1
153,1,72.25,10,16,3,2,2,3,0,1
0,0,79.0,12,6,2,1,0,0,0,1
120,1,76.5,7,14,4,5,0,0,0,0
0,0,89.0,4,15,4,2,1,3,0,1
114,0,266.3,8,2,4,2,0,0,6,0
209,0,89.2,9,6,4,2,2,0,0,0
266,0,73.95,12,26,4,3,1,0,0,0
20,1,86.4,9,1,3,5,2,0,1,1
195,0,109.23,9,3,4,6,2,0,0,0
120,0,84.15,3,27,4,3,2,0,0,0
58,0,88.2,3,24,4,1,0,3,0,0
78,0,90.9,4,8,4,1,0,0,0,0
6,2,99.0,5,8,4,0,2,3,0,1
10,0,52.0,12,27,3,1,2,0,6,1
55,1,99.0,3,22,4,3,0,0,0,0
1,1,71.69,12,24,4,1,1,0,0,1
0,1,117.04,9,22,4,2,0,3,0,1
12,2,129.25,10,31,4,3,1,0,0,1
26,0,87.0,2,28,3,1,2,0,0,1
79,1,67.85,4,4,4,5,1,0,0,1
7,1,66.22,2,15,4,3,1,0,0,0
53,1,117.9,6,19,4,1,2,0,0,1
49,0,99.0,3,23,4,2,0,0,0,0
13,0,90.0,5,9,3,2,1,0,0,1
184,1,90.95,8,27,4,2,2,0,0,1
186,2,102.6,9,30,4,2,2,3,0,0
180,0,85.5,8,25,4,2,0,3,0,0
7,1,82.4,3,17,3,1,0,0,0,1
26,1,119.0,10,19,4,3,0,3,0,1
2,1,124.5,6,28,4,4,0,3,0,1
156,0,108.66,8,31,4,3,0,0,1,0
38,1,97.75,6,26,4,2,2,0,0,1
107,1,87.5,11,13,4,2,2,0,0,1
31,0,116.1,3,26,4,1,1,3,0,0
16,0,91.5,11,18,4,2,2,3,0,0
1,0,79.0,2,13,4,1,0,3,0,1
24,3,129.0,10,2,4,2,2,3,0,1
21,1,151.33,10,23,4,2,1,0,3,1
2,0,85.0,10,13,3,1,0,0,0,1
63,1,103.87,4,25,4,4,1,0,0,1
22,0,106.4,9,26,4,3,1,0,0,0
177,0,100.0,6,3,4,2,0,0,0,0
50,0,69.0,11,10,3,4,0,0,3,1
0,0,80.0,3,7,2,0,1,0,0,1
10,2,146.0,5,6,4,2,1,0,3,1
275,0,91.69,10,9,4,5,3,3,0,0
54,2,168.3,7,25,4,5,1,0,3,1
115,2,88.4,12,18,4,2,2,0,0,1
3,1,143.0,9,4,4,2,0,0,0,1
25,3,181.0,7,29,4,1,0,0,5,1
1,2,95.0,8,11,4,1,0,0,0,1
100,1,55.96,7,31,4,2,0,0,0,1
93,1,80.75,6,3,3,2,0,0,0,1
66,0,73.5,3,16,4,3,0,3,0,0
10,0,97.0,12,11,4,1,0,0,3,1
1,1,179.0,9,15,4,2,0,0,0,1
57,1,64.37,11,11,4,2,1,3,0,1
36,0,60.0,1,14,3,3,0,0,0,1
2,1,123.68,11,21,4,3,1,1,0,1
151,2,167.45,7,1,4,7,2,0,5,0
176,1,90.0,3,20,4,4,2,0,0,1
84,0,87.3,4,1,4,2,1,0,0,0
150,2,90.0,6,16,3,3,0,1,0,1
15,2,115.0,9,16,4,2,0,3,3,1
6,0,67.0,12,8,2,1,0,0,0,1
9,1,103.67,12,27,4,1,2,0,0,1
15,2,85.0,11,1,4,4,0,3,0,1
0,0,170.0,9,29,4,1,0,3,0,1
58,0,80.0,1,27,3,3,0,0,0,1
29,1,145.0,5,8,4,1,2,0,0,1
23,1,173.5,5,22,4,0,1,0,3,1
116,0,86.21,4,26,4,10,4,3,0,0
7,1,126.0,9,19,4,2,2,0,0,1
16,0,93.0,2,18,4,3,0,0,0,1
18,0,111.75,10,2,4,2,2,0,0,1
98,1,98.24,4,26,4,5,2,0,0,1
7,1,151.0,6,30,4,1,0,0,0,1
35,0,63.0,3,25,3,2,2,0,0,0
34,1,66.0,2,17,3,4,1,0,0,1
55,1,108.9,6,26,4,2,2,0,0,0
120,2,132.3,10,13,4,3,0,0,3,1
74,0,75.0,12,9,3,2,0,0,0,1
71,0,51.96,7,11,4,1,0,3,0,1
103,0,94.5,7,18,3,1,2,1,0,1
150,0,101.0,1,2,3,1,2,1,0,1
206,0,132.77,9,23,4,3,2,1,0,0
40,0,88.5,3,1,4,3,0,0,3,0
33,1,120.6,10,3,4,0,1,3,0,1
4,0,110.71,10,24,4,0,1,3,3,1
24,0,59.5,2,25,3,3,1,0,0,1
56,1,100.67,11,11,4,2,1,0,0,0
51,0,75.0,11,16,3,4,0,0,0,1
35,0,110.16,9,5,4,3,1,0,0,1
248,0,118.0,5,26,4,2,0,0,0,0
54,0,99.9,6,20,4,0,1,0,0,0
82,2,83.87,4,3,4,4,2,0,0,1
103,0,138.5,7,18,3,1,2,1,0,1
281,0,168.3,10,3,4,3,1,0,5,0
0,1,114.0,8,20,4,1,0,0,0,1
65,1,177.3,4,12,4,3,0,0,5,0
25,2,129.0,10,17,4,2,1,0,0,1
21,0,84.0,7,5,2,1,0,0,0,1
2,1,78.0,12,17,4,1,0,3,0,1
91,0,80.0,9,30,4,2,1,0,0,0
54,0,146.7,7,2,4,5,2,0,0,0
172,1,137.7,8,11,4,3,0,0,3,0
41,2,123.3,3,15,4,3,0,0,3,1
133,2,70.04,8,21,4,3,2,3,0,1
301,1,115.0,7,30,4,1,1,1,0,0
10,1,85.0,9,5,3,1,0,0,0,1
145,1,76.5,8,9,4,1,2,0,0,0
12,1,86.0,3,7,4,1,1,0,0,1
114,1,74.8,11,13,4,4,2,3,0,0
100,0,108.0,10,16,4,1,0,1,0,0
0,0,85.0,10,30,3,1,0,0,0,1
1,1,140.0,8,17,4,1,0,0,0,1
82,0,65.0,3,26,3,1,2,0,0,1
16,0,82.8,2,5,4,2,0,0,3,1
116,0,104.4,10,29,4,1,0,0,3,1
23,1,119.4,10,27,3,1,0,0,0,1
170,0,119.0,10,9,4,2,2,0,0,0
7,0,119.2,9,20,4,1,0,0,0,1
80,1,140.4,5,1,4,1,2,0,3,1
16,0,104.0,8,15,3,1,1,1,0,1
17,0,65.0,12,9,2,1,0,0,0,1
100,0,114.3,7,3,4,0,2,0,0,0
29,0,67.0,4,5,2,3,0,0,0,1
35,0,140.4,5,21,4,1,1,0,3,0
25,1,80.08,11,22,4,3,0,0,0,1
65,0,111.0,10,19,4,2,1,0,0,1
83,0,75.0,12,11,3,1,2,0,0,1
25,0,70.0,1,9,3,1,1,0,0,1
14,2,231.0,7,21,4,1,0,0,5,1
180,1,120.0,10,10,3,2,1,0,0,0
212,1,129.65,9,26,4,3,1,0,0,0
7,1,93.0,2,26,4,2,0,0,0,1
158,1,121.8,7,28,4,3,0,0,3,0
18,1,145.0,2,28,4,1,2,1,3,1
170,2,114.75,8,3,4,5,2,0,0,0
60,0,78.3,2,5,4,2,1,0,0,1
46,0,63.58,3,18,4,4,2,0,0,0
1,1,111.0,1,20,4,1,0,0,0,1
163,1,78.96,8,8,4,3,1,0,0,1
35,0,94.5,4,22,4,2,1,3,0,1
14,0,140.0,3,31,4,3,2,0,3,1
1,0,66.0,1,12,2,1,0,0,0,1
165,0,94.5,7,8,4,2,0,3,0,0
1,1,164.5,9,15,4,2,0,0,3,1
101,1,72.25,8,22,3,3,1,0,0,1
204,0,99.45,8,8,4,3,1,0,3,0
135,1,130.5,8,13,4,1,0,0,0,1
62,0,104.0,7,20,3,3,1,1,0,1
80,2,137.7,4,11,4,2,1,0,0,1
99,2,141.75,7,18,4,3,1,1,0,1
66,0,46.63,11,12,4,8,2,0,0,1
90,0,46.67,3,28,3,2,1,0,3,1
9,2,109.0,8,31,4,4,1,0,0,0
0,2,121.0,7,29,4,1,0,0,0,1
19,1,138.0,2,12,4,2,1,1,0,0
50,0,99.45,4,11,4,3,1,0,0,0
65,1,119.85,5,9,4,3,1,0,0,1
256,0,115.0,6,15,4,2,0,1,0,0
63,0,80.5,9,4,3,2,0,1,0,1
110,1,149.4,9,21,4,4,1,0,3,0
32,0,70.0,10,30,3,2,1,0,3,1
107,0,105.3,7,13,4,4,1,0,0,0
101,1,126.9,5,5,4,3,0,0,0,1
0,0,200.0,9,18,4,1,0,0,0,1
158,2,146.7,7,7,4,3,0,0,3,0
234,2,159.3,9,23,4,2,1,0,3,0
126,1,76.58,5,4,4,4,0,0,0,1
184,0,122.4,10,4,4,3,0,0,3,0
52,0,67.5,2,25,4,3,0,3,0,0
116,0,70.0,2,28,3,0,2,0,0,1
72,2,119.0,12,20,4,4,0,0,3,1
57,1,158.4,10,17,4,3,1,0,3,0
40,1,67.76,11,18,4,2,1,3,0,1
32,1,85.5,11,2,4,0,1,3,0,1
64,1,140.0,5,17,2,2,0,0,0,1
303,1,73.95,12,6,4,4,0,0,0,0
192,0,99.45,8,4,4,3,1,0,0,0
16,2,210.0,9,26,4,2,2,0,0,1
132,1,90.9,7,3,4,0,2,1,0,1
71,0,95.25,3,3,4,3,1,0,0,1
1,0,59.03,11,25,4,1,0,3,0,1
13,0,260.5,4,25,4,3,1,1,5,0
22,0,139.0,9,26,4,3,1,0,0,0
19,1,131.35,12,28,4,4,0,0,3,1
1,1,77.03,12,5,4,5,3,3,0,1
6,0,89.0,6,13,4,0,1,3,0,1
182,0,137.7,8,7,4,1,2,0,3,0
54,2,118.8,10,2,4,0,2,0,0,1
66,2,138.99,7,15,4,5,2,0,3,1
2,1,89.0,5,8,4,0,1,3,0,1
175,2,85.5,7,23,4,1,1,3,0,1
55,1,93.6,11,25,4,1,0,0,0,1
55,2,113.4,6,21,4,2,0,0,3,1
166,1,100.3,6,19,4,2,2,0,0,0
20,0,131.2,9,26,4,3,1,0,3,0
4,2,120.0,2,5,4,2,0,0,0,1
85,0,98.0,12,3,4,1,1,0,0,0
35,0,540.0,3,25,3,1,0,0,0,0
61,2,78.54,10,19,4,3,1,0,3,1
64,0,103.5,7,25,4,0,1,3,0,1
16,0,95.0,10,2,2,1,2,0,0,1
40,2,130.9,12,4,4,2,2,0,3,1
94,1,65.84,11,13,4,4,2,0,0,1
22,1,138.0,8,1,4,0,1,0,0,1
132,2,153.0,11,25,4,2,0,0,5,1
124,0,135.0,10,9,4,0,2,0,3,0
53,1,168.3,8,6,4,1,0,0,3,1
183,1,98.25,7,4,4,3,1,3,0,0
57,0,75.0,11,11,3,2,0,0,0,1
7,0,95.0,5,30,2,1,1,0,0,1
7,0,143.0,5,11,4,3,0,0,0,0
35,2,96.0,11,15,4,3,0,0,0,1
164,0,99.45,7,27,4,5,2,0,0,0
99,2,150.3,8,8,4,1,1,0,3,1
153,1,94.5,7,29,4,1,0,3,0,1
185,0,79.2,12,16,4,2,1,3,0,0
155,1,137.7,7,16,4,1,1,0,3,0
180,0,80.75,5,23,3,5,1,0,0,1
111,1,132.6,6,9,4,3,1,0,3,1
85,0,102.43,4,28,4,3,1,3,0,0
109,0,75.0,5,30,3,2,1,0,0,1
0,1,105.34,5,24,4,1,0,3,0,1
3,3,0.0,6,20,1,0,1,0,3,1
81,0,92.1,2,24,3,3,0,0,0,1
3,1,97.0,6,23,4,1,0,3,0,1
92,1,80.3,3,7,4,2,1,0,0,1
18,0,54.0,1,2,3,1,0,0,0,1
8,2,126.0,9,16,3,2,1,0,0,1
54,0,80.3,3,4,4,2,0,0,0,1
1,1,124.0,8,2,4,2,0,3,0,1
8,0,142.67,6,8,4,3,0,0,3,0
17,0,118.0,9,2,4,1,0,3,0,1
15,1,65.0,12,27,3,1,0,0,0,1
65,0,100.0,10,2,3,2,0,0,0,1
11,1,89.0,1,29,4,2,1,0,0,1
5,0,91.0,2,16,4,3,0,0,0,1
3,1,194.0,9,22,4,1,0,0,3,1
186,1,118.8,8,10,4,2,0,0,3,0
184,2,90.9,10,17,4,3,1,0,0,1
214,1,81.5,7,12,4,4,0,0,1,0
30,0,143.55,9,24,4,1,1,0,3,1
103,0,95.0,5,4,3,3,0,0,0,0
4,1,75.08,12,7,4,2,0,0,0,1
5,0,65.0,1,13,3,1,0,0,0,1
136,0,80.75,9,4,3,2,2,0,0,1
77,1,140.4,8,3,4,5,2,0,3,1
187,0,84.72,8,26,4,7,2,3,0,0
92,1,76.5,7,31,4,1,0,0,0,0
0,0,149.0,8,27,4,1,1,3,0,1
3,4,155.68,9,20,4,3,0,0,1,1
21,0,65.0,12,17,2,2,0,0,0,1
84,1,118.15,4,27,4,4,0,0,3,1
1,4,0.0,8,12,4,2,0,0,1,1
335,2,90.0,10,13,3,3,0,0,0,1
349,0,123.33,10,4,3,5,1,0,0,0
2,1,134.0,10,5,4,1,0,3,0,1
73,0,76.5,4,3,4,1,2,3,0,0
37,1,79.8,2,15,4,5,1,0,0,1
287,0,100.3,9,29,4,3,1,0,0,0
219,1,152.99,8,30,4,2,0,0,5,0
0,0,79.0,2,15,2,0,1,0,0,1
11,1,156.0,6,20,4,1,1,0,3,0
187,3,108.9,10,7,4,2,1,0,0,1
91,0,82.45,7,15,3,2,1,0,3,1
125,2,136.0,9,7,4,4,0,0,0,1
23,0,69.0,12,9,4,4,1,0,0,1
5,0,85.0,2,20,4,5,2,0,0,0
76,0,142.2,7,10,4,2,2,0,3,1
0,0,75.0,8,10,4,0,1,3,0,0
47,0,75.0,3,29,3,3,0,0,0,1
32,1,124.0,11,4,4,1,0,0,0,0
97,2,159.3,8,20,4,1,2,0,3,1
2,0,75.0,8,13,4,2,0,0,0,1
64,1,126.9,4,29,4,2,1,0,0,0
7,0,109.0,10,26,4,1,0,0,0,1
0,0,77.71,8,30,4,2,0,3,0,1
229,0,89.25,10,22,4,2,2,0,0,0
86,0,100.0,9,9,2,3,0,0,0,1
70,2,68.0,3,16,4,4,0,3,0,1
2,2,162.47,4,27,4,4,1,0,5,1
85,1,96.3,4,17,4,1,2,0,0,1
47,1,99.4,2,29,4,3,1,0,3,1
18,2,139.0,11,3,4,3,0,0,3,1
214,1,80.75,7,29,4,2,2,3,0,1
0,0,80.0,12,25,4,0,2,3,0,1
22,2,109.0,5,29,4,0,1,3,0,1
22,1,89.0,9,11,4,0,1,3,0,1
16,0,65.45,9,21,3,1,1,0,0,1
8,3,97.0,11,15,4,4,0,0,0,1
6,2,149.0,9,15,4,2,0,3,0,1
11,1,114.0,11,14,4,3,1,0,0,1
95,2,119.0,12,7,4,4,0,0,3,1
6,0,55.0,12,3,3,2,0,0,0,1
144,0,118.8,9,22,4,3,1,3,0,0
112,0,132.6,6,1,4,4,0,0,3,0
29,2,98.98,10,13,4,4,0,0,0,1
91,0,116.1,5,21,4,1,1,3,0,1
119,0,166.5,10,22,4,1,1,1,3,0
128,0,103.5,7,7,4,3,0,3,0,0
17,1,183.0,9,16,4,1,0,0,3,1
150,0,80.75,9,26,3,0,1,0,0,1
162,0,158.56,12,26,4,5,2,0,0,1
22,1,79.0,2,16,4,2,0,3,0,1
57,0,84.6,7,18,4,0,1,3,0,1
90,2,149.4,9,8,4,1,0,0,3,1
6,0,79.0,2,26,4,2,0,3,0,0
30,1,118.2,10,23,4,2,1,0,3,1
87,0,90.0,9,11,2,1,0,0,0,0
3,5,266.67,9,26,4,2,1,0,5,1
73,0,159.3,4,3,4,1,2,0,5,0
1,0,91.0,11,17,4,1,0,0,0,1
332,3,63.75,12,23,4,4,2,3,0,1
37,0,211.5,6,10,4,3,2,0,5,0
82,1,89.25,9,19,4,4,2,0,0,1
15,2,115.0,9,16,4,1,0,3,3,1
67,1,119.0,12,4,4,2,2,0,3,1
58,1,131.4,6,28,4,4,0,0,3,1
5,1,0.0,12,5,1,0,1,0,0,1
210,0,86.0,10,8,3,3,1,1,0,0
9,2,154.4,3,18,4,3,2,0,0,1
8,0,101.0,2,6,2,1,0,0,6,1
7,0,40.0,11,15,2,1,0,0,0,1
45,0,86.4,11,19,4,1,1,0,0,0
97,3,121.14,10,22,4,3,2,0,3,1
4,0,68.0,11,6,3,2,2,0,0,1
23,0,125.0,4,10,4,2,2,0,3,1
14,0,77.88,1,28,4,4,2,0,1,1
190,0,112.5,10,28,4,2,1,0,0,0
178,2,221.0,7,20,4,2,0,0,6,0
142,0,110.75,5,29,3,5,2,1,0,1
5,0,229.46,10,4,4,5,0,0,6,0
71,0,105.4,4,24,4,3,2,0,3,0
72,0,62.38,3,24,3,3,1,0,0,1
35,1,97.4,3,5,4,1,2,0,3,1
83,0,0.0,12,17,1,0,0,0,0,1
9,0,154.33,8,12,4,2,1,0,0,1
7,0,65.0,12,9,2,1,0,0,0,1
69,2,95.85,10,30,4,2,2,0,0,1
132,1,107.0,4,6,4,2,0,0,0,0
75,0,135.9,8,14,4,0,2,0,0,0
35,0,99.0,9,26,4,0,1,3,0,0
13,0,118.0,4,10,4,0,2,0,0,1
152,0,56.52,10,29,3,3,1,0,0,1
17,1,126.0,10,5,4,0,1,0,0,1
41,0,60.0,12,27,3,1,0,0,0,1
238,1,107.0,9,20,3,4,0,0,3,0
54,1,125.1,9,18,4,0,1,3,0,1
145,0,80.75,5,18,3,4,0,0,0,1
37,1,108.8,12,27,4,4,0,0,0,1
25,1,81.0,12,12,2,1,0,0,0,1
17,0,38.0,1,16,3,1,2,0,0,1
35,1,145.35,9,18,4,2,0,0,0,1
6,1,101.0,3,21,4,2,1,0,0,1
87,2,137.7,7,17,4,0,1,0,3,1
259,1,73.95,12,7,4,4,0,0,0,1
1,1,90.33,12,10,4,1,2,3,0,1
183,0,110.0,9,8,4,3,0,0,0,0
81,2,150.45,5,16,4,3,1,0,3,1
151,0,70.0,1,19,3,2,0,0,0,1
34,1,89.1,6,26,4,0,2,3,0,1
11,1,111.0,11,18,4,2,0,0,0,0
160,0,97.75,7,6,4,4,0,3,0,0
160,1,103.22,6,12,4,2,2,0,1,0
7,2,124.0,12,13,4,2,0,0,0,1
34,0,159.3,3,25,4,2,0,0,3,0
28,2,135.0,11,10,4,3,0,3,0,1
33,0,85.5,4,5,3,4,0,0,0,1
33,1,117.9,5,21,4,1,1,0,0,1
62,0,117.9,6,9,4,3,0,0,0,1
122,0,94.5,5,17,4,3,0,3,0,1
183,1,93.08,8,24,4,4,0,0,0,0
13,0,72.22,12,6,4,1,2,0,3,1
56,0,130.05,4,7,4,3,1,0,3,1
62,0,152.1,8,21,4,0,1,0,0,0
12,1,77.25,12,24,4,2,0,0,1,1
12,2,146.0,6,14,4,4,0,0,3,1
11,1,120.0,12,30,4,2,0,3,0,1
17,1,91.0,3,14,4,3,1,0,0,1
60,1,63.49,3,12,4,2,2,0,3,1
66,0,111.92,12,31,4,3,2,0,0,1
85,0,99.3,4,7,4,3,0,0,3,0
12,2,130.0,10,25,4,3,0,0,0,1
1,1,232.5,11,6,4,0,2,0,3,1
95,2,79.8,10,30,4,1,2,3,0,0
73,1,149.4,9,19,4,3,1,0,3,0
48,1,93.5,3,20,4,3,2,0,0,1
140,0,140.98,12,27,4,3,0,0,5,0
90,1,76.5,8,23,4,3,2,0,0,1
5,2,80.0,1,30,4,1,0,0,0,1
88,1,167.4,11,7,4,3,1,0,0,1
2,2,114.73,9,15,4,1,0,3,0,1
79,0,152.4,6,16,4,4,2,0,3,1
128,2,163.2,7,1,4,4,2,0,5,1
0,0,100.0,10,15,3,2,0,0,0,1
10,0,79.75,1,30,4,6,2,3,0,1
0,0,105.0,11,25,3,2,2,1,0,0
75,0,80.75,6,25,3,1,2,0,0,1
63,2,123.66,10,24,4,3,1,1,3,1
78,1,83.85,3,1,4,8,2,0,3,1
112,1,72.25,7,7,3,3,2,0,0,1
5,0,165.0,7,1,4,1,0,0,3,1
338,1,45.33,10,7,3,2,1,0,0,1
92,1,93.3,4,7,4,3,0,0,0,1
160,0,90.0,4,27,3,4,2,0,0,0
141,0,132.0,6,3,3,2,1,0,0,1
197,0,43.8,12,21,3,4,1,1,0,1
17,1,135.0,9,25,4,2,2,0,0,1
4,1,102.0,2,7,4,0,2,0,0,1
214,0,90.9,8,16,4,3,0,0,0,0
46,0,99.0,10,30,4,0,1,3,0,0
122,0,85.0,4,15,3,2,0,0,0,0
5,0,90.0,10,19,2,1,1,0,5,1
0,0,95.0,2,14,4,0,1,0,0,1
35,3,138.0,10,9,4,1,2,0,0,1
7,0,195.7,9,29,4,1,0,0,0,1
286,0,90.0,10,16,4,0,1,0,0,0
4,1,183.5,8,5,4,1,0,0,3,1
56,0,97.2,11,11,4,2,0,0,0,1
7,0,89.0,4,11,4,0,1,3,0,1
27,0,65.0,10,12,2,1,0,0,0,1
220,0,95.62,8,11,4,1,0,0,1,0
28,0,104.0,11,25,4,2,1,0,0,0
14,0,182.0,3,26,4,1,1,0,3,0
123,0,162.0,9,20,4,5,1,0,3,0
111,1,120.0,10,10,3,2,1,0,0,1
5,0,65.0,7,10,2,0,2,0,0,1
162,0,85.5,6,30,4,1,0,3,0,0
0,0,69.99,4,20,4,1,0,0,0,1
72,1,168.3,9,6,4,2,0,0,3,1
130,0,107.95,7,6,4,4,1,0,0,1
2,0,147.0,3,31,4,2,0,0,3,1
1,0,83.2,11,10,4,4,0,0,0,1
55,1,58.94,1,25,4,3,1,0,0,1
15,2,187.0,7,4,4,1,1,0,3,1
23,0,104.0,12,16,4,1,0,0,0,1
249,1,86.62,8,27,4,1,1,0,1,0
37,1,84.45,1,12,4,2,0,0,3,1
287,1,90.95,10,19,4,4,1,0,0,1
88,1,85.0,9,12,3,0,1,0,0,1
7,2,67.0,12,14,2,2,0,0,0,1
7,1,89.59,11,27,4,3,2,0,0,1
6,2,95.5,8,30,4,2,2,0,0,1
55,0,112.59,9,28,4,2,0,3,0,0
0,0,0.0,12,10,1,1,0,0,0,1
161,0,130.0,3,25,4,2,1,1,0,0
120,0,74.8,11,27,4,5,2,3,0,0
13,1,90.0,8,25,4,2,0,0,0,1
28,0,110.0,11,2,4,1,0,3,0,0
10,0,118.0,3,18,4,2,0,0,0,0
34,1,103.5,10,12,4,2,1,0,0,1
11,0,87.0,2,14,3,1,2,0,0,1
1,2,80.0,2,11,4,1,0,3,0,1
126,0,126.0,8,15,4,4,1,0,3,1
158,1,90.0,11,25,4,2,0,0,0,0
233,0,90.0,10,14,4,2,1,0,0,0
19,2,74.8,11,24,4,3,1,3,0,1
144,0,72.25,7,16,3,5,2,0,0,1
61,1,78.9,2,29,4,2,1,0,0,0
121,0,74.54,5,14,4,3,2,0,0,1
80,1,94.6,11,4,4,2,1,0,0,1
143,0,90.0,11,12,4,1,2,0,0,0
13,2,119.0,6,9,4,1,0,0,0,1
13,2,169.5,5,5,4,3,1,0,3,1
144,1,106.54,8,18,4,1,0,0,1,1
260,0,113.4,9,22,4,3,0,3,0,0
3,1,183.0,2,29,4,3,1,0,5,1
0,0,153.0,8,8,4,1,0,0,5,1
359,3,78.0,10,14,3,3,2,0,0,1
20,2,211.0,6,8,4,4,0,0,5,1
38,0,95.2,12,27,4,4,0,3,0,1
126,1,80.75,6,2,3,3,0,0,0,1
54,1,0.0,11,24,1,1,0,0,0,1
2,0,0.0,1,23,1,1,0,0,3,1
3,0,75.0,12,25,3,2,1,0,0,1
58,1,94.5,6,22,4,2,0,0,0,1
148,2,79.9,8,28,4,3,2,0,0,0
147,0,97.75,8,8,4,3,1,3,0,0
301,0,109.0,7,30,4,1,1,1,0,0
178,2,122.4,10,6,4,3,0,0,3,0
8,2,187.43,9,23,4,5,2,0,0,1
4,0,121.6,8,20,4,1,0,0,0,0
28,0,118.15,8,29,4,3,1,0,0,1
107,0,127.93,5,28,4,2,2,0,0,0
13,0,85.0,2,4,4,6,2,0,0,0
210,0,72.25,8,15,3,5,2,0,0,1
13,2,88.4,12,18,4,4,2,0,0,1
17,0,87.0,2,21,3,1,2,0,0,1
70,0,80.75,5,2,3,4,1,0,0,0
174,0,162.9,10,29,4,2,2,0,5,0
74,1,85.5,4,25,4,2,1,0,0,1
95,2,108.0,10,8,4,2,2,3,0,1
153,0,111.78,6,7,4,6,2,0,0,0
14,1,96.0,9,15,4,1,0,0,0,1
18,1,129.0,9,26,4,0,1,3,0,0
22,0,141.0,6,15,4,2,0,0,0,0
1,1,68.76,11,27,4,1,2,0,0,1
179,0,119.85,9,2,4,3,2,0,0,0
127,1,89.25,5,9,4,3,1,3,0,0
160,1,107.61,5,23,4,4,1,0,0,0
115,2,68.0,7,10,4,3,2,0,0,0
4,2,176.0,7,27,4,4,0,0,3,1
46,0,86.4,12,7,4,3,0,0,0,0
87,0,72.25,7,11,3,6,3,0,0,1
25,0,146.2,11,7,4,3,1,0,3,1
124,0,96.9,7,14,3,5,2,0,0,1
78,1,154.29,12,29,3,3,1,0,0,1
5,0,97.0,3,6,3,0,1,0,0,1
15,0,138.5,10,6,4,3,0,0,0,1
126,0,139.5,8,3,4,1,0,1,0,0
47,1,128.0,10,27,4,1,0,0,0,1
24,1,104.0,12,15,4,3,0,0,0,1
110,2,190.8,10,14,4,2,0,0,5,1
13,1,115.0,8,1,4,0,1,0,0,1
39,2,170.1,8,13,4,3,2,1,0,1
29,1,139.0,8,8,4,0,1,3,0,1
42,1,97.63,3,20,4,2,2,0,0,1
44,2,89.1,10,16,4,0,1,3,0,1
7,0,117.9,5,24,2,1,0,0,0,1
2,0,91.67,12,5,2,6,3,0,0,1
118,1,104.4,10,29,4,1,2,0,3,1
14,2,184.0,9,22,4,1,0,0,3,1
29,2,111.67,9,25,4,1,2,3,0,1
88,0,75.0,12,18,3,1,2,0,0,1
118,1,137.7,8,1,4,1,1,0,3,1
61,1,109.8,12,2,4,2,1,0,0,1
35,0,87.3,2,10,4,4,0,0,0,0
198,1,159.3,9,22,4,3,0,0,3,0
31,3,152.1,7,13,4,2,0,0,0,1
97,0,102.0,9,17,4,3,0,0,3,0
17,0,65.0,12,9,2,1,0,0,0,1
112,0,99.95,5,7,4,1,1,3,0,1
9,0,56.0,3,2,2,2,0,0,0,1
91,0,135.9,8,3,4,1,0,0,0,0
37,1,69.5,2,12,4,2,1,0,1,1
320,0,115.0,8,18,3,2,0,1,0,0
23,2,88.0,12,7,4,1,0,3,0,1
1,0,101.0,4,13,4,1,0,0,0,1
6,2,90.0,8,12,4,4,0,0,0,1
64,0,71.6,3,5,4,2,2,0,0,1
4,0,72.25,10,19,3,3,1,0,3,1
20,1,156.0,5,21,4,1,0,0,3,1
56,1,125.1,7,27,4,1,0,3,0,1
40,0,75.0,10,28,3,3,0,0,3,1
207,1,123.25,8,29,4,3,1,0,0,0
88,1,79.2,12,15,4,3,0,3,0,1
33,0,95.0,1,25,2,2,1,0,0,1
111,0,120.0,10,10,4,0,1,0,0,0
0,0,76.0,1,21,2,1,0,0,0,1
1,0,51.5,2,7,3,1,2,0,3,1
3,1,107.0,8,11,4,2,0,0,0,1
48,1,149.4,8,1,4,1,1,0,3,0
110,1,121.59,5,13,4,2,0,0,3,1
20,0,80.0,11,4,4,1,0,3,0,0
17,1,97.77,8,28,4,10,4,0,0,0
6,1,109.5,2,24,4,4,0,0,3,1
1,0,67.0,5,18,2,1,0,0,0,1
3,0,72.25,10,22,3,3,0,0,3,1
109,0,92.65,12,27,3,3,0,0,0,1
160,0,90.0,4,27,4,4,2,0,0,0
75,0,105.0,10,30,3,0,2,1,0,0
236,0,90.95,9,3,3,2,2,0,3,1
82,3,150.3,8,19,4,2,0,0,3,1
5,0,110.0,10,1,2,1,0,0,0,0
160,1,128.35,5,27,4,2,0,0,3,0
30,0,82.08,10,17,4,1,1,3,0,1
0,0,65.0,9,7,2,2,1,0,0,1
244,1,68.25,10,30,4,1,2,0,0,1
135,2,131.4,12,28,4,1,0,0,3,0
51,1,148.75,11,4,4,2,2,0,0,1
58,1,116.1,6,10,4,1,0,3,0,1
78,1,115.68,8,19,4,2,1,0,1,1
5,1,81.73,1,24,4,1,2,0,3,1
63,0,140.4,5,10,4,3,0,0,3,0
61,1,79.2,11,17,4,3,0,3,0,1
336,0,81.88,9,21,3,6,2,0,0,1
181,1,72.75,8,6,4,5,2,0,0,1
7,1,152.0,9,14,4,2,1,0,0,1
88,1,136.06,11,7,4,3,1,0,0,0
231,1,100.3,9,11,4,2,2,0,1,0
84,0,89.75,3,24,4,3,1,3,0,1
9,0,166.0,7,21,4,1,0,0,3,0
85,0,52.36,7,5,4,1,2,0,0,0
47,2,87.0,12,24,4,1,0,0,0,1
12,1,139.0,10,7,4,3,0,0,0,1
179,1,90.95,7,17,4,2,2,0,0,1
71,1,68.47,11,3,4,3,0,0,0,1
91,1,90.9,4,12,4,3,0,0,0,1
48,2,184.26,8,25,4,3,2,0,6,1
8,1,95.0,4,29,3,2,1,0,0,1
12,0,79.0,2,23,4,1,0,3,0,0
22,0,108.5,2,13,4,4,2,0,0,1
12,0,139.0,7,24,4,0,1,3,0,1
63,0,168.3,8,8,4,0,1,0,3,0
15,0,80.0,2,19,2,1,0,0,0,1
13,0,85.32,5,30,4,3,1,0,0,1
0,1,65.0,2,24,2,1,0,0,0,1
10,0,110.0,5,29,2,5,3,0,0,1
7,0,110.0,10,27,0,3,1,0,3,1
3,0,96.0,3,6,4,0,1,0,0,1
38,1,137.7,4,10,4,3,2,0,0,1
26,1,103.76,10,3,4,3,1,3,0,1
27,1,80.85,10,4,4,0,1,0,0,1
271,1,101.33,9,21,4,3,0,0,0,0
126,0,103.5,5,7,4,1,0,3,0,0
4,1,139.0,8,28,4,0,1,0,0,1
52,1,186.3,7,31,4,0,2,0,3,1
5,0,158.0,10,3,4,1,1,0,0,1
36,0,0.0,12,3,1,1,1,0,0,1
71,0,105.4,4,27,4,4,0,0,0,1
5,0,117.0,11,4,4,1,0,0,3,1
2,1,136.0,3,23,4,3,0,0,0,1
4,2,145.0,10,25,4,4,0,0,0,1
66,1,137.7,4,22,4,2,0,0,3,0
235,1,96.3,8,6,4,1,1,0,0,1
61,0,118.8,4,7,4,3,0,0,3,1
115,1,114.3,5,16,4,1,1,0,0,1
49,1,65.49,3,10,4,3,1,0,3,1
8,1,81.0,2,26,4,2,0,3,0,1
9,2,114.5,9,7,4,1,1,0,0,1
47,0,98.1,11,22,3,1,0,0,0,1
61,0,118.8,4,22,4,2,1,0,3,0
106,0,38.67,3,10,3,3,0,0,0,1
8,2,132.6,5,21,4,1,2,0,3,1
2,0,89.0,3,22,4,1,0,3,0,1
34,1,94.95,9,13,4,4,2,3,0,1
56,2,108.0,11,2,4,3,0,0,0,1
96,0,97.88,10,24,4,3,1,0,0,0
84,0,126.9,5,16,4,2,1,0,0,0
82,1,121.5,6,10,4,2,0,0,0,1
20,1,83.8,2,8,4,1,1,0,0,1
150,0,90.1,7,25,4,15,5,3,0,0
12,1,125.0,5,30,4,0,1,0,0,1
146,2,106.25,6,28,4,5,0,0,0,1
87,0,74.15,4,14,4,1,0,0,0,0
135,2,127.8,7,17,4,0,2,0,3,1
7,2,151.0,8,4,4,3,0,0,0,1
21,2,121.2,11,11,4,2,2,0,3,1
183,1,112.0,8,9,4,3,0,0,0,0
5,0,129.65,10,28,4,4,2,0,3,1
90,0,80.75,4,16,4,2,2,0,0,1
0,0,95.0,10,17,2,0,1,0,0,1
92,0,49.74,7,5,4,3,2,0,0,0
19,2,89.3,1,29,4,2,1,0,0,1
49,2,88.4,11,14,4,4,1,0,0,1
90,1,109.8,12,18,4,0,2,0,0,1
44,1,117.9,6,28,4,5,1,0,0,1
77,1,111.72,3,22,4,5,2,0,5,1
124,3,146.03,11,6,4,2,2,0,0,1
95,1,103.29,5,6,3,2,0,0,3,0
19,2,140.05,4,9,4,7,4,0,0,1
96,0,78.2,11,6,3,5,2,0,3,0
52,1,140.4,5,15,4,1,2,0,3,1
31,0,70.0,2,4,2,2,0,0,0,0
105,0,110.97,10,28,2,2,1,0,4,1
117,2,104.4,10,28,4,2,2,0,3,1
3,0,138.5,7,11,3,1,2,1,0,1
20,1,115.0,6,22,4,2,0,0,0,1
186,2,90.95,7,12,4,5,0,0,0,0
0,0,111.2,5,5,2,1,0,0,0,1
114,0,99.9,5,2,4,1,1,0,0,0
11,2,205.0,11,7,4,2,1,0,0,1
9,0,127.67,3,28,4,5,1,0,0,1
281,0,126.3,10,3,4,3,1,0,3,0
8,1,85.96,3,4,4,2,2,0,1,0
160,1,97.56,7,18,4,6,3,0,0,1
53,1,91.48,3,6,4,0,1,0,3,1
3,1,79.0,11,26,2,1,0,0,0,1
59,1,118.8,10,2,4,1,2,0,0,0
29,1,72.0,2,11,4,3,0,3,0,1
9,1,123.2,11,10,4,3,0,0,0,1
16,0,132.33,6,13,4,2,1,0,0,0
1,0,65.0,3,29,2,1,0,0,0,1
59,0,75.0,11,19,3,1,1,0,0,1
47,0,85.0,8,22,3,3,1,0,0,1
28,0,85.0,10,20,3,3,0,0,0,1
1,0,99.0,4,18,4,0,1,3,0,1
317,0,120.0,9,15,4,2,0,0,0,0
87,0,79.2,12,25,4,0,2,3,0,1
14,1,147.0,5,29,4,0,1,0,3,1
47,1,68.07,11,21,4,4,1,0,0,1
35,1,88.4,11,16,4,4,0,0,0,1
141,1,109.8,6,30,4,3,0,0,3,0
5,0,94.5,8,15,3,1,2,1,0,1
27,0,139.0,7,8,4,1,0,3,0,0
19,1,65.1,9,11,4,0,2,3,0,0
26,0,65.0,7,11,2,0,1,0,0,1
190,1,108.45,8,9,4,4,0,0,0,0
7,0,111.33,9,7,4,2,1,0,0,1
119,0,99.3,4,29,4,2,1,0,0,1
60,1,126.9,5,21,4,1,1,0,0,1
10,0,120.0,11,10,4,1,0,0,0,0
32,0,85.0,11,20,3,2,0,0,0,1
112,1,111.78,5,4,4,4,0,0,0,1
1,1,115.0,6,7,4,2,0,0,0,1
122,1,108.0,10,4,4,1,0,3,0,0
13,1,134.75,11,7,4,1,1,3,0,1
181,1,99.45,8,11,4,3,2,0,0,0
212,1,70.0,5,20,3,3,2,0,0,1
16,1,88.8,3,3,4,3,1,0,3,1
64,1,69.5,2,9,4,3,0,0,1,1
128,0,81.25,7,7,3,3,2,0,0,1
118,1,109.65,5,11,4,4,0,0,0,1
2,3,196.0,10,10,4,1,2,0,5,1
93,1,109.83,8,13,4,1,0,0,1,1
74,0,102.68,9,18,3,0,2,0,0,1
120,0,94.86,4,5,4,4,0,0,4,1
203,0,120.7,12,30,4,2,2,0,3,1
202,1,120.0,10,15,4,1,2,0,3,0
163,0,96.88,9,10,3,5,2,0,0,1
9,1,90.0,3,7,4,0,1,3,0,1
30,0,110.97,9,4,4,0,2,0,3,0
59,1,78.35,7,3,4,2,2,3,0,1
21,0,85.0,10,4,3,3,0,0,0,1
262,0,106.0,11,14,2,2,1,0,4,0
3,0,95.0,10,16,3,3,2,0,0,1
0,1,117.04,10,9,4,2,0,3,0,1
0,0,65.0,3,28,2,0,1,0,0,1
84,1,90.3,3,27,4,1,2,0,0,0
5,1,149.0,7,5,4,2,0,0,0,1
16,1,95.0,9,10,3,1,0,0,0,1
60,1,116.1,6,1,4,1,0,3,0,1
132,0,137.7,8,2,4,3,0,0,3,0
57,1,111.6,5,18,4,2,0,3,0,1
240,0,140.4,9,30,4,2,0,0,3,0
3,0,95.0,9,12,3,2,1,0,0,1
90,1,90.3,4,9,4,1,2,0,0,1
6,2,138.0,12,30,4,2,0,0,0,1
150,2,99.45,7,24,4,4,2,0,0,1
89,2,72.25,11,23,4,2,1,0,0,1
44,0,75.0,11,2,3,2,0,0,0,1
26,0,85.0,10,9,3,2,2,0,0,1
38,1,81.0,9,19,3,2,1,0,0,1
0,0,85.0,2,24,4,1,0,3,0,1
17,1,103.5,9,10,4,8,2,0,0,0
80,2,126.9,5,13,4,2,0,0,0,1
5,0,70.0,10,28,3,4,0,0,0,1
1,0,0.0,8,14,1,2,1,0,1,1
102,1,72.25,12,19,4,4,2,0,0,0
11,0,88.5,10,23,3,2,2,0,0,1
179,0,137.7,8,22,4,0,1,0,3,0
1,1,79.0,6,13,4,1,1,3,0,1
67,0,75.95,3,10,4,3,1,0,0,1
13,2,102.0,9,13,4,2,2,0,0,1
96,1,116.1,5,23,4,0,1,3,0,1
20,2,96.9,12,21,4,4,2,0,3,1
67,1,128.7,4,3,4,1,2,0,3,0
1,0,101.0,3,3,4,2,0,0,0,0
3,1,201.0,8,1,4,0,1,0,5,1
83,1,101.15,9,4,3,0,1,0,4,1
151,2,133.45,7,29,4,3,2,0,0,0
130,1,105.3,5,5,4,3,0,0,0,0
4,0,75.51,11,26,4,2,2,0,3,1
110,0,190.8,10,14,4,2,0,0,5,0
53,1,88.4,11,21,4,4,1,0,0,1
243,0,80.75,9,27,3,6,2,0,0,1
12,0,65.0,9,14,2,3,1,0,0,0
5,1,130.0,8,20,4,1,0,0,0,1
80,1,117.9,8,12,4,2,0,0,0,1
195,2,96.3,10,28,4,2,2,0,0,1
21,0,139.0,5,31,4,3,0,0,0,0
10,0,95.0,5,29,3,3,2,0,0,1
1,2,91.38,11,20,4,2,2,0,0,1
89,0,135.9,9,2,4,2,0,0,0,0
150,2,76.5,8,13,4,3,0,0,0,1
14,1,112.0,11,3,4,1,0,0,0,0
162,1,99.45,7,5,4,4,0,0,0,1
76,0,94.0,7,24,4,1,2,3,0,1
41,0,174.0,9,5,4,2,1,0,5,0
153,1,121.5,5,28,4,1,2,0,3,0
16,0,86.25,1,18,4,3,1,0,1,1
100,1,152.1,8,16,4,2,0,0,3,1
105,0,65.0,9,28,2,1,0,0,0,1
48,2,97.2,11,4,4,2,0,0,0,1
84,0,122.0,12,22,4,1,0,0,0,0
34,0,122.4,6,19,4,1,2,0,3,0
245,0,75.0,6,17,4,2,0,0,0,0
221,1,48.0,8,12,3,1,0,1,0,1
101,3,87.67,6,8,4,4,0,0,0,1
63,0,63.75,8,15,3,2,1,3,0,1
228,2,115.6,10,5,4,4,2,0,3,0
96,1,94.35,4,9,4,3,2,0,3,1
114,0,57.73,3,11,4,1,0,0,0,1
25,0,126.0,6,12,4,1,2,0,3,0
15,2,242.33,3,3,4,3,0,1,5,1
54,2,74.15,10,3,4,3,2,0,0,1
7,0,65.0,9,8,2,2,0,0,0,1
18,1,67.22,2,9,4,2,0,0,0,1
1,0,95.0,4,6,0,2,0,0,0,1
4,2,0.0,4,18,4,0,1,0,4,1
80,2,131.4,8,27,4,1,1,0,0,1
119,1,119.85,6,15,4,4,0,0,0,0
3,0,110.21,5,2,3,2,1,0,0,1
84,0,75.34,3,30,3,4,1,0,0,1
46,2,128.6,11,19,4,1,2,0,0,1
10,0,99.0,11,6,3,3,2,0,0,1
8,0,130.0,4,13,2,15,6,0,0,0
26,1,139.0,9,25,4,1,2,0,0,1
9,0,111.35,5,31,4,1,0,0,0,0
336,0,84.13,9,21,3,6,2,0,0,1
95,1,131.4,8,25,4,3,0,0,3,1
5,0,156.6,12,4,4,0,1,0,5,1
159,0,118.3,8,5,4,1,0,0,0,0
28,1,116.25,9,5,4,3,1,0,0,1
71,0,98.0,5,10,3,3,0,1,0,1
2,0,87.78,5,31,4,3,0,3,0,1
3,0,120.0,8,17,2,2,1,0,0,0
118,1,58.9,8,26,4,4,0,0,0,0
54,0,132.6,5,12,4,3,2,0,3,0
89,1,168.3,9,20,4,3,0,0,3,1
133,0,97.92,9,4,3,0,2,0,0,1
6,0,89.0,11,4,4,1,0,0,0,1
1,0,0.0,11,20,4,2,0,0,0,1
11,0,1.48,12,30,4,2,0,0,3,1
6,0,72.25,6,15,3,4,1,3,0,1
3,1,109.73,11,4,4,2,0,0,0,1
132,0,139.0,7,7,4,3,0,3,0,0
10,0,119.0,10,14,3,2,0,0,0,1
150,1,135.0,8,17,4,2,0,0,0,1
10,0,97.0,3,11,4,2,1,3,0,1
65,1,100.0,10,2,3,2,0,0,0,1
3,1,86.0,2,1,4,2,1,0,0,1
71,0,112.5,6,30,4,1,0,0,0,0
76,0,102.68,9,18,3,0,2,0,0,0
13,0,92.0,10,31,4,4,1,3,0,0
265,0,90.0,6,24,3,2,0,1,0,1
66,0,148.5,4,23,4,1,1,1,0,0
46,1,80.3,1,22,4,2,0,0,0,1
71,1,105.3,12,24,4,3,1,0,0,1
87,1,112.01,5,29,4,2,2,0,1,1
1,0,65.0,8,28,2,1,0,0,0,1
110,0,94.5,7,25,4,1,2,1,0,0
2,1,69.5,1,9,4,1,0,3,0,1
48,0,135.9,7,27,4,2,0,0,0,1
14,0,116.49,6,9,4,3,0,0,1,1
122,0,80.75,9,11,3,4,2,0,0,1
88,1,58.9,4,8,4,2,1,3,0,1
107,1,102.3,4,14,4,3,0,0,3,0
103,1,76.5,8,8,4,1,1,0,0,1
20,0,91.0,2,3,4,3,0,0,0,0
44,0,131.4,11,21,4,0,1,0,4,1
15,2,92.94,11,13,4,2,2,1,0,1
23,1,81.75,12,16,4,2,0,0,1,1
3,1,132.0,6,15,4,3,0,3,0,1
13,1,132.33,6,29,4,3,0,3,0,1
0,0,65.0,11,29,2,1,0,0,0,1
76,0,90.95,10,16,3,5,2,0,3,1
40,1,145.98,9,26,4,4,1,0,3,1
125,2,72.25,12,23,4,4,0,0,0,1
89,0,110.3,6,26,4,5,4,0,0,0
202,1,96.3,7,9,4,1,1,0,0,1
68,0,67.5,3,15,4,1,0,3,0,0
69,0,106.0,9,22,3,2,0,1,0,1
56,0,85.5,5,9,3,3,1,0,0,1
43,0,116.1,3,25,4,2,1,3,0,1
62,0,112.2,4,11,4,4,1,0,3,1
93,1,89.25,10,7,4,4,0,0,0,1
63,0,112.59,8,3,4,3,0,3,0,0
24,2,172.0,5,1,4,0,2,0,3,1
51,1,135.9,7,26,4,3,0,0,0,1
275,2,82.45,12,28,4,4,0,0,0,1
110,0,106.68,5,3,4,4,0,0,0,0
27,0,112.8,5,18,3,1,0,0,0,1
183,1,112.0,8,9,3,3,0,0,0,0
18,1,73.92,9,15,4,3,0,3,0,1
101,0,70.0,4,4,3,2,1,0,0,0
4,0,95.0,5,9,3,2,1,0,0,1
51,1,158.4,8,23,4,2,0,0,3,1
0,0,101.52,6,20,4,0,1,0,0,1
77,0,76.5,3,31,4,3,0,3,0,0
35,1,135.9,8,15,4,3,1,0,0,1
82,0,43.33,3,26,3,1,2,0,0,1
43,0,85.0,10,13,3,1,0,0,0,1
35,1,97.0,12,26,4,1,0,0,3,1
158,2,114.3,7,8,4,2,0,0,0,0
31,1,80.3,2,5,4,1,0,0,0,1
161,0,130.0,3,25,3,2,1,1,0,0
87,2,112.03,8,27,4,4,2,0,0,1
219,2,168.3,8,18,4,1,0,0,5,0
109,1,127.8,8,9,4,5,0,0,3,1
21,1,129.0,9,18,4,1,2,3,0,0
0,2,50.0,12,17,2,1,0,0,0,1
69,0,105.3,4,27,4,2,0,0,0,0
28,2,277.0,7,20,4,1,0,1,5,1
7,0,66.0,2,29,2,1,1,0,0,1
114,0,76.5,7,11,4,1,2,0,0,0
10,1,74.8,12,23,4,2,2,3,0,1
5,0,110.0,10,26,0,4,1,0,3,1
95,0,149.58,7,30,4,6,4,0,3,0
5,0,126.75,4,4,4,5,3,0,3,0
18,1,83.04,12,2,4,2,2,3,0,1
6,0,58.0,12,6,3,2,2,0,0,1
30,1,92.25,9,25,4,2,2,0,3,1
13,1,73.15,11,16,4,2,0,0,0,1
77,2,150.3,8,3,4,5,2,0,3,1
7,0,106.0,2,12,4,2,0,0,3,0
7,1,106.36,11,8,4,4,0,3,0,1
23,1,91.63,10,16,4,2,2,3,0,1
71,2,68.07,11,28,4,3,1,0,0,1
64,2,88.4,11,21,4,4,1,0,0,1
44,0,91.58,2,18,3,3,1,1,0,1
14,1,89.0,9,14,2,1,0,0,0,1
19,1,93.0,2,19,4,2,1,0,0,1
12,0,145.0,7,10,4,1,2,0,0,0
7,1,99.0,3,9,4,4,0,0,0,1
348,0,62.64,12,6,3,1,0,0,0,1
217,1,80.75,8,7,4,4,2,3,0,1
2,1,105.0,3,9,4,4,0,0,0,1
61,0,105.3,7,23,4,1,1,0,0,0
47,1,125.1,9,9,4,2,0,3,0,1
247,0,115.0,6,6,4,1,1,1,0,0
187,2,134.45,7,11,4,5,2,0,3,0
3,0,153.0,8,13,4,1,0,3,5,1
38,0,135.9,8,21,4,2,2,0,0,0
135,0,99.45,7,23,4,2,2,0,0,0
111,0,76.97,4,18,4,4,1,0,1,1
1,1,77.25,12,19,4,1,0,0,1,1
55,0,190.8,10,6,4,3,0,0,5,0
90,0,119.85,5,7,4,2,2,0,0,1
26,2,123.0,11,17,4,2,0,0,3,1
1,1,80.0,1,27,4,1,0,0,0,1
1,0,95.0,6,7,2,1,0,0,0,1
188,1,102.5,9,6,4,0,2,0,0,0
3,0,67.0,3,13,2,1,2,0,0,1
29,1,102.8,4,16,4,3,2,0,0,1
2,1,119.0,6,4,4,1,1,3,0,1
214,1,96.3,8,11,4,3,0,0,0,0
91,0,110.0,9,30,3,2,1,0,0,1
21,1,88.4,11,13,4,4,2,0,0,1
68,1,67.5,3,11,4,2,0,3,0,1
65,1,67.81,4,1,4,2,1,0,0,1
30,1,75.15,1,15,4,2,0,0,5,1
5,1,209.7,9,3,4,1,2,0,5,1
25,0,108.0,9,12,4,0,1,0,0,0
145,0,115.32,8,15,4,2,1,0,1,1
123,2,135.15,6,17,4,2,2,0,0,0
7,0,89.0,5,16,4,0,1,3,0,1
17,1,151.0,6,30,4,3,0,0,0,0
41,0,60.0,11,1,3,2,2,0,3,1
127,0,90.0,4,28,3,3,1,0,0,1
31,0,67.0,11,13,2,2,2,0,0,1
29,1,105.0,9,15,4,1,0,0,0,1
19,0,74.64,3,4,4,2,1,0,0,0
0,3,0.0,5,25,1,1,0,0,0,1
149,1,138.55,8,9,4,4,0,0,3,1
22,1,154.0,11,17,4,3,0,0,3,0
55,2,74.8,12,13,4,4,0,0,0,1
18,0,88.8,5,9,3,1,1,0,0,1
93,2,105.3,3,25,4,2,1,0,3,0
14,0,89.0,4,19,4,1,0,3,0,0
2,2,121.0,8,2,4,1,0,0,0,1
141,0,139.95,8,17,4,6,2,0,3,0
16,0,156.0,5,2,4,3,1,0,3,0
18,0,107.0,12,6,4,0,2,0,0,1
52,1,78.3,2,19,4,2,0,0,0,0
140,3,128.7,7,2,4,1,1,0,3,1
80,0,173.19,4,24,4,2,2,1,5,0
52,0,85.0,4,22,3,2,1,3,0,1
99,3,89.25,10,10,4,1,2,0,0,1
109,0,72.25,8,29,3,1,1,0,0,1
1,0,98.0,8,8,4,3,2,0,0,1
235,0,97.71,9,28,4,2,0,0,0,0
199,0,73.45,6,3,4,2,0,3,0,0
186,0,121.5,8,3,4,2,0,0,0,0
12,0,91.63,12,26,4,3,1,0,3,1
15,0,106.33,4,15,4,2,1,3,0,0
75,2,126.0,11,18,4,2,1,0,3,1
23,1,250.0,9,26,4,1,0,0,5,0
129,0,114.3,8,6,4,4,2,0,0,0
0,0,101.0,1,19,4,3,0,0,3,1
90,1,129.02,4,23,4,3,2,1,3,1
1,0,67.0,9,6,2,3,0,0,0,1
9,0,157.0,6,8,4,2,0,0,3,1
13,0,79.2,12,19,4,1,1,3,0,1
57,0,91.0,9,16,3,2,0,1,0,1
59,2,101.27,3,29,4,5,2,0,3,1
6,0,66.3,12,15,4,3,1,3,0,1
195,2,106.25,12,1,4,3,1,1,0,1
33,1,81.9,3,15,4,4,0,0,0,1
4,1,160.0,10,17,4,4,1,0,0,0
32,0,81.0,9,25,3,3,2,0,0,1
119,0,109.8,12,24,4,1,1,0,0,0
63,0,80.1,3,28,4,1,1,3,0,0
2,2,89.0,8,10,4,1,1,3,0,1
74,1,134.31,12,25,4,1,2,0,6,1
19,0,65.0,11,14,2,0,1,0,0,1
54,0,75.0,4,2,3,1,2,0,0,1
65,1,105.61,12,26,4,3,1,0,3,1
67,0,108.3,3,17,4,3,0,0,3,1
45,1,207.9,9,15,4,3,0,0,5,0
88,1,151.2,10,20,4,3,0,0,3,1
66,2,82.8,11,11,4,6,2,0,0,1
43,2,114.3,3,11,4,1,0,0,3,1
21,0,150.45,11,2,4,3,1,0,5,1
0,0,161.33,8,27,4,3,0,0,5,0
62,0,143.2,11,7,4,1,1,3,0,1
0,1,114.0,10,13,4,1,0,3,0,1
0,1,108.0,1,4,4,0,1,0,3,1
22,0,82.33,2,4,4,3,0,0,0,0
10,1,78.63,11,23,4,3,1,3,0,1
50,0,65.66,3,5,4,2,2,0,1,0
1,0,105.0,8,10,4,3,1,0,0,1
169,1,105.3,8,22,4,1,1,0,0,0
110,0,94.5,7,25,3,1,2,1,0,1
4,2,183.5,3,11,4,2,0,1,3,1
7,2,78.63,11,17,4,3,1,3,0,1
1,0,183.0,6,8,4,2,0,1,3,1
69,0,69.99,10,25,4,3,0,0,0,0
49,1,121.5,5,9,4,0,1,0,0,1
113,1,76.5,8,22,4,1,0,0,0,0
5,1,187.0,3,25,4,2,0,0,3,1
136,1,116.73,8,20,4,2,2,0,0,1
117,0,72.5,8,1,3,1,2,1,0,1
44,0,95.4,9,21,4,1,1,0,0,1
28,0,70.0,10,5,3,1,1,0,0,0
39,1,51.28,3,10,4,3,1,3,0,0
183,0,110.0,9,8,3,3,0,0,0,0
62,1,60.29,3,14,4,2,1,0,0,1
64,2,79.2,11,20,4,2,0,0,0,1
66,1,118.8,10,17,4,3,1,0,0,1
18,0,79.0,3,15,4,4,0,3,0,1
4,0,87.0,1,2,3,1,2,1,0,1
27,0,139.0,9,16,4,2,0,3,0,1
67,0,51.97,2,13,4,1,2,3,0,1
171,0,80.75,7,11,4,4,1,3,0,0
34,1,104.4,8,30,4,4,0,0,0,1
61,1,91.0,10,4,3,0,2,0,0,1
12,0,85.0,7,9,3,2,2,0,0,1
25,0,75.0,10,19,3,2,1,0,3,1
68,2,96.6,10,30,4,1,2,0,0,1
6,0,86.0,2,1,4,0,1,0,0,1
3,0,153.0,8,11,4,3,0,3,5,0
31,0,126.9,3,23,4,1,0,0,0,0
33,0,95.4,3,13,4,2,2,0,3,1
278,2,139.9,7,23,4,1,2,0,0,0
6,1,127.82,7,11,4,1,1,0,3,0
100,0,119.85,5,4,4,4,0,0,0,0
134,2,93.08,7,2,4,2,2,0,0,1
6,0,108.72,9,15,4,3,0,0,0,1
57,1,146.7,7,14,4,1,0,0,3,1
40,1,125.1,8,5,4,2,2,0,0,1
43,1,98.1,9,7,4,1,0,0,0,1
120,1,71.67,4,23,4,2,2,0,0,1
88,0,71.0,10,7,2,2,0,0,0,1
34,1,168.3,8,16,4,7,2,0,3,1
6,2,93.0,7,21,2,2,0,0,0,1
4,0,80.0,1,19,4,1,0,0,0,1
43,0,153.9,3,1,4,1,0,0,5,0
31,0,95.4,3,11,4,2,1,0,3,0
49,0,131.4,6,3,4,2,1,0,3,0
117,1,123.3,7,29,4,2,0,0,3,1
1,2,89.0,4,17,4,0,1,3,0,1
25,2,126.48,11,10,4,3,1,0,3,1
43,1,107.1,7,3,4,1,2,3,0,1
1,0,112.0,10,25,4,1,0,3,0,1
10,2,97.0,11,13,4,2,2,0,0,1
81,0,96.3,3,3,4,3,0,0,3,0
129,2,80.75,5,13,3,2,1,0,0,1
14,1,118.0,2,25,3,3,0,0,0,1
0,1,97.0,8,19,4,2,0,3,0,1
86,0,122.0,12,8,4,3,0,0,0,0
16,2,194.58,5,6,4,2,2,0,6,1
128,1,97.42,7,11,4,2,1,0,3,1
29,2,139.0,10,21,4,2,0,0,0,1
46,1,94.5,10,21,4,4,0,0,0,1
11,1,97.0,3,12,4,1,0,3,0,1
7,0,144.0,5,5,3,3,0,0,0,1
26,2,169.52,9,28,4,4,1,0,6,0
75,1,99.0,7,10,4,2,2,3,0,1
20,2,114.0,11,15,4,2,0,0,3,1
36,0,68.5,11,18,2,2,1,0,0,0
62,1,109.8,9,1,4,3,0,0,0,1
181,1,105.3,8,20,4,1,0,0,0,0
15,0,129.0,8,23,4,2,0,3,0,0
124,1,90.9,7,3,4,0,2,0,0,1
3,1,246.25,11,9,4,4,0,0,5,1
258,0,90.1,10,2,4,5,2,3,0,0
23,0,133.95,6,12,4,0,1,0,3,1
17,0,108.0,3,4,4,1,0,0,3,1
1,1,115.89,8,17,4,1,0,0,0,1
132,1,70.0,3,28,3,2,1,0,0,1
130,1,89.25,5,22,4,2,2,3,0,1
92,2,72.25,7,15,3,3,2,0,0,1
16,2,105.0,9,13,4,1,2,0,0,1
50,1,156.9,12,3,4,3,2,0,5,1
36,2,116.1,5,13,4,2,1,3,0,1
160,2,200.7,10,13,4,3,2,0,3,0
2,0,127.0,6,28,4,1,0,3,0,1
160,1,131.4,9,29,4,3,1,0,3,0
23,1,101.0,10,7,4,2,0,0,0,1
108,0,67.15,4,28,4,1,0,0,0,1
102,1,159.3,5,21,4,1,0,0,3,1
117,1,105.3,5,5,4,3,0,0,0,1
69,1,74.8,11,23,4,4,0,0,0,0
36,1,109.0,10,28,4,2,1,3,0,1
113,0,121.5,7,12,4,3,0,0,0,1
23,0,109.0,1,2,3,1,2,1,0,1
4,0,144.8,5,20,3,1,0,0,4,1
22,0,97.0,11,26,4,2,0,0,0,0
5,1,163.0,3,26,4,3,2,0,3,1
103,0,116.1,6,15,4,1,0,3,0,0
5,0,75.0,8,29,3,0,1,3,0,1
89,0,116.1,5,29,4,1,2,3,0,0
159,0,105.3,7,19,4,2,0,0,0,0
13,2,91.0,2,12,4,2,1,0,0,1
72,0,60.0,12,5,3,1,2,0,3,1
48,2,158.4,10,17,4,1,1,0,3,1
161,1,60.98,3,15,4,3,0,3,0,1
43,1,88.2,3,20,4,1,2,3,0,1
165,2,72.25,7,31,3,4,2,0,0,0
118,1,139.5,8,14,4,1,2,0,0,1
31,0,70.0,9,16,3,2,1,0,0,1
14,2,149.67,9,11,4,1,2,0,3,1
60,0,60.27,7,3,4,5,2,3,0,1
130,1,102.58,3,25,4,2,1,0,1,1
115,0,75.0,2,27,3,3,2,0,0,1
129,1,80.75,5,13,3,2,1,0,0,1
58,0,113.4,6,20,4,2,1,0,3,0
4,1,139.33,9,30,4,3,0,3,0,1
210,0,86.0,10,8,4,3,1,1,0,0
60,0,74.8,12,23,4,2,2,3,0,0
150,0,68.0,7,4,3,4,1,0,0,1
63,1,48.51,2,16,4,3,0,3,0,1
195,0,137.7,8,6,4,1,1,0,0,0
2,1,104.0,6,14,4,2,0,3,0,1
131,0,94.5,8,15,4,1,2,1,0,0
230,0,103.5,10,7,4,2,0,0,0,0
53,1,183.5,10,15,4,1,1,0,3,1
14,1,210.0,9,1,4,3,1,0,5,1
34,0,169.2,11,7,4,2,1,0,0,1
73,1,75.0,12,5,3,4,1,0,0,1
0,0,0.0,8,5,1,1,0,0,4,1
42,0,144.23,8,29,4,3,1,0,3,0
0,1,118.0,4,13,4,3,0,3,0,1
134,2,137.7,9,29,4,3,1,0,3,0
59,2,196.35,12,13,4,5,0,1,5,1
127,3,90.0,11,2,4,4,1,0,0,1
107,1,130.0,6,10,3,2,0,0,0,1
116,1,104.14,3,25,4,5,2,0,0,1
0,0,85.0,2,10,4,1,0,0,0,0
57,0,145.8,6,4,4,1,1,0,3,1
0,1,111.0,6,14,4,1,0,0,0,1
24,3,224.0,10,24,4,1,0,0,5,1
159,0,114.3,8,8,4,2,1,0,0,0
23,0,89.0,4,8,4,1,0,3,0,1
37,1,143.1,3,25,4,1,0,0,0,0
87,2,131.4,8,31,4,4,0,0,0,1
1,2,111.0,7,20,4,1,0,0,0,1
8,0,112.5,2,28,4,2,2,0,3,0
14,2,135.0,12,25,4,0,2,0,0,1
0,0,68.53,3,21,4,0,1,3,0,1
6,1,93.0,3,2,4,1,0,0,0,0
72,0,97.54,7,27,4,1,0,0,1,1
104,0,94.5,7,16,4,1,0,3,0,0
5,0,69.1,2,8,4,3,1,3,0,1
43,0,65.0,10,31,3,1,2,0,3,1
159,0,85.5,8,26,4,1,0,3,0,0
30,0,85.7,3,5,4,3,2,0,0,1
39,0,60.0,10,30,3,2,1,0,3,1
63,0,87.3,3,5,4,1,2,0,3,0
97,1,76.5,8,19,4,1,0,0,0,1
70,1,85.5,4,6,4,3,0,3,0,1
132,0,151.2,10,16,4,2,2,0,3,0
122,0,40.5,4,15,3,2,0,0,0,1
60,0,132.3,6,23,4,1,0,0,3,0
51,2,103.7,12,6,4,4,0,0,0,1
82,1,64.67,12,10,4,3,2,0,0,1
35,0,111.83,8,28,4,2,2,0,0,0
0,0,88.25,1,7,4,1,0,0,1,1
28,1,135.0,5,19,4,1,0,0,0,1
53,2,99.9,6,20,4,3,1,0,0,1
35,0,99.0,8,31,4,3,0,3,0,1
151,1,72.25,8,5,3,2,1,0,0,1
25,2,108.0,9,12,4,0,1,0,0,1
77,1,109.93,12,31,4,3,0,0,0,1
27,0,94.35,6,12,4,0,2,0,0,0
32,1,125.1,7,8,4,2,0,3,0,1
56,1,119.75,3,20,4,2,2,0,3,1
281,0,108.8,10,3,4,3,1,0,3,0
105,1,107.1,8,6,4,1,1,3,0,1
20,0,107.0,10,4,4,1,2,0,0,1
158,1,114.75,5,25,4,4,0,0,0,0
64,0,112.2,4,15,4,3,2,0,3,1
9,0,63.75,9,10,3,3,1,0,3,1
251,0,108.8,9,22,4,4,2,0,0,0
36,1,81.62,10,21,4,4,1,0,1,1
93,1,122.4,11,3,4,3,0,0,3,1
14,0,58.0,12,16,3,3,0,0,0,1
10,0,101.0,4,7,4,1,0,0,0,0
4,1,144.0,5,23,3,0,1,3,0,1
32,1,105.0,7,18,3,1,1,0,0,1
12,0,58.0,1,5,3,1,0,0,0,1
102,0,82.45,8,13,3,3,2,0,3,1
24,1,74.8,11,17,4,3,1,3,0,1
265,1,115.0,6,24,4,2,0,1,0,0
13,1,84.0,9,3,3,3,1,0,0,1
14,0,135.2,9,15,4,1,0,0,0,1
11,0,70.0,1,4,3,3,1,0,0,1
40,1,83.16,10,13,4,1,0,3,0,1
33,2,141.3,6,27,4,1,1,0,3,1
110,1,120.3,8,1,4,5,1,0,3,1
85,1,90.95,4,12,4,4,0,0,0,1
119,1,76.5,8,14,4,2,2,0,0,1
80,1,99.1,8,27,4,1,0,0,0,1
53,0,137.7,4,7,4,3,0,0,3,1
8,2,114.0,12,12,4,0,1,0,3,1
64,2,149.4,9,15,4,3,0,0,3,1
127,2,94.78,8,27,3,1,2,0,3,0
89,1,90.95,4,10,4,3,2,0,0,1
102,1,77.78,4,14,4,3,1,0,1,1
83,2,93.6,11,25,4,2,0,0,0,1
17,0,136.0,2,9,4,2,0,0,0,0
6,0,116.0,3,3,4,3,0,0,3,0
1,1,131.0,7,29,4,2,0,0,0,1
64,1,162.4,11,18,4,2,1,0,5,0
61,0,87.3,3,10,4,3,0,0,3,0
28,2,224.1,9,30,4,2,0,0,5,1
29,1,154.5,10,15,4,1,1,0,3,0
82,2,123.0,10,21,4,4,2,0,3,0
201,0,82.45,8,6,3,3,2,0,3,1
45,1,116.1,5,21,4,2,2,3,0,1
42,1,103.84,4,21,4,3,1,0,0,1
61,0,0.0,10,4,4,0,2,0,0,1
21,0,85.0,3,4,4,1,0,0,0,0
34,0,60.0,11,1,3,1,2,0,3,1
4,1,117.0,1,26,4,3,0,0,3,1
64,1,73.95,3,13,4,2,2,0,0,1
85,1,149.4,9,15,4,3,1,0,3,1
0,0,70.0,2,26,3,2,1,0,0,1
10,2,128.5,9,11,4,2,0,0,0,1
1,2,96.0,9,3,4,1,0,3,3,1
32,1,58.0,1,8,3,2,1,0,0,1
154,1,118.8,10,6,4,2,0,0,0,0
19,1,53.5,3,27,3,1,2,1,0,1
188,0,116.7,8,30,4,3,0,0,0,0
133,2,74.8,12,22,4,4,2,3,0,0
42,0,131.4,3,22,4,1,0,0,3,1
25,1,101.0,11,17,4,2,0,0,0,1
209,2,127.8,8,7,4,1,2,0,0,0
254,0,106.0,7,9,4,1,0,0,0,0
0,1,161.0,5,20,4,1,0,0,0,1
31,3,112.14,6,26,4,4,2,0,3,1
31,0,75.0,9,16,3,2,1,0,0,1
12,0,97.02,5,30,4,2,1,0,0,0
27,1,97.92,10,13,4,4,0,0,0,1
93,0,63.75,3,15,3,4,0,3,0,1
182,0,0.0,10,12,4,0,0,0,0,1
136,1,117.29,5,29,4,3,2,0,3,1
46,1,122.4,12,29,4,1,0,0,0,1
116,0,70.0,1,26,3,5,0,0,0,1
26,1,88.0,11,2,2,1,0,0,0,1
16,1,118.8,12,4,4,0,2,0,0,1
96,4,166.05,9,1,4,3,1,0,3,1
5,1,65.0,10,3,2,0,1,0,0,1
120,0,93.16,7,29,3,2,0,0,3,1
157,0,112.0,7,16,3,1,1,0,0,0
57,2,0.0,4,1,4,0,0,0,3,1
7,0,71.0,12,30,3,4,0,0,0,1
11,0,58.0,12,11,3,2,1,0,0,1
2,2,90.0,8,8,4,2,2,0,0,1
19,1,83.55,9,2,3,4,0,0,4,1
67,0,139.5,7,12,4,4,0,0,3,1
96,0,103.5,7,6,4,4,0,3,0,1
1,3,0.0,5,5,1,1,0,0,3,1
151,0,72.25,8,5,3,2,1,0,0,1
79,1,103.28,3,28,3,3,1,0,3,1
8,1,116.67,11,3,4,3,0,3,0,1
83,0,93.6,3,24,4,3,1,0,3,0
1,0,75.0,1,8,4,1,0,3,0,1
25,1,113.31,6,26,4,4,2,0,3,1
114,0,41.43,11,30,3,5,2,0,0,1
24,1,104.0,12,18,4,1,2,0,0,1
2,1,97.54,11,22,4,4,0,0,0,1
129,2,124.2,8,16,4,5,0,0,3,1
89,0,75.0,12,19,3,2,1,0,0,1
1,0,221.0,6,3,4,1,0,0,5,0
124,1,114.3,5,6,4,2,0,0,3,1
21,0,105.0,9,2,4,2,0,0,0,0
31,1,156.15,6,30,4,3,1,0,3,1
147,0,99.45,5,3,4,4,0,0,0,1
3,0,95.0,11,10,0,1,0,0,3,1
7,2,0.0,2,26,1,2,0,0,3,1
89,1,96.3,4,12,4,3,0,0,0,1
127,1,94.7,3,19,4,5,2,0,1,0
127,1,63.75,8,16,3,1,2,0,0,0
313,0,77.69,12,23,4,7,3,0,0,0
41,2,88.4,12,7,4,4,0,0,0,1
18,0,79.0,2,12,4,2,1,3,0,0
147,2,72.25,12,29,4,3,0,0,0,0
4,1,115.0,2,13,4,1,0,0,3,1
68,2,149.4,9,24,4,2,2,0,3,1
99,0,86.0,2,19,2,2,0,0,0,1
58,2,115.04,9,27,4,2,0,0,3,1
0,0,65.0,3,15,2,2,0,0,0,1
117,0,94.5,8,1,4,1,2,1,0,0
50,3,198.0,10,16,4,3,2,0,5,1
2,0,72.5,8,15,4,1,2,1,0,0
48,0,43.5,11,10,3,4,0,0,0,1
3,1,135.8,5,23,4,0,1,3,0,1
54,0,123.3,9,2,4,2,1,0,3,0
3,0,0.0,4,9,1,1,0,1,0,1
130,0,105.3,5,23,4,1,1,0,0,0
10,0,91.0,2,13,4,2,2,0,0,1
48,1,74.8,11,13,4,5,2,3,0,0
98,0,144.9,7,8,4,3,2,0,3,0
31,0,80.0,12,28,3,2,1,0,0,1
0,0,89.0,3,29,4,1,0,3,0,1
2,1,0.0,9,10,1,1,0,0,0,1
17,1,117.04,10,7,4,2,2,0,0,1
0,0,85.0,11,12,4,2,0,0,0,1
72,0,75.82,6,26,4,2,2,0,0,1
57,1,128.0,10,17,4,3,1,0,0,1
213,0,90.95,9,4,3,1,2,0,3,1
73,2,122.4,6,4,4,1,1,0,0,1
65,0,134.0,8,26,3,2,2,0,0,1
12,1,87.0,1,8,4,2,1,0,0,1
148,0,88.12,6,29,3,3,0,0,3,1
13,2,116.0,7,20,4,1,0,0,3,1
216,1,86.63,7,18,4,1,1,0,1,0
8,2,0.0,4,23,1,1,0,0,3,1
1,2,206.0,5,20,4,1,0,0,3,1
3,0,80.0,3,7,2,1,1,0,0,1
58,3,124.67,11,11,4,2,1,0,0,1
0,0,95.0,10,17,2,0,1,0,0,1
169,2,97.54,8,18,4,2,0,0,1,1
67,1,104.0,11,18,4,2,0,0,0,1
204,3,123.82,8,15,4,10,5,0,3,1
151,2,126.9,9,4,4,5,2,0,0,0
211,0,100.0,5,20,4,2,0,0,0,0
109,1,66.49,10,25,4,3,0,0,0,1
71,1,93.08,4,24,4,2,2,0,0,1
135,1,155.7,8,9,4,3,0,0,3,1
22,1,0.0,7,27,4,0,0,3,0,1
50,0,85.85,3,28,4,3,1,0,0,1
3,1,82.88,12,21,4,4,0,0,0,1
73,1,96.9,12,25,4,2,2,0,3,1
64,1,130.0,5,17,2,2,0,0,0,1
4,0,95.0,5,2,2,1,1,0,0,1
180,1,126.9,9,3,4,1,2,0,0,0
104,1,110.1,5,4,4,3,0,0,0,1
166,0,99.45,8,5,4,2,2,0,0,0
0,0,0.0,12,31,1,1,0,0,0,1
100,1,84.58,4,5,4,4,0,0,0,1
4,1,177.0,7,27,4,3,0,0,3,1
4,0,59.5,3,15,3,5,0,3,0,1
75,1,87.55,4,4,4,4,1,0,0,1
283,1,111.3,10,23,4,1,2,0,3,0
28,0,100.0,5,19,2,2,0,0,0,0
5,2,184.0,9,7,4,1,0,0,3,1
70,0,95.0,4,12,3,4,0,0,1,1
9,1,75.0,11,1,4,1,2,3,0,1
9,0,65.91,12,5,4,1,2,0,0,1
2,0,95.0,5,4,0,1,0,0,0,1
9,2,175.0,10,7,4,2,0,0,3,1
97,1,60.5,12,29,3,4,0,0,3,1
109,0,75.0,5,23,3,3,1,0,0,1
32,2,94.5,10,6,4,3,0,0,0,1
70,0,87.3,4,2,4,1,2,0,0,0
0,0,141.0,5,24,4,1,0,0,0,1
207,0,85.5,10,28,4,2,2,3,0,0
73,1,71.52,2,21,4,1,2,0,1,1
19,0,156.5,4,14,4,3,1,0,3,0
87,0,75.0,12,17,3,1,2,0,0,1
60,0,60.0,10,12,3,1,1,0,0,1
0,1,221.0,5,14,4,1,0,0,5,0
18,1,95.48,3,17,4,1,0,0,3,1
104,1,135.9,5,17,4,3,0,0,0,1
65,2,125.1,9,8,4,1,0,3,0,1
128,1,43.43,2,5,3,5,2,0,0,1
1,2,135.4,10,10,3,1,1,3,0,1
22,2,112.25,8,28,4,2,2,3,0,1
7,4,74.8,12,29,4,1,0,3,0,1
134,0,90.9,6,30,4,3,0,0,0,0
120,2,90.0,11,3,4,1,0,0,0,1
42,0,150.3,7,8,4,1,0,0,3,0
3,1,75.0,7,14,3,1,0,3,0,1
165,0,150.45,9,2,4,3,2,0,3,0
308,0,71.91,12,29,4,3,2,3,0,0
12,0,85.0,12,28,4,0,1,3,0,1
37,2,104.0,11,17,4,2,0,0,0,1
32,1,136.0,10,24,4,1,1,0,3,1
127,1,160.2,10,18,4,2,0,0,3,1
38,0,67.5,10,30,3,2,2,0,3,1
5,2,189.43,4,26,4,3,0,0,5,1
2,1,153.0,8,12,4,2,0,3,5,1
163,0,115.0,10,15,4,1,2,0,0,0
2,2,91.0,6,13,4,1,1,0,0,1
53,2,118.8,10,4,4,3,0,0,0,1
98,1,65.0,9,21,2,1,0,0,0,1
137,2,93.0,2,7,3,1,2,0,3,1
51,0,116.1,4,28,4,3,2,0,1,0
9,3,201.0,8,1,4,0,1,0,5,1
30,0,103.5,4,19,4,3,0,0,0,1
89,0,127.33,9,25,3,1,2,0,0,0
280,1,73.95,11,16,4,4,0,0,0,0
86,2,140.0,12,8,4,3,0,0,3,1
190,2,177.3,7,18,4,1,1,0,5,0
115,1,102.33,2,29,4,5,1,0,3,1
18,0,81.0,2,26,4,2,0,3,0,1
179,2,150.45,9,8,4,3,0,0,3,0
59,1,75.0,11,14,3,2,1,0,0,1
174,0,111.0,9,6,3,5,0,0,0,0
35,1,151.5,10,11,4,3,0,0,3,0
124,0,99.45,5,5,4,3,1,0,0,1
29,1,101.0,4,18,4,0,1,0,0,1
23,1,96.0,12,4,4,0,2,0,0,1
142,0,175.65,8,31,4,3,0,1,0,0
1,0,130.33,9,3,4,3,0,0,0,1
161,0,116.1,9,8,4,3,0,0,0,0
79,3,120.6,7,24,4,4,2,0,3,1
108,2,104.0,12,25,4,2,2,0,0,1
3,0,67.0,9,19,2,0,1,0,0,1
1,0,79.0,2,13,2,1,0,0,0,1
49,1,124.4,10,30,4,3,2,0,3,0
127,2,139.95,7,27,4,4,0,0,3,1
4,1,180.0,9,25,4,1,2,0,0,1
5,2,174.0,8,13,4,1,1,0,0,1
41,0,114.04,3,28,4,4,1,0,3,1
0,2,0.0,7,22,1,2,0,0,4,1
17,1,87.0,12,18,4,2,0,0,0,1
41,0,135.9,8,20,4,5,2,0,0,0
221,1,76.5,8,11,4,5,0,0,0,0
33,0,63.58,3,16,3,4,1,0,0,1
0,0,90.71,5,11,4,1,0,3,0,1
14,0,177.0,6,20,4,1,1,0,3,0
73,1,115.8,4,9,4,1,2,0,3,1
32,1,94.5,10,4,4,3,2,0,0,0
123,0,70.73,4,30,4,5,2,0,0,1
42,1,115.8,3,24,4,3,0,3,0,1
42,0,72.0,11,4,3,2,0,0,0,1
221,0,60.0,10,17,3,1,2,0,3,1
13,1,75.0,8,7,4,1,0,0,0,1
35,1,108.0,11,2,4,3,0,0,0,1
6,3,120.0,2,20,4,1,1,0,0,1
31,2,114.84,4,18,4,4,1,0,3,1
10,0,100.0,6,26,4,0,1,0,0,0
79,0,109.0,6,24,3,2,0,1,0,1
0,0,81.0,8,6,4,3,1,3,0,1
215,0,106.25,10,9,4,3,2,0,0,0
0,0,97.0,6,23,4,1,0,0,0,1
116,1,90.0,11,17,4,3,0,0,0,1
193,0,95.2,8,26,4,2,2,0,0,0
121,0,43.5,3,19,3,2,2,0,0,1
0,1,97.0,3,17,4,1,0,3,0,1
18,0,141.0,5,7,4,1,1,0,3,0
5,0,119.0,3,29,4,1,0,0,0,1
82,0,149.4,5,17,4,2,0,0,3,1
215,1,90.95,7,29,4,7,2,0,0,1
20,2,210.57,7,29,4,2,0,0,6,1
112,0,99.45,4,27,4,4,0,0,3,0
49,2,93.6,12,8,4,3,0,0,0,1
0,0,75.0,11,30,4,0,1,0,0,1
43,0,75.0,11,1,3,3,0,0,0,1
39,2,94.5,9,13,4,2,2,0,0,1
115,0,87.0,2,27,3,2,2,0,0,1
41,1,76.92,6,21,4,3,0,0,0,1
237,0,93.03,12,23,4,7,2,0,0,0
180,2,82.08,8,15,4,5,2,0,3,1
149,0,122.04,7,5,4,5,2,0,0,1
172,0,94.95,6,2,4,2,0,3,0,0
22,3,109.1,11,18,4,2,0,0,1,1
10,1,152.0,9,17,4,1,0,0,0,1
196,2,55.96,8,16,4,5,2,0,0,1
106,1,80.75,5,29,3,1,2,0,0,1
37,2,141.3,6,8,4,1,0,0,3,1
189,0,72.76,10,19,3,5,2,0,0,1
21,2,147.9,11,19,4,2,2,0,5,1
117,0,143.1,9,20,4,3,0,0,3,0
55,2,114.0,6,19,4,2,2,0,3,1
8,1,187.55,9,12,4,1,1,0,3,1
122,1,106.0,7,15,4,2,1,3,0,1
4,1,169.0,10,25,4,2,0,0,0,1
48,1,168.3,8,26,4,1,0,0,3,0
8,0,76.08,6,14,4,2,0,3,0,1
28,1,51.6,11,17,3,3,0,0,0,1
35,1,152.1,8,9,4,1,0,0,0,1
66,0,150.22,11,6,4,3,2,1,0,0
133,1,74.67,3,11,3,2,1,0,0,1
1,0,109.0,4,23,4,1,2,3,0,1
64,1,81.08,7,18,4,2,1,0,0,1
139,1,124.5,5,21,4,1,2,0,3,0
99,1,88.6,6,21,4,3,0,0,0,0
15,1,65.2,2,4,4,5,2,3,0,1
0,0,75.0,2,10,2,2,0,0,0,1
325,1,189.55,11,6,4,3,2,0,0,0
40,1,149.4,9,27,4,2,0,0,3,0
34,0,124.65,3,24,4,3,1,0,0,0
27,0,129.5,12,31,3,3,1,0,0,1
35,2,96.3,10,20,4,4,0,0,0,1
1,1,135.0,12,31,4,1,0,0,0,1
5,1,110.11,9,6,4,2,0,3,0,1
14,1,138.25,2,17,4,4,0,0,3,1
44,2,91.8,11,1,4,5,0,0,0,1
28,1,126.0,10,20,4,4,0,0,0,1
76,0,63.75,7,25,3,1,1,3,0,0
232,1,109.65,9,20,4,4,0,3,0,0
22,1,87.0,11,14,4,1,1,0,0,1
146,1,94.5,7,27,4,3,0,3,0,1
82,0,109.65,5,22,4,2,2,0,0,1
18,1,78.5,1,30,4,1,0,3,0,1
2,0,123.0,10,18,2,1,2,0,0,1
50,0,114.09,11,5,4,1,2,0,0,0
17,1,136.0,12,28,4,3,1,0,3,1
24,1,117.0,10,9,4,1,0,0,0,1
35,1,200.0,9,26,4,1,1,0,0,1
117,1,72.25,7,27,3,4,1,0,0,1
69,1,110.99,4,14,4,5,2,0,3,0
3,1,0.0,7,2,1,1,0,0,1,1
47,0,76.5,3,16,4,2,0,0,0,0
13,2,160.0,10,15,4,1,2,0,0,1
1,0,0.0,10,22,1,0,0,0,3,1
0,2,129.0,6,18,4,1,2,3,0,1
11,1,102.41,8,16,4,2,0,3,0,1
113,2,134.3,7,10,4,2,2,0,3,1
3,0,119.0,4,28,4,1,0,3,0,1
32,0,228.6,4,16,4,5,2,1,5,0
108,1,190.8,10,14,4,2,1,0,5,1
125,1,128.69,6,17,4,3,2,0,3,1
65,0,139.5,7,12,4,2,0,0,3,1
12,0,72.0,10,4,3,0,1,0,0,1
119,0,83.0,3,29,3,2,0,0,0,1
67,1,125.1,8,13,4,1,0,3,0,1
54,1,109.8,8,29,4,4,1,0,0,1
32,1,80.3,2,5,4,3,2,0,0,1
66,1,96.3,9,3,4,1,0,3,0,1
90,0,133.2,8,7,4,2,2,0,3,1
34,0,85.0,10,20,3,3,0,0,0,1
3,0,75.0,5,2,2,0,1,0,0,1
62,1,76.5,7,2,4,3,2,0,0,0
0,1,96.6,8,20,4,1,1,3,3,1
25,1,85.0,3,15,4,2,0,0,0,1
25,1,88.0,11,17,4,3,0,3,0,0
0,1,96.27,9,7,4,2,1,0,0,1
3,0,67.5,1,9,4,1,1,3,0,1
27,0,62.8,3,21,3,3,1,3,0,1
27,0,140.2,9,26,4,1,1,0,0,0
103,0,116.1,6,14,4,2,0,3,1,0
194,1,102.25,8,22,4,2,1,1,0,0
117,2,126.31,5,22,4,3,2,0,0,1
87,2,69.53,10,31,4,2,1,0,0,1
44,1,93.6,6,1,4,2,0,3,0,1
70,0,85.0,10,22,3,1,0,0,0,1
290,1,65.0,6,17,3,2,1,0,0,1
134,0,132.48,8,1,4,5,2,0,3,0
34,1,80.75,6,19,3,3,2,0,0,1
38,0,133.8,3,24,4,3,0,0,0,0
147,0,78.76,7,18,4,5,1,0,0,0
37,0,152.1,7,28,4,2,0,0,0,0
6,0,0.0,12,10,4,2,0,0,0,1
149,0,124.2,6,3,4,1,0,0,0,1
178,0,100.3,6,4,4,3,2,0,0,0
0,2,93.5,7,23,4,1,0,0,3,1
65,0,90.9,4,1,4,2,0,0,0,0
203,0,87.99,8,17,4,3,0,0,0,0
15,1,107.75,9,11,4,2,2,3,0,1
33,3,125.1,9,9,4,2,0,3,0,1
269,0,80.0,12,29,3,3,2,0,0,1
13,0,73.0,4,26,3,3,0,1,0,1
0,0,110.0,9,19,2,2,1,0,3,1
75,0,75.0,4,24,3,1,2,0,0,1
110,0,90.95,4,20,4,2,0,0,3,1
15,2,99.67,11,19,4,1,2,0,0,1
54,0,140.4,6,3,4,1,0,0,3,1
186,1,96.3,7,28,4,2,0,0,0,0
5,2,114.0,9,8,4,4,0,0,0,1
39,0,121.5,5,21,4,1,0,0,0,0
0,3,107.0,10,19,2,4,0,0,0,1
104,1,105.3,5,3,4,2,0,0,0,1
4,0,65.0,9,28,2,2,1,0,0,1
0,0,124.2,3,20,4,3,2,0,0,1
8,3,140.0,9,3,4,3,0,0,0,1
54,1,96.0,11,11,4,2,1,0,0,1
4,0,62.37,12,8,4,2,0,0,0,1
1,1,137.67,6,26,4,1,2,0,0,1
34,0,81.0,6,19,4,1,2,0,0,0
5,1,105.0,11,2,4,2,1,0,3,1
322,0,100.8,9,1,4,3,0,0,0,0
24,1,119.0,9,25,4,2,2,3,0,0
1,1,176.0,5,20,4,1,0,0,3,1
8,0,114.0,11,30,4,3,0,0,3,0
32,1,150.0,7,18,3,1,1,0,0,1
11,1,155.0,8,25,4,1,0,0,3,1
22,1,107.03,9,25,4,0,2,0,0,1
147,0,177.3,9,3,4,1,2,0,3,0
75,0,91.45,3,28,4,3,1,0,0,1
39,1,78.3,2,13,4,1,1,0,0,1
32,1,0.0,11,7,1,0,1,3,3,1
113,0,92.94,7,5,4,5,1,0,3,1
27,1,85.0,10,20,3,3,0,0,0,1
7,2,160.0,10,27,4,1,0,0,0,1
39,0,85.0,3,14,3,2,1,0,0,1
77,0,125.1,6,16,4,3,0,3,0,0
141,1,96.3,7,1,4,2,0,0,0,1
0,0,136.0,2,15,4,1,1,0,3,1
175,0,126.9,9,11,4,0,1,0,0,0
4,0,86.0,1,6,4,1,0,3,0,1
50,0,60.0,11,13,3,2,1,0,3,1
16,1,120.0,12,29,4,3,0,3,0,1
5,0,78.03,9,7,4,2,1,0,0,1
57,1,117.73,4,26,4,4,0,0,3,1
7,1,101.45,8,24,4,4,0,0,3,0
21,0,63.75,11,21,3,5,1,0,0,1
0,0,61.68,7,29,4,1,0,3,0,1
1,2,221.33,10,6,4,3,0,0,5,1
45,1,86.55,2,27,4,1,0,0,0,1
2,0,81.75,5,15,3,2,2,0,0,1
59,0,0.0,1,28,4,2,0,0,0,1
18,2,199.43,12,23,4,2,0,0,6,1
160,1,72.25,8,7,3,0,2,0,0,1
19,0,96.0,9,17,4,1,0,3,0,1
7,2,296.0,5,19,4,2,0,0,6,1
11,2,196.0,7,21,4,1,0,0,3,1
43,0,66.43,2,23,4,5,0,0,1,0
0,1,122.5,12,30,4,4,0,0,0,1
65,1,89.2,10,16,4,1,0,0,0,1
62,2,150.3,7,2,4,2,2,0,3,1
151,1,79.2,11,25,4,2,0,3,0,0
43,1,94.8,11,30,4,4,2,3,0,1
102,0,79.29,6,25,3,10,4,0,0,0
59,2,79.05,3,20,4,3,2,3,0,1
155,0,113.4,10,3,4,1,1,0,0,0
194,0,163.2,8,26,4,2,2,0,5,0
37,1,95.4,3,1,4,4,0,0,3,0
170,0,91.44,9,6,4,3,0,0,0,0
3,2,0.0,11,30,1,0,1,0,3,1
14,0,79.0,2,12,4,2,0,3,0,1
186,0,112.0,8,14,3,1,2,0,0,0
228,0,0.0,6,4,4,0,0,0,0,0
1,0,86.0,2,10,4,3,0,0,0,1
8,1,119.0,9,2,4,1,0,3,0,1
92,1,90.0,1,16,4,1,1,0,0,1
17,1,80.3,1,21,4,1,0,0,0,1
61,0,88.4,12,3,4,3,2,0,0,1
7,1,102.33,6,13,4,2,1,3,0,1
2,0,89.0,4,18,4,0,1,3,0,1
303,1,78.0,8,19,3,3,2,0,0,1
53,0,101.1,6,27,4,2,1,3,0,0
97,0,76.5,8,19,4,3,0,0,0,1
57,2,130.5,9,6,4,4,0,0,3,1
21,0,79.0,2,12,4,2,0,3,0,1
217,1,159.3,9,23,4,2,1,0,3,0
120,2,140.59,5,12,4,3,1,0,0,1
9,2,109.0,8,31,4,4,1,0,0,1
227,0,77.35,10,29,4,3,2,3,0,0
123,2,72.25,12,29,4,3,0,0,0,0
16,1,129.0,9,27,4,2,0,3,0,0
78,0,120.49,12,16,3,2,0,1,0,1
52,0,37.33,12,5,3,1,2,0,0,1
33,0,85.5,6,20,3,2,1,0,0,1
247,0,109.0,6,6,3,1,1,1,0,0
26,0,85.0,11,1,4,3,2,0,1,1
61,0,68.0,11,19,3,1,2,0,0,0
254,0,91.0,9,16,3,2,0,1,0,1
5,0,151.33,10,6,4,3,0,0,0,1
98,1,59.5,12,29,3,3,0,0,0,1
5,2,161.0,11,25,4,1,0,0,3,1
67,2,72.25,11,13,4,1,0,0,0,1
8,1,99.46,8,22,4,5,1,0,3,1
45,0,72.9,2,19,4,2,0,0,0,0
18,2,12.0,9,2,4,3,0,0,0,1
73,1,88.29,12,20,4,5,2,1,0,1
41,0,110.31,11,23,4,4,1,0,3,1
134,0,101.18,5,30,4,5,1,0,4,1
93,1,157.25,6,16,4,3,2,1,0,1
28,0,101.8,4,17,4,2,2,0,0,0
95,0,75.1,3,23,4,3,0,3,0,1
162,1,112.0,7,14,3,3,0,0,0,0
31,0,125.1,8,6,4,1,2,3,0,0
35,1,100.1,3,13,4,0,2,0,0,1
29,0,68.07,11,23,4,4,0,0,0,0
62,3,149.4,9,14,4,4,1,0,3,1
3,1,65.0,7,11,2,1,1,0,0,1
0,0,0.0,11,16,1,0,1,0,4,1
3,0,66.0,1,21,2,1,0,0,0,1
7,0,103.0,11,29,4,1,0,0,0,1
120,1,94.5,5,2,4,1,1,3,0,1
23,1,137.65,6,1,4,4,0,0,3,1
10,2,108.67,11,25,4,2,1,0,0,1
223,1,92.28,9,29,4,3,1,0,0,1
36,1,126.9,5,11,4,4,0,0,0,1
3,0,95.0,11,10,0,1,0,0,3,0
42,0,116.1,4,30,4,1,2,3,0,0
43,1,144.76,9,25,4,2,2,1,3,1
5,0,66.0,2,3,2,1,0,0,0,1
25,0,72.25,7,1,3,2,2,0,0,1
52,2,104.08,3,17,4,3,2,0,3,1
24,0,96.0,2,3,4,3,0,0,0,0
1,0,81.0,2,26,4,1,0,3,0,1
40,0,85.0,10,24,3,2,1,0,0,1
169,0,106.0,4,22,4,2,2,1,0,0
33,1,80.82,2,15,4,4,1,0,0,1
5,2,92.31,8,17,4,10,3,0,0,0
55,0,63.0,3,13,3,0,2,0,0,1
87,0,90.0,12,17,3,1,2,0,0,1
191,1,130.5,8,23,4,2,0,0,0,0
130,0,116.1,6,2,4,3,0,3,0,0
0,0,107.0,12,28,2,1,0,0,0,1
35,0,53.72,3,11,4,2,0,3,0,1
2,2,122.0,8,17,4,3,1,0,0,1
54,0,81.0,10,16,3,2,2,0,0,1
22,2,139.0,9,15,4,2,0,3,0,1
69,0,82.45,3,13,4,3,2,0,3,1
50,1,94.5,10,18,4,3,2,0,0,1
113,0,114.9,12,27,4,3,0,0,3,0
253,1,198.9,10,8,4,1,0,0,5,0
13,1,177.62,10,9,4,1,2,0,0,1
1,2,215.0,9,24,4,1,0,0,5,1
6,0,110.0,5,3,2,1,0,0,3,1
173,1,73.37,6,19,4,2,2,0,0,1
183,1,96.3,10,20,4,3,1,0,0,1
6,0,65.0,3,29,2,4,0,0,0,1
5,2,149.0,8,26,4,2,0,0,0,1
35,1,84.35,2,19,4,2,2,3,0,1
62,0,149.4,9,18,4,3,2,0,3,1
57,0,76.76,3,30,4,4,0,3,0,0
220,0,172.0,9,17,3,1,2,1,0,0
13,1,134.0,9,12,4,0,1,0,3,1
86,1,123.84,10,22,4,3,2,0,0,0
35,0,89.1,6,21,4,1,0,3,0,0
29,1,150.61,9,30,4,2,2,0,5,1
141,1,163.8,9,23,4,2,0,0,3,1
113,0,85.0,6,30,3,3,1,0,0,0
19,1,149.0,9,23,4,2,0,3,0,1
50,0,71.33,12,31,3,3,0,0,0,1
52,1,79.2,11,25,4,2,1,3,0,0
47,1,92.28,5,11,4,4,0,0,0,1
21,1,99.33,10,3,4,2,1,3,0,1
301,0,109.0,7,30,3,1,1,1,0,0
10,1,120.0,10,5,4,1,1,0,0,1
1,1,102.0,2,25,4,2,0,0,0,1
222,2,110.7,12,2,4,2,1,0,3,1
196,1,80.75,5,12,3,3,1,0,0,1
5,0,62.0,12,9,3,2,0,0,0,1
2,1,95.0,11,11,2,1,0,0,5,1
238,0,78.3,12,31,4,1,1,3,0,0
2,0,55.0,3,2,3,1,0,0,3,1
6,1,80.3,1,16,4,1,0,0,0,1
209,1,81.9,12,8,4,3,0,0,0,1
139,0,137.7,7,16,4,1,0,0,0,1
105,0,72.25,8,26,3,4,2,0,0,0
28,1,121.03,6,26,4,1,2,3,0,1
49,2,157.76,11,6,4,3,2,0,0,1
1,2,181.0,11,25,4,1,0,0,5,1
18,0,149.0,6,12,4,1,2,1,0,1
23,1,133.5,6,17,4,2,2,0,0,1
17,1,135.0,10,7,4,2,0,3,0,1
11,1,65.1,11,14,4,2,1,3,0,1
110,1,108.0,10,12,4,1,0,3,0,0
18,0,65.0,6,20,2,0,1,0,0,1
107,1,86.72,6,20,4,3,1,0,0,1
0,0,75.0,3,20,3,0,1,0,0,1
297,1,90.3,12,29,4,3,0,0,0,1
3,1,106.0,2,18,4,1,0,0,3,1
32,0,159.3,3,24,4,3,0,0,3,0
8,1,126.67,10,29,4,1,2,3,0,1
2,0,72.1,2,26,3,2,0,0,0,1
74,0,97.92,9,24,3,1,0,0,0,1
86,1,81.86,12,30,4,3,0,0,0,1
153,0,102.3,6,8,4,3,0,0,0,0
183,1,110.0,9,8,4,3,0,0,0,0
49,1,67.22,3,9,4,1,0,0,3,1
117,1,145.8,9,16,4,2,1,0,0,0
34,0,50.33,1,31,3,4,2,0,0,1
7,0,75.0,10,12,2,0,1,0,0,1
71,1,75.54,10,30,4,0,1,0,0,1
238,0,55.08,11,13,3,0,2,0,0,0
58,2,90.68,10,31,4,3,1,3,0,1
126,0,118.8,9,8,4,3,0,3,0,0
35,0,67.5,2,12,4,2,0,3,0,0
35,1,133.2,9,26,4,1,1,0,0,0
133,0,108.0,10,2,4,1,2,3,0,0
68,0,0.0,9,29,4,2,0,1,0,1
115,0,141.84,9,18,4,5,2,1,3,1
6,0,152.0,11,24,4,1,0,1,3,1
56,0,165.33,4,18,4,3,1,0,5,0
11,0,77.25,1,15,4,2,2,0,1,1
22,0,133.5,12,1,4,3,2,0,0,1
5,0,90.0,9,20,2,0,2,0,0,1
145,1,0.0,7,5,4,0,0,0,0,1
19,2,129.0,9,25,4,0,1,3,0,1
34,0,65.0,3,4,3,3,2,0,0,1
15,0,85.33,2,18,3,3,0,0,0,1
31,1,156.42,9,18,4,2,2,0,5,0
233,1,138.13,9,5,4,2,1,0,3,0
130,1,118.8,10,8,4,1,1,0,0,0
20,2,105.0,9,14,4,3,1,0,0,1
4,0,79.0,2,13,4,1,0,3,0,1
0,0,75.0,9,21,3,2,1,0,3,1
1,0,211.0,3,23,4,3,0,0,5,0
85,0,143.23,4,28,4,3,1,0,3,0
29,2,155.64,5,19,4,3,2,0,3,1
12,0,148.0,12,30,4,2,0,0,3,1
23,0,96.3,10,9,3,1,0,0,3,1
10,0,92.0,2,2,4,2,0,0,0,1
130,2,90.0,11,25,4,2,0,0,0,1
93,0,90.95,4,15,4,1,0,0,0,1
18,1,80.85,9,5,4,1,1,0,0,1
50,0,142.2,7,10,4,2,2,0,3,1
116,1,105.3,5,18,4,1,0,0,0,1
35,1,125.1,8,10,4,1,0,3,0,0
74,1,99.45,3,21,4,3,1,0,3,1
1,2,106.0,8,28,4,2,1,0,0,1
95,1,126.0,11,26,4,1,1,0,3,0
187,1,86.5,7,7,4,2,0,0,1,0
189,0,72.25,8,8,3,3,1,0,0,0
241,1,106.2,6,20,4,6,3,0,0,0
23,0,156.5,9,15,4,3,1,0,0,0
2,2,101.0,3,30,4,1,0,0,0,1
109,3,146.7,8,6,4,1,0,0,3,1
19,0,98.0,12,12,3,2,1,1,0,1
132,3,135.9,6,11,4,1,1,0,0,1
74,0,82.45,3,30,4,4,1,0,0,0
66,2,87.3,9,2,4,2,0,3,0,1
173,2,94.5,7,8,4,1,0,3,0,1
29,1,86.0,3,5,3,1,2,0,0,1
80,0,126.9,5,14,4,1,2,0,0,0
24,2,139.0,8,4,4,2,0,3,0,1
0,0,65.0,7,19,2,1,0,0,0,1
6,0,89.0,1,7,4,3,0,0,0,1
92,1,96.3,4,14,4,3,0,0,0,1
255,0,87.0,6,14,3,1,0,1,0,1
104,0,90.95,4,8,4,2,2,0,3,0
43,0,74.8,12,8,4,3,1,3,0,0
6,1,75.0,3,20,3,0,2,0,0,1
13,2,127.0,6,23,4,1,0,0,3,1
68,0,73.95,3,10,4,3,1,0,0,0
1,0,108.0,12,27,2,2,0,0,3,1
71,1,79.2,12,8,4,1,0,3,0,1
260,2,67.5,12,25,4,0,1,3,0,1
32,2,149.4,9,15,4,2,0,0,3,1
44,2,149.4,9,25,4,2,2,0,3,1
349,0,90.0,10,4,3,5,1,0,0,0
77,0,109.8,3,25,4,2,0,0,0,1
0,0,75.0,3,24,3,1,0,0,0,1
88,1,158.4,9,16,4,2,0,0,3,1
89,0,76.5,3,30,4,3,0,3,0,1
9,3,127.0,6,23,4,1,0,0,3,1
240,0,90.95,7,13,4,4,1,0,0,0
126,1,93.17,8,6,4,1,2,3,0,1
144,1,151.2,10,4,4,5,0,0,3,0
70,0,127.8,7,31,4,0,1,0,3,0
60,1,96.17,6,17,4,5,2,3,0,0
14,1,81.0,2,7,4,5,2,3,0,1
15,1,38.67,12,5,3,1,2,0,0,1
28,1,87.0,3,7,3,2,1,0,0,1
24,0,117.0,3,3,3,3,0,1,0,1
220,1,99.0,8,15,4,1,1,3,0,1
270,0,110.0,4,20,3,4,0,0,0,0
0,1,130.9,8,10,4,3,0,0,0,1
5,0,89.0,6,22,2,1,0,0,0,1
64,0,158.4,8,8,4,1,1,0,3,1
13,1,192.0,12,26,4,3,2,0,5,1
6,1,88.35,12,19,4,3,1,0,0,1
0,0,147.0,9,22,2,2,0,0,0,1
0,0,89.0,5,9,4,0,1,3,0,1
18,0,112.8,5,31,4,4,0,0,3,0
149,0,99.45,5,6,4,2,2,0,0,0
41,0,118.0,11,2,4,2,0,0,3,1
113,2,76.5,8,22,4,1,0,0,0,0
24,1,71.69,9,11,4,0,2,3,0,1
71,1,116.1,5,7,4,1,1,3,0,0
167,2,105.3,8,5,4,2,0,0,0,0
44,0,76.5,5,19,3,1,0,3,0,1
80,0,107.1,6,26,4,3,2,0,0,1
2,1,120.0,10,1,4,1,0,0,0,1
95,2,84.6,11,20,4,0,2,0,0,0
163,0,115.0,10,15,3,1,0,0,0,0
105,0,70.0,10,12,3,3,0,0,0,1
182,0,99.3,8,24,4,3,0,0,0,0
56,0,168.3,7,30,4,2,2,0,3,0
20,2,136.67,9,29,4,3,0,0,0,1
11,0,79.05,11,17,4,3,2,3,0,0
28,2,110.0,10,28,4,2,0,3,0,1
40,0,114.3,4,17,4,0,2,0,3,0
50,2,80.1,3,29,4,1,0,3,0,1
146,1,114.3,8,5,4,1,0,0,0,1
44,0,2.0,1,2,1,1,1,0,0,1
2,2,99.0,8,9,4,0,2,0,0,1
56,2,99.71,10,9,4,3,2,0,0,1
185,0,89.25,8,13,4,5,2,3,0,0
1,0,146.0,9,29,2,3,0,1,0,1
199,0,77.89,12,28,4,4,2,0,3,0
303,0,91.8,12,27,4,3,0,0,3,0
106,2,117.3,11,21,4,3,1,1,0,0
165,0,151.2,10,7,4,2,1,0,3,0
96,1,96.3,4,18,4,2,1,0,0,1
6,1,83.2,8,14,4,3,2,0,0,1
133,1,114.63,7,16,4,5,2,0,3,1
137,1,90.0,11,15,4,2,0,0,0,0
88,1,132.3,10,20,4,3,0,0,3,0
6,2,148.39,12,18,4,1,2,0,5,1
128,0,142.25,6,26,3,1,2,1,0,1
80,1,160.65,10,28,4,2,2,0,5,0
57,0,112.2,4,21,4,3,2,0,3,0
34,0,85.5,9,18,3,0,1,0,0,1
14,2,147.0,5,8,4,0,2,0,3,1
203,0,72.25,8,26,3,2,1,0,0,1
202,0,94.33,11,2,4,4,0,0,0,0
51,1,96.3,9,3,3,1,2,0,3,1
65,1,68.0,12,4,3,2,2,0,0,1
13,0,96.0,12,5,4,0,1,0,0,1
15,2,106.33,11,29,4,3,0,0,0,1
99,2,79.5,2,14,4,2,2,0,1,1
2,0,77.0,11,23,2,3,0,0,0,0
188,1,89.25,8,23,4,3,2,0,3,1
35,1,107.1,3,27,4,0,2,3,0,1
3,0,66.0,1,18,2,2,1,0,0,1
3,0,156.0,5,20,4,1,0,0,3,0
49,0,75.95,3,6,4,2,2,0,0,1
33,0,67.52,3,8,3,2,0,0,0,1
37,2,73.1,3,1,4,4,0,3,0,1
37,1,121.5,4,29,4,2,1,0,0,1
55,0,60.0,11,17,3,4,0,0,3,1
112,0,150.3,8,22,4,4,1,0,3,0
64,2,115.6,3,28,4,3,1,0,3,1
5,0,95.0,6,20,2,0,1,0,0,1
29,2,94.5,9,15,4,2,0,0,0,1
119,0,90.9,4,15,4,2,0,0,0,0
65,1,68.0,7,1,4,4,0,0,0,0
58,0,56.6,12,23,3,4,0,1,0,1
118,1,86.67,11,13,4,4,2,0,0,1
78,0,125.1,9,10,4,1,1,3,0,0
74,0,95.0,9,16,3,2,2,0,0,1
136,1,90.9,8,26,4,2,0,0,0,1
29,0,71.3,3,23,3,5,2,1,0,1
64,2,198.9,4,29,4,2,1,0,5,1
13,0,75.0,3,20,3,0,1,0,0,1
7,0,85.0,6,17,3,2,0,0,0,1
26,1,89.0,2,3,4,4,0,0,0,1
185,0,95.4,11,15,4,3,0,0,3,0
28,0,108.42,6,14,4,3,0,0,3,0
48,3,168.3,8,15,4,4,1,0,3,1
74,1,102.6,12,26,4,2,1,0,3,1
21,1,210.0,11,7,4,2,1,0,3,1
88,1,90.0,10,7,2,2,0,0,0,1
0,0,58.0,12,27,3,1,2,0,0,1
72,2,159.3,5,1,4,1,2,0,3,1
10,1,157.0,8,14,4,0,2,0,0,1
2,1,102.0,2,6,4,1,1,0,0,1
26,1,87.78,12,5,4,1,1,0,3,1
72,1,89.25,10,21,4,4,0,0,0,1
111,0,99.28,8,13,3,1,1,0,3,1
15,0,80.46,10,1,4,3,1,0,0,1
16,4,159.0,12,3,4,1,0,1,3,1
30,1,83.16,10,25,4,3,2,0,0,1
1,1,97.0,11,10,4,4,0,0,0,1
17,1,88.0,11,17,4,1,0,3,0,1
55,1,73.9,2,22,4,2,1,0,0,1
110,0,121.05,7,22,4,2,2,0,3,1
3,0,0.0,11,16,1,1,1,0,0,1
35,0,85.0,3,14,3,2,1,0,0,1
47,1,77.35,3,14,4,3,1,0,0,1
3,0,134.25,10,19,4,3,1,0,0,1
28,0,120.0,11,2,4,1,0,3,0,1
10,2,91.38,11,22,4,5,1,0,0,1
81,2,130.5,7,18,4,2,1,0,0,1
15,1,107.99,11,5,4,4,2,0,0,1
21,1,117.0,10,8,4,1,0,0,3,0
40,2,113.4,10,27,3,3,0,1,1,1
33,0,190.8,9,3,4,1,2,0,5,1
54,0,85.5,4,18,4,0,1,3,0,0
5,1,136.0,4,22,4,2,1,0,3,1
67,0,159.3,5,7,4,1,0,0,0,0
20,1,79.0,11,28,2,1,1,0,0,1
74,1,78.3,3,11,4,2,1,0,0,1
36,0,86.5,3,1,2,1,0,0,0,1
180,2,51.28,11,13,4,0,1,3,0,1
132,0,96.3,8,29,4,2,1,0,0,0
188,0,90.95,7,28,4,5,2,0,0,0
59,1,74.8,11,21,4,3,1,3,0,1
71,0,95.0,9,22,3,3,0,0,0,1
18,2,155.0,11,6,4,0,2,0,0,1
33,1,71.1,3,15,4,3,0,3,0,1
52,1,99.0,10,29,4,1,1,3,0,0
110,1,109.25,5,1,4,3,2,0,0,1
0,2,81.0,8,7,4,2,0,3,0,1
7,0,65.0,12,10,2,1,0,0,0,1
31,1,57.59,11,25,4,2,2,3,0,1
2,2,130.0,2,6,4,2,2,0,3,1
3,1,94.0,11,10,2,3,0,0,3,1
182,1,144.5,12,27,4,4,0,0,5,0
149,1,80.75,6,26,4,2,2,3,0,1
139,0,114.3,8,13,4,2,2,0,0,0
47,0,89.0,5,30,2,3,1,0,0,0
13,2,156.0,5,28,4,1,0,0,3,1
228,0,80.75,8,27,4,4,2,3,0,0
134,0,133.2,8,23,4,4,0,0,3,0
54,0,177.3,4,16,4,1,2,0,5,0
0,1,139.0,8,20,4,1,0,3,0,1
84,0,58.14,4,10,4,2,2,3,0,1
63,1,126.9,6,9,4,3,0,0,0,0
35,0,132.3,6,21,4,1,0,0,3,0
1,0,87.82,7,11,4,0,1,3,0,1
24,1,107.0,10,8,4,3,0,0,0,1
44,1,99.0,8,31,4,3,0,3,0,1
92,1,81.95,6,20,4,3,1,3,0,1
13,1,95.0,9,11,4,1,0,0,0,1
7,1,134.0,9,21,2,1,0,0,4,1
221,0,89.2,9,18,4,1,0,0,0,0
10,1,87.05,9,4,4,3,2,3,0,1
81,1,89.25,10,25,4,2,2,0,0,0
35,0,144.63,10,2,4,2,2,0,3,1
0,2,152.0,9,22,4,1,0,3,0,1
44,1,102.6,10,2,4,0,2,3,0,1
122,2,198.9,8,25,4,3,0,0,5,1
39,0,137.7,4,21,4,3,1,0,3,1
106,0,94.5,7,15,4,1,0,3,0,0
2,2,93.0,2,1,4,3,1,0,0,1
0,0,103.2,5,18,3,1,0,3,0,1
11,1,90.0,8,24,4,0,1,0,0,1
119,1,177.3,7,14,4,2,0,0,5,1
18,1,89.0,8,30,4,3,2,0,0,0
4,0,65.0,11,30,2,2,1,0,0,1
62,1,98.55,9,4,4,2,2,0,0,0
0,1,142.67,9,8,4,3,0,0,0,1
23,2,160.5,6,17,4,2,0,0,3,1
37,1,135.9,8,3,4,2,0,0,0,1
1,0,60.0,8,5,2,3,0,0,0,0
1,0,79.0,12,29,2,1,0,0,0,1
97,1,108.3,4,28,4,3,0,0,0,1
29,0,139.0,10,21,4,2,0,0,0,0
0,0,0.0,5,2,4,2,1,0,0,1
152,0,136.68,9,16,3,4,2,1,3,0
77,1,132.3,10,6,4,3,0,0,3,0
207,1,80.75,7,28,4,4,2,3,0,1
3,0,63.88,2,10,4,4,1,0,0,1
1,0,65.0,9,27,2,1,0,0,1,1
180,1,130.05,8,10,4,4,0,0,3,0
61,2,81.9,11,14,4,1,2,0,3,1
36,0,85.0,10,20,3,3,0,0,0,1
14,0,87.0,2,19,3,3,2,0,0,1
169,0,62.73,8,22,4,3,1,3,0,0
151,0,122.76,10,30,4,3,2,0,3,0
9,0,89.0,12,3,3,1,0,0,0,1
59,0,171.72,10,7,4,2,1,0,5,0
28,0,89.0,4,17,4,0,2,3,0,0
143,0,77.03,4,22,4,2,0,0,0,1
47,0,118.8,4,23,4,1,0,0,3,0
22,0,95.0,4,18,4,1,1,0,0,1
0,0,126.0,9,12,4,1,1,0,0,0
38,1,112.5,4,3,4,1,2,0,0,1
39,0,126.9,5,7,4,1,2,0,0,1
12,0,71.0,1,19,3,2,0,0,0,1
23,1,104.0,11,25,4,2,1,0,0,1
22,0,119.0,9,26,4,3,1,3,0,0
38,0,118.8,4,21,4,3,1,0,3,0
4,1,108.99,9,15,4,3,1,3,0,1
15,2,129.0,8,21,4,0,1,3,0,1
120,4,143.1,6,13,4,0,1,0,0,1
217,0,86.63,8,3,4,3,0,0,1,0
66,0,120.6,8,31,4,4,0,3,0,1
107,1,76.69,12,21,4,5,2,3,0,1
12,1,178.5,9,24,4,3,1,3,0,1
153,0,143.1,9,24,4,3,2,0,3,0
33,0,85.5,5,29,3,1,2,0,0,1
4,2,81.0,2,25,4,1,0,3,0,1
11,1,57.98,1,28,4,1,0,3,0,1
2,1,76.0,1,4,4,0,1,0,0,1
2,2,85.0,6,13,4,0,1,0,0,1
47,1,60.0,11,7,3,2,2,0,3,1
16,1,151.0,6,30,4,5,2,0,0,1
0,0,65.0,2,2,2,2,0,0,0,1
162,1,114.3,6,26,4,0,2,0,3,0
3,0,93.0,2,27,4,1,0,0,0,1
8,1,156.0,6,18,4,1,2,0,3,1
100,1,91.51,9,5,4,3,1,3,0,0
269,1,70.0,12,29,3,3,2,0,0,1
25,2,146.7,11,18,4,3,2,1,0,1
55,1,102.6,11,15,4,1,0,0,0,1
34,0,159.3,4,30,4,1,1,0,3,0
43,2,64.0,12,26,3,2,2,0,0,1
25,1,112.25,10,6,4,4,0,0,0,1
86,0,76.5,7,6,4,3,1,0,0,0
52,2,207.0,12,31,4,2,0,0,5,1
15,1,117.5,12,2,4,2,0,0,3,1
67,1,140.4,5,31,4,3,0,0,3,1
3,1,66.0,2,25,2,1,0,0,0,1
0,0,65.0,11,18,2,1,0,0,0,1
43,1,0.0,10,17,4,0,0,0,0,1
35,1,119.0,8,30,4,4,0,0,0,1
3,0,88.0,11,28,2,0,1,0,0,1
16,0,89.0,11,25,3,2,0,0,0,1
37,3,90.9,10,19,4,3,1,0,0,1
3,0,93.29,3,30,4,5,2,3,0,0
110,0,72.8,4,20,4,2,0,0,0,1
27,0,48.33,12,22,3,5,1,0,0,1
31,0,78.3,1,16,4,1,0,0,0,0
5,0,96.0,10,4,4,1,2,0,0,1
0,0,98.0,4,16,3,1,2,0,0,0
4,1,92.65,2,15,3,3,1,0,0,1
4,0,103.0,4,10,4,0,2,0,0,1
112,0,90.0,6,2,3,1,0,0,0,1
83,0,123.9,6,3,4,2,1,0,0,1
39,1,71.1,3,11,4,2,0,3,0,0
7,0,89.0,4,11,4,0,1,3,0,1
1,1,105.0,8,10,4,1,1,0,0,1
14,0,151.0,7,1,4,1,0,0,0,0
42,1,112.59,9,15,4,1,0,0,0,1
11,0,143.2,9,29,4,1,0,0,0,1
6,0,65.0,10,10,3,1,2,0,0,1
48,1,140.4,5,24,4,2,0,0,3,1
107,1,80.75,5,29,4,1,2,0,0,0
3,0,78.3,1,8,4,1,0,0,0,1
164,0,94.5,7,21,4,3,0,3,0,0
35,0,99.0,9,26,3,0,1,0,0,1
16,2,90.0,8,29,4,1,1,0,0,1
51,1,108.0,10,5,4,2,0,3,0,0
198,1,90.95,7,18,4,3,1,0,0,1
8,0,154.0,12,8,4,1,0,0,3,1
34,1,125.0,10,15,4,3,0,0,0,1
95,2,90.0,11,20,4,0,2,0,0,0
5,0,63.1,1,15,4,2,0,3,0,1
7,2,165.0,6,19,4,0,1,0,3,1
202,0,128.7,10,22,4,1,2,0,3,0
102,3,152.1,8,19,4,2,1,0,3,1
57,2,115.04,9,21,4,1,0,0,3,1
1,1,116.0,10,10,3,1,1,0,0,1
2,2,118.0,6,23,4,1,0,0,0,1
67,0,80.75,4,4,4,4,1,3,0,0
56,1,74.8,11,12,4,3,2,3,0,1
6,0,179.38,11,9,2,1,0,0,0,1
3,0,75.0,12,26,4,1,0,3,0,1
48,0,72.9,3,7,4,2,1,0,0,0
256,0,90.95,8,31,4,4,0,0,0,0
244,2,94.5,12,21,4,2,0,0,0,0
2,2,102.0,2,12,4,2,0,0,0,1
18,1,93.0,2,19,4,2,0,0,0,1
97,0,85.5,4,25,4,2,1,3,0,1
51,1,68.47,11,17,4,3,0,0,0,1
28,2,143.45,7,8,4,2,2,0,0,1
56,1,103.28,3,28,3,3,1,0,3,1
47,1,94.5,9,23,4,2,0,0,0,1
107,1,132.6,5,26,4,3,2,0,3,1
152,0,80.75,6,18,3,4,2,0,0,1
0,0,116.45,6,28,2,1,0,0,0,1
6,1,87.27,10,30,4,2,1,0,0,1
157,1,101.58,7,11,4,3,1,0,0,0
21,0,194.8,8,19,4,3,2,1,0,1
34,2,94.5,9,13,4,2,2,0,0,1
72,0,74.8,12,19,4,3,1,3,0,0
1,2,120.0,12,25,4,0,2,0,5,1
83,2,135.9,9,7,4,2,0,0,0,1
161,1,66.53,6,28,4,7,2,0,0,1
79,1,172.23,10,21,4,7,4,0,5,1
52,0,99.0,8,28,4,0,1,3,0,1
4,2,97.0,12,13,4,1,0,0,0,1
90,1,76.5,4,8,4,2,1,3,0,1
95,0,119.85,6,10,4,2,2,0,0,1
44,0,113.4,10,2,4,0,2,0,0,0
35,2,101.41,4,17,4,1,2,0,0,1
13,0,221.0,5,4,4,3,0,0,5,0
108,0,199.8,10,11,4,4,0,0,5,0
81,2,89.25,10,24,4,3,2,0,0,1
33,1,80.46,2,23,4,5,0,0,0,1
143,1,126.9,9,5,4,2,1,0,0,1
128,1,118.8,9,2,4,2,1,3,0,1
124,1,114.3,5,6,4,2,1,0,3,1
36,0,111.6,4,29,3,1,0,3,0,1
72,1,116.27,10,24,4,3,1,0,5,1
6,1,91.0,3,8,4,3,0,3,0,1
76,1,71.05,10,30,4,4,2,0,3,1
22,0,71.0,11,17,2,1,0,0,0,1
190,2,90.65,6,8,4,4,0,0,3,0
0,0,65.0,5,4,2,1,0,0,0,1
81,0,65.0,3,25,3,2,1,0,0,1
43,1,349.63,12,29,4,3,0,1,5,1
251,1,73.35,11,21,4,1,1,3,0,1
31,2,96.75,4,17,4,2,2,0,0,1
147,0,124.0,6,2,3,3,0,0,0,0
3,0,97.02,10,22,4,1,0,0,0,1
3,0,162.5,9,19,4,4,2,0,3,1
150,0,96.9,7,8,3,2,1,0,0,1
123,0,201.6,9,25,4,0,2,0,5,0
0,0,67.0,11,25,2,1,0,0,0,1
19,0,139.0,8,20,4,2,2,3,0,0
22,0,75.6,9,4,4,3,2,0,0,1
221,1,65.0,10,17,3,1,2,0,0,1
84,1,150.3,8,5,4,2,2,0,3,1
55,1,95.1,6,26,4,1,2,3,0,1
13,2,114.0,11,16,4,1,0,0,0,1
11,1,136.0,10,4,4,0,2,0,3,1
57,1,63.55,3,30,4,4,1,0,0,1
2,0,175.0,10,10,4,3,1,0,3,1
5,2,190.0,10,7,4,2,0,0,0,1
58,1,66.45,2,29,4,7,3,0,0,1
174,0,90.95,7,11,4,4,1,0,0,0
0,0,119.35,10,7,4,1,0,0,3,1
2,0,109.0,8,3,3,4,0,0,0,1
16,0,106.0,2,28,4,0,2,0,3,0
145,0,95.4,6,2,4,3,0,0,0,0
13,4,174.0,9,14,4,3,1,0,5,1
116,2,125.1,9,25,4,3,2,3,0,1
81,0,135.0,10,21,4,2,1,0,0,0
1,0,65.0,8,19,2,1,0,0,0,1
24,0,99.5,9,7,3,2,1,0,0,1
12,1,145.0,7,11,4,1,1,0,0,1
86,0,174.0,12,8,4,3,0,0,5,0
18,0,80.0,12,24,3,1,2,0,0,1
239,0,90.6,6,15,4,2,0,1,0,0
10,0,109.5,5,21,3,1,1,0,0,1
44,0,173.0,2,8,4,1,1,0,5,1
1,0,195.0,9,26,4,0,1,3,4,1
4,0,67.5,1,16,4,1,1,3,0,1
4,0,65.0,11,9,2,0,1,0,0,1
0,0,93.0,1,17,4,0,1,0,0,1
40,1,112.5,8,28,4,1,2,0,0,1
58,1,95.4,12,9,4,2,0,0,0,1
35,0,105.0,10,31,3,4,1,1,0,1
13,2,90.0,8,18,4,2,0,0,0,1
67,3,112.9,12,5,4,1,2,3,0,1
191,2,101.34,6,4,4,2,2,0,3,0
11,2,90.0,8,24,4,3,1,0,0,1
88,0,93.6,12,1,4,2,0,0,0,0
100,2,79.2,11,17,4,3,0,3,0,0
55,2,109.8,8,30,4,4,0,0,0,0
4,0,81.0,2,6,4,4,2,3,0,0
38,0,107.1,7,2,4,1,1,3,0,0
202,2,128.85,9,6,4,4,0,0,0,0
55,0,137.7,4,8,4,1,0,0,3,0
20,0,85.5,9,21,3,1,0,0,0,1
220,1,84.15,12,30,4,2,2,0,0,0
156,0,111.6,8,29,4,5,1,0,0,0
43,1,96.3,2,18,4,3,0,0,3,1
151,1,143.38,12,30,4,2,0,0,0,0
225,1,74.15,10,29,4,1,2,0,0,1
41,0,85.0,10,24,3,3,1,0,0,1
30,1,94.5,9,13,4,0,2,0,0,1
144,0,146.7,8,4,4,2,0,0,3,1
3,1,169.0,9,15,4,2,0,0,0,1
119,2,79.2,11,4,4,2,0,3,0,0
74,1,117.73,12,29,4,2,0,0,3,1
79,1,56.94,3,12,4,5,2,0,0,1
5,2,81.0,2,25,4,1,0,3,0,1
186,0,80.75,9,2,3,2,2,0,0,1
61,1,96.9,12,7,4,4,0,0,3,1
14,0,70.0,3,10,3,2,0,0,0,1
1,0,110.71,7,7,4,1,0,3,0,1
0,0,77.5,1,7,4,1,0,3,0,1
20,1,153.0,4,10,4,0,1,0,3,1
259,0,80.24,10,3,4,3,1,0,0,0
5,1,121.0,12,8,4,3,0,0,3,1
63,0,63.75,8,22,3,0,1,3,0,1
14,0,136.0,8,16,4,2,0,0,0,0
135,2,119.85,6,16,4,3,1,0,0,1
3,1,67.0,9,19,2,1,1,0,0,1
114,0,198.9,5,20,4,2,0,0,5,0
3,0,100.0,8,22,2,1,1,0,0,1
115,2,70.03,4,26,4,4,0,0,0,1
247,1,111.0,6,6,3,1,1,1,0,0
0,0,139.0,10,16,4,0,2,3,0,1
12,0,85.0,2,5,4,2,1,0,0,0
27,1,151.0,7,4,4,1,1,0,0,1
44,1,112.0,11,6,3,1,2,0,0,1
53,1,161.78,8,25,4,3,1,0,3,1
249,0,96.3,10,28,4,2,1,0,0,0
128,2,207.9,5,27,4,2,0,0,5,0
27,0,85.0,5,4,3,1,0,0,0,1
119,1,116.45,7,19,4,4,0,0,3,1
21,0,75.0,10,12,3,2,1,0,3,1
36,1,85.0,9,18,3,1,0,0,0,1
59,1,131.4,12,29,4,2,0,0,3,1
83,2,210.6,6,10,4,2,1,1,3,1
4,1,104.0,11,6,4,2,1,3,0,1
1,1,89.5,12,18,4,0,1,0,0,1
99,0,132.6,5,23,4,3,1,0,3,0
118,1,107.95,7,1,4,5,2,0,0,1
46,1,79.2,12,16,4,2,1,3,0,1
59,1,67.91,11,21,4,1,1,0,0,0
110,1,139.5,12,9,3,4,0,0,6,1
50,1,76.92,6,22,4,1,0,0,0,1
54,1,117.0,12,30,4,4,1,0,3,1
41,0,145.1,8,24,4,3,0,0,0,1
35,0,153.3,5,27,4,2,1,0,3,0
44,3,133.44,10,18,4,5,0,0,3,1
37,0,126.45,3,24,4,2,0,0,3,1
22,0,146.0,12,31,4,2,0,0,3,1
1,0,75.0,11,3,3,1,0,0,0,1
53,1,125.1,9,26,4,0,1,3,0,0
105,1,119.85,5,16,4,3,1,0,0,1
9,0,68.4,1,22,4,2,2,3,0,1
70,0,97.33,4,22,4,2,2,0,0,1
175,2,93.5,9,11,4,2,2,0,0,1
22,1,104.22,9,24,4,3,2,0,3,1
81,1,67.5,3,9,4,3,0,3,0,1
4,0,110.0,10,11,2,1,0,0,3,1
4,0,91.0,2,13,4,1,2,0,0,1
63,0,117.0,4,3,4,0,2,0,0,1
105,0,123.25,7,4,4,4,1,0,0,0
101,1,132.6,5,5,4,3,2,0,3,1
71,1,80.75,6,17,3,2,2,0,0,1
0,1,0.0,6,22,1,0,0,0,0,1
40,2,62.29,2,21,4,1,2,0,0,1
18,0,67.0,10,18,2,2,0,0,0,1
12,2,80.85,9,9,4,2,0,0,0,1
42,1,126.0,10,10,4,0,1,0,0,0
13,1,85.0,3,20,3,0,1,0,0,1
17,1,77.0,1,29,4,2,1,3,0,1
0,0,95.0,6,15,2,1,0,0,0,1
92,2,72.25,11,10,4,4,0,0,0,0
150,1,118.62,8,28,4,3,2,0,0,1
55,1,108.0,9,2,4,2,1,3,0,0
64,1,111.9,6,27,4,2,1,0,0,1
67,0,80.75,6,12,3,1,2,0,0,1
127,0,99.45,5,6,4,3,2,0,0,1
173,0,72.25,7,12,3,3,0,0,0,1
60,3,105.4,12,23,4,2,2,0,0,1
35,0,93.9,4,17,4,1,2,0,0,0
8,1,102.0,1,27,4,1,0,0,0,1
27,1,100.0,11,2,4,3,0,3,0,1
12,0,93.0,2,23,4,2,0,0,0,1
82,0,139.5,7,25,4,2,1,0,3,0
15,0,164.0,9,28,4,1,0,0,3,1
119,0,128.85,6,15,4,4,0,0,0,1
109,0,102.25,7,10,3,3,2,1,0,1
12,3,111.35,5,30,4,1,1,0,0,1
44,1,131.4,7,9,4,1,0,0,3,1
19,1,99.45,11,11,4,4,0,0,3,1
6,3,135.58,5,29,4,2,2,0,3,1
129,0,47.2,12,29,3,5,0,0,0,1
151,1,120.7,7,6,4,4,0,0,3,0
240,0,95.4,9,14,4,2,0,3,0,0
79,1,96.3,4,15,4,2,0,0,0,1
46,0,99.0,3,24,4,1,0,0,0,0
8,0,80.27,12,4,4,2,1,0,0,1
83,0,75.0,5,1,3,2,2,0,0,1
5,0,80.0,12,19,3,1,2,0,0,1
108,0,92.4,5,4,4,3,0,0,0,1
5,1,96.0,12,13,4,1,0,0,0,1
9,1,160.29,7,14,4,5,2,0,3,1
39,2,135.9,9,12,4,0,1,0,0,1
58,1,80.3,3,4,4,2,0,0,0,1
37,0,85.5,9,16,4,2,0,0,0,1
4,1,80.0,1,20,4,1,0,0,0,1
270,0,62.8,4,20,4,4,0,0,0,0
110,0,84.6,11,28,4,0,1,0,0,1
89,0,79.82,12,30,4,3,0,0,0,1
152,1,114.3,8,6,4,1,0,0,0,0
26,0,108.0,10,12,3,3,1,3,3,1
4,1,139.0,7,16,4,1,0,3,0,1
6,1,69.0,5,31,2,3,0,0,0,1
11,1,72.07,2,14,4,2,2,0,0,1
24,1,46.67,2,11,3,3,0,0,3,1
209,1,90.95,8,16,4,4,0,0,0,0
71,1,78.3,3,4,4,2,0,0,0,0
43,3,127.1,7,3,4,2,2,0,0,1
5,0,145.0,9,21,4,0,1,0,0,1
3,2,161.33,9,15,4,3,0,3,0,1
15,1,84.0,8,13,2,1,1,0,0,1
6,0,100.63,11,14,2,3,1,0,3,1
155,1,94.5,8,21,4,0,1,3,0,1
0,0,73.9,1,6,4,1,0,0,0,1
89,2,137.7,7,17,4,0,1,0,3,1
2,0,72.5,8,15,3,1,2,1,0,1
71,1,75.54,10,30,4,0,2,0,0,1
184,2,128.7,10,17,4,3,1,0,3,0
59,0,75.0,10,29,3,2,0,0,0,1
17,1,101.0,6,13,4,0,1,0,0,1
3,1,92.0,8,12,4,2,1,3,0,1
42,0,116.26,3,31,4,3,1,0,0,0
4,0,64.0,1,25,2,0,1,0,0,1
1,0,65.0,7,27,2,2,0,0,0,1
76,0,131.4,7,2,4,1,0,0,3,0
51,1,79.2,12,9,4,2,0,3,0,1
5,1,109.0,6,26,4,0,1,0,0,1
44,2,82.44,11,19,4,1,0,0,1,1
7,1,109.0,3,28,4,3,1,3,0,0
61,0,55.96,7,11,4,1,2,0,0,1
42,1,112.5,4,1,4,2,1,0,0,1
68,1,137.7,4,21,4,1,0,0,3,0
131,0,80.75,6,19,4,3,2,0,0,0
30,0,186.22,11,2,4,9,4,0,5,0
69,0,118.8,4,22,4,2,1,0,3,0
43,0,83.2,12,6,4,5,1,0,0,0
119,0,264.1,7,11,4,0,1,1,5,0
11,0,90.0,6,14,2,3,0,0,3,0
99,1,74.8,12,6,4,4,0,3,0,1
106,0,152.1,8,24,4,4,0,0,3,0
113,1,108.0,10,13,4,1,0,3,0,0
0,0,82.88,12,19,4,4,1,0,0,1
0,0,98.33,2,4,4,3,0,0,0,1
29,0,75.0,10,20,3,3,0,0,3,1
39,2,121.5,4,11,4,3,1,0,0,1
231,2,78.3,12,2,4,2,1,0,0,0
112,1,87.3,4,11,4,2,1,0,0,1
3,0,80.0,1,30,4,2,2,0,0,1
21,0,91.0,2,6,4,1,0,0,0,0
91,1,168.3,9,4,4,0,2,0,3,1
55,3,93.6,11,24,4,3,0,0,0,1
0,1,113.0,10,19,4,1,1,0,3,1
0,0,92.98,10,5,4,1,0,3,0,1
95,1,72.25,11,27,4,2,0,0,0,0
190,0,96.3,10,26,4,4,0,0,0,0
194,0,86.62,7,9,4,1,2,0,1,0
141,2,149.85,9,4,4,2,2,0,0,1
0,2,90.0,10,10,3,2,1,0,0,1
30,2,88.4,11,17,4,3,1,0,0,1
184,1,96.3,7,11,4,0,1,0,0,1
175,2,90.9,10,30,4,4,2,0,0,0
7,1,80.0,3,3,2,1,0,0,0,1
158,1,69.92,4,16,4,1,2,0,1,1
12,0,129.8,10,4,3,3,2,1,0,1
34,0,144.0,10,5,4,2,0,0,4,1
0,0,113.33,11,5,4,4,2,1,0,1
1,0,98.0,8,7,4,0,1,3,0,1
230,1,98.6,10,30,4,3,2,0,3,0
127,1,55.9,4,16,4,3,2,3,0,1
0,1,67.5,1,23,4,1,0,3,0,1
1,0,77.0,1,5,2,1,0,0,0,1
17,0,102.33,4,2,4,1,2,3,0,0
4,1,94.36,6,17,4,2,1,3,0,1
145,2,76.5,7,4,4,1,2,0,0,0
5,0,65.0,11,18,2,2,0,0,0,1
183,1,112.0,8,3,4,4,1,0,0,0
5,1,76.58,11,10,4,4,0,0,3,1
111,1,145.0,5,19,4,3,1,0,0,1
99,1,97.71,5,22,4,1,2,0,0,1
33,2,146.7,4,20,4,1,0,0,3,1
1,1,97.0,3,15,4,1,0,3,0,1
4,0,140.0,8,21,4,2,2,0,0,0
40,0,128.1,6,27,4,2,1,0,0,0
64,1,94.5,4,11,4,1,1,3,0,0
46,0,71.0,1,1,4,2,0,0,0,1
9,0,116.04,9,7,3,4,1,1,0,0
15,2,118.15,7,8,3,2,0,0,0,1
199,2,94.51,7,23,4,6,3,0,3,1
195,1,82.45,6,30,3,2,0,0,3,1
102,0,150.3,8,24,4,4,0,0,3,0
0,0,96.0,8,9,4,0,2,3,0,1
181,1,250.0,10,11,3,1,0,0,0,0
217,0,96.3,8,10,4,2,0,0,0,0
1,0,135.0,9,17,2,1,0,0,0,1
0,1,0.0,3,10,1,1,0,3,6,1
74,2,93.6,11,11,4,2,1,0,0,1
9,1,108.0,7,20,4,1,0,3,0,1
4,0,95.0,9,19,0,1,1,0,0,1
195,0,174.3,8,26,4,2,1,0,5,0
0,1,45.0,2,15,3,1,1,0,3,1
34,1,120.9,3,26,4,1,2,0,0,1
30,1,134.1,8,2,4,3,0,3,0,1
5,0,84.8,12,28,4,1,0,0,0,1
89,0,128.85,5,8,4,2,2,0,0,1
0,3,97.0,8,19,4,2,0,3,0,1
28,1,231.0,9,13,4,2,0,0,5,1
89,1,63.75,11,17,4,3,0,0,0,1
2,1,141.0,5,2,4,1,1,0,0,1
314,0,68.66,12,26,4,6,3,3,0,0
11,1,161.8,2,24,3,3,0,1,3,1
4,1,133.98,11,20,4,0,1,0,5,1
386,0,3.0,10,23,1,0,2,1,0,1
0,2,114.0,10,6,4,1,0,3,0,1
27,3,138.2,12,14,4,4,1,1,3,1
42,0,113.4,10,2,4,1,2,0,0,0
6,1,136.0,10,20,4,2,0,0,3,1
26,1,116.85,9,5,4,4,2,0,0,0
55,1,133.65,6,17,4,2,2,0,3,1
26,1,120.12,5,18,4,1,0,0,3,1
12,0,75.0,10,5,3,2,1,0,3,1
17,2,114.5,9,17,4,2,0,0,0,1
1,1,153.0,8,9,4,0,2,0,5,1
7,0,184.0,9,14,4,2,0,0,3,0
18,1,97.33,1,10,4,1,2,0,0,1
20,1,105.0,10,18,3,1,2,0,3,1
111,1,196.35,12,25,4,2,2,1,5,0
162,0,103.5,8,8,4,2,1,3,0,0
46,0,75.0,11,11,3,2,0,0,0,1
167,0,105.3,8,6,4,1,0,0,0,0
65,0,100.0,10,2,3,1,0,0,0,1
31,1,66.71,11,27,4,3,2,0,0,1
120,0,87.13,4,30,4,2,2,3,0,0
62,1,125.63,4,2,4,3,2,0,3,0
31,2,88.0,11,19,4,1,0,3,0,1
19,0,48.0,9,21,3,1,1,0,0,0
73,1,149.4,6,16,4,3,0,0,3,1
150,2,118.8,10,3,4,2,1,0,0,1
30,1,233.1,9,2,4,2,0,1,5,1
159,0,198.9,5,26,4,3,0,0,5,0
75,0,75.0,12,3,3,1,1,0,0,1
8,2,151.33,9,30,4,3,0,0,0,1
16,2,105.0,9,9,4,2,0,0,0,1
218,2,106.1,10,7,4,2,1,0,0,0
195,0,80.75,7,25,4,3,1,3,0,0
4,1,87.0,11,27,4,2,1,0,0,1
156,2,96.3,7,2,4,1,2,0,0,1
37,1,64.8,3,23,3,4,0,3,0,1
6,2,100.67,8,19,4,4,2,0,0,1
17,0,95.0,12,10,4,1,0,3,0,1
147,0,128.76,10,8,3,2,2,1,0,1
12,0,58.0,12,16,3,2,0,0,0,1
128,0,104.18,5,5,4,3,0,0,1,1
46,0,80.75,3,28,3,3,1,0,0,1
156,0,130.05,8,20,4,2,2,0,3,0
114,1,106.74,4,30,4,5,2,0,3,0
37,1,112.68,10,16,4,1,2,0,0,1
42,0,118.16,3,24,4,3,1,0,0,1
71,0,80.0,5,10,3,3,0,0,0,1
46,0,94.5,9,18,4,1,0,0,0,1
42,0,63.0,3,21,3,2,1,0,0,0
51,2,130.9,12,20,4,5,1,0,3,1
6,1,97.0,3,11,4,2,1,3,0,1
13,0,52.5,12,28,3,3,1,0,3,1
179,0,90.9,10,27,4,3,1,0,0,0
34,1,78.3,2,13,4,1,0,0,0,1
172,0,106.0,8,16,2,3,0,0,4,0
292,0,90.0,7,21,3,2,0,1,0,1
2,0,89.0,3,30,4,1,0,3,0,1
51,2,88.0,11,2,4,4,1,3,0,1
208,2,88.77,10,23,4,2,2,0,1,1
26,0,133.8,4,18,3,4,1,1,0,1
41,1,88.0,12,2,4,1,0,3,0,1
150,1,76.5,8,14,4,2,1,0,0,1
62,0,159.3,5,1,4,1,2,0,0,0
36,2,67.5,8,28,3,1,2,0,0,1
182,0,98.1,10,12,4,1,0,3,0,0
30,0,126.9,6,22,4,1,0,0,0,0
67,3,93.6,11,1,4,4,0,0,0,1
63,0,130.0,5,16,2,2,1,0,0,1
4,1,133.0,9,20,4,3,2,3,0,1
39,1,122.4,5,29,4,0,1,0,3,1
107,2,152.1,8,20,4,1,2,0,3,1
62,0,91.48,4,21,4,3,0,0,3,1
48,0,104.4,3,31,4,3,0,0,3,1
50,1,140.4,5,17,4,3,0,0,3,1
92,0,150.3,8,22,4,0,1,0,3,0
54,0,86.58,3,1,4,4,0,0,3,1
82,0,99.45,3,24,4,3,1,0,3,1
140,1,127.71,6,19,4,2,2,0,3,1
272,0,110.78,12,27,4,5,1,0,3,1
133,2,137.7,7,12,4,3,0,0,0,1
111,0,59.5,11,8,4,2,0,0,0,0
12,0,38.67,3,28,3,2,1,0,0,0
4,1,99.0,4,2,4,1,0,3,0,1
61,0,102.0,3,21,4,3,1,0,3,1
0,0,81.0,8,6,4,1,0,3,0,1
46,0,124.46,8,28,4,5,2,0,3,1
28,0,87.0,3,7,3,3,1,0,0,1
6,0,104.0,4,16,4,1,1,3,0,0
74,1,109.28,6,16,4,3,0,0,3,1
28,0,133.17,9,29,4,3,0,0,0,1
20,2,93.0,2,7,4,1,2,0,0,1
34,0,70.83,10,7,3,4,2,0,3,0
175,0,104.4,10,28,4,2,2,0,3,0
26,1,110.0,10,31,4,0,1,0,0,1
58,1,78.53,12,27,3,4,2,0,3,1
25,1,129.0,10,3,4,1,1,3,0,0
153,0,137.7,7,26,4,2,0,0,3,0
95,2,108.0,10,2,4,1,2,3,0,1
36,2,216.9,7,22,4,1,0,0,5,1
89,1,169.58,6,14,4,4,0,0,3,0
30,1,114.0,11,18,4,2,1,0,3,1
302,2,90.3,12,29,4,3,0,0,0,0
41,1,87.09,4,22,4,5,2,0,3,1
12,0,93.0,2,20,4,1,2,0,0,1
0,1,116.0,8,7,4,0,2,3,0,1
171,2,72.25,8,11,3,3,2,0,0,1
45,1,161.1,8,3,4,4,0,0,0,1
52,0,85.0,5,27,3,2,1,0,0,1
97,0,82.45,8,4,3,5,2,0,3,1
49,1,71.1,3,17,4,1,0,3,0,0
93,0,116.1,5,2,4,0,1,3,0,0
161,2,95.69,6,17,4,5,2,3,0,0
203,0,87.12,10,8,3,1,2,0,0,1
17,0,75.0,7,17,3,1,2,3,0,1
6,1,149.0,9,16,4,1,0,3,0,1
35,1,113.4,6,21,4,2,0,0,0,1
54,1,100.2,10,3,4,1,2,0,0,1
123,0,107.95,5,4,4,4,0,0,3,0
29,0,66.0,2,9,3,3,0,0,0,1
1,0,180.0,9,24,4,1,0,3,0,0
101,0,123.3,7,22,4,2,0,0,3,0
45,0,113.62,4,10,4,4,2,0,3,0
6,0,0.0,11,13,1,0,2,0,0,1
30,2,94.5,9,14,4,3,1,0,0,1
113,0,61.25,3,29,3,4,0,0,0,1
1,0,6.0,8,5,1,1,0,0,0,1
66,2,179.1,11,7,4,3,1,0,0,1
80,0,135.9,9,25,4,2,2,0,0,1
12,1,101.68,6,30,4,1,0,3,0,1
138,0,218.03,7,4,4,3,1,1,5,0
144,0,95.4,6,2,4,3,0,3,0,1
15,1,127.0,3,18,4,2,0,0,0,1
6,0,88.0,4,11,3,1,1,0,0,1
110,2,101.58,5,2,4,3,1,0,0,1
41,1,140.4,8,20,4,2,2,0,0,1
52,0,126.9,5,12,4,3,0,0,0,0
101,0,126.9,5,19,4,1,0,0,0,1
0,1,109.0,6,7,4,1,0,3,0,1
0,1,80.3,1,5,4,2,0,0,0,1
0,0,79.0,1,11,2,0,1,0,0,1
0,0,80.0,8,5,4,2,0,0,0,1
32,0,85.0,7,18,3,1,1,0,0,1
1,1,106.0,1,4,4,0,1,0,3,1
7,0,159.0,4,9,4,4,2,0,3,0
6,0,81.0,2,5,4,2,0,3,0,1
81,0,69.5,3,25,3,2,2,0,0,1
76,0,59.5,3,25,4,2,1,0,0,0
88,3,132.3,10,8,4,2,2,0,3,1
111,0,137.7,8,1,4,3,1,0,3,0
95,0,86.36,6,29,3,5,2,0,0,1
104,0,90.95,10,23,3,1,2,0,3,1
3,1,65.0,11,24,2,1,0,0,0,1
7,1,80.3,1,13,4,1,0,0,0,1
106,2,131.4,8,9,4,3,0,0,3,1
50,1,108.0,11,3,4,3,1,0,0,0
1,1,104.0,11,16,4,3,0,3,0,1
14,0,80.0,11,28,3,2,1,0,0,1
14,1,109.55,8,17,4,1,0,0,1,1
34,0,67.5,2,9,4,4,0,3,0,0
46,1,79.2,11,25,4,2,1,3,0,0
76,2,72.25,11,19,4,3,0,0,0,1
1,1,89.0,4,16,4,1,0,3,0,1
9,0,0.0,4,6,4,1,0,1,0,1
190,1,93.5,9,8,4,5,2,0,0,1
3,1,204.82,10,7,4,2,1,0,6,1
1,0,91.2,9,8,3,1,0,0,0,1
53,1,67.5,3,12,4,1,2,3,0,1
95,1,104.4,10,27,4,3,0,0,3,1
25,1,85.0,11,1,4,4,0,3,0,1
3,0,120.0,6,10,3,2,0,0,0,1
90,0,88.74,12,26,4,4,1,3,0,0
116,0,75.0,2,28,3,1,2,0,0,1
89,0,183.3,7,21,4,3,0,0,5,0
10,2,98.33,11,28,4,2,1,0,0,1
41,0,159.3,3,25,4,2,0,0,3,0
46,1,89.1,6,22,4,2,0,3,0,1
30,0,152.78,10,3,4,3,1,0,3,0
12,0,0.0,8,17,1,1,0,0,0,1
1,1,0.0,6,21,1,3,0,2,6,1
121,2,123.3,7,7,4,1,0,0,0,1
3,0,85.0,10,15,3,3,0,0,3,1
276,0,116.33,9,22,3,3,0,0,0,0
136,1,83.12,8,11,4,3,2,0,0,1
166,0,100.12,8,18,4,6,2,0,0,0
61,1,75.0,11,23,3,3,0,0,0,1
37,1,80.3,2,10,4,4,1,0,0,1
0,2,0.0,12,12,1,0,1,0,0,1
146,0,116.45,7,31,4,3,2,0,0,0
0,0,114.0,8,10,4,3,1,0,0,1
205,1,95.5,10,20,4,3,0,0,0,0
243,0,89.2,9,20,4,2,2,0,0,0
11,2,73.6,2,12,3,2,1,0,3,1
443,0,65.0,4,29,4,1,0,0,0,0
10,1,99.0,7,29,4,1,0,3,0,1
4,1,128.59,6,2,4,3,1,0,0,1
9,1,90.5,9,21,3,1,1,0,0,1
39,1,64.64,2,8,4,1,1,0,0,1
15,0,164.0,9,26,4,2,1,0,3,1
151,1,90.9,10,25,4,4,0,0,0,1
139,0,90.95,9,5,3,1,1,0,3,1
1,2,189.0,12,3,4,1,1,1,0,1
18,0,190.0,9,26,2,2,2,0,0,1
9,1,140.0,10,16,4,2,2,3,0,0
97,1,74.8,11,27,4,2,2,3,0,0
71,1,105.4,6,17,3,2,2,0,0,1
0,0,90.0,8,21,4,2,1,0,0,0
140,0,177.3,5,7,4,1,0,0,5,0
165,2,72.25,7,31,3,4,2,0,0,1
12,2,124.0,9,21,4,2,1,0,0,1
124,0,94.5,8,1,4,3,1,3,0,0
53,0,109.8,8,30,4,3,0,0,0,0
31,1,152.1,8,3,4,2,0,0,0,0
4,2,67.58,12,20,4,4,0,3,0,1
0,1,221.0,5,3,4,4,0,0,5,1
81,0,89.31,3,23,4,5,2,0,0,1
65,1,118.8,4,24,4,0,2,0,3,1
2,0,88.0,1,2,4,3,2,0,0,1
50,0,189.9,7,9,4,1,0,0,5,0
180,0,137.7,8,23,4,2,0,0,3,0
36,0,75.0,11,1,3,3,0,0,0,1
256,2,94.35,10,23,4,3,2,0,0,0
164,0,100.0,10,2,4,2,0,0,0,0
165,0,180.2,8,19,4,3,2,1,3,0
82,1,60.0,12,19,3,1,2,0,3,1
180,0,70.0,10,16,4,1,0,0,0,0
35,1,161.78,8,25,4,3,1,0,3,0
98,1,90.45,10,30,4,2,2,0,0,1
49,0,60.0,11,9,3,3,1,0,3,1
5,0,104.5,12,27,4,4,2,0,3,1
82,1,107.1,8,13,4,1,1,3,0,0
138,0,47.25,8,22,3,1,2,1,0,1
23,0,95.98,9,7,4,7,3,0,0,1
8,2,140.0,4,27,4,3,0,0,0,1
3,0,75.0,10,24,3,0,1,0,0,1
156,0,99.45,8,2,4,4,0,0,0,0
7,2,170.33,10,9,4,2,1,0,3,1
67,0,116.1,5,13,4,2,0,3,0,0
107,0,130.0,6,10,3,2,0,0,0,0
23,0,84.7,9,11,4,0,2,0,0,1
19,2,171.0,3,11,4,2,1,1,3,1
59,0,80.75,10,9,3,1,2,0,0,1
92,2,79.2,11,12,4,1,2,3,0,0
8,0,72.22,12,6,4,1,2,0,3,1
0,0,216.0,10,6,4,1,0,0,5,0
3,1,106.0,3,12,4,1,1,3,0,1
23,0,159.0,6,1,4,2,0,0,3,0
58,1,105.0,4,3,3,1,2,0,0,1
19,0,58.0,12,20,3,1,2,0,0,1
10,1,93.0,2,6,4,1,0,0,0,1
4,0,64.0,2,2,3,2,0,0,0,1
12,1,152.0,9,17,4,1,0,0,0,1
56,0,132.6,5,13,4,5,2,0,3,0
30,0,117.0,3,5,3,1,2,1,0,1
7,2,205.0,10,7,4,2,1,0,3,1
2,0,65.0,5,5,2,1,0,0,0,1
57,0,113.85,12,26,4,6,4,0,0,1
25,1,139.0,8,2,4,3,0,3,0,0
12,0,63.37,1,10,4,1,2,0,0,1
107,3,127.38,9,24,4,3,2,0,1,1
132,0,55.63,12,20,4,2,2,0,0,1
14,0,85.0,2,18,4,2,0,0,0,0
28,0,141.67,12,30,3,2,1,0,0,1
103,0,72.5,7,18,3,1,2,1,0,1
3,0,159.0,5,19,2,1,0,0,4,1
0,2,201.0,3,23,4,2,0,0,5,1
1,1,79.0,2,12,4,2,0,3,0,1
191,0,101.75,7,25,4,4,1,0,0,0
13,0,65.0,2,17,2,1,0,0,0,1
54,0,87.3,3,2,4,2,0,0,0,0
23,2,169.0,9,24,4,1,1,0,3,1
98,0,52.7,12,29,3,3,0,0,0,1
49,1,135.9,7,23,4,1,1,0,0,1
174,3,90.9,11,1,4,3,0,0,0,1
30,1,67.5,1,28,4,3,0,3,0,1
11,1,131.75,8,28,4,2,2,0,0,1
140,2,109.2,6,4,4,1,2,3,0,1
7,0,119.0,6,4,4,1,1,3,0,1
7,1,124.0,3,14,4,3,1,0,3,1
88,0,87.3,4,2,4,1,2,0,0,0
86,1,79.2,12,2,4,2,1,3,0,1
104,1,82.45,4,3,4,2,2,0,0,1
52,1,74.8,11,23,4,4,0,3,0,1
52,1,108.0,10,17,4,1,1,3,0,1
5,0,0.0,9,26,1,0,1,0,0,1
5,1,250.0,5,27,4,1,0,0,5,1
5,1,111.0,11,18,4,2,0,0,0,1
49,1,77.39,12,23,4,5,2,3,0,1
0,1,149.0,6,28,4,1,0,0,0,1
6,1,113.72,11,7,4,3,1,3,0,1
29,1,89.9,11,17,4,3,1,0,0,1
1,0,189.5,7,6,4,4,0,0,3,1
1,2,111.0,7,20,4,1,0,0,0,1
225,1,129.63,10,31,4,3,1,1,3,0
47,2,93.6,12,17,4,2,2,0,0,1
55,1,139.5,10,12,4,3,0,0,3,0
68,0,159.3,8,29,4,3,1,0,3,0
110,0,85.75,5,17,3,7,2,0,0,1
130,0,84.15,4,18,4,3,1,0,0,1
93,2,177.3,9,27,4,3,0,0,3,0
1,1,75.0,6,17,3,2,1,0,0,1
1,0,104.0,4,23,4,1,1,3,0,1
8,1,80.08,3,16,4,1,0,0,0,1
32,0,191.7,6,8,4,4,0,0,5,0
195,1,112.56,9,27,4,5,2,0,0,0
2,0,0.0,8,19,1,2,0,0,0,1
35,1,248.49,9,18,4,0,2,0,1,1
7,0,97.0,5,16,4,0,1,0,0,0
6,0,78.0,3,2,2,2,0,0,0,1
44,2,74.8,11,1,4,4,0,3,0,1
197,0,108.9,10,8,4,1,2,0,0,0
51,0,54.09,3,11,4,2,2,0,0,0
18,2,75.0,12,18,4,1,0,3,0,1
73,0,38.67,3,21,3,2,1,0,0,1
84,2,168.3,9,13,4,5,0,0,3,1
0,0,79.0,1,25,2,0,1,0,0,1
12,0,125.0,7,6,2,1,0,0,4,1
155,0,96.3,6,27,4,2,1,0,0,0
14,1,156.0,6,19,4,2,2,0,3,1
12,1,93.0,2,5,4,2,0,0,0,1
181,0,85.5,8,25,4,1,0,3,0,0
2,1,119.0,7,24,4,0,1,3,0,1
5,1,124.0,9,10,4,2,0,0,0,0
49,1,135.9,6,4,4,1,1,0,3,1
114,2,207.0,8,10,4,2,0,1,3,0
4,2,52.5,12,26,3,2,2,3,0,1
62,1,99.45,4,5,4,4,0,0,0,1
9,0,65.0,11,11,2,1,0,0,0,1
5,1,98.1,10,5,4,3,0,3,0,1
51,1,85.5,9,10,3,2,2,0,0,1
177,1,127.8,8,12,4,2,1,0,3,0
169,2,134.52,8,14,4,3,2,0,0,0
60,1,127.8,10,11,4,1,0,0,0,1
8,0,176.0,10,7,4,2,2,0,4,0
192,0,110.0,6,24,3,2,0,0,0,0
11,1,90.33,3,6,4,1,2,0,0,1
256,1,83.18,10,18,4,5,2,3,0,0
45,2,126.0,10,17,4,0,1,3,0,1
238,0,80.0,10,13,3,3,0,0,0,1
31,1,154.0,11,27,4,0,2,0,3,1
56,0,72.25,8,15,3,2,1,0,0,1
178,2,162.9,10,28,4,3,2,0,5,0
59,1,79.2,11,25,4,2,1,3,0,1
72,0,84.0,9,18,3,1,0,1,0,1
20,1,68.85,11,11,4,5,2,0,0,1
114,0,114.3,8,6,4,2,2,0,0,1
4,1,149.0,9,11,4,0,1,0,0,1
16,1,97.02,9,30,4,1,0,0,0,1
45,2,86.4,12,8,4,3,0,0,0,1
176,0,49.58,8,25,4,4,0,3,0,0
191,0,114.3,11,25,4,1,0,0,3,0
236,1,90.95,8,22,4,4,1,0,0,0
61,0,126.9,6,17,4,2,1,0,0,0
86,3,90.95,9,3,3,2,2,0,3,1
21,0,101.15,5,29,4,3,2,0,0,1
81,2,135.15,5,9,4,4,1,0,0,0
41,0,150.3,6,4,4,1,1,0,3,0
32,1,85.0,10,25,3,5,0,0,0,1
1,0,129.0,5,12,4,1,0,3,0,1
9,0,142.0,8,16,4,5,1,0,0,0
40,2,94.5,10,5,4,2,1,0,0,1
99,1,96.3,4,13,4,2,0,0,0,0
39,0,63.0,11,7,3,1,2,0,0,1
95,2,151.2,10,7,4,2,1,0,3,1
108,2,102.3,4,14,4,3,0,0,3,1
0,0,95.0,11,18,4,1,0,3,0,1
47,1,94.5,10,22,4,1,0,0,0,1
131,0,115.94,6,19,4,3,2,0,0,0
18,2,148.0,12,30,4,2,1,0,3,1
64,1,143.4,8,27,4,1,2,0,3,0
210,1,87.18,7,16,4,5,2,3,0,1
46,0,116.1,5,22,4,0,1,3,0,1
1,2,93.0,2,10,4,4,0,0,0,1
95,1,137.1,6,16,4,3,0,0,0,1
174,0,85.5,7,4,4,2,1,3,0,0
174,2,115.8,7,21,4,3,0,0,3,0
18,1,80.0,2,21,4,0,1,0,0,1
11,0,95.0,5,9,0,10,5,0,0,0
170,1,114.75,7,30,4,2,2,0,0,0
33,0,65.0,9,28,1,2,0,0,0,1
69,1,102.1,5,30,4,3,1,0,3,1
1,0,64.14,1,4,4,0,1,0,0,1
0,0,89.55,12,20,3,1,0,0,0,1
88,1,90.95,4,16,4,3,2,0,0,1
6,1,120.0,10,20,4,3,0,0,0,1
12,0,58.0,12,19,3,2,2,0,0,1
73,1,69.53,2,21,4,1,2,0,1,1
2,3,225.0,10,5,4,2,0,0,4,1
43,1,86.75,1,14,4,3,0,0,1,1
81,1,76.5,4,3,4,1,2,0,0,1
199,1,106.2,4,14,4,3,1,0,0,0
18,3,75.0,11,8,2,1,0,0,0,1
66,0,207.9,8,14,4,1,2,0,5,0
11,2,78.94,9,8,3,4,0,0,1,1
52,0,140.4,5,28,4,2,2,0,3,0
51,0,63.75,3,9,4,6,2,3,0,0
7,1,142.19,10,29,4,1,2,1,0,1
134,1,119.85,6,9,4,5,2,0,0,0
104,0,110.1,5,4,4,3,0,0,0,1
0,1,89.0,2,27,4,1,0,0,0,1
27,0,167.2,9,9,4,2,2,0,4,1
103,0,126.72,10,21,4,3,2,0,3,0
39,0,60.1,2,29,4,2,1,0,0,1
286,0,117.0,9,16,3,2,0,1,0,0
24,2,88.0,12,4,4,1,2,3,0,1
55,1,68.07,11,24,4,3,2,0,0,1
99,1,93.78,4,10,4,4,2,0,3,0
28,0,102.85,6,13,4,2,1,0,0,0
1,1,133.98,10,7,4,2,0,3,0,1
11,1,104.0,12,16,4,1,0,0,0,1
140,1,82.73,5,25,4,4,1,0,0,1
163,0,100.8,10,5,3,3,0,0,0,0
0,0,65.0,12,29,3,3,1,0,0,1
26,1,118.07,11,10,4,3,0,0,3,1
3,0,90.0,9,9,2,2,0,0,0,1
33,0,106.4,2,29,4,1,1,0,3,1
18,0,137.67,3,19,4,1,2,0,0,0
16,0,58.88,2,12,4,2,1,3,0,1
62,0,75.0,11,20,3,2,2,0,0,1
110,0,95.0,6,26,4,1,2,0,0,0
2,0,82.4,3,17,3,1,0,0,0,1
146,0,100.3,6,1,4,4,0,0,0,0
50,0,75.0,11,15,3,3,0,0,0,1
166,0,99.45,7,7,4,3,2,0,0,0
1,1,41.0,1,21,2,1,0,0,3,1
8,1,136.0,10,16,4,3,2,3,0,0
64,1,99.3,4,17,4,1,2,0,0,1
5,0,117.73,5,29,4,2,2,0,3,0
62,1,60.29,3,11,4,2,1,0,0,1
153,1,114.75,8,20,4,3,2,0,0,0
1,1,0.0,12,15,1,1,0,1,5,1
85,1,82.45,3,29,4,4,0,0,0,1
132,0,106.2,11,1,4,5,0,0,0,0
75,0,65.0,12,9,2,1,0,0,0,1
55,1,109.8,9,2,4,2,1,0,0,1
123,2,105.61,12,26,4,3,1,0,3,1
1,4,177.0,6,15,4,3,0,0,3,1
27,3,110.0,8,31,4,2,0,0,0,1
22,2,117.67,9,16,4,4,2,0,0,1
9,1,76.0,11,7,4,1,0,3,0,1
21,3,124.25,8,29,4,3,1,0,0,1
95,1,132.6,5,19,4,3,1,0,3,1
56,1,82.44,12,8,4,3,0,0,1,1
150,2,41.43,3,19,3,5,2,0,0,1
24,0,94.8,10,25,4,0,2,0,0,1
96,0,63.75,7,13,3,0,1,0,0,1
126,4,147.1,9,15,4,3,2,0,3,1
39,1,99.86,12,27,4,2,2,0,1,1
123,0,99.45,6,30,4,3,1,0,0,0
175,0,82.28,10,4,3,4,0,0,0,0
65,1,88.91,4,1,4,3,2,0,0,1
7,1,67.0,8,23,2,3,0,0,0,1
95,1,156.45,10,29,4,4,2,0,5,0
39,1,117.98,4,21,4,5,2,0,3,1
1,0,98.1,9,30,3,2,0,0,0,1
109,1,102.28,6,26,4,4,2,0,0,1
45,2,118.8,9,1,4,2,0,0,0,1
81,0,126.9,5,18,4,2,0,0,0,0
7,0,89.89,12,2,4,2,2,0,0,1
0,0,110.0,6,6,3,2,1,0,0,1
113,0,118.8,9,7,4,4,1,0,0,0
122,0,94.0,4,15,3,2,0,0,0,1
192,2,114.75,8,4,4,3,1,0,0,0
156,1,106.89,8,12,4,6,2,0,0,0
3,1,125.67,8,24,4,3,0,3,0,1
6,0,75.0,12,13,2,1,0,0,0,1
145,0,72.5,8,29,3,1,2,1,0,1
153,2,134.3,7,21,4,3,1,0,3,0
23,3,146.2,4,10,4,3,2,0,3,1
55,1,78.3,3,16,4,2,0,0,0,1
2,1,42.0,1,13,2,1,0,0,0,1
11,0,85.0,10,18,3,2,2,0,0,1
210,3,108.3,8,17,4,3,0,0,3,1
15,0,88.4,12,20,4,5,2,0,0,1
2,0,65.0,3,2,2,1,0,0,0,1
8,1,91.0,6,23,4,1,0,0,0,1
179,1,72.25,7,19,3,3,0,0,0,1
41,0,76.5,8,15,3,2,1,0,0,1
62,2,105.0,11,12,4,2,2,0,0,1
65,3,149.4,9,15,4,5,2,0,3,1
235,2,105.3,8,6,4,1,1,0,0,0
57,1,105.0,11,11,4,2,1,0,3,1
52,0,117.9,7,4,4,1,1,0,0,0
112,0,80.75,10,10,3,3,1,0,0,1
47,0,69.53,2,20,4,1,0,0,1,1
36,1,126.0,9,1,4,1,0,0,0,0
146,3,178.2,6,12,4,1,2,0,5,1
56,1,140.4,5,13,4,2,0,0,3,1
2,0,120.0,11,16,3,3,0,0,0,1
6,0,104.0,10,9,3,0,2,0,0,1
6,1,154.0,9,9,4,2,2,0,0,0
47,1,170.1,8,14,4,2,2,1,0,1
9,1,95.2,12,28,4,4,0,3,0,1
1,0,75.0,9,22,3,3,0,0,3,1
195,1,89.25,9,7,4,5,1,0,0,1
76,0,207.9,8,13,4,1,0,0,5,0
186,0,84.43,9,10,4,6,4,3,0,0
74,0,72.25,8,29,3,4,1,3,0,1
94,0,72.25,11,17,4,1,0,0,0,0
219,2,90.95,10,22,4,2,2,0,0,1
80,0,80.75,6,4,3,1,2,0,0,1
8,1,100.0,6,23,4,1,0,0,0,1
66,0,150.45,5,1,4,2,2,0,3,1
43,0,140.4,6,10,4,2,1,0,3,0
84,1,105.4,4,27,4,4,0,0,0,1
5,0,0.0,8,24,1,1,0,0,0,1
208,0,90.95,7,31,4,5,2,0,0,0
59,0,70.72,11,17,4,3,0,0,0,1
97,1,94.5,11,20,4,0,2,0,0,1
207,0,113.4,12,30,4,2,1,0,3,1
12,4,0.0,8,17,1,1,0,0,0,1
54,0,72.0,10,16,4,2,2,0,0,0
23,0,93.94,9,5,4,0,1,0,0,0
19,1,57.98,2,17,4,1,0,3,0,1
63,1,88.4,11,17,4,3,1,0,0,1
95,0,81.5,3,23,4,3,0,3,0,1
16,2,125.0,11,19,4,1,0,0,0,1
118,2,189.0,8,1,4,4,1,1,3,1
4,0,0.0,10,13,1,1,0,0,0,1
17,1,87.5,8,29,4,4,2,0,0,0
62,0,68.0,12,25,3,3,2,0,0,1
161,0,59.5,10,31,3,3,1,3,0,1
162,2,121.5,7,25,4,0,1,0,0,0
18,0,85.0,10,3,3,1,1,0,0,1
31,0,81.9,3,9,4,1,0,0,0,0
151,2,130.5,8,10,4,3,0,0,0,0
65,1,125.1,7,10,4,2,2,0,3,1
222,1,96.3,8,31,4,3,0,0,0,0
34,2,79.8,3,25,4,2,2,0,1,1
55,1,84.8,3,1,4,2,0,0,0,1
52,1,80.3,3,6,4,0,1,0,0,1
33,1,84.57,2,10,4,3,0,0,0,1
115,2,135.9,6,14,4,3,0,0,0,1
28,1,125.4,9,7,4,3,1,0,0,1
134,1,114.3,8,10,4,2,0,0,0,1
4,0,66.0,1,4,2,0,1,0,0,1
72,1,120.6,6,22,4,2,0,0,0,1
8,0,91.45,1,2,4,1,2,0,0,1
3,1,195.0,9,26,4,1,1,0,3,1
12,2,90.0,8,27,4,3,2,0,0,1
5,0,80.0,12,18,3,2,2,0,0,1
229,2,70.44,10,27,4,3,0,0,0,0
68,1,89.25,10,11,4,2,2,0,0,0
79,2,146.96,7,6,4,5,2,0,3,1
46,0,74.8,3,18,3,2,2,0,1,1
1,0,85.0,12,10,4,1,0,3,0,1
152,1,76.58,5,2,4,3,1,0,0,0
144,1,100.87,7,25,4,5,1,0,0,1
77,0,110.0,6,22,3,4,0,0,0,1
10,1,164.0,9,5,4,2,1,0,3,1
200,1,96.9,8,9,3,3,0,0,0,0
296,0,158.4,7,24,4,5,2,0,5,0
28,1,101.0,4,17,4,0,2,0,0,1
25,0,0.0,11,11,1,2,0,0,0,1
18,2,127.0,9,3,4,1,1,3,0,1
7,1,65.0,12,27,2,2,0,0,0,1
85,0,100.0,9,30,3,3,0,1,0,1
31,0,71.33,2,28,3,1,2,0,0,1
76,1,207.9,9,4,4,0,2,0,5,0
27,1,142.0,12,6,4,3,0,1,0,1
28,0,166.0,6,28,4,2,0,0,3,0
0,0,65.0,9,13,2,2,0,0,0,1
50,2,81.56,12,5,4,3,1,0,0,1
17,0,102.15,5,30,4,2,1,0,3,0
78,1,86.32,3,20,4,5,2,0,3,1
386,1,90.0,10,23,3,0,2,1,0,0
3,0,80.0,11,9,3,2,1,0,0,1
61,0,78.2,12,19,3,0,1,0,3,1
170,1,112.2,8,11,4,3,2,0,3,0
38,1,64.72,10,31,3,4,2,0,0,1
3,0,79.0,2,2,4,1,0,0,0,1
13,0,88.0,12,5,4,1,1,3,0,1
4,3,122.0,8,17,4,3,1,0,0,1
73,1,135.9,5,18,4,2,0,0,0,1
1,2,0.0,3,22,1,1,0,0,0,1
66,2,118.8,4,8,4,1,0,0,3,1
12,1,156.0,8,22,4,2,1,0,3,1
219,1,145.1,9,13,4,2,0,0,0,0
11,0,139.0,8,13,4,2,2,3,0,1
162,0,96.3,7,1,4,2,1,0,0,0
5,2,117.67,9,3,4,3,0,0,0,1
8,0,130.0,5,17,2,3,0,0,0,1
55,1,79.2,12,9,4,2,1,3,0,1
48,1,93.6,12,4,4,1,2,0,0,1
2,0,67.0,5,11,2,1,0,0,0,1
8,1,200.2,9,30,4,1,0,0,5,1
160,0,137.7,7,14,4,3,0,0,3,0
3,0,55.6,12,19,4,0,1,3,0,1
0,0,73.64,12,5,4,1,1,0,1,1
1,2,112.0,2,14,3,2,2,0,3,1
49,0,198.9,7,20,4,2,0,0,5,0
9,1,69.5,1,13,4,12,4,3,0,1
14,2,186.0,5,12,4,3,0,0,3,1
166,1,96.3,6,26,4,0,1,0,0,1
0,2,0.0,2,17,1,1,0,0,5,1
120,0,79.2,12,4,4,1,2,3,0,0
23,0,55.0,12,4,3,2,2,0,0,1
7,0,112.0,5,5,3,3,0,0,0,1
99,1,101.58,4,28,4,3,1,0,0,1
19,1,91.0,2,12,4,2,0,0,0,0
124,0,114.3,5,6,4,2,1,0,3,1
28,2,75.0,9,27,3,1,0,0,0,1
47,0,106.2,4,1,4,2,1,0,3,1
27,1,171.44,12,7,4,4,0,0,3,1
206,0,90.95,8,2,4,10,4,0,0,0
12,0,85.0,3,7,4,2,1,0,0,0
96,0,126.9,6,4,4,1,0,0,0,0
31,0,75.0,10,26,3,2,1,0,3,1
9,1,0.0,10,10,1,0,1,0,0,1
35,1,118.8,4,24,4,0,2,0,3,1
7,0,161.0,3,25,4,2,2,0,3,0
103,0,88.4,12,18,4,2,2,0,0,0
50,2,150.3,6,30,4,3,0,0,3,1
1,2,156.0,8,25,4,2,0,0,5,1
49,1,105.4,12,10,4,6,4,0,0,0
28,0,98.2,9,5,4,3,1,0,0,1
35,1,72.9,2,13,4,1,1,0,0,0
70,1,126.9,6,9,4,3,1,0,0,1
37,1,105.4,6,19,3,3,2,0,0,1
122,2,75.9,11,14,4,3,1,3,0,0
89,2,155.57,7,16,4,5,2,1,3,1
70,0,90.0,6,3,3,2,0,0,0,1
198,0,72.25,8,25,3,3,2,0,0,1
33,2,152.1,7,1,4,1,0,0,0,1
3,1,95.0,4,21,4,1,0,0,0,1
72,0,68.0,3,27,3,2,2,0,0,1
5,1,215.6,10,13,4,2,0,0,6,1
8,1,130.0,2,9,4,4,0,0,3,1
63,1,103.61,10,24,4,4,1,1,3,1
267,1,128.7,10,26,4,3,0,0,3,0
92,1,76.5,4,6,4,1,0,3,0,1
294,2,70.55,11,12,4,3,2,3,0,0
333,0,73.95,12,10,4,3,2,0,0,0
3,1,126.0,9,13,4,0,1,0,0,1
105,0,99.28,8,7,3,0,1,0,3,0
133,1,95.2,6,28,4,8,2,0,0,1
35,1,112.5,3,21,4,2,1,0,3,1
167,1,108.9,10,1,4,2,2,0,0,0
8,0,112.0,10,17,4,3,1,3,0,1
14,1,120.0,10,19,4,2,1,0,0,1
9,0,95.0,3,31,2,1,0,0,0,0
0,1,0.0,11,5,4,1,0,0,0,1
17,1,90.95,11,3,4,5,0,0,0,1
8,1,99.0,8,16,4,0,1,0,0,0
35,1,100.1,3,2,4,2,0,0,0,0
4,0,109.0,8,1,4,1,1,3,0,0
12,3,184.0,2,24,4,4,0,1,3,1
35,0,93.6,12,20,4,2,0,0,0,0
327,0,0.0,9,9,4,4,2,1,0,1
7,0,130.0,5,16,2,3,1,0,0,1
5,0,95.0,5,30,2,1,1,0,0,1
140,0,82.45,8,9,3,5,0,0,3,1
93,0,84.0,7,2,2,4,2,0,0,1
60,1,84.58,10,16,3,2,2,0,0,1
204,2,80.75,9,3,3,2,2,0,0,1
14,0,184.0,9,22,4,1,0,0,3,1
224,1,90.95,8,23,4,5,2,0,0,1
36,1,71.3,2,22,4,3,1,3,0,1
12,0,111.35,5,31,4,3,0,0,0,0
2,0,110.0,5,22,0,0,1,0,3,0
207,0,80.75,7,28,4,4,2,3,0,0
0,0,89.0,11,5,2,1,0,0,0,1
5,3,120.0,11,21,4,0,1,0,0,1
18,0,129.1,2,26,4,9,4,0,3,0
180,1,85.0,7,28,4,3,1,3,0,1
65,2,143.7,7,21,4,3,0,0,3,1
9,0,58.0,2,8,3,2,1,3,0,1
7,1,145.0,10,15,4,2,0,0,3,1
34,0,71.1,3,14,4,3,1,3,0,1
27,0,75.0,2,6,4,1,1,3,0,0
5,0,84.0,6,14,3,1,0,0,0,1
133,1,110.7,10,21,4,2,0,0,1,1
176,3,169.88,10,24,4,3,1,0,5,1
60,0,87.3,3,10,4,3,0,0,3,0
87,0,97.71,6,9,4,3,0,0,0,0
26,2,148.0,5,22,4,0,2,0,0,1
57,1,74.8,12,5,4,3,1,3,0,1
44,1,87.78,12,17,4,1,0,0,3,1
30,1,88.56,7,14,3,3,1,3,0,1
5,0,146.0,3,26,4,5,2,0,3,0
33,1,98.3,2,6,4,1,1,0,3,1
26,1,80.85,10,4,4,1,2,0,0,1
17,0,69.49,9,5,4,1,2,0,0,1
184,0,101.05,10,4,4,3,0,0,1,0
58,0,81.0,1,27,3,2,0,0,0,1
196,0,122.4,10,8,4,1,1,0,3,0
17,1,69.5,1,23,4,1,0,3,0,1
127,0,89.25,7,25,4,3,1,3,0,0
1,0,80.0,2,19,2,1,0,0,0,1
24,0,116.1,10,3,4,2,1,3,0,0
109,1,97.75,4,28,4,3,2,0,0,1
75,2,118.6,6,17,4,2,2,0,1,1
153,1,123.25,8,9,4,5,1,0,0,0
15,1,95.48,9,17,4,1,0,0,0,1
83,1,123.3,7,5,4,2,0,0,0,1
22,1,124.0,9,18,4,2,0,0,0,0
1,0,79.0,11,14,2,1,0,0,0,1
17,2,178.0,7,26,4,2,0,0,0,1
5,0,125.0,9,30,3,3,0,1,0,1
23,0,135.0,9,9,4,2,2,0,3,0
14,1,108.45,11,2,4,3,1,0,3,1
20,0,94.35,6,12,4,0,1,0,0,1
95,1,89.25,4,27,4,4,1,3,0,1
94,0,137.7,7,13,4,2,0,0,3,1
14,2,116.49,6,9,4,3,0,0,1,1
232,1,131.4,7,2,4,1,1,0,0,0
4,1,128.0,8,21,4,2,2,3,0,1
5,2,118.0,8,17,4,1,0,3,0,1
7,0,65.0,12,29,3,3,0,0,0,1
82,1,133.98,11,7,4,2,1,3,0,1
80,0,96.3,4,25,4,0,1,0,0,0
37,0,0.0,1,22,4,0,0,0,0,1
308,2,78.3,11,23,4,3,0,3,0,0
9,0,70.4,1,28,4,3,1,0,0,1
73,2,89.25,10,22,4,3,0,0,0,1
3,0,75.0,7,11,3,1,0,0,0,1
16,1,105.25,12,5,4,1,1,0,1,1
161,0,91.38,7,31,4,2,2,3,0,0
6,1,77.57,9,7,4,3,1,0,3,1
0,2,0.0,11,14,4,0,0,0,0,1
28,1,88.0,12,3,4,1,1,3,0,1
20,1,143.0,5,28,4,1,1,0,3,1
55,1,84.45,1,29,4,2,2,0,3,1
119,1,83.83,6,26,4,2,2,0,1,1
13,1,124.52,11,3,4,8,4,0,0,1
0,0,85.93,5,10,4,1,0,3,0,1
41,1,93.45,1,16,4,1,0,0,3,1
4,1,113.0,6,26,4,0,2,3,0,1
11,2,96.0,12,11,4,2,1,0,0,1
169,2,90.95,8,27,4,3,2,0,0,1
186,1,121.8,7,30,4,1,2,0,3,0
92,0,77.6,4,2,4,2,2,0,0,1
8,0,65.0,9,15,2,1,0,0,0,1
184,0,125.1,10,4,4,3,0,0,0,0
80,0,75.0,12,9,3,2,0,0,0,1
21,2,102.85,6,9,4,1,0,0,0,1
54,2,149.4,9,25,4,1,2,0,3,1
84,2,79.43,10,31,4,3,1,3,0,1
119,1,170.1,11,10,4,1,0,3,0,1
16,1,69.35,3,4,4,2,1,0,3,1
15,2,124.0,9,20,4,3,2,0,0,1
97,0,130.9,5,18,4,4,0,3,0,0
35,2,74.8,11,29,4,11,4,3,0,0
51,1,117.9,7,1,4,2,0,0,0,1
52,1,192.59,10,28,4,2,1,0,6,1
209,2,90.95,8,21,4,3,2,0,0,1
110,2,205.38,8,21,4,5,2,0,6,0
4,1,67.0,10,3,2,0,1,0,0,1
86,0,140.4,5,26,4,2,0,0,3,0
4,0,90.0,2,13,4,1,0,3,0,1
29,2,212.0,9,24,4,2,0,0,5,1
292,1,81.82,10,23,4,4,2,0,1,1
154,0,90.95,6,28,4,4,0,0,0,0
0,1,200.0,9,17,4,1,0,0,3,0
151,0,119.97,6,16,4,5,2,0,3,0
108,0,94.5,7,13,4,4,0,3,0,1
36,0,120.7,6,29,2,3,0,0,3,1
87,1,82.45,3,30,4,4,1,0,0,1
1,1,121.5,6,14,4,4,0,3,0,1
23,1,139.0,7,27,4,1,0,3,0,1
9,1,149.0,9,22,4,1,0,3,0,1
125,0,113.41,7,22,4,5,2,0,3,0
48,0,89.3,2,11,4,2,0,0,0,1
7,0,148.0,8,11,4,2,0,3,0,1
5,0,65.8,1,20,3,1,0,0,0,1
18,0,67.0,10,18,2,1,0,0,0,1
18,1,77.0,1,21,4,3,0,3,0,1
0,2,90.0,8,5,4,3,0,0,0,1
22,2,111.0,11,1,4,4,0,0,0,1
193,0,65.0,10,15,4,3,0,0,0,0
15,0,109.0,5,7,4,1,2,3,0,0
7,1,141.95,5,30,4,0,1,0,3,1
2,0,107.0,3,18,2,1,0,0,0,1
1,1,77.44,11,18,4,12,6,0,0,0
216,2,177.3,8,5,4,1,0,0,5,0
86,1,192.86,10,20,4,3,0,0,6,1
2,2,89.5,12,18,4,0,1,0,0,1
0,1,68.53,5,9,4,0,1,3,0,1
9,0,81.0,1,16,4,11,4,0,0,1
23,1,91.5,11,18,4,2,0,3,0,0
204,3,76.5,8,12,4,4,0,0,0,1
18,1,86.0,2,20,4,1,1,0,0,1
56,1,85.5,4,18,4,1,1,3,0,1
0,1,110.0,9,27,2,1,0,0,3,1
83,1,105.61,12,26,4,3,1,0,3,1
116,0,216.45,9,30,4,2,0,0,5,0
60,2,80.1,10,27,4,1,0,3,0,1
26,0,65.52,2,11,4,3,0,0,0,1
6,1,180.0,8,7,4,2,2,0,0,1
40,2,109.8,9,1,4,1,0,0,0,1
13,0,95.0,4,19,0,4,0,0,0,1
48,0,121.5,5,29,4,0,2,0,0,0
193,1,102.85,12,28,4,4,0,0,3,0
50,2,93.6,12,2,4,2,1,0,0,1
0,1,0.0,8,26,4,1,0,0,4,1
154,1,72.25,6,29,3,4,1,0,0,1
105,1,99.45,6,26,4,2,2,0,0,1
2,1,85.0,7,25,2,1,1,0,0,1
41,1,110.7,6,20,4,3,1,0,0,1
0,1,207.0,8,16,4,1,0,0,0,1
0,1,76.5,3,17,3,1,0,1,0,1
15,0,136.0,6,13,4,3,1,0,3,0
18,2,76.81,9,2,4,3,0,0,0,1
31,0,63.0,3,17,3,5,2,0,0,1
0,0,129.0,10,14,4,1,0,0,0,1
3,1,131.0,4,25,4,2,1,0,0,1
155,1,119.71,8,1,4,9,3,0,0,0
131,1,128.7,8,25,4,3,1,0,3,1
39,1,149.4,7,8,4,2,0,0,3,1
76,0,82.45,7,1,3,5,2,0,3,1
69,1,159.3,5,14,4,1,2,0,0,1
35,2,154.1,8,7,4,2,2,0,0,1
3,0,65.0,11,2,2,0,1,0,0,1
49,2,74.8,12,1,4,3,1,3,0,1
0,1,67.0,12,19,2,3,1,0,0,1
41,1,121.73,4,28,4,3,1,0,0,1
98,0,91.5,6,26,4,1,2,3,0,0
15,1,80.3,1,22,4,2,0,0,0,1
43,1,88.5,2,26,4,2,1,0,0,1
30,0,149.4,7,14,4,3,0,0,3,0
9,1,160.0,10,4,4,2,0,0,0,1
96,0,94.5,7,11,3,1,2,1,0,0
46,1,82.9,3,10,4,2,0,0,0,1
7,1,114.75,5,24,4,1,0,0,0,1
186,0,108.45,8,7,4,8,4,0,0,0
4,3,109.23,11,17,4,3,1,0,0,1
152,1,62.0,2,20,3,1,2,0,3,1
33,1,61.6,2,23,4,4,0,0,3,1
65,0,63.58,11,19,4,2,2,3,0,1
101,1,92.83,7,23,4,5,2,3,0,1
76,0,51.09,2,11,4,3,1,3,0,1
73,1,56.38,3,24,3,3,0,0,0,1
26,1,118.0,3,7,3,3,1,0,0,1
30,0,88.0,11,26,4,1,2,3,0,0
31,2,112.59,9,8,4,2,0,3,0,1
45,0,0.0,11,24,1,3,1,0,0,1
15,1,70.0,12,27,3,5,1,0,0,1
140,1,118.8,10,3,4,3,1,0,0,1
18,0,187.0,7,23,4,1,1,0,3,1
1,0,107.03,8,20,4,1,0,3,0,1
2,2,163.63,9,10,4,6,2,0,0,1
183,1,100.3,5,6,4,3,2,0,0,0
98,1,52.7,12,29,3,3,0,0,0,1
108,2,138.55,7,6,4,4,1,0,3,1
14,1,189.5,11,7,4,1,1,0,0,1
140,1,103.5,8,12,4,2,0,3,0,1
7,2,137.0,8,24,4,1,0,3,0,1
47,1,97.82,10,16,4,3,2,0,3,1
0,0,0.0,11,18,1,1,0,0,0,1
24,2,119.0,10,20,4,3,0,3,0,1
25,0,85.0,10,9,3,2,2,0,0,0
5,0,95.0,4,20,0,3,0,0,0,1
90,0,48.6,7,7,4,15,5,3,0,0
0,1,129.0,5,14,4,1,0,3,0,1
261,0,67.5,12,10,4,1,0,3,0,0
31,2,200.0,9,25,4,2,0,0,0,1
6,0,103.0,3,13,4,0,2,0,0,0
178,0,89.25,8,10,4,4,0,3,0,0
26,0,90.44,3,1,4,5,0,1,0,1
143,1,103.5,8,13,4,1,0,3,0,1
1,1,76.25,1,4,4,1,1,0,1,1
27,1,90.84,5,22,4,2,2,0,0,1
21,1,87.01,9,25,4,0,1,3,0,1
47,2,150.3,7,2,4,1,1,0,3,1
0,0,88.0,2,15,0,3,1,0,0,1
80,0,75.0,9,26,3,2,1,0,0,0
9,1,79.0,11,17,2,1,0,0,0,1
19,1,139.0,9,23,4,2,1,0,0,1
56,0,140.4,6,1,4,3,0,0,3,1
109,0,159.9,10,29,4,1,2,0,5,0
64,1,143.5,9,4,4,0,1,0,0,0
34,0,153.0,10,6,4,3,0,0,4,1
36,1,116.1,6,16,4,1,0,3,0,1
9,0,86.8,2,22,3,1,1,1,3,1
153,1,99.45,7,23,4,2,2,0,0,1
178,0,108.3,8,4,4,3,0,0,0,0
32,1,216.9,8,13,4,1,0,0,5,0
55,2,142.2,9,1,4,3,1,0,3,1
38,0,79.0,2,25,2,1,0,0,0,0
134,0,94.5,5,17,4,3,0,3,0,0
5,1,115.0,9,9,4,1,0,3,0,1
132,1,96.9,7,12,3,6,2,0,0,1
36,2,123.84,9,25,4,3,2,0,0,1
111,0,72.25,8,16,3,2,0,0,0,1
7,2,90.0,8,26,4,2,0,0,0,1
55,0,80.3,2,26,4,2,0,0,0,1
119,2,129.96,10,16,4,3,2,0,3,1
107,2,137.7,7,13,4,3,0,0,3,1
21,2,124.25,8,29,4,3,1,0,0,1
46,1,60.0,11,6,3,2,1,0,3,1
144,0,103.5,8,15,4,2,1,3,0,0
124,0,71.0,4,5,3,3,0,0,0,1
11,1,113.34,9,15,4,3,1,0,3,1
32,2,149.4,9,10,4,2,2,0,3,1
12,1,65.0,10,12,2,2,0,0,0,1
215,0,177.09,11,6,4,5,2,0,0,0
5,1,89.0,1,22,4,2,1,0,0,1
12,0,104.0,12,4,4,0,2,0,0,1
13,1,151.0,8,6,4,1,0,0,0,1
40,2,150.12,10,21,4,4,1,3,5,1
76,0,78.15,3,19,4,1,2,0,1,0
23,2,109.0,3,18,4,1,0,0,0,1
5,0,65.0,10,12,2,1,1,0,0,1
1,0,85.0,9,29,2,1,0,0,0,1
60,0,65.0,4,25,2,0,1,0,0,1
64,2,145.5,9,2,4,1,0,0,0,1
74,0,59.37,4,1,4,2,2,0,0,1
20,0,65.58,3,7,3,3,1,0,0,1
232,0,90.9,8,25,4,3,0,0,0,0
1,0,183.5,12,31,4,3,0,3,0,1
5,0,67.0,5,24,2,1,0,0,0,1
3,2,168.0,8,13,4,1,0,3,0,1
205,1,89.25,8,22,4,3,1,3,0,1
42,0,91.5,12,28,4,1,1,0,1,1
44,1,83.39,11,18,4,2,0,0,3,1
57,1,88.4,12,2,4,2,2,0,0,1
35,1,99.0,9,1,4,1,0,3,0,1
21,2,107.0,12,28,4,1,1,0,0,1
4,2,99.51,11,19,4,5,2,0,0,1
113,1,129.6,9,11,4,3,2,0,0,1
13,1,79.0,12,17,2,2,0,0,0,1
137,2,117.3,12,24,4,3,2,1,0,1
68,0,93.6,11,25,4,2,0,0,0,1
184,1,115.32,6,6,4,5,1,0,3,0
21,1,109.6,10,31,4,4,1,0,0,1
4,1,141.0,7,23,4,1,1,0,0,1
176,0,61.52,3,20,4,4,2,0,0,0
77,1,105.4,5,16,3,3,1,0,0,1
43,1,88.46,11,11,4,2,1,0,0,1
47,1,71.1,3,15,4,1,0,3,0,1
171,0,99.45,7,29,4,2,2,0,0,0
38,0,75.8,2,21,3,2,2,0,3,1
47,1,88.4,11,16,4,4,0,0,0,1
17,0,89.0,6,23,4,1,0,3,0,0
6,0,70.0,8,5,3,4,2,0,0,1
262,1,100.3,10,7,4,3,2,0,0,0
16,2,117.5,12,2,4,2,0,0,3,1
15,1,114.0,3,4,4,2,0,0,0,0
11,0,154.0,9,5,4,1,1,0,3,0
56,1,60.0,11,6,3,2,1,0,3,1
195,1,99.45,7,25,4,5,2,0,3,1
121,2,58.91,2,15,4,3,1,0,1,1
38,2,94.5,9,14,4,3,1,0,0,1
111,0,262.7,8,26,4,2,0,0,6,0
175,0,162.9,10,28,4,2,2,0,5,0
5,1,109.0,8,1,4,1,1,3,0,0
89,2,79.2,12,17,4,1,2,3,0,1
259,1,73.95,12,7,4,4,0,0,0,1
0,0,138.0,8,12,4,2,0,0,0,0
28,0,115.0,12,31,3,3,0,0,0,1
13,0,86.0,2,3,2,4,0,0,4,1
104,0,61.43,2,29,4,5,1,0,0,0
26,0,99.45,11,3,4,5,1,0,0,1
127,0,130.05,7,25,4,3,1,0,3,1
83,0,80.75,3,28,3,4,1,0,0,1
3,0,150.33,6,12,4,1,2,0,3,1
42,1,83.61,3,10,4,3,0,0,0,1
34,2,86.4,10,8,4,1,0,3,0,1
16,0,111.0,5,29,4,0,1,0,0,0
6,0,162.0,8,16,4,0,1,0,5,0
131,0,99.9,5,5,4,3,0,0,0,0
93,1,80.75,9,21,4,2,1,0,0,1
205,0,111.35,9,27,4,6,2,0,0,0
13,0,66.0,2,1,3,3,1,0,0,1
162,0,80.75,8,27,4,2,2,3,0,0
96,0,116.1,5,23,4,0,1,3,0,1
129,1,76.3,7,4,4,5,2,0,0,1
92,1,49.07,11,26,3,3,0,0,0,1
221,0,90.0,10,17,3,1,2,0,0,1
56,2,105.75,12,30,4,4,1,3,3,1
48,2,115.5,7,9,4,1,2,0,0,1
215,1,106.25,8,29,4,3,1,0,0,0
12,1,120.06,11,9,4,4,0,3,0,1
119,0,110.0,6,7,3,2,0,0,0,1
290,0,86.7,12,1,4,3,1,0,3,0
3,1,65.0,3,20,2,0,2,0,0,1
45,2,177.3,8,16,4,3,0,0,3,1
54,0,54.46,3,28,4,4,1,3,0,1
27,1,66.31,2,4,4,3,2,0,0,1
260,0,168.3,12,31,4,1,0,0,5,1
36,0,97.2,10,3,4,1,1,3,0,0
8,1,40.0,6,15,2,1,0,0,0,1
84,1,87.3,4,1,4,2,1,0,0,1
7,1,111.4,11,6,4,4,2,0,0,1
0,0,130.0,6,10,4,1,0,0,0,1
48,0,80.0,9,11,3,1,0,1,0,1
3,1,93.0,2,4,4,1,0,0,0,1
8,1,95.0,4,8,4,1,0,0,0,1
1,0,107.0,4,19,3,2,0,0,3,1
36,0,71.0,1,19,3,2,0,0,0,1
5,0,110.0,9,12,0,0,1,0,3,0
69,0,82.45,3,30,4,4,0,0,0,0
1,2,170.0,8,10,4,2,0,0,0,1
32,0,124.25,9,12,4,4,1,0,1,0
75,0,105.0,10,30,4,0,2,1,0,0
16,1,141.0,3,29,4,4,0,0,0,1
120,0,72.25,8,2,3,4,0,0,0,1
238,2,96.48,6,18,4,1,0,0,1,0
200,1,105.4,8,31,4,4,0,0,0,0
14,0,95.0,10,3,2,0,1,0,0,1
0,1,159.0,9,12,4,0,1,0,0,1
145,0,151.2,8,17,4,2,0,0,3,1
210,1,90.95,8,7,4,3,2,0,0,1
23,2,88.0,11,17,4,2,0,3,0,1
7,1,77.77,6,13,4,1,1,0,0,1
52,3,99.0,8,28,4,0,1,3,0,1
30,0,138.93,6,8,4,9,2,0,3,0
12,1,105.0,8,29,4,1,2,0,0,1
10,2,81.0,12,24,4,1,0,0,0,1
34,0,100.5,4,14,4,3,0,3,0,0
94,0,102.68,9,3,3,2,2,0,0,1
84,0,134.1,8,14,4,2,2,0,0,0
57,0,23.0,2,8,4,2,1,0,1,1
33,1,104.0,11,11,4,2,0,3,0,1
12,0,80.0,1,19,3,2,0,0,0,1
0,0,63.76,10,21,4,2,0,3,0,1
25,1,126.23,6,14,4,4,0,0,3,1
8,0,120.0,11,5,3,1,0,0,0,1
2,1,100.0,11,12,4,1,0,0,0,1
12,2,128.0,8,1,4,2,1,3,0,1
22,1,75.0,11,3,3,2,0,0,0,1
116,1,113.09,9,29,4,5,2,0,1,1
63,0,73.3,4,22,4,3,2,0,0,1
5,1,66.0,2,10,2,1,0,0,0,1
101,2,90.0,11,18,4,2,0,0,0,0
28,1,97.63,4,17,4,1,2,0,0,0
53,0,65.75,3,6,4,3,2,3,0,1
157,0,107.29,7,16,4,4,2,1,0,0
148,3,130.05,7,15,4,2,2,0,3,1
128,0,140.7,7,11,4,2,1,0,0,0
11,1,69.5,1,20,4,4,0,3,0,1
24,0,58.0,12,27,3,1,2,0,0,1
109,1,80.1,10,26,4,1,0,3,0,1
98,0,111.69,12,26,4,3,1,0,3,1
103,2,186.0,11,7,4,3,1,0,0,1
16,0,75.0,3,11,2,1,0,0,0,1
36,1,90.09,9,25,4,0,2,0,0,1
8,2,82.0,12,4,4,3,2,3,0,1
55,1,101.38,12,8,4,3,0,0,3,1
262,0,63.75,12,26,4,3,1,3,0,0
117,2,105.3,7,19,4,2,0,0,0,1
1,1,67.0,3,9,2,1,0,0,0,1
377,0,90.0,10,14,3,2,0,1,0,1
78,0,96.3,4,9,4,1,2,0,0,1
49,0,85.5,10,25,3,2,0,0,0,1
77,1,99.9,10,30,4,0,2,0,0,1
1,1,0.0,7,30,1,1,0,0,0,1
114,1,85.0,2,26,3,4,2,0,0,1
14,1,118.0,2,24,3,3,0,0,0,1
53,1,119.7,6,30,4,2,0,0,0,1
128,2,117.0,4,9,4,1,2,0,3,0
36,2,109.0,10,28,4,2,0,3,0,1
194,0,101.4,9,12,4,3,1,0,0,0
142,2,119.0,7,5,4,5,0,0,3,1
184,0,101.05,10,4,4,3,0,0,1,0
34,0,152.1,7,29,4,1,0,0,0,1
22,3,119.25,9,17,4,3,1,0,0,1
125,0,72.25,7,20,4,2,0,0,1,0
146,3,116.23,8,20,4,5,2,0,3,1
43,1,130.0,11,11,4,2,0,0,0,1
55,2,124.1,3,20,4,3,2,0,3,1
20,0,80.0,12,27,3,2,0,0,0,1
3,1,87.0,11,27,4,1,0,0,0,0
148,0,71.37,4,29,4,7,2,0,0,1
70,3,168.3,9,11,4,4,2,0,3,1
34,1,68.07,12,10,4,2,2,0,0,1
16,0,70.41,11,23,4,1,0,3,0,1
3,1,67.0,6,20,2,1,1,0,0,1
7,1,140.0,10,3,4,1,1,3,0,1
10,0,169.0,6,12,4,6,4,0,3,0
37,2,108.0,9,26,4,1,1,3,0,1
82,0,90.95,4,26,3,3,0,0,3,1
81,1,65.0,3,25,3,2,1,0,0,1
35,0,68.0,12,7,3,4,0,0,0,1
19,0,119.0,12,31,4,2,2,0,3,1
117,0,79.2,11,13,4,0,2,3,0,1
1,1,65.0,5,3,2,3,0,0,0,1
81,1,116.1,5,3,4,2,0,3,0,0
64,0,65.75,2,21,4,3,2,3,0,1
0,1,113.0,6,22,4,2,0,3,0,1
125,1,187.85,6,3,4,2,2,0,5,1
49,0,80.0,11,14,3,5,2,0,0,0
85,0,105.0,12,8,3,3,0,0,0,1
9,0,174.25,10,22,3,1,0,0,5,1
72,0,118.8,4,14,4,3,0,0,3,0
44,0,207.9,4,29,4,2,1,0,5,0
0,0,142.2,5,20,4,1,0,3,3,1
42,0,131.4,4,5,4,3,0,0,3,0
6,0,95.0,4,1,3,2,2,0,0,1
11,0,55.0,11,27,3,2,1,0,0,1
100,2,98.83,7,6,4,4,1,3,0,1
24,2,150.0,6,14,4,5,0,0,3,1
63,0,71.0,1,19,3,3,0,0,0,1
60,0,75.0,3,20,4,2,2,0,0,0
1,1,127.0,6,28,4,1,0,3,0,1
44,0,89.1,6,22,4,2,0,3,0,0
110,0,108.3,7,11,4,2,1,0,0,1
119,0,102.6,12,24,4,1,1,0,3,0
93,1,150.56,10,22,4,5,2,1,3,0
10,0,103.0,3,19,4,1,1,0,0,1
27,0,85.5,10,9,3,1,2,0,0,1
111,1,105.4,4,26,3,3,0,0,0,1
11,0,119.0,11,2,4,4,0,0,3,1
30,1,125.1,8,19,4,1,0,3,0,1
28,0,205.0,10,6,4,3,1,1,3,0
71,0,107.95,4,8,4,2,2,0,3,1
25,2,96.9,12,7,4,4,1,0,3,1
81,1,117.9,8,13,4,3,2,0,0,1
4,1,112.0,5,21,3,1,1,1,0,1
11,0,83.55,2,13,4,1,1,0,0,0
4,1,69.0,3,15,2,3,0,0,0,1
53,3,134.45,11,10,4,3,1,0,3,1
47,2,94.5,10,20,4,4,0,0,0,1
19,0,95.0,9,18,3,0,2,0,0,1
26,2,172.0,3,26,4,2,2,0,0,1
60,0,75.48,6,21,3,3,0,0,0,1
63,1,72.9,3,11,4,2,1,0,0,1
4,1,106.0,8,21,4,2,0,0,0,1
41,2,118.96,9,22,3,3,1,0,0,1
28,1,99.0,11,19,3,2,0,1,0,1
113,0,80.14,5,10,4,5,2,0,0,0
71,0,88.0,11,18,4,2,0,3,0,0
6,0,79.0,11,24,2,1,0,0,0,1
19,2,104.0,12,5,4,2,1,0,0,1
95,1,80.61,12,24,4,4,2,3,0,1
79,1,88.0,11,25,4,2,0,3,0,0
57,1,89.1,10,30,4,0,2,3,0,1
3,3,188.0,8,24,4,1,0,0,3,1
96,1,84.15,4,10,4,3,2,0,0,1
105,0,78.3,3,22,4,1,0,0,0,1
186,0,64.56,11,24,4,3,0,0,0,0
34,1,174.0,12,8,4,3,0,0,5,1
132,1,96.56,8,10,3,5,2,0,3,1
131,0,94.5,5,12,4,2,0,3,0,0
6,1,97.79,9,2,4,3,2,3,0,1
105,0,150.3,8,24,4,4,0,0,3,0
4,0,95.0,5,2,3,0,1,0,0,1
154,1,111.3,7,10,4,1,2,0,0,0
182,2,70.44,10,16,4,3,2,0,0,1
43,2,176.67,11,9,4,3,0,0,0,1
0,1,155.0,10,13,4,1,0,0,3,1
73,0,85.0,9,18,3,3,2,3,0,0
4,1,183.0,9,16,4,2,0,0,0,1
71,1,91.47,6,26,4,3,2,0,0,1
279,1,80.75,10,10,3,2,1,0,0,1
30,1,117.9,5,23,4,1,1,0,0,1
6,3,91.0,11,13,4,2,2,0,0,1
45,2,106.2,11,5,4,1,1,0,3,1
4,1,0.0,8,23,1,1,2,0,0,1
13,0,54.75,10,20,3,4,0,0,0,1
226,1,90.95,8,8,4,5,2,0,0,1
5,1,126.0,4,20,4,3,0,0,3,1
41,0,85.0,3,16,3,3,0,0,0,1
303,1,159.23,12,27,4,5,1,1,3,0
7,0,171.0,8,6,4,3,2,0,0,0
80,0,72.25,7,24,3,2,2,0,0,1
116,1,99.45,5,15,4,3,2,0,0,1
31,1,148.69,9,26,4,3,1,0,5,1
27,1,110.0,10,29,4,1,2,3,0,1
1,1,90.0,10,7,2,2,0,0,0,1
0,1,0.0,3,22,1,1,0,0,0,1
23,0,85.6,8,25,4,3,1,0,0,0
39,0,192.95,12,28,4,4,0,1,0,1
47,1,150.3,7,2,4,1,1,0,3,0
20,0,65.0,6,29,2,1,0,0,0,1
170,1,99.45,8,15,4,3,1,0,0,0
52,0,80.75,4,9,3,3,2,0,0,1
32,0,78.3,1,16,4,1,0,0,0,0
1,1,0.0,12,21,1,1,0,0,3,1
4,0,154.5,12,19,4,1,0,0,1,1
7,0,85.0,2,15,4,1,1,0,0,1
120,2,72.25,12,29,4,3,0,0,0,1
60,1,41.76,4,9,3,3,2,0,0,1
41,2,139.5,10,4,4,5,0,0,3,1
120,0,143.1,9,20,4,5,1,0,3,0
11,0,151.0,8,9,4,3,0,0,0,0
180,0,90.95,8,27,3,5,2,0,3,1
52,1,135.9,8,2,4,5,2,0,0,1
59,2,121.5,4,5,4,2,0,0,0,1
99,0,80.0,2,19,2,1,0,0,0,1
92,0,65.0,10,7,3,4,0,0,0,1
29,0,88.4,12,19,4,3,1,0,0,1
9,0,81.0,2,23,4,2,0,3,0,1
4,1,151.0,7,15,4,1,0,0,0,1
92,0,85.5,8,17,4,1,1,0,0,1
57,1,63.75,3,11,4,2,2,3,0,1
54,2,198.9,5,6,4,1,0,0,5,1
45,1,126.0,11,25,4,2,1,0,3,1
39,1,88.0,12,9,4,2,0,3,0,1
175,0,123.68,8,24,4,4,0,0,0,0
22,1,64.37,11,14,4,2,1,3,0,1
0,0,70.0,2,10,2,1,0,0,0,1
14,1,97.67,3,4,4,2,1,0,0,0
14,0,79.0,12,2,2,1,0,0,0,1
132,0,96.3,6,30,4,3,0,0,0,0
63,0,60.0,11,23,3,2,1,0,3,1
10,2,68.5,1,19,4,5,0,0,0,1
74,0,149.4,9,27,4,2,0,0,3,0
27,1,115.0,9,18,4,2,1,3,0,1
71,0,128.0,12,7,4,4,0,0,3,1
47,2,58.94,1,31,4,2,2,0,0,1
196,0,99.45,8,22,4,5,1,0,0,0
48,0,75.0,11,1,3,4,0,0,0,1
0,0,65.0,2,22,2,2,1,0,0,1
21,1,96.0,12,24,4,1,2,0,0,1
6,0,162.33,9,18,4,1,2,0,0,0
26,0,88.0,12,5,4,2,1,3,0,1
2,0,65.0,10,2,3,2,1,0,0,1
70,0,80.75,8,31,3,3,0,0,0,1
49,0,69.5,3,5,4,1,2,3,0,1
146,1,116.45,7,31,4,3,2,0,0,1
96,2,159.3,6,13,4,1,1,0,3,1
41,0,157.28,8,26,4,2,2,0,3,1
0,1,89.0,4,7,4,2,0,3,0,1
3,0,123.0,10,19,2,2,1,0,0,0
23,0,128.0,4,10,4,4,2,0,3,0
19,0,158.2,4,9,4,3,2,0,3,0
293,0,93.67,12,25,4,6,4,0,0,0
83,1,111.6,12,26,4,2,1,0,3,1
151,0,104.25,10,27,4,4,2,0,3,0
43,2,83.85,6,8,4,1,0,0,0,1
218,2,63.75,12,9,4,3,2,3,0,0
111,1,73.74,4,1,4,4,2,0,1,1
73,0,76.5,7,13,4,2,1,0,0,0
185,2,128.7,10,20,4,2,0,0,3,0
183,0,100.0,9,8,3,3,0,0,0,1
165,1,99.45,7,8,4,2,2,0,0,1
125,0,140.27,7,31,4,5,2,0,3,1
51,1,125.1,9,9,4,2,0,3,0,1
91,1,132.6,10,23,4,4,2,0,3,1
61,0,94.5,7,26,4,2,0,3,0,0
36,0,131.4,3,24,4,1,0,0,3,0
44,1,125.1,8,22,4,2,1,3,0,1
2,1,134.75,10,4,4,2,0,0,3,1
40,0,94.5,6,21,4,3,0,0,0,1
8,0,173.8,5,21,3,1,1,0,4,1
41,0,70.33,3,13,2,1,2,0,0,1
180,1,97.54,8,20,4,1,0,0,1,1
119,1,80.75,9,1,3,5,2,0,0,1
129,1,112.03,5,11,4,4,1,0,3,0
78,2,151.2,10,7,4,2,1,0,3,1
40,0,110.7,6,26,4,3,2,0,0,1
8,0,95.2,9,11,4,0,2,3,0,1
2,0,65.0,4,11,2,1,1,0,0,1
164,0,89.25,8,1,4,4,1,3,0,0
47,0,119.17,4,25,4,4,1,0,0,0
160,0,130.05,8,1,4,4,1,0,3,0
76,1,159.3,5,12,4,3,0,0,0,1
89,0,79.5,4,9,4,1,2,3,0,1
29,0,144.0,12,17,4,1,0,1,0,1
0,0,81.0,8,6,4,1,0,0,0,1
94,0,90.0,11,4,4,2,1,0,0,0
3,0,58.0,12,17,3,3,0,0,0,1
61,1,115.25,9,3,3,2,2,1,0,1
1,1,112.0,2,27,4,1,0,0,0,1
218,1,96.3,8,6,4,1,0,0,0,0
40,2,207.9,9,20,4,3,0,0,5,1
85,0,81.9,4,1,4,2,0,0,0,1
82,0,68.42,3,31,4,3,0,0,0,1
177,0,77.03,7,18,4,2,1,0,0,0
0,0,65.0,5,4,2,2,0,0,0,1
14,2,192.67,3,24,4,3,0,0,3,1
25,0,130.0,10,27,4,3,1,0,0,0
1,0,90.0,9,14,3,2,1,0,0,1
40,1,207.9,8,12,4,2,0,0,5,0
52,3,103.7,12,4,4,2,2,0,0,1
56,0,74.8,3,21,4,3,1,0,0,1
93,2,137.7,7,12,4,2,0,0,3,1
63,0,105.3,7,23,4,5,2,0,0,0
13,0,179.5,3,26,4,2,2,0,3,0
40,1,104.85,10,19,4,5,1,0,0,1
176,0,150.45,9,1,4,3,1,0,3,0
51,1,96.9,11,27,4,3,2,0,3,1
46,0,158.4,9,9,4,3,2,0,3,1
92,1,72.49,3,18,4,2,2,0,3,1
210,0,0.0,10,8,4,3,1,1,0,0
5,0,95.0,4,18,2,0,1,0,0,0
241,0,106.0,10,24,2,2,1,0,4,0
282,0,115.6,12,29,4,3,1,1,0,1
64,0,115.6,5,16,4,3,1,0,0,0
117,1,105.3,7,19,4,2,0,0,0,1
7,1,91.0,6,23,4,1,0,0,0,0
107,2,99.45,4,30,4,3,2,0,0,1
10,1,104.72,4,20,4,3,0,0,3,0
159,0,149.6,12,30,4,2,2,0,5,1
183,0,85.5,10,20,4,3,1,3,0,0
28,0,109.33,8,29,4,2,1,3,0,0
5,1,139.13,9,16,4,1,0,0,0,1
303,0,78.0,8,19,3,3,2,0,0,0
112,0,105.3,7,18,4,2,1,0,0,0
82,1,114.3,7,1,4,4,2,0,0,1
14,0,84.0,6,23,3,1,0,3,0,1
145,0,65.0,1,3,3,1,2,0,0,1
31,0,126.0,9,27,4,1,0,0,0,1
187,2,152.15,9,12,4,4,1,1,0,0
10,0,81.0,2,20,4,3,2,3,0,1
93,0,118.19,12,30,4,3,0,0,0,1
130,1,118.8,9,18,4,0,1,3,0,0
43,0,0.0,10,23,4,1,0,0,0,1
94,0,137.4,6,3,4,2,1,0,3,0
170,2,96.9,9,12,3,1,0,1,0,1
128,0,67.22,3,18,4,2,1,0,0,1
32,1,64.22,2,22,4,2,1,0,3,1
108,0,93.4,12,24,4,3,2,3,0,1
163,2,105.3,8,1,4,0,1,0,0,0
15,0,116.75,9,10,4,3,1,0,0,0
100,0,88.74,12,26,4,4,1,3,0,0
6,1,135.5,12,24,4,1,0,1,0,1
163,0,187.28,9,28,4,4,1,0,5,0
96,1,87.55,4,8,4,3,2,0,0,1
0,0,75.0,11,16,2,2,1,0,0,1
0,1,109.0,8,1,4,0,1,3,0,0
93,0,60.0,3,5,3,1,2,0,0,1
5,0,65.0,9,9,2,2,0,0,0,1
11,0,75.0,8,18,2,2,0,0,0,0
62,0,143.1,5,7,4,1,0,0,0,0
30,1,135.9,7,26,4,4,0,0,0,0
23,2,145.0,10,28,4,2,0,0,3,1
160,0,94.5,7,25,4,2,1,3,0,0
178,2,99.45,8,10,4,4,0,0,0,1
25,1,90.98,9,21,4,3,1,0,3,1
1,0,95.0,4,12,0,6,2,0,0,0
1,0,100.0,10,2,3,2,0,0,0,1
15,2,138.0,9,2,4,2,0,0,0,1
68,1,60.0,11,30,3,3,1,0,3,1
25,1,107.03,9,22,4,3,0,0,3,1
20,1,88.0,12,8,4,1,0,3,0,1
87,0,58.9,7,26,4,3,2,0,0,0
90,1,119.0,12,24,4,3,2,0,3,1
0,0,79.0,1,21,4,1,0,3,0,1
104,1,125.1,10,25,4,3,0,1,0,1
76,1,122.4,8,10,4,4,0,0,0,0
17,0,85.0,10,8,3,1,1,0,0,1
21,0,375.5,12,30,4,2,0,0,3,1
3,1,67.57,12,21,4,4,0,3,0,1
1,1,192.0,6,27,4,5,1,1,3,1
9,0,119.5,5,18,4,2,0,0,1,0
23,0,140.9,6,2,4,3,1,0,3,0
37,2,145.8,9,21,4,3,1,0,0,1
32,1,85.0,10,25,3,3,0,0,0,1
17,2,224.1,9,21,4,1,0,0,5,1
94,1,85.5,4,13,4,2,0,3,0,1
19,1,88.0,11,18,4,2,0,3,0,1
10,0,102.0,11,1,4,4,0,3,0,0
45,0,168.3,5,1,4,0,2,0,3,0
37,0,126.9,5,21,4,2,2,0,0,0
1,0,158.0,5,6,4,2,0,0,0,1
4,2,127.0,6,29,4,4,0,3,0,1
23,1,154.0,12,3,4,1,2,0,3,1
188,1,86.75,7,7,4,2,0,0,1,0
1,1,169.0,9,20,4,1,0,0,0,1
0,2,85.0,11,14,4,1,0,3,0,1
36,0,130.5,7,11,4,1,1,0,0,1
6,0,139.0,6,30,4,1,0,3,0,0
34,0,76.5,10,18,3,0,1,0,0,1
24,1,127.97,4,10,4,5,2,0,3,0
43,2,121.0,3,21,4,3,1,0,0,1
22,1,120.0,9,8,4,1,0,0,3,1
46,0,123.3,8,30,4,5,1,0,3,0
1,0,117.0,2,27,4,1,1,0,3,1
80,0,89.75,5,16,3,1,1,0,0,1
18,0,129.0,6,17,4,2,0,3,0,1
57,1,132.6,5,15,4,3,2,0,3,1
33,1,135.9,8,8,4,2,1,0,0,0
111,1,140.4,5,21,4,1,1,0,3,0
2,1,0.0,9,28,4,1,0,3,0,1
188,1,105.5,10,18,4,2,0,0,0,0
70,0,100.0,6,3,3,2,0,0,1,1
159,0,144.0,9,19,4,2,1,0,0,0
22,0,134.78,12,26,3,2,2,1,5,1
75,2,168.3,8,12,4,3,2,0,3,1
151,1,162.0,9,23,4,2,2,0,3,0
205,0,90.95,7,24,4,2,2,0,0,0
9,1,93.0,2,21,4,1,2,0,0,1
213,1,94.5,8,12,4,2,1,3,0,1
1,1,99.0,7,20,4,1,0,3,0,1
70,2,121.55,4,4,4,3,1,0,0,1
99,0,83.25,4,8,4,2,2,3,0,0
15,1,148.0,9,20,4,1,0,0,0,1
30,1,92.9,3,8,4,4,0,0,0,1
13,0,110.0,6,7,2,2,0,0,3,1
9,0,221.0,6,10,4,2,1,0,5,0
235,1,103.06,9,13,4,4,0,0,0,0
24,0,60.0,1,2,3,1,2,0,0,1
7,2,136.0,9,21,4,2,1,0,3,1
53,2,158.4,10,16,4,2,2,0,3,1
84,2,89.25,10,16,4,2,1,0,0,1
28,1,159.0,9,16,4,2,0,0,0,1
242,0,108.8,9,10,4,2,2,0,3,0
103,0,151.2,10,9,4,0,1,0,3,0
41,1,105.3,4,11,4,3,1,0,0,1
26,0,85.0,10,16,3,0,2,0,0,1
32,0,140.7,4,13,4,3,0,0,3,0
1,2,137.0,3,4,4,2,1,0,0,1
31,1,96.75,4,17,4,2,2,0,0,1
250,0,95.0,9,26,4,3,1,0,0,0
0,2,106.84,8,19,4,9,3,0,0,1
22,1,88.17,10,1,4,2,0,0,0,1
20,0,113.0,2,27,4,1,1,0,3,1
57,1,112.2,11,11,4,2,1,0,0,0
16,2,74.8,11,13,4,4,2,3,0,0
5,0,75.0,1,9,4,1,0,0,0,1
99,0,159.3,5,13,4,2,1,0,3,0
133,0,94.5,8,20,4,1,0,3,0,0
0,0,65.0,1,19,2,1,0,0,0,1
127,1,105.3,5,9,4,2,1,0,0,1
443,0,60.0,4,29,3,1,0,0,0,0
27,2,96.9,12,8,4,3,1,0,3,1
67,1,91.2,9,5,4,2,1,3,0,0
148,0,72.25,8,21,3,1,2,0,0,1
65,0,102.9,6,21,4,3,0,0,0,1
119,1,114.3,8,16,4,2,0,0,0,1
7,1,95.0,6,13,4,1,1,0,0,1
168,1,62.18,7,2,4,5,2,3,0,1
204,0,90.0,5,5,3,3,0,0,0,0
134,1,146.7,8,12,4,2,1,0,3,1
94,1,146.7,7,8,4,2,2,0,3,1
24,1,101.0,11,8,4,0,2,0,0,1
139,1,94.5,7,28,4,1,0,3,0,1
117,1,109.65,6,2,4,3,1,3,0,1
169,2,121.5,8,3,4,3,0,0,0,0
47,0,120.0,4,28,4,3,0,0,0,1
1,0,66.7,1,14,4,1,0,3,0,1
59,0,75.0,11,18,3,2,2,0,0,1
13,0,137.0,7,8,4,1,0,3,0,0
62,0,96.23,9,4,4,2,2,0,1,0
181,0,85.5,8,27,4,1,2,3,0,0
151,1,99.3,8,19,4,3,2,0,1,0
34,0,48.67,1,17,3,1,2,0,3,1
34,1,143.55,9,24,4,1,1,0,3,0
25,1,110.46,8,22,4,2,1,0,0,1
172,0,115.2,5,22,4,1,2,0,3,0
88,2,120.8,7,13,4,4,1,0,3,1
64,1,79.2,11,20,4,1,2,3,0,1
104,1,114.0,10,6,3,2,0,1,0,0
156,1,114.83,7,5,4,4,0,0,0,0
196,1,80.75,8,3,4,4,1,3,0,1
46,2,102.6,12,8,4,3,0,0,0,1
108,0,137.7,7,24,4,1,2,0,3,0
1,0,96.0,8,10,4,3,1,3,0,1
40,2,99.71,10,7,4,3,0,0,0,1
87,0,109.65,4,30,4,3,2,3,0,0
15,0,96.9,12,5,4,3,1,0,3,1
48,0,175.0,9,14,3,2,0,0,4,1
48,1,126.0,10,17,4,2,1,3,0,0
1,2,154.0,12,6,4,1,0,0,3,1
10,0,119.5,5,18,4,2,0,0,1,0
185,2,81.77,5,6,4,2,0,0,0,0
26,0,95.0,9,18,3,1,2,0,0,1
1,0,129.0,5,24,4,1,0,3,0,1
44,0,96.3,6,18,3,1,1,0,3,0
5,1,159.0,9,17,4,1,0,3,0,0
129,1,121.5,5,13,4,2,1,0,3,1
62,1,79.2,12,24,4,1,2,3,0,1
14,1,139.0,7,8,4,1,0,3,0,1
0,0,95.0,6,21,0,2,0,0,0,1
268,1,96.25,8,6,4,1,1,0,1,1
15,2,105.62,10,29,4,3,0,0,0,1
1,0,163.5,7,24,4,2,2,0,3,1
56,0,137.44,10,9,4,4,2,0,1,1
37,0,115.0,10,22,3,1,1,1,0,1
115,2,170.63,12,27,4,5,0,0,6,1
125,1,114.3,5,7,4,1,2,0,3,1
15,1,95.0,6,14,4,1,0,0,0,1
53,1,137.7,4,7,4,3,0,0,3,1
104,2,123.3,7,21,4,3,1,0,3,1
258,1,88.83,10,29,4,2,2,0,0,1
52,1,78.3,2,26,4,2,0,0,0,0
44,1,74.82,1,29,4,3,2,0,0,1
47,0,131.4,6,4,4,1,1,0,3,0
22,0,67.0,10,13,2,1,0,0,0,1
13,0,95.0,4,19,0,3,0,0,0,1
0,0,0.0,11,19,1,1,0,0,0,1
37,1,175.5,10,15,4,1,1,0,3,1
32,0,80.08,11,16,4,3,0,0,0,0
30,0,137.52,9,12,4,3,1,0,4,1
0,0,139.0,6,2,4,1,0,0,0,1
75,1,146.7,7,30,4,1,0,0,3,1
49,2,113.4,10,5,4,2,0,0,0,1
4,0,81.0,2,5,4,2,0,3,0,1
15,1,151.0,7,5,4,3,0,0,0,1
14,1,164.0,9,26,4,3,1,0,3,0
41,1,158.95,7,31,3,3,2,0,4,1
30,2,130.5,4,15,4,1,0,0,0,1
120,1,136.8,8,9,4,5,0,0,3,1
105,0,110.0,10,12,4,2,1,1,0,0
29,0,76.81,10,4,4,0,2,0,0,1
1,0,75.0,12,15,2,1,0,0,0,1
257,2,78.81,12,25,4,5,2,0,0,0
138,0,102.25,7,5,3,5,1,1,0,1
109,2,97.75,11,21,4,4,1,0,3,1
76,0,116.1,5,22,4,0,1,3,0,0
31,0,108.3,8,28,3,3,2,1,0,1
18,0,154.0,11,30,4,2,0,0,3,1
65,1,156.61,12,26,4,3,1,0,5,1
134,1,89.25,5,15,4,2,2,3,0,1
22,1,104.0,11,27,4,0,1,0,0,1
3,1,161.0,5,28,4,1,0,0,0,1
89,2,107.1,6,26,4,3,2,0,0,1
80,0,82.45,7,4,3,5,2,0,3,1
17,1,97.5,8,29,4,4,2,0,0,0
46,0,118.8,10,10,3,1,0,1,3,1
30,0,67.0,11,13,2,0,1,0,0,1
105,0,90.95,6,26,4,3,2,3,0,1
237,2,90.95,10,17,4,3,1,0,0,0
30,0,0.0,9,24,4,0,0,1,0,1
135,2,92.28,7,15,4,2,2,3,0,1
14,2,132.0,9,15,4,5,2,0,0,1
3,0,65.0,4,25,2,0,1,0,0,1
138,1,79.2,11,22,4,2,0,3,0,1
19,1,191.0,8,14,4,1,2,0,3,0
22,1,127.0,10,1,4,3,0,0,0,1
122,0,85.0,4,15,4,2,0,0,0,0
142,0,108.0,10,5,4,3,0,3,0,0
191,1,106.2,5,15,4,0,1,0,0,0
19,0,139.0,7,27,4,2,0,3,0,1
20,2,104.0,11,24,4,3,0,0,0,1
58,0,88.0,11,11,4,2,0,3,0,0
60,0,74.8,11,21,4,3,1,0,0,0
49,1,79.2,11,21,4,2,1,3,0,0
113,0,55.63,3,29,4,4,0,3,0,1
98,1,69.3,11,14,4,3,1,0,0,1
7,0,76.29,11,27,4,5,3,3,0,0
53,0,116.1,5,31,4,2,0,3,0,0
1,0,99.0,6,14,4,1,0,3,0,1
10,1,207.9,8,8,4,1,1,0,5,1
22,2,82.39,10,9,4,1,0,0,0,1
68,2,75.9,11,14,4,3,1,3,0,1
0,0,45.0,3,18,3,1,0,0,0,1
35,1,104.85,10,17,4,1,1,0,0,1
123,0,126.86,6,28,4,6,2,0,0,0
35,2,117.0,9,25,4,1,2,0,0,1
96,1,122.31,9,27,4,3,0,0,0,0
2,1,104.72,10,15,4,1,0,0,3,1
84,1,60.98,11,5,4,1,0,3,0,1
0,1,67.0,12,13,2,1,0,0,0,1
31,0,96.3,10,18,4,0,2,0,0,1
77,0,125.1,5,1,4,0,2,3,0,1
53,3,135.9,9,9,4,2,0,0,0,1
204,1,180.9,10,7,4,2,0,0,5,0
27,0,90.0,3,10,4,1,0,3,0,1
123,0,105.3,5,4,4,3,0,0,0,1
53,2,123.3,9,1,4,3,0,0,3,1
87,1,53.67,3,9,4,4,1,0,0,1
164,1,108.11,9,17,4,3,2,0,3,0
0,0,101.0,3,21,4,0,1,0,0,0
61,0,171.0,3,20,4,1,2,0,5,1
36,0,137.7,4,10,4,1,2,0,0,0
44,0,113.52,4,10,4,3,2,0,3,0
9,1,80.3,1,19,4,1,0,0,0,1
0,0,115.8,9,7,4,3,1,0,0,1
9,0,84.0,1,20,4,4,0,0,0,1
46,2,106.2,11,3,4,3,0,0,3,1
25,0,139.0,9,8,4,2,0,3,0,0
1,1,88.43,3,12,4,1,1,0,0,1
143,0,64.26,5,2,4,4,1,3,0,1
0,0,79.0,12,3,2,1,0,0,0,1
210,0,76.5,7,30,4,1,0,0,1,0
124,1,96.3,6,27,4,2,1,0,0,1
122,0,110.24,4,2,3,1,2,1,0,1
5,0,66.0,2,1,3,3,1,0,0,1
4,0,124.0,7,28,4,2,0,3,0,0
33,0,140.4,3,24,4,2,0,0,3,0
31,2,94.0,9,25,4,3,2,0,3,1
91,0,80.0,4,4,3,2,1,0,0,0
1,0,75.0,11,23,3,1,0,0,0,1
1,0,65.0,9,30,2,1,0,0,0,1
137,2,121.5,8,21,4,0,1,0,0,1
26,0,78.2,11,12,3,2,2,0,3,0
83,0,90.6,9,30,3,1,0,1,0,1
78,2,128.7,4,11,4,2,1,0,3,1
30,3,109.0,9,7,4,1,0,0,0,1
119,0,140.4,5,27,4,2,1,0,3,0
139,0,126.9,6,13,4,0,1,0,0,1
228,0,90.95,8,27,4,4,2,0,0,0
32,1,111.0,10,30,4,2,1,0,0,0
130,0,61.25,2,20,4,1,0,0,1,0
57,0,45.9,3,12,4,2,2,3,0,1
69,1,68.72,10,4,4,0,1,0,0,1
8,0,96.0,3,8,4,1,0,0,0,1
0,2,45.0,4,28,3,1,0,0,0,1
13,1,90.6,11,22,3,0,2,0,0,1
41,1,69.29,12,27,3,5,2,0,0,1
178,2,127.5,8,10,4,3,0,0,0,0
103,0,85.0,9,28,3,1,0,3,0,0
3,1,143.0,9,5,4,1,0,0,0,1
322,0,80.0,5,19,4,3,1,0,0,0
32,0,85.5,4,17,4,1,2,0,0,0
4,0,82.0,1,10,4,0,1,0,0,1
16,2,65.0,12,4,2,0,1,0,0,1
39,1,128.99,9,27,4,4,0,0,3,0
12,2,90.0,8,30,4,0,1,0,0,1
4,1,89.0,4,18,4,0,1,3,0,1
1,1,62.91,2,5,4,2,2,0,0,1
103,0,126.0,12,6,4,1,0,0,3,0
18,0,97.02,6,13,4,0,1,0,3,1
31,0,71.0,2,4,2,2,0,0,0,1
93,0,105.4,4,26,4,5,1,0,0,1
75,0,91.38,7,28,4,3,0,0,0,1
5,0,191.0,8,6,4,1,2,0,3,1
103,2,187.25,11,7,4,3,1,0,0,1
138,0,109.25,7,16,4,3,2,0,0,1
48,0,131.4,4,1,4,3,2,0,3,0
0,0,143.5,7,8,4,2,0,3,0,1
31,2,74.8,11,30,4,4,2,3,0,1
19,1,58.0,12,22,3,4,0,0,0,1
83,1,107.46,4,26,4,5,2,0,0,1
78,2,86.4,11,23,4,1,0,0,0,1
49,1,112.8,3,4,4,2,1,0,0,1
11,0,157.67,12,29,3,3,0,0,4,1
149,1,99.45,7,12,4,4,0,0,0,1
94,0,90.08,4,15,4,2,1,0,3,1
157,2,161.1,9,5,4,3,1,1,0,0
117,1,108.9,5,6,4,2,0,0,0,1
52,1,131.4,3,19,4,1,2,0,3,0
139,0,116.45,7,11,4,4,1,0,0,0
1,1,0.0,10,10,4,1,1,3,0,1
6,1,88.4,12,5,4,3,1,0,0,1
0,1,149.0,6,20,4,1,1,0,3,1
168,2,107.1,8,12,3,3,2,0,3,0
62,1,95.67,10,6,4,3,0,0,0,1
0,0,95.0,10,17,2,1,1,0,0,1
139,1,107.87,8,22,4,5,2,0,0,1
228,0,93.3,10,30,4,1,2,0,0,0
46,1,102.6,12,2,4,2,1,0,3,1
47,0,55.24,1,30,4,2,2,0,0,1
71,1,108.0,10,18,4,3,0,3,0,1
33,0,140.4,4,29,4,3,2,0,3,1
157,0,91.38,7,11,4,3,1,3,0,0
2,0,109.0,8,1,4,0,1,0,0,1
136,0,123.25,6,30,4,3,1,1,0,1
47,2,198.9,5,26,4,1,0,0,5,1
106,2,91.6,12,25,4,1,2,0,1,1
42,0,75.0,11,7,3,3,1,0,0,1
28,1,89.0,5,9,2,2,1,0,0,1
141,0,90.95,9,16,3,4,2,0,3,1
104,1,96.55,4,28,4,3,2,3,0,1
107,0,141.0,7,11,4,5,1,1,0,0
76,0,145.8,11,6,4,2,2,0,3,0
87,1,90.9,10,30,4,0,2,0,0,0
180,2,66.49,10,26,4,4,0,0,0,1
157,0,68.0,12,8,3,3,0,0,0,1
124,0,87.95,5,30,4,5,2,3,0,1
15,0,83.03,3,8,4,1,0,0,1,0
6,2,97.02,5,23,4,1,1,0,0,1
15,0,78.03,9,30,4,3,0,3,0,1
0,1,73.0,12,5,4,1,1,0,1,1
30,0,135.9,7,8,4,1,0,0,0,0
1,2,155.54,9,17,4,1,1,0,3,1
38,1,67.5,2,15,4,0,1,0,0,0
4,0,81.0,2,6,4,1,0,3,0,1
89,1,79.5,4,9,4,1,2,3,0,1
28,2,84.3,2,6,4,1,2,0,0,1
359,1,78.0,10,14,3,3,2,0,0,1
8,2,158.0,9,9,4,1,0,3,0,1
11,2,141.95,6,1,4,2,0,0,3,1
124,1,72.25,12,17,4,3,0,0,0,0
112,1,198.9,8,14,4,0,2,0,5,1
31,1,96.3,11,26,4,3,0,0,0,1
2,1,104.0,11,25,4,2,0,3,0,1
122,1,113.78,12,25,4,2,2,0,0,0
3,0,52.0,1,14,3,3,0,0,0,1
0,0,93.81,8,8,4,0,1,3,0,1
235,2,103.7,10,19,4,4,1,0,3,0
19,1,98.0,10,26,2,1,0,0,0,1
12,2,151.0,6,29,4,2,0,0,3,1
164,0,76.46,8,24,4,3,0,0,0,0
68,1,60.0,11,30,3,3,1,0,3,1
90,0,90.95,4,15,4,5,2,0,0,0
10,0,75.0,3,11,3,1,0,0,0,1
0,0,70.0,10,12,3,3,0,0,0,1
67,0,72.25,7,23,3,1,1,0,0,1
77,1,72.25,11,12,4,3,0,0,0,1
77,1,53.38,3,25,3,2,0,3,0,1
130,1,94.5,5,22,4,1,2,3,0,1
112,1,100.05,11,13,4,3,2,0,3,1
122,1,64.8,4,18,4,3,1,0,0,1
134,0,79.2,11,12,4,1,2,3,0,0
0,1,159.75,10,7,4,4,0,0,3,1
36,1,168.3,7,15,4,1,0,0,3,1
249,0,119.85,10,2,4,3,2,0,0,0
5,0,110.0,5,24,2,2,0,0,0,0
5,0,100.0,5,24,2,2,0,0,0,1
33,1,117.3,3,5,4,1,0,0,3,1
0,0,170.0,9,29,4,1,0,0,0,1
113,1,116.1,6,13,4,2,1,3,0,1
9,1,116.27,8,14,4,1,2,0,0,1
23,1,151.0,8,3,4,2,0,0,0,1
12,0,183.67,3,24,4,3,0,0,3,0
77,0,116.94,9,22,4,4,0,0,0,0
15,0,97.0,3,12,4,1,2,0,0,0
9,0,75.0,9,20,3,3,2,0,3,1
49,1,145.61,12,28,4,4,1,1,0,1
120,0,99.45,5,9,4,3,1,0,0,0
62,0,65.66,2,18,4,3,2,0,1,0
119,0,106.25,10,24,3,3,1,1,0,1
173,2,168.3,7,8,4,1,0,0,5,0
0,1,0.0,3,29,1,2,0,0,0,1
122,1,121.5,5,12,4,3,0,0,3,1
47,1,114.33,4,12,4,4,0,0,3,1
15,1,89.0,6,14,4,1,0,3,0,1
43,0,85.5,10,27,3,3,0,0,0,1
37,2,149.4,9,10,4,1,2,0,3,1
126,2,90.53,12,27,3,3,0,0,3,1
19,0,85.0,3,9,4,3,0,3,0,0
13,0,85.0,2,16,4,1,0,0,0,1
5,2,200.33,10,28,4,2,1,1,0,1
86,0,82.45,8,4,4,3,2,0,3,0
224,0,0.0,10,2,4,2,1,0,0,1
13,0,109.0,4,25,4,2,1,3,0,0
14,1,100.87,9,14,4,2,1,3,0,1
6,1,133.0,9,26,3,0,1,0,0,1
69,0,69.6,3,10,4,3,1,0,0,1
35,2,88.4,12,3,4,3,2,0,0,1
0,1,136.44,8,24,4,1,0,1,0,1
33,0,135.9,3,24,4,2,0,0,0,1
27,0,136.0,9,19,3,0,1,0,0,0
5,1,146.0,6,7,4,4,0,0,3,1
56,0,82.45,3,6,4,5,2,0,3,0
124,1,72.25,11,24,4,4,0,0,0,1
11,1,76.29,11,27,4,2,2,3,0,0
24,1,60.75,11,3,3,4,0,0,0,1
2,0,77.0,9,20,3,0,2,0,0,1
3,2,168.0,8,13,4,1,0,3,0,1
55,1,113.4,11,11,4,2,0,0,0,0
6,0,87.78,7,19,4,2,0,3,0,0
164,0,115.6,8,30,3,3,0,0,3,0
8,1,131.0,6,22,4,2,0,0,3,1
86,1,104.4,10,28,4,2,0,0,3,1
157,0,75.27,8,21,4,3,2,0,0,0
29,1,102.0,4,14,4,3,0,3,0,1
40,0,68.0,11,26,3,2,2,0,0,1
156,1,134.58,8,16,4,7,2,1,0,0
13,0,159.0,10,10,2,2,1,0,0,1
95,0,80.75,5,6,3,2,1,0,0,1
54,0,88.2,3,18,4,2,1,3,0,0
120,0,146.53,9,28,3,3,0,0,3,1
24,1,108.0,9,12,4,0,1,0,0,1
17,2,141.0,6,18,4,2,2,0,0,1
3,0,123.0,6,20,4,0,1,3,0,1
88,0,116.1,6,10,4,2,1,3,0,0
89,3,72.25,7,17,3,2,2,0,0,1
230,1,76.85,7,29,4,2,1,0,1,1
73,1,102.6,11,17,4,3,0,0,3,1
197,0,96.3,10,29,4,1,2,0,0,0
28,1,87.0,12,17,4,1,0,0,0,1
179,0,114.3,8,22,4,0,1,0,0,0
36,0,85.0,10,25,3,3,0,0,0,1
62,0,67.0,10,23,2,0,1,0,0,1
1,1,0.0,11,9,1,4,2,0,0,1
30,1,216.9,8,6,4,1,0,0,5,1
156,0,108.9,8,11,4,1,0,0,0,0
16,0,79.0,2,17,4,4,0,3,0,0
57,2,117.45,9,4,4,2,2,0,3,1
15,2,103.44,4,27,4,3,0,0,0,1
14,0,118.0,8,30,4,2,0,3,0,0
79,1,151.2,10,16,4,2,2,0,3,1
17,2,74.8,11,16,4,4,0,3,0,1
261,0,106.25,11,15,4,4,0,1,0,0
3,1,118.58,10,10,4,0,1,0,0,1
99,0,82.45,4,11,4,3,1,0,0,0
4,0,66.0,2,23,2,1,0,0,0,1
0,0,85.0,8,13,4,2,0,0,0,1
40,0,125.55,10,5,4,1,0,0,3,0
124,2,105.3,5,17,4,3,0,0,0,1
36,1,82.7,2,22,4,2,1,0,0,1
41,0,81.08,4,21,4,1,0,0,0,0
22,1,199.82,8,30,4,2,0,0,6,1
5,2,66.3,12,14,4,4,0,3,0,1
59,1,109.8,8,31,4,4,0,0,0,1
99,0,150.3,8,24,4,4,0,0,3,0
30,0,122.4,6,19,4,1,2,0,3,0
46,1,54.75,3,11,4,2,1,3,0,1
0,1,123.2,10,10,4,0,1,0,0,1
14,3,98.0,9,11,4,0,2,3,0,1
125,0,143.1,9,20,4,5,1,0,3,0
20,0,100.0,11,4,4,1,0,3,0,0
0,3,0.0,6,28,1,2,0,0,3,1
186,1,112.01,9,4,4,2,2,0,1,0
8,0,65.0,10,6,2,1,0,0,0,1
1,1,111.0,11,19,4,1,0,0,0,1
20,2,129.0,9,24,4,1,2,3,0,1
35,1,93.63,2,24,4,3,0,0,0,1
157,1,90.0,3,19,4,3,2,0,0,1
123,1,118.8,9,5,4,3,1,3,0,0
2,1,102.0,2,12,3,2,2,0,0,1
64,0,94.5,7,24,4,2,2,3,0,0
1,0,81.0,2,20,4,1,0,3,0,1
69,0,123.98,9,1,4,6,2,3,0,0
39,0,72.0,11,19,3,1,2,0,0,1
3,1,103.0,3,7,4,0,1,0,0,1
35,1,80.3,2,12,4,2,0,0,0,1
186,1,105.3,7,18,4,2,1,0,0,0
2,1,85.0,1,22,4,2,0,3,0,1
36,0,135.9,8,18,4,3,0,0,0,0
159,1,119.85,5,26,4,3,0,0,0,0
126,1,87.0,1,8,4,2,2,0,3,1
35,1,92.33,9,29,4,4,0,0,3,1
86,1,97.54,7,26,4,3,0,0,1,1
95,3,137.4,6,3,4,2,1,0,3,1
38,1,61.07,2,26,4,2,1,3,0,1
3,1,80.1,1,16,4,2,2,0,0,1
48,0,93.5,3,20,4,3,2,0,0,1
10,0,72.1,2,19,3,1,0,0,0,1
20,1,112.25,8,29,4,3,1,3,0,1
212,2,96.3,10,16,4,1,2,0,0,1
11,2,90.0,11,19,4,1,1,3,0,1
183,0,98.1,10,11,4,1,0,3,0,0
6,0,129.0,5,12,2,1,0,0,0,1
178,1,94.62,8,23,4,3,0,0,1,0
105,0,75.0,4,6,4,1,0,0,0,0
267,1,105.83,10,24,4,3,1,0,3,0
28,0,84.0,9,15,4,3,0,0,0,1
5,0,65.0,11,8,2,0,1,0,0,1
0,0,107.0,6,30,4,1,0,3,0,1
5,0,73.15,11,15,4,0,1,3,0,1
28,0,166.67,11,11,4,2,1,0,3,0
22,0,149.33,6,2,4,3,0,0,3,0
16,1,105.82,4,12,4,3,0,0,3,1
7,2,115.0,9,5,4,1,0,3,0,1
1,0,89.0,8,10,4,3,1,0,0,1
189,1,99.45,8,6,4,5,2,0,0,0
191,2,131.75,8,8,4,3,1,1,0,0
8,3,127.5,11,3,4,3,1,0,0,1
80,0,168.3,9,12,4,2,1,0,3,0
30,0,112.58,4,2,4,2,2,3,0,0
47,2,98.1,12,4,3,0,2,0,0,1
0,1,90.0,8,6,4,1,0,3,0,1
84,1,135.31,5,22,4,3,2,0,0,0
39,2,98.94,2,8,3,1,1,0,0,1
47,0,91.8,3,10,4,3,0,0,3,0
25,0,78.3,1,29,4,2,0,0,0,0
59,0,75.0,11,11,3,2,0,0,0,1
141,0,118.06,7,3,3,2,2,1,3,0
69,3,171.2,1,1,4,2,0,0,5,1
148,1,108.16,5,29,4,2,2,0,3,1
68,0,90.95,4,5,4,4,0,0,0,0
99,0,137.7,5,1,4,1,2,0,0,0
42,0,60.0,1,15,3,2,1,0,0,1
213,1,118.15,8,31,4,4,0,0,3,0
2,1,80.0,8,9,4,5,3,0,0,1
77,0,116.1,6,17,4,2,0,3,0,0
1,3,106.0,8,20,4,2,0,0,0,1
43,0,126.9,4,30,4,1,0,0,0,0
23,2,91.6,11,18,4,2,0,0,1,1
195,0,109.8,8,30,4,2,0,0,3,0
0,0,95.1,10,28,4,2,0,0,0,1
21,0,102.05,2,29,4,3,1,0,0,0
54,1,99.0,3,18,4,2,1,0,0,1
0,0,92.17,8,20,4,1,0,3,0,1
30,2,76.1,3,5,4,1,2,3,0,1
61,2,89.25,10,28,4,2,0,0,0,1
204,1,119.85,9,7,4,10,4,0,0,0
20,0,89.0,4,4,4,1,1,3,0,0
208,1,72.25,12,1,4,3,0,0,0,0
0,0,65.0,1,18,2,1,1,0,0,1
21,0,156.0,5,3,4,3,0,0,3,0
20,2,193.05,9,9,4,2,0,1,0,1
1,0,107.0,10,25,3,3,0,0,3,1
3,2,113.0,6,26,4,0,2,3,0,1
109,0,108.0,10,11,4,1,0,3,0,0
38,1,99.9,6,20,4,3,1,0,0,1
28,0,73.88,3,4,4,2,2,0,0,1
30,1,117.3,3,2,4,4,0,0,3,1
4,2,152.85,4,17,4,1,2,0,5,1
55,1,68.07,11,24,4,3,2,0,0,1
0,0,158.0,8,18,4,1,0,3,0,0
71,0,90.0,9,9,2,2,0,0,0,1
83,1,113.5,11,13,4,2,2,0,0,1
12,1,79.0,12,21,2,1,0,0,0,1
10,0,129.0,6,29,4,2,0,3,0,0
45,0,78.3,3,3,4,3,0,0,0,0
1,0,151.33,10,9,4,2,1,0,0,1
15,0,100.0,2,5,2,2,1,0,6,1
3,0,86.35,9,2,4,1,0,3,0,1
180,1,0.0,5,2,4,1,1,0,0,1
87,1,166.85,7,5,4,2,0,0,3,1
46,0,67.15,3,13,4,2,2,3,0,0
5,0,79.33,11,17,4,4,2,3,0,0
60,1,93.6,11,14,4,1,1,0,0,1
49,2,106.2,12,5,4,1,2,0,0,1
289,2,70.55,12,28,4,4,2,3,0,0
158,2,83.5,10,30,4,2,2,0,1,0
60,0,75.0,11,18,3,2,0,0,0,1
115,0,61.0,2,27,3,2,2,0,0,0
14,1,149.33,6,3,4,2,1,0,3,1
104,2,129.6,9,2,4,2,1,0,0,1
12,1,111.0,2,12,4,3,2,0,0,1
5,1,104.0,11,10,4,3,0,0,0,1
3,1,65.0,12,19,2,0,1,0,0,1
91,1,109.8,7,10,4,2,2,0,0,1
27,1,91.0,2,20,4,1,1,0,0,0
228,0,72.22,5,6,4,2,1,0,0,0
48,0,87.3,10,9,3,2,0,0,3,1
77,2,118.8,7,26,4,4,0,0,3,1
8,0,151.0,8,6,4,1,2,0,0,0
9,1,137.63,10,29,4,2,2,0,0,1
3,1,64.68,5,16,4,0,1,3,0,1
100,2,146.7,7,3,4,0,2,0,3,1
0,0,216.0,8,15,4,0,1,0,0,0
63,0,58.0,2,15,3,3,1,0,0,1
81,0,80.75,10,22,3,2,2,0,0,1
3,0,104.0,3,3,4,1,0,0,0,1
16,1,79.0,2,20,4,1,0,3,0,1
32,1,107.1,11,14,4,4,1,0,3,0
60,2,96.98,12,23,4,4,0,0,0,1
36,0,214.75,8,21,4,0,1,0,6,0
0,0,130.0,10,16,4,0,2,3,0,1
0,0,82.0,1,5,4,1,0,0,0,1
121,1,112.5,7,7,4,2,0,3,0,1
0,1,155.0,9,11,4,0,2,0,0,1
1,0,71.7,1,27,4,2,0,0,0,1
32,0,75.0,10,20,3,2,0,0,3,1
256,0,64.33,9,14,3,2,1,0,0,1
3,1,100.0,2,9,4,3,0,0,0,0
58,1,57.6,12,13,4,4,0,3,0,1
21,2,105.0,9,5,4,1,1,0,0,1
5,3,137.0,6,13,4,0,1,0,3,1
0,0,85.0,2,16,4,1,0,0,0,1
113,1,136.0,5,18,4,4,0,0,0,1
11,1,91.0,2,13,4,1,0,0,0,1
117,0,72.25,8,24,3,4,1,0,0,0
82,1,103.7,4,14,4,3,1,0,3,0
75,1,151.2,10,8,4,1,1,0,3,1
10,0,130.33,2,17,4,3,0,0,3,0
54,2,79.2,12,5,4,0,1,3,0,1
17,1,67.0,8,22,2,1,1,0,0,1
116,0,81.67,2,28,3,1,2,0,0,1
14,0,148.5,8,17,4,4,0,0,3,0
141,1,118.8,9,19,4,5,2,3,0,0
22,2,196.0,7,24,4,1,2,0,3,1
5,1,136.0,6,11,4,1,0,0,3,1
11,0,92.8,4,7,3,1,0,0,3,1
1,1,116.0,3,2,4,4,0,0,3,1
6,2,158.0,12,30,4,2,0,0,0,1
14,1,155.83,8,19,4,4,2,0,3,1
15,1,141.68,9,15,4,2,0,0,3,0
0,0,69.84,6,23,4,1,0,0,0,1
121,2,132.18,7,19,4,6,2,0,3,1
123,2,96.9,7,31,3,5,3,0,0,1
25,0,75.2,11,29,4,1,0,0,0,1
24,0,122.0,9,1,4,3,0,0,0,1
126,1,77.03,7,25,4,2,1,0,0,1
91,1,135.9,9,3,4,2,2,0,0,1
67,1,82.45,3,29,4,5,0,0,0,1
75,0,60.0,2,20,3,2,2,0,0,1
125,0,85.5,7,26,4,0,1,0,0,0
21,0,74.48,11,16,4,3,0,0,3,1
114,2,127.8,7,30,4,1,0,0,3,1
65,2,89.25,10,22,4,3,0,0,0,1
2,0,110.0,10,30,0,0,1,0,3,1
43,0,152.05,2,25,4,3,2,0,5,1
4,0,162.75,6,10,4,2,0,0,3,0
18,2,76.81,9,2,4,3,0,0,0,1
98,2,137.7,7,24,4,1,2,0,3,1
166,1,90.95,7,6,4,4,0,0,0,1
77,0,113.4,10,19,4,2,0,0,0,0
346,0,90.0,9,13,3,2,0,1,0,0
96,2,141.56,7,9,4,5,2,0,3,1
35,2,114.0,11,16,4,1,0,0,3,1
76,1,69.52,3,14,4,2,1,0,1,1
30,1,179.25,8,23,4,5,1,1,3,1
125,1,79.2,11,16,4,2,0,3,0,1
5,0,47.25,8,15,3,1,2,1,0,1
21,2,104.0,11,25,4,2,1,0,0,1
94,1,79.2,11,3,4,3,1,3,0,1
1,0,114.0,8,10,4,1,1,0,0,1
84,1,141.69,7,31,4,5,2,0,3,1
64,0,73.95,2,12,4,2,2,0,0,0
0,0,98.0,8,7,4,1,0,0,0,0
8,1,85.35,10,29,4,1,2,3,0,1
28,0,89.0,4,17,4,0,2,3,0,1
5,2,98.62,8,18,4,10,3,0,0,0
44,1,93.33,11,3,4,3,0,0,0,1
15,1,0.0,8,28,1,1,0,0,1,1
106,0,108.3,5,3,4,3,0,0,0,0
10,0,58.0,12,11,3,3,2,0,0,1
88,1,140.0,12,6,4,5,0,0,3,1
66,1,147.56,5,14,3,2,2,0,4,1
4,0,63.6,1,24,4,2,2,0,3,1
175,0,126.9,9,18,4,0,2,0,0,0
3,0,76.5,6,19,3,1,2,0,0,1
25,0,9.0,11,11,1,2,0,0,0,1
174,1,103.5,8,7,4,1,2,3,0,0
37,0,115.32,6,26,4,1,2,0,0,0
123,2,137.94,7,22,4,7,2,0,3,0
47,0,163.95,8,23,4,5,1,0,3,1
0,2,139.0,8,31,4,2,0,3,0,1
23,0,79.0,1,2,3,1,2,1,0,1
18,0,88.0,2,19,4,2,0,3,0,1
188,0,90.95,8,26,4,3,2,0,0,0
153,1,90.0,12,10,4,1,2,0,0,1
8,1,148.0,8,9,4,4,0,3,0,1
59,0,60.0,2,4,3,3,0,0,0,1
30,1,135.9,7,8,4,1,0,0,0,1
82,0,73.9,4,3,4,3,2,0,0,1
80,0,80.75,3,26,3,4,2,0,0,1
53,3,153.3,6,9,4,3,0,0,3,1
9,0,92.0,3,5,3,1,2,0,3,0
101,0,102.25,7,4,3,3,1,1,0,1
1,0,89.0,8,9,4,0,1,3,0,1
28,3,109.7,9,5,4,2,1,0,0,1
43,1,135.9,8,7,4,0,2,0,0,1
1,1,0.0,3,1,1,2,0,0,3,1
23,2,112.0,11,11,4,1,0,0,0,1
12,2,111.0,2,7,4,0,2,0,0,1
56,1,76.92,6,21,4,3,0,0,0,1
30,0,139.28,10,3,4,3,1,0,0,0
7,1,97.0,5,16,4,0,1,0,0,1
4,1,77.0,1,9,4,1,0,3,0,1
70,0,227.9,10,20,4,3,1,0,5,0
133,1,105.3,8,21,4,0,2,0,0,1
8,2,159.75,9,1,4,4,0,0,6,1
37,1,83.9,3,7,4,2,1,0,0,1
69,1,80.75,4,4,4,3,1,3,0,1
19,0,85.0,10,2,3,0,2,0,0,1
85,1,95.5,4,7,4,2,0,0,0,1
88,2,96.9,7,18,3,2,1,0,0,1
73,0,75.0,11,27,3,1,2,0,0,1
0,0,66.42,8,2,4,1,0,3,0,1
45,2,107.1,10,20,4,1,0,0,0,1
3,0,80.0,8,28,3,0,1,0,0,1
19,1,151.0,7,16,4,1,1,0,0,0
116,0,76.0,2,28,3,2,2,0,0,1
17,1,136.0,8,19,4,2,0,0,0,0
1,1,0.0,3,1,1,2,0,0,4,1
22,2,95.0,9,3,4,2,0,0,0,1
91,0,133.2,8,6,4,1,2,0,3,1
15,0,97.0,2,5,2,2,1,0,4,1
94,0,105.3,7,14,4,3,0,0,0,0
57,1,105.0,11,11,3,2,1,0,0,1
24,0,89.25,6,13,4,1,1,0,0,1
46,0,124.71,11,7,4,5,1,0,0,1
1,1,120.0,12,29,4,2,0,3,0,1
108,3,127.38,9,24,4,3,2,0,1,1
172,1,72.84,7,18,4,5,2,0,0,1
11,2,186.0,5,28,4,1,0,0,3,1
42,1,85.0,9,24,3,1,0,0,0,1
2,0,94.0,8,3,2,2,0,0,3,1
51,1,69.0,11,11,3,4,0,0,3,1
178,0,72.25,8,18,3,5,2,0,0,0
73,1,76.5,4,3,4,1,2,3,0,1
1,0,79.0,2,9,4,1,0,3,0,0
61,1,159.3,6,1,4,4,0,0,3,0
83,0,56.1,9,30,3,1,0,1,0,1
13,0,96.0,4,4,3,1,1,0,0,1
46,0,67.5,3,4,4,2,0,3,0,0
27,1,89.0,1,10,4,0,1,0,0,1
16,0,86.0,2,6,2,1,0,0,4,1
104,3,120.8,7,18,4,6,3,0,3,1
29,1,183.67,12,4,4,2,1,0,5,1
19,1,95.9,9,19,3,1,1,3,0,1
84,0,79.2,12,22,4,1,0,3,0,0
79,1,90.95,4,25,3,1,1,0,3,1
85,0,57.0,2,6,4,1,1,0,0,0
189,1,105.3,8,9,4,2,0,0,0,0
92,2,68.0,7,6,4,3,1,0,0,0
85,1,76.5,7,30,4,3,0,0,0,1
169,1,105.3,8,12,4,2,1,0,0,0
135,2,151.2,10,6,4,2,0,0,3,1
12,0,104.0,12,12,4,0,1,0,0,1
37,0,94.5,9,16,4,2,0,0,0,1
24,2,99.0,6,13,4,1,1,3,0,1
226,1,92.82,12,31,4,3,2,0,3,0
24,1,81.7,10,4,4,4,2,0,3,1
0,1,104.0,11,2,4,1,1,0,0,1
0,2,129.0,6,19,4,0,1,3,0,1
94,1,80.75,3,28,3,4,1,0,0,1
113,1,78.15,3,31,4,3,0,0,1,1
141,0,90.0,9,20,3,0,1,0,0,1
25,2,106.88,2,26,4,2,2,0,3,1
12,0,111.14,3,3,4,5,2,0,3,0
5,2,157.0,4,12,4,3,0,0,3,1
304,1,74.15,10,21,4,2,1,0,0,1
20,1,136.0,4,30,4,1,1,0,0,1
72,1,104.4,3,14,4,2,1,0,3,1
96,1,88.4,12,7,4,4,0,0,0,1
253,1,140.4,10,7,4,2,1,0,3,0
33,2,95.0,10,17,4,4,2,0,1,1
163,0,115.0,10,15,3,1,2,0,0,0
5,1,100.0,8,25,3,5,2,1,0,1
75,0,80.0,3,17,3,3,1,0,0,0
233,0,158.95,8,22,4,4,1,0,5,0
38,0,151.47,8,19,4,2,2,0,3,0
126,0,97.75,7,6,4,4,0,3,0,0
125,1,130.5,7,29,4,1,0,0,0,1
82,0,85.5,6,23,4,1,0,3,0,0
85,0,94.5,7,13,4,4,0,3,0,0
20,0,109.65,6,12,4,0,1,0,0,1
31,0,96.3,6,17,3,5,2,0,3,1
3,0,139.0,10,19,4,0,1,0,0,1
18,0,96.9,12,11,4,4,2,0,3,1
28,1,160.2,10,18,4,3,0,0,5,1
19,1,95.0,10,27,2,1,0,0,0,1
12,1,93.0,2,7,4,0,1,0,0,0
86,0,134.1,8,14,4,0,1,0,0,0
165,2,123.3,10,28,4,2,2,0,3,0
28,2,75.0,9,27,3,1,0,0,0,1
33,1,140.4,4,29,4,2,2,0,3,1
4,2,100.0,11,17,4,1,0,0,0,1
10,1,156.0,8,29,4,2,2,0,5,0
359,1,78.0,10,14,3,3,2,0,0,0
56,0,74.0,6,9,3,3,1,0,0,1
46,0,112.0,10,31,3,5,2,0,0,1
21,0,91.0,2,13,4,1,1,0,0,0
156,2,91.96,7,19,4,4,0,0,0,1
3,0,0.0,10,6,1,1,0,0,0,1
23,2,105.0,10,4,4,2,2,0,0,1
2,0,0.0,3,14,4,0,0,0,0,1
71,2,171.3,4,7,4,3,0,0,5,1
2,1,126.0,9,30,4,2,0,0,0,1
27,1,89.1,9,25,4,0,2,3,0,0
286,0,117.0,9,16,4,2,0,1,0,0
192,0,19.15,9,25,4,3,2,0,0,0
35,1,76.5,3,16,4,2,0,0,0,1
30,1,126.9,5,21,4,1,0,0,0,1
191,0,49.5,6,3,3,2,1,0,0,1
3,0,120.0,6,10,3,1,0,0,0,1
0,0,69.01,6,9,4,1,0,3,0,1
29,1,79.54,1,8,4,5,2,0,0,1
132,0,72.25,7,19,3,5,1,0,0,1
107,0,152.1,9,15,4,3,1,0,0,0
15,0,54.5,3,1,3,4,0,0,3,1
30,1,149.4,9,11,4,0,1,0,3,1
20,1,185.0,11,8,4,2,0,3,0,1
109,4,131.8,7,8,4,2,0,0,0,1
16,2,116.4,9,16,4,4,1,0,0,1
13,1,105.0,11,17,4,3,0,0,0,1
23,1,105.0,10,18,3,2,2,0,3,1
45,0,71.1,3,12,4,1,1,3,0,0
239,1,128.7,10,28,4,2,0,0,0,0
2,0,94.0,11,2,0,2,0,0,3,0
62,3,126.0,11,18,4,2,0,0,3,1
6,0,95.0,6,23,4,1,0,0,0,0
65,0,72.25,10,8,3,3,0,0,0,1
104,0,150.3,8,24,4,4,0,0,3,0
41,1,104.99,8,15,4,2,1,3,0,1
38,0,90.95,8,21,4,0,2,0,0,1
0,0,65.0,8,19,2,1,0,0,0,1
31,0,71.0,2,4,2,2,0,0,0,0
49,1,111.0,10,3,4,2,1,3,0,1
163,0,80.75,10,2,3,3,2,0,0,1
44,1,74.8,11,16,4,4,1,3,0,1
46,1,89.2,11,18,4,2,0,0,0,1
21,1,139.0,9,25,4,1,2,0,0,1
9,1,149.0,10,6,4,2,0,3,0,1
17,1,123.62,9,22,4,3,0,0,0,1
43,0,123.9,7,19,4,3,0,0,0,0
25,0,187.0,7,2,4,1,1,0,3,0
42,1,131.4,3,22,4,1,0,0,3,1
28,2,100.7,3,9,4,4,0,0,3,1
27,0,135.87,5,20,4,4,2,0,3,0
4,0,90.0,10,19,4,0,1,0,0,1
57,1,79.2,11,11,4,2,0,3,0,1
72,0,85.5,10,7,3,2,0,0,0,1
115,2,132.3,10,9,4,1,2,0,3,0
60,1,90.9,3,31,4,2,0,0,0,1
102,0,68.0,12,5,3,3,1,0,0,1
168,0,159.3,9,19,4,1,1,0,3,0
150,0,91.12,9,18,4,5,2,0,0,1
92,0,102.68,9,26,3,3,1,0,0,1
41,0,104.53,6,27,4,5,2,3,0,0
101,2,65.83,4,16,4,1,0,3,0,1
39,2,90.9,11,27,4,2,0,0,0,1
2,1,129.0,6,16,4,2,0,3,0,1
77,2,112.5,4,25,4,1,1,0,0,1
13,2,140.0,10,17,4,2,1,3,0,1
10,2,173.0,2,27,4,1,1,0,5,1
24,0,50.0,12,5,2,1,2,0,0,1
56,0,93.6,12,7,4,3,0,0,0,0
112,1,149.75,9,16,3,4,2,1,3,1
163,2,80.1,10,28,4,1,0,3,0,1
221,0,77.5,10,17,3,1,2,0,0,1
33,1,95.0,1,25,2,1,1,0,0,1
0,0,0.0,2,3,4,1,0,0,3,1
227,3,76.5,8,17,4,9,3,0,0,1
27,2,195.5,8,8,4,1,1,0,0,1
300,3,67.5,12,22,4,2,0,3,0,1
18,0,74.8,12,17,4,2,2,3,0,1
37,0,67.5,11,12,3,1,0,0,0,1
70,0,80.33,12,9,3,2,0,0,0,1
59,0,77.85,3,17,4,3,0,0,3,0
170,2,108.9,10,3,4,3,1,0,0,0
292,0,109.0,7,21,3,2,0,1,0,0
103,0,70.03,4,17,4,2,2,0,3,1
4,1,111.0,11,22,4,1,0,0,0,0
51,0,139.28,9,3,4,2,2,0,3,0
43,1,99.41,8,8,4,2,1,0,0,1
35,0,128.4,6,27,4,5,1,0,3,0
47,2,106.53,3,31,4,4,2,0,0,1
29,0,98.0,4,12,4,3,0,3,0,0
15,2,96.9,11,14,4,5,1,0,3,1
73,2,79.2,11,12,4,1,0,3,0,1
15,0,87.0,1,18,4,2,1,0,0,1
174,0,92.65,4,27,4,4,1,0,0,0
0,0,137.0,4,13,4,1,0,0,3,1
33,1,89.78,10,6,4,4,0,0,0,0
122,0,80.0,12,8,4,3,0,0,0,0
72,1,108.0,10,18,4,2,0,3,0,0
7,1,81.0,2,8,4,3,1,3,0,1
138,2,122.4,8,17,4,4,1,0,3,1
96,0,180.3,4,28,4,3,0,0,5,0
0,1,129.0,6,22,4,1,0,3,0,1
90,1,105.3,4,19,4,3,0,0,0,1
1,0,208.0,12,29,4,1,0,0,5,1
8,2,105.67,8,28,4,4,2,0,0,1
3,0,110.0,10,19,3,3,1,0,0,1
64,2,93.6,11,1,4,4,0,0,0,1
37,0,89.0,5,18,2,2,0,0,0,0
10,1,153.0,8,20,4,1,0,3,5,1
156,1,105.3,7,26,4,1,0,0,0,0
20,0,122.2,3,19,4,3,2,0,0,1
97,0,84.43,5,1,4,4,2,3,0,0
9,0,117.0,2,17,3,3,0,1,0,1
251,1,105.64,9,3,4,5,2,0,3,0
11,1,141.0,6,18,4,1,2,0,0,1
67,0,185.1,4,27,4,3,0,0,5,0
105,3,72.25,11,26,4,3,0,0,0,1
18,2,166.85,12,30,4,2,2,0,3,1
100,2,63.75,12,12,4,1,2,0,0,1
154,0,80.75,9,12,3,4,1,0,0,1
190,0,70.0,4,9,3,1,1,0,0,0
0,0,65.0,11,3,2,3,0,0,0,1
9,0,119.2,9,22,4,1,0,3,0,1
25,2,165.5,9,15,4,3,1,0,0,1
10,0,160.0,3,22,4,5,0,0,3,1
1,0,176.0,9,22,3,3,1,0,0,1
0,0,67.0,4,1,2,1,0,0,0,1
223,0,102.85,10,3,4,3,1,0,0,0
40,1,105.3,4,11,4,2,1,0,0,1
1,0,95.0,3,7,4,1,1,0,0,1
160,0,80.1,10,29,4,1,0,3,0,0
103,0,126.9,6,11,4,1,1,0,0,0
12,0,101.0,4,8,4,1,0,0,0,1
0,1,82.45,11,3,4,4,0,0,3,1
87,1,105.3,3,24,4,3,0,0,0,0
6,0,96.25,12,7,4,0,1,0,1,1
1,0,69.5,1,14,3,2,0,0,0,1
2,1,85.03,2,11,4,3,0,0,1,0
153,1,123.11,9,8,4,3,1,0,3,0
13,1,99.95,10,20,4,5,0,0,0,1
29,2,77.5,3,9,4,3,0,0,1,1
2,1,117.5,12,20,4,3,0,0,0,1
9,1,85.0,12,18,4,1,0,3,0,1
62,1,109.68,4,25,4,3,1,0,0,1
13,0,148.5,5,5,4,3,1,0,3,1
336,0,70.0,9,21,3,4,1,0,0,1
101,0,78.3,3,18,4,2,0,0,0,1
50,0,85.5,4,2,4,1,0,0,0,1
0,0,83.03,3,8,4,1,0,0,1,1
198,2,63.75,12,8,4,3,2,3,0,1
9,0,221.0,5,11,4,4,0,0,5,0
26,2,90.0,10,19,3,3,1,0,3,1
26,1,143.65,11,13,4,5,2,0,5,0
30,2,94.5,10,7,4,3,0,0,0,1
51,1,102.7,6,2,4,2,0,0,3,1
35,1,104.85,10,17,4,1,1,0,0,1
67,1,64.67,12,20,4,5,0,0,0,1
86,1,107.69,7,1,3,2,1,0,0,1
148,0,217.11,7,11,4,5,2,1,5,0
1,1,114.0,12,30,4,1,0,3,0,1
13,2,231.15,8,10,4,3,0,0,6,1
0,1,80.0,8,4,4,2,0,3,0,1
40,0,140.4,5,17,4,3,0,0,3,1
4,2,91.5,11,19,4,1,1,3,0,1
95,1,126.9,8,5,4,2,1,0,0,1
15,1,139.0,9,20,4,1,0,0,0,1
200,2,161.1,9,19,4,2,1,1,0,0
202,2,90.95,8,8,4,7,3,0,0,1
92,1,90.0,5,4,3,4,0,0,0,0
0,0,134.0,7,24,4,0,2,3,0,1
21,1,140.0,8,30,4,1,0,0,0,1
10,0,72.9,1,15,4,1,0,0,0,1
38,1,81.9,3,11,4,5,2,0,0,1
108,1,115.04,9,22,4,1,0,0,3,1
5,1,106.68,11,6,4,3,2,3,0,1
16,0,95.0,4,20,2,1,0,0,0,1
35,2,111.42,8,29,4,4,1,0,0,0
79,0,75.0,4,27,3,3,0,0,0,1
6,1,71.2,4,3,3,1,2,3,0,1
36,0,126.0,9,5,4,0,1,0,0,0
145,1,85.5,6,27,4,0,1,3,0,1
67,1,74.8,12,17,4,6,2,3,0,1
154,2,104.1,10,30,4,1,2,0,3,0
123,0,93.9,4,29,4,2,1,0,0,0
1,0,81.0,8,8,4,4,2,3,0,1
220,1,105.84,6,2,4,3,0,0,0,0
105,2,119.85,6,11,4,5,2,0,0,1
1,0,89.0,5,9,4,1,1,3,0,1
3,0,65.0,10,18,2,0,2,0,0,1
49,0,85.0,12,30,3,4,0,0,0,1
51,0,90.0,11,3,4,3,1,0,0,0
6,1,101.13,4,8,4,2,1,0,3,1
36,0,150.3,6,29,4,4,0,0,3,0
62,0,78.54,10,16,4,2,0,0,3,1
60,0,120.6,7,11,4,4,1,0,3,0
25,1,114.0,10,25,4,1,2,3,0,1
92,1,60.0,12,26,3,3,2,0,3,1
54,1,126.9,6,4,4,1,1,0,3,1
57,0,117.9,6,8,4,3,0,0,0,0
47,2,161.1,7,17,4,3,2,0,3,1
31,2,114.3,3,8,4,3,0,0,3,1
10,0,74.0,12,10,2,1,0,0,0,1
210,1,83.85,10,3,4,0,1,0,0,1
23,0,66.0,2,7,3,1,2,0,0,1
22,2,239.0,9,16,4,2,0,0,5,1
14,0,82.4,3,16,3,1,0,0,0,1
64,0,131.14,9,4,4,5,2,0,3,0
35,1,79.0,12,14,2,1,0,0,0,1
117,0,80.75,10,24,3,2,1,0,0,1
0,1,150.0,5,11,4,3,0,0,0,1
13,0,45.0,9,4,3,3,2,0,0,1
52,1,168.3,7,23,4,1,0,0,3,1
12,1,136.0,4,11,4,2,1,0,3,1
47,1,86.4,9,5,4,1,1,0,0,1
46,1,102.0,9,5,4,2,1,0,0,1
85,0,168.3,9,15,4,3,1,0,3,0
2,0,77.0,11,24,2,1,0,0,0,1
91,2,126.0,7,20,4,2,0,0,0,1
61,3,155.52,11,6,4,3,2,0,0,1
150,1,107.57,8,10,4,4,0,0,3,1
79,0,60.0,12,11,3,2,1,0,3,1
29,2,119.0,10,18,4,5,0,3,0,1
18,0,66.25,11,7,3,3,1,3,0,1
85,0,129.73,9,29,2,2,0,0,0,1
33,2,207.9,8,24,4,3,0,0,5,1
97,2,143.14,12,26,4,4,1,1,3,1
2,0,0.0,5,1,4,0,0,3,0,1
55,4,102.04,10,13,4,3,0,0,3,1
80,0,87.32,1,7,4,1,0,0,0,1
74,0,55.24,2,17,4,4,1,0,0,1
66,1,104.85,10,31,4,3,1,0,3,1
34,1,108.9,5,22,4,0,2,0,0,1
0,1,95.0,11,17,4,1,0,3,0,1
55,2,207.0,10,18,4,5,1,0,5,1
55,0,79.0,7,7,2,1,0,0,0,0
119,0,131.4,9,2,4,3,2,0,0,0
29,2,119.77,4,5,4,4,0,0,3,1
16,0,165.67,3,25,4,2,1,0,0,0
47,1,142.65,6,19,4,2,2,1,0,1
121,0,120.0,6,9,3,1,0,0,0,0
259,0,96.1,10,2,4,3,2,0,0,0
150,1,86.62,4,9,4,1,2,3,1,0
155,1,121.5,8,21,4,0,1,0,0,0
0,0,0.0,7,12,4,1,0,0,1,1
32,1,65.14,6,12,4,1,2,3,0,1
105,0,62.86,4,6,4,2,0,0,0,1
5,1,139.0,8,29,4,3,1,0,0,1
5,2,177.0,5,3,4,2,0,0,3,1
34,1,129.0,10,26,4,4,0,0,0,0
33,1,135.9,4,3,4,4,2,0,3,1
17,2,196.0,7,23,4,1,0,0,3,1
46,0,60.0,1,22,3,2,1,0,0,1
45,0,185.6,10,8,4,1,2,1,3,1
3,0,85.0,7,21,3,1,0,0,0,1
119,0,82.45,7,4,3,5,3,0,3,1
134,0,96.3,4,29,4,2,0,0,0,1
120,3,80.75,6,18,3,3,2,0,0,1
200,1,90.95,7,15,4,7,3,0,0,0
51,0,158.0,5,27,4,1,0,0,3,0
42,0,95.0,9,28,3,3,0,0,0,1
11,0,70.07,1,26,4,2,0,0,0,1
43,1,85.5,10,20,3,1,0,0,0,1
41,0,71.41,3,8,4,5,2,3,0,1
90,0,78.63,4,21,3,3,0,0,0,1
6,1,109.75,9,7,4,3,1,0,0,1
55,2,73.8,11,10,4,1,0,0,0,1
96,1,87.3,4,18,4,2,1,0,0,1
41,1,135.9,9,25,4,0,2,0,0,0
4,0,0.0,12,11,1,1,0,0,1,1
8,0,66.98,11,26,4,3,0,0,0,1
5,2,105.25,8,31,4,3,1,0,0,1
179,1,85.6,7,25,3,3,1,1,0,1
18,1,81.8,2,6,4,1,2,0,3,1
6,1,88.51,4,21,4,3,0,0,0,1
10,1,97.0,8,22,4,1,0,0,5,1
52,1,158.4,10,17,4,1,1,0,3,0
178,0,96.3,8,25,4,3,0,0,0,0
286,2,78.3,12,9,4,2,0,0,0,1
114,1,129.6,9,12,4,4,1,0,0,1
3,0,0.0,10,2,1,10,4,0,0,1
0,1,103.0,5,9,4,2,1,0,0,1
121,1,122.4,11,4,4,2,1,0,3,0
147,0,132.3,10,7,4,2,1,0,3,1
173,1,65.49,7,11,4,3,1,0,0,1
94,0,137.7,7,14,4,3,0,0,3,0
331,2,110.78,12,27,4,5,1,0,3,0
0,1,90.0,8,5,4,4,0,0,0,1
3,0,116.4,10,10,4,1,2,3,0,1
13,0,95.0,7,20,2,2,0,0,0,1
54,1,78.77,4,27,4,3,0,3,0,1
20,0,77.71,11,11,4,5,2,3,0,0
4,0,122.4,9,20,4,1,0,3,0,1
12,3,86.4,11,11,4,2,2,0,0,1
18,1,133.0,9,22,4,3,0,0,0,1
38,0,112.59,9,26,4,1,1,3,0,0
75,1,76.5,10,31,4,2,2,0,0,0
9,1,125.33,4,8,4,2,1,0,0,1
8,0,78.0,12,16,4,2,0,3,0,1
3,0,89.0,4,8,4,1,0,3,0,0
145,0,72.76,7,1,3,1,0,0,0,1
107,0,76.5,8,12,4,1,0,0,1,1
6,3,138.0,9,12,4,0,1,3,0,1
19,1,86.75,12,26,4,1,1,0,1,1
137,0,76.5,8,16,4,0,1,0,0,1
9,0,82.92,3,30,4,1,0,0,0,1
193,1,72.25,7,31,3,2,2,0,0,1
26,1,56.25,9,15,3,6,2,0,0,1
49,2,159.3,5,7,4,1,1,0,3,1
18,1,82.39,10,2,4,1,0,0,0,1
99,3,127.71,12,26,4,3,1,0,3,1
186,0,123.3,11,3,4,1,0,0,3,0
14,1,79.0,2,12,4,1,0,3,0,0
346,0,3.0,9,13,4,2,0,1,0,0
10,1,131.0,4,8,4,2,0,0,3,0
7,1,85.85,3,5,4,1,2,0,3,1
6,0,65.0,5,31,2,1,0,0,0,1
45,0,75.0,10,30,3,2,2,0,0,1
3,1,109.0,8,1,4,1,1,3,0,1
88,2,131.4,8,19,4,1,0,0,3,1
24,2,154.0,10,28,4,2,0,0,3,1
137,0,130.95,8,24,4,4,0,0,3,0
8,1,107.0,11,11,4,3,0,0,3,1
227,0,72.76,10,16,3,5,2,0,0,1
175,2,112.5,7,23,4,1,1,0,0,0
37,0,125.55,10,2,4,3,2,0,3,0
1,1,45.0,1,22,3,1,0,0,0,1
62,1,68.0,7,15,4,7,2,0,0,0
90,1,95.7,4,9,4,2,2,0,0,1
79,0,64.64,1,30,4,1,2,0,0,1
11,1,122.67,12,27,4,1,2,0,3,1
58,0,60.0,11,18,3,4,0,0,3,1
65,0,137.7,6,26,4,2,2,0,0,0
7,1,117.0,9,21,3,4,0,1,0,1
261,2,161.25,10,22,4,1,2,1,0,0
52,1,152.1,7,31,4,0,2,0,3,1
35,0,60.0,11,2,3,3,1,0,3,1
8,0,73.9,1,12,4,2,0,0,0,1
0,0,90.4,11,1,4,0,1,0,0,1
10,0,80.0,3,14,3,2,1,0,0,1
50,2,1.0,1,14,4,3,0,0,0,1
23,1,110.5,9,4,3,2,2,0,3,1
119,1,85.5,8,13,4,3,0,0,0,1
63,1,92.28,5,16,4,3,1,0,0,1
105,0,152.55,12,2,4,2,0,1,0,0
46,0,198.9,5,14,4,1,1,0,5,0
47,2,109.8,8,30,4,4,0,0,0,1
1,1,86.0,1,4,4,1,1,3,0,1
13,3,128.5,8,19,4,2,0,3,0,1
110,1,104.4,10,27,4,3,0,0,3,0
15,0,90.95,11,10,4,4,0,0,0,1
37,2,127.8,3,23,4,4,2,0,0,0
6,1,177.0,3,19,4,1,2,0,3,1
18,2,119.58,1,1,4,2,1,0,1,1
88,1,60.0,3,4,3,2,1,0,0,1
46,1,71.1,3,12,4,1,1,3,0,1
92,0,96.3,6,27,4,0,1,0,0,0
60,0,0.0,9,21,4,1,1,0,0,1
3,1,131.0,4,27,4,2,0,0,0,1
143,0,121.8,7,19,4,3,0,0,3,0
34,0,75.0,10,30,3,2,2,0,0,1
32,1,135.9,7,3,4,2,2,0,0,1
6,2,104.0,8,17,4,5,1,0,0,1
9,1,0.0,9,7,1,1,0,0,1,1
202,0,90.0,5,29,4,1,2,0,0,0
110,1,70.0,12,9,3,4,0,0,0,1
35,0,126.9,5,9,4,2,1,0,0,0
2,0,139.0,6,28,4,1,0,0,0,0
7,0,95.0,5,9,2,2,1,0,0,1
12,0,154.0,9,5,4,2,1,0,3,0
29,1,211.0,12,4,4,2,2,1,3,1
18,0,98.6,5,29,4,2,2,0,0,0
118,0,90.9,4,16,4,1,0,0,0,0
102,0,85.0,9,27,3,1,0,3,0,0
78,1,115.68,8,19,4,2,1,0,1,1
29,0,46.67,11,14,3,1,2,0,3,1
14,0,160.0,10,22,4,1,0,0,0,0
126,1,134.18,7,18,4,5,2,1,0,1
34,1,6.5,2,28,1,0,2,0,0,1
217,2,65.11,12,5,4,7,3,3,0,1
64,2,79.2,11,19,4,1,1,3,0,1
11,1,143.86,8,13,4,5,2,0,0,1
28,1,77.39,2,5,4,2,2,0,1,1
113,0,135.9,9,24,4,1,1,0,0,0
84,1,132.3,10,17,4,5,2,0,3,1
20,1,134.0,4,9,4,2,2,0,3,1
38,2,107.55,8,27,4,2,2,3,0,1
3,1,135.67,3,25,4,2,1,3,0,1
91,0,113.4,10,12,4,2,0,0,0,1
5,1,139.0,8,27,4,1,0,3,0,0
2,1,81.0,2,6,4,1,0,3,0,1
48,1,79.4,2,26,4,2,0,0,0,1
116,0,59.5,3,25,4,2,2,0,0,0
120,0,71.0,4,5,3,2,0,0,0,1
9,0,95.0,4,11,4,0,1,0,0,0
26,1,89.0,4,11,4,0,1,3,0,1
11,0,140.0,10,21,4,2,0,3,0,1
67,1,79.2,11,1,4,4,0,3,0,1
141,2,133.65,9,4,4,2,2,0,0,1
3,0,0.0,10,1,1,1,0,0,0,1
10,3,157.0,4,25,4,2,1,0,3,1
19,1,148.0,12,30,4,2,0,0,3,1
22,1,95.0,11,19,4,3,0,0,0,1
18,0,93.0,9,9,4,4,0,3,0,0
145,1,142.2,7,23,4,1,1,0,0,1
53,0,126.9,5,18,4,2,0,0,0,0
28,0,117.74,5,21,4,3,2,0,0,0
55,0,116.1,5,21,4,1,2,3,0,0
186,0,115.0,4,22,3,2,1,0,0,0
15,1,80.0,8,27,4,2,0,0,0,0
1,1,78.0,12,13,4,3,0,3,0,1
283,2,72.25,12,28,4,4,0,3,0,1
20,0,240.0,8,3,4,2,0,0,5,0
3,0,130.0,8,17,2,3,1,0,0,0
42,2,112.0,11,4,3,2,1,0,0,1
28,2,116.56,9,19,4,3,2,0,0,1
190,0,110.9,9,30,4,7,2,0,0,0
228,3,123.25,10,20,4,3,1,1,0,1
49,1,140.4,5,13,4,3,2,0,3,1
0,0,67.5,1,8,4,1,0,0,0,1
129,1,80.75,6,27,4,4,1,3,0,0
83,0,159.3,4,1,4,2,0,0,5,0
3,1,79.0,7,18,2,1,1,0,0,1
0,0,79.0,7,5,2,1,0,0,0,1
121,0,90.95,6,4,3,2,2,0,3,1
236,1,81.16,9,27,4,4,0,3,0,0
75,1,88.4,12,21,4,4,2,0,0,1
25,0,125.5,4,17,4,2,2,0,0,1
24,0,120.27,4,10,4,3,2,0,3,0
37,1,88.4,11,13,4,4,2,0,0,0
32,1,126.26,6,26,4,5,2,0,3,1
42,1,80.3,1,16,4,1,0,0,0,1
45,0,60.0,11,6,3,2,1,0,3,1
48,2,111.6,10,2,4,2,0,0,0,1
107,1,61.09,12,26,4,3,1,3,0,1
92,2,76.5,7,1,4,4,2,0,0,1
6,1,103.15,9,13,4,3,2,0,3,1
42,0,96.3,5,17,3,3,0,0,3,1
12,1,85.0,9,11,3,0,1,0,0,1
24,2,107.0,10,8,4,2,0,0,0,1
282,2,83.3,12,29,4,3,1,0,0,0
126,1,88.68,4,19,4,5,1,0,0,1
9,2,91.25,5,7,4,2,2,0,0,1
0,1,44.0,1,5,4,2,0,3,0,1
15,0,100.73,5,30,4,3,1,0,0,1
136,0,130.5,7,6,4,1,0,0,0,1
26,0,116.72,9,3,2,2,2,0,0,1
2,1,109.0,2,8,4,0,1,0,0,1
69,1,126.9,6,17,4,2,1,0,0,1
128,3,100.29,9,16,4,2,0,3,0,1
0,0,63.2,11,30,4,2,0,0,3,1
24,2,88.0,12,4,4,1,2,3,0,1
12,1,107.0,10,25,4,0,1,0,0,1
44,0,60.0,11,5,3,3,2,0,3,1
35,0,60.0,1,5,3,3,0,0,0,1
110,0,80.0,10,9,4,1,2,0,0,0
197,0,82.5,10,30,4,1,2,3,0,0
107,1,76.5,8,21,4,2,1,0,0,0
165,2,94.56,8,1,4,1,1,0,0,1
59,1,139.5,10,19,4,3,0,0,3,0
0,0,79.0,11,28,2,1,1,0,0,0
14,0,75.0,11,18,3,2,1,0,0,1
61,2,67.91,12,5,4,2,1,0,0,1
80,1,74.8,3,25,3,2,2,0,0,1
33,0,134.1,7,19,4,2,0,0,0,0
11,1,92.58,12,26,4,1,2,0,1,1
4,2,12.0,12,3,3,1,2,0,3,1
38,2,118.0,11,4,4,2,1,0,3,1
60,1,156.6,12,23,4,1,0,0,5,1
43,0,178.2,10,5,4,3,0,0,5,0
47,1,125.1,9,11,4,0,2,3,0,1
19,0,79.88,2,1,4,5,1,0,1,0
123,0,68.0,10,28,3,2,2,0,0,1
268,0,78.0,4,8,3,3,2,0,0,0
96,0,90.95,9,13,3,3,0,0,3,1
22,1,156.0,5,21,4,1,0,0,3,1
12,0,75.0,1,15,4,2,2,3,0,1
1,0,203.33,4,13,4,3,0,0,6,0
46,0,73.9,3,3,4,3,0,0,0,0
85,1,132.6,5,15,4,2,2,0,3,1
177,1,93.08,8,24,4,4,0,0,0,1
6,2,87.0,3,3,4,1,0,3,0,1
203,0,126.9,9,10,4,1,2,0,0,0
155,0,130.05,8,1,4,4,1,0,0,0
65,2,137.7,4,24,4,0,2,0,3,1
47,1,116.1,5,11,4,3,0,3,0,1
58,0,87.3,7,8,3,1,0,0,3,1
27,2,90.84,5,22,4,2,2,0,0,1
4,0,68.0,2,14,2,1,2,0,0,1
221,2,90.95,10,22,4,3,2,0,0,1
34,1,74.8,11,20,4,10,5,3,0,0
3,1,89.5,12,19,4,1,1,0,0,1
21,0,104.05,3,1,4,2,0,0,0,1
54,0,112.2,4,10,4,3,2,0,3,0
225,3,70.55,12,27,4,5,0,3,0,1
0,0,65.0,2,2,2,2,0,0,0,1
112,0,72.25,7,6,3,5,2,0,0,1
225,0,67.5,11,25,4,1,0,3,0,0
71,2,79.2,11,3,4,1,0,3,0,1
156,1,115.25,8,14,4,3,2,0,0,0
98,3,116.1,6,10,4,2,1,3,0,1
76,1,75.0,12,7,3,2,0,0,0,1
103,0,80.1,10,31,4,0,1,3,0,1
3,0,120.0,10,16,4,0,2,0,0,1
60,3,88.4,12,23,4,2,2,0,0,1
26,2,95.0,9,5,4,1,1,0,0,1
73,1,107.95,4,7,4,3,1,0,3,1
35,0,95.4,3,16,4,4,0,0,3,1
134,2,130.5,8,4,4,2,0,0,0,1
39,0,89.1,6,26,4,0,2,3,0,0
6,0,95.0,10,13,4,1,0,0,0,1
217,1,177.3,8,7,4,1,2,0,5,0
25,2,127.67,4,16,4,1,2,0,0,1
41,0,116.1,5,9,4,3,1,3,0,0
156,0,45.87,11,2,3,2,1,0,0,1
10,3,140.0,8,24,4,1,0,0,0,1
307,1,158.4,8,14,4,3,2,0,5,0
12,0,55.72,2,6,4,2,2,3,0,1
3,0,110.0,9,19,0,3,1,0,3,1
190,0,84.25,8,9,3,5,0,0,3,1
15,1,113.5,12,4,4,2,2,0,0,1
42,0,65.0,3,4,3,2,1,0,0,1
99,2,161.1,11,7,4,2,1,3,0,1
20,1,99.0,7,29,4,1,0,3,0,1
1,1,89.0,8,9,4,2,2,3,0,1
96,1,126.9,4,29,4,2,1,0,0,0
56,1,156.6,12,19,4,0,1,0,5,1
148,0,138.14,8,16,4,5,2,0,3,0
25,0,216.0,3,29,4,4,0,0,5,0
133,0,118.15,5,27,4,2,2,0,3,0
15,1,109.34,4,20,4,1,0,0,3,1
150,0,123.3,7,30,4,2,2,0,3,0
31,1,126.9,5,2,4,2,1,0,0,1
130,1,109.8,8,24,4,2,0,0,0,1
4,0,97.41,8,2,4,1,0,3,0,1
177,1,99.45,7,31,4,2,2,0,0,1
8,1,96.0,12,19,4,2,1,0,0,1
124,0,96.3,4,29,4,2,0,0,0,0
8,2,170.0,10,29,4,1,1,0,0,1
118,1,186.3,7,24,4,0,2,0,5,1
70,2,174.3,4,16,4,1,2,0,5,1
7,0,114.0,10,27,2,1,0,0,0,1
7,2,98.6,12,26,3,1,2,1,0,1
44,0,212.42,3,18,4,3,2,1,5,0
61,0,105.0,11,26,3,1,2,0,0,1
2,0,98.0,3,22,4,2,0,3,0,1
5,1,129.0,8,26,4,2,0,3,0,1
0,1,0.0,1,20,1,1,0,0,6,1
6,1,108.0,1,22,4,2,0,0,3,1
95,3,86.7,4,17,4,2,2,0,0,1
22,0,80.8,2,12,4,2,2,0,3,0
5,0,177.33,9,12,4,2,1,0,3,0
155,0,161.1,9,1,4,3,2,1,0,0
90,2,72.25,11,24,4,5,2,0,0,1
146,2,135.0,10,19,4,4,1,0,0,0
0,0,110.0,6,8,3,2,0,0,0,1
187,3,103.5,10,7,4,2,1,0,0,1
144,1,85.5,6,26,4,0,2,3,0,1
33,0,83.16,10,21,3,3,0,0,1,1
131,1,103.05,10,10,4,1,1,3,0,1
84,0,72.25,7,25,3,3,1,0,0,1
59,0,93.6,12,23,4,2,0,0,0,0
14,2,89.0,9,11,4,0,1,3,0,1
14,1,204.75,6,8,4,6,2,0,5,0
145,0,118.8,7,28,4,2,0,0,3,1
57,1,141.3,10,29,4,1,2,1,0,0
29,0,100.7,3,6,4,0,2,0,3,0
32,0,231.0,12,19,4,1,1,1,5,0
2,2,117.75,2,10,4,4,0,0,0,1
155,2,86.82,7,14,4,5,2,3,0,1
133,1,100.3,12,6,4,4,0,0,0,0
3,1,87.78,10,5,4,0,1,3,0,1
117,0,123.3,10,29,4,1,0,0,3,1
88,1,149.4,9,16,4,1,0,0,3,0
63,0,110.0,5,20,3,2,2,0,0,1
69,2,135.9,8,16,4,3,0,0,0,1
4,1,100.8,10,19,3,2,1,0,0,1
35,2,104.3,4,17,4,2,2,0,0,1
42,1,141.3,6,26,4,0,2,0,3,1
0,0,85.0,12,24,4,1,0,3,0,1
308,0,52.0,11,25,4,2,0,0,0,0
64,1,116.1,4,29,4,2,1,3,0,1
34,0,82.94,10,11,4,5,3,0,3,1
48,1,137.7,4,11,4,2,1,0,3,0
105,0,83.05,12,26,4,1,1,0,0,1
45,1,55.24,2,6,4,2,2,0,0,1
47,1,93.6,12,2,4,1,0,0,0,1
150,0,80.1,10,30,4,0,2,3,0,0
1,0,125.0,5,31,4,1,0,0,0,1
28,2,164.5,10,7,4,4,2,0,3,1
35,2,88.0,11,23,4,1,0,3,0,1
11,2,248.0,9,20,4,2,0,0,5,1
69,1,118.8,4,22,4,2,1,0,3,1
27,0,137.0,4,17,4,0,1,0,3,0
253,0,2.0,9,26,4,2,1,0,0,1
35,2,118.1,3,3,4,3,2,1,0,1
34,0,113.85,3,24,4,3,1,3,0,0
4,0,0.0,10,4,4,0,1,0,0,1
80,2,85.5,3,25,4,2,1,0,0,1
64,1,73.95,3,9,4,4,1,0,0,0
27,1,127.0,2,18,4,1,0,0,3,1
111,0,96.9,7,24,3,1,2,0,0,0
24,0,70.0,8,19,3,3,2,0,0,1
33,2,207.9,9,10,4,2,2,0,5,1
93,1,85.5,6,26,4,0,1,3,0,1
67,1,63.75,3,10,4,3,2,3,0,1
2,0,107.0,11,18,4,2,0,0,0,1
17,1,156.0,6,4,4,1,0,0,3,1
8,0,112.5,4,7,4,3,1,0,0,1
131,0,112.5,6,30,4,3,0,0,0,0
71,2,168.3,9,10,4,2,2,0,3,1
192,0,0.0,9,25,4,3,2,0,0,1
3,3,152.0,9,12,4,1,0,0,0,1
2,3,123.5,8,28,4,2,0,0,0,1
18,1,65.0,6,20,2,0,1,0,0,1
26,0,153.0,4,10,4,2,2,0,3,0
21,2,164.0,10,10,4,3,1,0,3,1
5,3,110.0,2,12,4,1,0,0,0,1
37,2,135.9,7,13,4,4,0,0,0,1
7,1,67.0,11,9,2,1,0,0,0,1
0,1,110.0,3,6,4,1,2,0,3,1
94,0,95.25,3,25,4,2,1,0,4,1
101,1,63.75,12,8,4,1,0,0,0,0
1,0,120.0,11,23,4,1,0,0,0,1
172,0,95.0,6,24,3,2,0,0,0,0
18,1,65.0,6,20,2,0,1,0,0,1
6,1,88.0,12,12,4,0,1,3,0,1
104,0,159.9,10,29,4,1,2,0,5,0
42,0,103.5,3,27,4,0,2,0,0,0
187,2,122.8,7,18,4,2,1,0,3,0
36,1,103.5,10,18,4,2,2,0,0,1
68,1,137.4,6,3,4,2,1,0,3,1
157,0,133.6,10,7,3,1,0,0,3,0
119,0,85.5,6,28,4,1,0,3,0,0
6,2,129.0,9,12,4,0,1,3,0,1
110,2,155.72,12,16,4,3,2,0,1,1
149,0,80.75,8,27,3,3,2,0,0,1
239,0,96.3,10,23,4,1,2,0,0,0
7,1,147.3,7,12,3,2,0,0,3,1
21,1,102.0,11,1,4,4,0,0,0,0
0,0,178.0,3,25,4,1,0,0,0,1
225,0,96.3,8,12,4,2,0,0,0,0
12,1,65.0,11,25,2,1,0,0,0,1
19,0,95.0,9,10,3,2,2,0,0,1
66,2,98.1,9,3,4,1,1,0,0,1
40,2,60.48,11,12,4,3,2,3,0,1
33,2,96.0,12,2,4,2,1,0,0,1
3,1,139.0,7,9,4,1,0,3,0,1
27,2,139.0,7,6,4,1,0,3,0,1
25,0,106.2,9,9,4,1,0,3,0,0
33,1,103.05,4,16,4,2,2,0,0,1
79,0,82.45,3,30,4,4,2,0,0,0
45,2,159.3,6,17,4,2,0,0,3,1
217,1,46.63,12,5,4,7,3,3,0,1
6,0,68.0,12,4,3,2,2,0,0,1
58,1,149.4,9,8,4,2,0,0,3,1
83,0,132.6,5,7,4,2,2,0,3,0
24,1,139.0,9,16,4,2,0,3,0,1
1,0,139.33,10,9,4,2,1,0,0,1
3,1,218.72,9,22,4,3,0,0,6,1
192,0,99.45,7,23,4,3,2,0,3,0
173,0,300.0,7,25,3,2,1,1,0,0
13,0,67.0,2,17,2,1,0,0,0,1
96,1,84.58,4,17,4,2,2,0,0,1
82,0,96.3,4,1,4,2,0,0,3,0
14,2,126.0,10,19,4,1,1,0,0,1
2,0,65.0,12,17,2,2,0,0,0,1
64,0,88.5,3,22,3,4,0,1,0,1
17,2,138.0,9,4,4,0,1,0,0,1
2,1,136.0,6,10,4,2,0,0,3,1
15,1,75.0,1,21,4,1,0,3,0,1
22,2,149.0,9,15,4,1,0,0,0,1
4,0,121.0,5,31,2,1,0,0,0,1
42,1,81.73,4,24,4,5,2,0,0,1
4,1,77.77,4,3,4,0,2,0,0,1
8,0,184.0,9,17,4,1,0,0,3,1
155,1,83.12,8,9,4,4,0,0,0,1
51,2,154.88,5,11,4,4,0,0,3,1
55,1,97.93,9,2,4,6,2,0,0,1
117,2,136.85,7,8,4,3,2,0,3,1
105,2,116.8,12,1,4,3,2,0,3,1
59,0,121.5,5,19,4,1,0,0,0,0
0,0,97.0,8,25,4,1,0,3,0,1
117,0,99.45,4,20,4,4,0,0,3,0
56,0,68.64,3,15,4,4,0,3,0,0
12,0,149.0,9,25,4,0,2,0,0,0
32,1,154.0,9,27,4,2,0,0,3,0
3,0,207.0,8,13,4,1,1,0,0,0
40,1,108.9,6,9,4,1,0,0,0,1
170,0,90.95,7,7,4,3,1,0,0,0
29,0,70.0,11,2,3,4,0,0,0,1
9,1,113.0,11,2,4,4,2,3,0,1
12,0,107.0,10,4,3,0,2,1,0,1
34,0,73.9,2,8,4,4,1,0,0,1
255,0,72.0,11,12,4,5,2,0,1,0
17,2,113.33,10,1,4,3,0,0,0,1
104,0,76.5,4,15,4,2,2,0,0,0
6,0,123.2,8,29,4,3,1,0,3,1
1,1,89.0,3,30,4,1,0,3,0,1
118,2,110.8,12,28,4,4,1,0,0,0
2,0,93.0,1,24,4,2,2,0,0,1
118,0,80.75,5,26,3,2,0,0,0,1
47,1,67.5,12,24,4,1,0,3,0,1
8,0,81.7,1,10,4,6,4,0,0,1
110,0,63.75,8,14,3,1,2,3,0,1
262,0,63.75,12,14,4,4,2,3,0,0
7,0,83.0,1,4,4,2,1,0,0,1
26,0,99.2,10,26,4,1,0,0,0,0
51,1,92.82,3,16,4,4,0,0,0,1
18,0,99.0,6,12,4,0,2,3,0,0
5,0,150.0,10,7,4,2,1,0,0,1
5,3,124.5,9,3,4,2,0,3,3,1
243,0,89.17,9,4,4,6,4,0,0,0
74,0,126.9,5,17,4,3,0,0,0,0
84,0,90.95,4,14,4,3,2,0,0,1
2,0,72.0,2,10,2,2,0,0,0,1
32,1,75.0,10,23,3,2,1,0,3,1
95,2,67.5,12,18,4,3,2,0,0,1
31,0,72.31,2,21,4,2,2,0,0,1
163,2,74.65,10,23,4,3,2,0,0,1
33,0,143.1,3,24,4,2,0,0,0,0
193,0,100.0,6,20,4,2,1,0,0,0
118,1,140.4,6,11,4,1,2,0,3,1
95,2,89.25,9,18,4,2,1,0,0,1
104,1,91.48,10,18,4,4,0,0,0,1
117,0,105.26,6,9,4,3,2,3,0,1
62,1,88.8,6,20,3,2,1,0,0,1
11,0,181.0,7,18,3,1,1,0,4,1
4,1,118.58,9,25,4,0,2,3,0,1
190,2,103.5,8,8,4,2,1,3,0,0
79,0,119.07,10,12,4,2,0,0,3,0
24,1,71.46,3,12,4,1,1,0,3,1
81,0,75.0,12,4,3,2,2,0,0,1
7,0,156.0,6,18,4,3,2,0,3,0
90,1,135.9,8,4,4,4,2,0,0,0
10,2,153.0,8,21,4,2,1,0,5,1
232,3,80.75,10,19,4,4,0,0,0,1
66,0,168.3,9,9,4,2,0,0,3,0
11,1,130.9,10,3,4,1,1,0,3,1
36,1,129.0,10,26,4,4,0,0,0,0
45,0,93.6,11,19,4,1,1,0,0,0
5,0,95.0,4,6,2,1,0,0,0,1
72,2,79.2,12,27,4,1,0,3,0,1
5,0,137.67,6,2,4,3,0,0,0,0
47,1,79.2,11,11,4,2,1,3,0,0
2,0,65.0,7,24,2,0,2,0,0,1
25,1,166.0,7,4,4,3,1,0,3,1
45,1,145.2,9,5,4,2,1,1,0,0
77,0,56.0,3,23,3,6,2,0,3,1
35,2,119.0,8,30,4,4,0,0,0,1
0,1,96.0,12,22,4,1,0,0,0,1
0,0,114.0,10,18,4,0,1,3,0,1
4,1,149.0,9,8,4,3,0,0,0,1
31,0,85.0,10,15,3,1,1,0,0,1
151,0,86.5,1,19,3,2,0,0,0,1
6,0,93.2,8,14,4,3,2,0,0,1
69,1,77.86,12,23,4,2,2,0,1,1
3,2,111.0,2,5,4,2,0,0,0,1
1,1,101.0,4,7,4,2,0,0,0,1
0,0,99.0,5,29,4,0,1,3,0,1
14,1,98.67,10,30,3,2,1,0,3,1
145,0,94.5,8,29,4,1,2,1,0,0
5,0,92.25,8,16,4,2,2,3,0,1
40,0,115.2,9,5,4,4,1,0,4,1
7,0,125.8,12,29,4,3,1,0,3,1
1,1,88.0,2,25,4,1,0,3,0,1
62,2,102.6,12,7,4,1,0,0,3,1
4,0,65.0,11,13,2,1,2,0,0,1
21,1,93.0,2,13,4,4,2,0,0,1
174,1,112.0,7,25,4,2,1,0,0,0
7,0,139.0,8,7,4,5,2,3,0,0
5,2,124.0,8,15,4,1,0,0,0,1
3,1,78.3,1,9,4,1,1,0,0,1
167,0,130.05,8,12,4,2,2,0,0,0
27,1,88.4,12,13,4,4,0,0,0,1
70,2,105.3,4,22,4,2,0,0,0,1
11,1,111.35,5,29,4,3,2,0,0,1
5,0,90.33,11,23,4,3,0,3,0,0
13,0,109.0,10,19,2,3,1,0,0,1
246,0,104.55,12,26,4,3,1,0,3,1
4,1,80.79,11,27,4,4,2,0,0,1
4,2,90.0,8,11,4,5,0,0,0,1
88,0,76.5,8,14,4,2,0,0,0,1
197,2,82.45,8,16,3,5,2,0,3,1
132,1,119.0,12,3,4,2,2,0,3,0
67,2,95.4,12,5,4,1,2,3,0,1
26,0,64.64,2,7,4,2,2,0,0,1
4,1,0.0,1,9,1,1,1,2,3,1
14,1,134.0,5,30,4,1,1,0,0,1
164,1,88.5,7,19,4,3,0,3,0,1
39,0,90.95,11,10,4,4,0,0,0,1
14,0,143.0,7,6,2,1,0,0,4,1
184,1,118.0,4,30,4,1,0,0,0,0
28,0,131.6,4,29,4,4,2,0,0,0
3,0,77.77,11,2,4,1,1,0,0,1
63,0,168.3,8,9,4,3,0,0,3,1
141,0,143.1,9,17,4,1,1,0,3,0
120,0,72.25,7,20,3,4,0,0,0,0
88,1,104.4,10,25,4,2,0,0,3,1
79,1,126.9,6,9,4,3,0,0,0,1
64,1,106.2,11,3,4,3,1,0,3,0
1,2,113.6,8,20,4,3,2,0,0,1
131,1,114.3,5,5,4,3,0,0,3,0
12,3,158.5,2,24,4,4,0,1,0,1
157,1,76.5,8,14,4,1,0,0,0,1
0,1,95.4,3,13,4,1,2,0,3,1
51,2,135.9,9,26,4,1,1,0,0,1
135,1,79.72,5,9,4,4,1,0,0,0
9,2,128.5,9,11,4,2,0,0,0,1
1,0,70.0,8,11,2,1,0,0,0,1
76,2,126.9,6,19,4,1,2,0,0,1
53,1,100.5,7,10,4,1,2,3,0,1
8,0,85.0,10,20,3,5,1,0,3,1
214,1,90.95,8,9,4,5,2,0,0,1
73,0,68.0,7,7,4,4,0,0,0,0
97,1,80.75,4,25,4,3,1,3,0,1
12,0,140.0,3,30,4,4,1,0,3,0
35,0,118.8,9,5,4,3,1,0,0,1
40,3,88.0,12,16,4,2,1,3,0,1
50,1,124.0,10,18,4,5,0,0,3,1
56,0,97.2,10,5,4,1,0,3,0,0
44,0,78.3,3,3,4,3,0,0,0,0
57,0,75.33,6,10,3,2,1,0,0,1
31,1,125.1,10,4,4,1,0,0,0,1
83,1,84.58,4,5,4,4,0,0,0,1
144,2,129.6,9,22,4,3,1,0,0,0
91,0,90.95,6,3,3,2,1,0,3,0
43,0,87.97,2,14,4,1,2,0,3,1
67,2,81.9,11,20,4,2,0,0,3,1
276,0,95.0,9,22,3,3,0,0,0,0
55,0,168.3,8,16,4,3,0,0,3,0
165,0,138.9,8,30,4,3,0,0,3,0
77,1,74.61,12,24,4,3,2,0,3,1
62,1,97.2,11,4,4,2,0,0,0,1
5,2,201.0,4,22,4,2,1,0,5,1
192,0,86.0,9,25,3,3,2,0,0,1
4,0,110.0,9,11,0,1,2,0,3,1
5,0,55.0,12,2,3,3,0,0,0,1
96,2,189.0,7,12,4,4,0,1,3,1
205,1,94.5,8,21,4,1,2,3,0,0
11,1,94.71,9,20,4,1,0,3,0,1
79,1,109.8,4,28,4,1,0,0,3,1
0,0,66.0,2,23,2,3,0,0,0,1
151,2,76.5,8,21,4,3,2,0,0,1
1,0,54.0,2,20,3,1,2,0,0,1
3,0,85.0,2,13,3,1,2,0,0,1
97,0,140.4,5,19,4,3,0,0,3,1
34,0,152.1,8,13,4,1,2,0,0,1
0,0,71.25,12,9,4,7,4,3,0,1
152,0,72.25,8,1,3,2,1,0,0,1
3,0,65.0,11,5,2,1,0,0,0,1
71,0,112.8,4,24,4,1,2,0,3,1
200,0,51.0,12,1,3,3,2,3,0,1
12,1,105.0,5,8,4,0,2,0,0,1
28,0,57.0,2,26,3,2,1,0,0,1
0,1,126.0,10,5,4,0,1,0,0,1
12,0,112.42,5,30,4,2,1,0,3,0
144,0,92.55,5,25,4,4,1,0,3,1
45,3,125.1,9,18,4,0,1,3,0,1
2,0,108.9,11,24,4,2,0,0,3,0
130,1,104.4,5,5,4,3,0,0,0,1
41,1,125.1,9,10,4,1,2,3,0,1
20,1,134.1,9,22,4,3,0,3,0,1
46,0,107.1,6,28,4,2,0,3,0,0
94,0,168.3,9,5,4,0,1,0,3,0
137,1,145.2,8,13,4,4,2,0,3,1
3,2,130.0,10,13,4,1,0,0,0,1
17,0,126.0,3,18,4,2,2,0,0,1
131,1,99.45,8,1,4,3,1,0,0,1
54,2,146.92,10,9,4,1,2,0,5,1
36,1,88.0,12,9,4,2,1,3,0,1
41,0,72.38,2,18,4,3,0,0,1,1
118,1,114.3,8,11,4,1,0,0,0,1
56,0,149.4,9,8,4,5,2,0,3,0
258,0,110.0,10,16,4,0,1,0,0,0
65,1,75.54,10,27,4,1,0,0,0,1
12,0,100.87,5,30,4,2,1,0,0,0
349,0,72.9,12,6,4,1,0,0,0,0
77,2,149.4,7,3,4,5,3,0,3,1
16,1,134.8,6,27,4,0,1,0,0,1
2,0,144.8,11,25,3,2,0,0,5,1
63,0,177.3,7,19,4,2,0,0,5,0
9,0,54.9,1,18,4,4,1,3,0,1
63,3,99.9,6,20,4,3,1,0,0,1
152,0,98.87,8,23,4,5,2,0,0,0
24,0,48.67,2,27,3,1,2,0,3,1
45,0,112.5,4,7,4,1,0,0,0,0
3,0,123.0,10,19,2,2,1,0,0,1
162,0,112.0,7,14,4,3,0,0,0,0
11,0,109.0,2,14,4,0,1,3,0,1
127,3,90.0,12,22,4,2,0,0,0,1
14,1,109.25,5,23,3,0,1,0,0,1
0,0,65.0,10,27,2,2,0,0,0,1
1,0,12.0,8,7,4,0,1,0,0,1
103,0,134.1,8,29,4,1,1,0,0,0
132,0,105.3,5,6,4,2,0,0,0,1
28,0,85.5,10,3,3,2,1,0,0,1
7,2,173.67,6,8,4,3,0,0,3,1
3,0,0.0,9,12,1,1,0,0,1,1
153,1,103.5,7,29,4,1,0,3,0,0
134,0,118.8,10,8,4,1,1,0,0,0
30,2,88.0,12,11,4,0,2,3,0,1
28,0,94.05,8,30,4,4,0,3,0,0
141,0,90.0,9,20,3,0,1,0,0,0
111,0,72.25,10,5,3,3,1,0,0,1
4,1,121.0,8,2,4,1,0,0,0,1
113,2,92.94,7,5,4,5,1,0,3,1
302,0,100.0,9,16,4,2,1,0,0,0
89,0,84.9,4,9,4,1,2,0,0,1
47,1,101.72,10,24,4,1,1,0,3,1
105,0,82.45,4,18,4,3,1,0,0,1
14,3,138.05,8,13,4,1,1,0,1,1
54,0,49.43,3,1,4,4,0,3,0,1
101,1,90.3,4,6,4,3,0,0,0,1
5,1,99.0,4,11,3,1,1,3,0,1
28,1,89.0,2,10,4,2,0,0,0,1
7,3,107.03,8,31,4,1,0,0,0,1
97,1,110.5,4,25,4,3,1,3,0,1
43,0,103.84,8,23,4,5,2,0,3,0
0,0,97.0,5,9,4,0,1,0,0,1
178,1,92.94,6,27,4,3,1,0,0,1
188,1,80.75,7,23,4,5,2,3,0,1
68,1,99.45,3,20,4,3,2,0,3,1
55,2,159.3,5,13,4,2,1,0,3,1
10,1,79.0,2,13,4,1,0,3,0,1
145,0,69.56,4,29,4,4,2,0,0,1
10,2,90.0,8,20,4,2,0,3,0,1
149,0,127.5,7,20,4,3,0,0,0,0
1,0,67.0,6,1,2,1,0,0,0,1
35,1,83.9,3,3,4,3,1,0,0,1
34,0,82.8,10,13,3,2,0,0,0,1
52,1,107.0,3,19,3,1,2,1,0,1
5,0,89.0,3,23,4,1,0,3,0,0
42,0,60.0,11,2,3,4,1,0,3,1
53,1,75.6,4,2,4,1,0,3,0,1
194,0,73.46,4,21,4,3,0,3,0,0
69,0,85.0,9,19,3,2,1,3,0,1
62,2,124.5,9,5,4,2,1,0,3,1
152,0,119.28,7,5,4,5,1,0,3,0
173,0,85.0,9,8,4,3,0,0,0,0
252,3,85.5,10,19,4,3,0,3,0,1
3,1,107.0,11,5,4,1,0,0,0,1
18,0,135.0,5,13,4,1,0,0,0,0
1,0,183.0,5,9,4,1,1,0,5,1
23,0,72.8,2,12,4,2,1,0,0,0
102,1,119.85,6,8,4,4,1,0,0,1
28,1,86.1,1,25,4,2,1,0,0,1
144,0,81.08,7,25,4,1,1,0,0,1
1,1,92.0,2,22,4,0,1,0,0,1
3,1,121.0,6,12,4,0,1,0,0,1
26,2,110.0,10,28,4,1,0,3,0,1
59,0,82.45,3,13,4,2,2,0,3,0
100,0,100.0,9,28,3,4,0,0,0,0
0,0,45.0,4,8,3,1,0,0,0,1
64,2,116.1,4,29,4,2,1,3,0,1
125,1,114.3,7,9,4,1,2,0,0,1
99,1,85.5,4,8,4,2,0,3,1,0
4,1,0.0,10,14,1,2,0,0,0,1
10,1,127.0,3,19,4,1,1,0,0,1
146,1,94.5,7,13,4,3,0,3,0,1
172,1,70.85,7,22,4,6,2,0,0,1
7,0,91.0,4,7,2,1,0,0,0,1
143,1,101.31,8,31,4,4,1,0,0,1
27,1,139.0,7,11,4,1,1,3,0,1
62,0,75.0,11,21,3,3,1,0,0,1
14,0,43.43,2,15,3,5,2,0,0,1
35,0,219.6,8,19,4,3,2,1,3,0
15,1,118.0,8,29,4,2,1,3,0,1
84,0,100.33,12,31,3,3,0,1,0,1
160,0,119.85,5,27,4,2,0,0,0,0
38,1,125.1,7,26,4,2,0,3,0,0
41,2,109.0,10,27,4,1,0,3,0,1
88,1,69.5,1,29,4,2,0,3,0,1
116,0,96.56,8,6,3,1,2,0,3,0
28,2,156.25,4,11,4,3,1,1,0,1
11,0,75.0,1,15,4,2,1,3,0,1
54,1,126.9,5,31,4,2,0,0,0,1
74,0,0.0,9,18,4,2,0,1,0,1
20,2,124.0,9,22,4,3,0,0,0,1
66,1,89.25,10,19,4,3,1,0,0,1
38,1,97.1,3,4,3,2,0,0,1,1
30,2,109.8,8,30,4,4,0,0,0,1
42,1,182.7,3,18,4,2,1,0,3,0
155,1,85.0,11,25,4,2,2,0,0,0
32,0,137.52,9,13,4,5,2,0,4,0
114,3,119.0,12,23,4,3,2,0,3,1
56,1,101.72,3,30,4,4,2,0,3,1
85,0,75.0,10,6,3,3,1,0,0,1
6,1,108.0,2,20,4,1,0,0,3,1
3,1,116.0,4,13,4,2,0,0,0,1
191,0,96.9,8,1,3,2,1,0,0,1
24,0,110.0,8,31,4,3,0,3,0,1
193,1,99.45,8,18,4,3,1,0,0,1
21,2,160.0,8,21,4,2,2,0,0,1
115,0,146.7,8,6,4,1,0,0,3,0
85,1,126.9,8,13,4,2,2,0,0,1
4,2,133.33,10,28,4,2,1,3,0,1
6,1,85.0,1,12,4,1,0,0,0,1
131,1,81.25,8,1,3,4,1,0,0,1
9,1,68.23,1,28,4,17,6,0,0,1
158,0,114.3,7,7,4,3,0,0,0,0
22,2,105.0,9,4,4,2,1,0,0,1
246,1,114.75,10,13,4,3,2,0,0,0
78,0,122.1,9,1,4,3,0,3,0,0
164,0,115.0,10,16,3,0,1,0,0,0
44,0,87.2,11,19,4,1,1,3,0,0
0,0,0.0,5,14,1,1,0,0,0,1
16,0,75.0,12,8,2,2,0,0,0,1
10,1,76.08,9,7,4,4,1,0,0,1
239,0,90.6,6,15,3,2,0,1,0,0
4,0,188.0,9,27,3,2,0,0,0,1
28,0,93.6,6,12,4,7,4,0,3,1
2,0,72.75,4,17,3,2,2,0,0,1
57,2,94.5,10,10,4,1,2,0,0,1
13,2,125.0,11,14,4,2,1,0,0,1
98,1,121.5,7,15,4,2,1,0,0,1
0,0,120.0,10,22,4,1,0,3,0,1
100,0,132.18,5,2,4,3,1,0,0,0
158,0,114.3,8,13,4,1,1,0,0,0
33,0,1.0,1,25,1,1,1,0,0,1
46,0,67.5,11,4,3,2,0,0,0,1
38,1,63.06,3,9,4,4,1,0,0,1
9,1,79.0,2,13,4,1,0,3,0,1
60,0,110.5,4,18,4,4,1,0,3,1
94,0,102.68,9,3,3,2,2,0,0,1
9,2,90.0,8,23,4,4,2,0,0,1
7,1,68.8,12,19,3,0,1,0,0,1
3,1,0.0,9,12,1,1,0,0,1,1
66,1,80.55,2,9,4,3,0,0,1,1
14,2,167.0,8,1,4,2,1,0,3,1
11,0,75.86,11,18,4,14,6,3,0,0
1,1,119.0,4,12,4,1,0,3,0,1
32,0,161.33,10,15,4,1,2,0,3,0
34,0,138.7,11,7,4,2,1,0,0,1
40,0,62.8,3,26,3,1,1,3,0,1
10,0,137.7,7,4,2,1,1,0,0,1
85,0,186.3,6,30,4,1,0,0,5,0
171,1,106.13,7,20,4,5,2,0,3,0
4,2,128.5,9,12,4,1,1,0,0,1
49,1,168.3,8,20,4,3,2,0,3,0
0,2,155.0,10,7,4,2,0,0,3,1
69,2,135.15,5,9,4,4,1,0,0,1
29,2,101.52,3,5,4,3,2,0,3,1
59,1,94.5,7,24,4,2,2,3,0,1
79,1,132.6,6,7,4,5,0,0,3,1
5,0,98.32,5,16,2,3,1,0,0,1
14,1,138.0,12,28,4,1,0,0,0,1
64,1,131.4,12,30,4,1,0,0,3,1
80,0,119.07,10,6,4,3,0,0,3,0
34,1,99.0,9,2,4,1,0,3,0,0
40,1,174.3,7,15,4,2,1,0,3,1
44,0,90.0,11,2,3,4,0,0,0,1
166,0,128.7,8,29,4,0,1,0,3,0
222,0,219.6,10,29,4,1,0,1,5,0
7,1,134.0,9,9,4,2,2,3,0,1
1,1,111.0,6,14,4,1,0,0,0,1
60,1,88.0,11,11,4,1,0,3,0,1
74,0,58.0,2,15,3,2,1,0,0,1
46,0,86.5,5,19,3,3,2,0,0,1
47,1,127.0,10,2,4,0,2,0,0,0
70,1,79.5,10,31,4,2,1,3,0,1
203,0,67.5,12,1,4,3,0,3,0,0
14,1,111.33,9,7,4,2,1,0,0,1
0,1,129.0,6,17,4,1,0,3,0,1
71,1,93.08,6,17,3,2,2,0,0,1
3,0,79.75,2,7,3,3,2,1,0,1
173,0,105.3,8,4,4,1,0,0,0,0
70,0,59.5,3,24,3,3,0,0,0,1
0,1,135.0,6,12,4,0,1,0,0,1
195,0,72.25,8,8,3,5,2,0,0,1
74,1,116.1,6,10,4,2,0,3,0,1
6,0,0.0,12,10,4,2,0,1,0,1
95,2,111.31,9,26,4,2,1,0,0,1
51,1,144.0,11,1,4,4,0,0,3,1
31,1,83.9,3,5,4,1,2,0,0,1
22,1,0.0,11,26,1,0,0,0,1,1
55,1,84.2,3,5,4,6,2,0,3,1
44,1,88.22,11,29,4,3,0,0,0,1
70,1,135.9,8,17,4,4,1,0,0,1
28,2,131.0,9,1,4,2,0,0,0,1
3,0,128.0,4,28,4,1,0,3,0,1
33,0,90.95,8,30,3,3,0,0,3,1
241,1,150.45,10,7,4,3,2,0,3,0
57,0,119.85,5,13,4,3,2,0,0,0
28,2,156.0,5,20,4,1,0,0,3,1
0,0,135.0,12,31,4,1,0,3,0,1
163,0,116.1,9,7,4,2,0,3,0,0
99,2,118.8,10,19,4,4,0,0,0,1
25,0,76.5,8,15,3,1,1,0,0,1
36,1,137.4,3,25,4,2,1,0,3,0
38,0,96.3,10,20,4,5,0,0,0,1
0,1,84.0,12,13,2,1,0,0,0,1
11,1,110.0,11,1,2,5,1,0,2,1
34,1,129.0,10,26,4,4,0,0,0,0
274,1,99.45,10,19,4,4,0,0,3,0
18,0,81.35,10,4,4,4,2,0,0,1
101,0,70.03,4,18,4,3,1,0,3,0
150,1,89.4,9,9,4,2,0,3,0,1
110,2,130.0,10,9,3,2,2,0,0,0
209,1,152.1,11,6,4,2,2,0,0,0
5,0,66.0,2,28,2,0,2,0,0,1
85,1,76.5,3,28,4,2,1,3,0,1
106,1,96.3,3,24,4,3,0,0,0,0
112,1,97.75,12,6,4,4,0,0,3,0
56,1,82.44,12,7,4,3,0,0,1,1
148,1,123.3,10,25,4,1,0,0,3,1
169,2,118.25,4,23,4,2,2,0,0,0
83,1,97.54,7,23,4,1,2,0,1,1
83,0,132.3,10,6,4,3,1,0,3,0
196,0,105.3,8,1,4,0,1,0,0,0
0,0,109.0,3,14,4,1,1,0,0,1
79,1,138.56,7,3,4,8,4,0,3,0
74,1,63.75,11,17,4,3,0,0,0,0
11,1,65.0,2,15,2,0,1,0,0,1
86,0,100.0,9,9,2,2,0,0,0,0
51,1,66.3,2,25,4,8,2,0,0,0
119,1,76.5,7,20,4,0,1,0,0,0
38,1,126.77,6,17,4,5,2,0,3,0
135,2,162.0,9,25,4,0,2,0,3,1
30,0,157.5,10,5,4,3,0,0,3,0
106,0,120.28,5,21,4,2,2,0,0,0
72,2,137.7,4,13,4,2,0,0,3,1
311,2,9.0,11,10,1,2,0,0,3,1
35,0,73.1,3,2,4,2,0,3,0,0
174,1,85.5,6,29,4,3,0,3,0,1
14,2,105.0,9,1,4,1,0,0,0,1
11,0,66.0,1,23,3,2,2,0,0,1
5,0,65.0,5,10,2,1,0,0,0,1
236,1,84.43,9,27,4,4,0,3,0,0
31,0,50.6,2,6,4,2,2,3,0,1
210,2,96.9,8,2,3,6,2,0,0,1
2,1,138.67,9,12,4,1,2,0,0,1
28,0,213.63,5,17,4,3,0,0,5,0
161,1,63.42,6,28,4,7,2,0,0,1
22,0,95.0,12,2,2,2,0,0,0,1
0,0,88.0,1,7,4,1,0,0,0,1
115,0,72.25,8,20,3,2,2,0,0,1
15,0,153.0,8,29,4,1,1,0,5,0
53,1,126.9,5,17,4,1,0,0,0,1
40,0,149.4,8,23,4,5,0,0,3,1
4,1,72.75,11,29,4,0,2,3,0,1
119,1,81.0,2,10,4,3,0,0,1,0
37,1,75.0,10,28,3,4,0,0,3,1
33,1,143.1,3,24,4,2,0,0,0,1
131,0,94.5,8,15,3,1,2,1,0,0
176,0,90.95,7,12,4,4,0,0,0,0
63,0,121.05,7,27,4,4,0,0,3,0
2,0,86.32,1,2,4,4,2,1,0,1
4,2,211.0,4,9,4,1,0,0,5,1
47,1,96.3,6,21,4,1,0,0,0,1
0,0,104.0,4,9,2,1,2,0,0,1
11,1,119.0,5,31,4,2,0,3,0,0
5,4,154.0,9,17,4,1,1,3,0,1
167,0,137.7,7,29,4,2,0,0,3,0
102,0,72.25,7,8,3,2,2,0,0,1
32,1,121.5,2,26,4,2,0,0,3,0
102,0,99.9,7,23,4,5,2,0,0,0
36,0,94.35,6,26,4,0,2,0,0,0
47,0,120.0,9,13,3,3,0,0,3,1
10,0,153.0,8,20,4,2,0,0,5,1
9,1,107.0,6,13,4,1,1,0,0,1
0,0,95.0,6,20,0,3,1,0,0,0
29,1,102.0,4,14,4,3,0,3,0,1
53,1,83.92,3,15,4,5,2,0,0,1
1,0,90.0,1,24,4,0,1,3,0,1
163,2,126.9,9,23,4,1,0,0,0,0
18,1,61.53,11,20,4,2,2,3,0,1
17,0,95.0,10,3,2,1,1,0,0,1
11,0,113.4,9,30,4,2,0,0,0,1
120,0,129.6,9,14,4,4,2,0,0,0
178,1,93.08,8,24,4,4,0,0,0,1
86,0,58.0,3,10,3,3,0,0,0,1
66,0,138.6,9,6,4,5,2,0,3,0
172,0,72.25,7,26,3,5,1,0,0,1
5,0,0.0,5,24,1,2,0,0,0,1
10,1,87.01,9,12,4,0,1,3,0,1
29,0,156.0,5,18,4,1,0,0,3,0
164,0,108.0,10,17,4,2,1,3,0,0
66,1,170.9,12,29,4,5,0,0,5,1
6,0,79.2,12,6,4,2,0,3,0,1
27,1,80.75,5,29,3,2,2,0,0,1
269,0,105.3,12,31,4,1,1,0,0,1
142,1,186.3,8,3,4,3,0,0,5,1
36,0,64.0,2,11,3,3,0,0,0,1
121,2,198.9,8,23,4,1,0,0,5,1
147,2,111.19,9,8,4,3,1,0,0,1
195,1,112.5,8,30,4,2,0,0,0,0
9,2,184.0,10,7,4,2,0,0,3,1
73,1,100.0,9,15,2,1,0,3,0,0
76,1,207.9,8,15,4,1,1,0,5,1
37,0,140.4,5,27,4,1,0,0,3,0
109,0,97.75,7,13,3,4,2,1,0,1
56,0,65.75,3,5,4,3,2,3,0,1
54,0,91.13,4,30,4,1,1,0,0,0
114,0,128.7,8,27,4,1,0,0,0,0
87,2,96.3,4,26,4,3,0,0,0,1
20,0,70.42,12,28,4,2,1,0,3,1
117,0,126.9,6,3,4,2,1,0,0,1
20,0,121.0,6,2,4,1,0,0,0,0
6,0,67.0,10,6,2,1,0,0,0,1
3,0,66.0,1,22,2,1,0,0,0,1
50,0,90.9,4,1,4,1,0,0,0,1
69,0,94.5,4,26,4,3,0,3,0,0
107,1,108.0,10,21,4,2,1,3,0,1
63,2,142.2,9,1,4,3,1,0,3,1
5,2,160.0,10,17,4,4,1,0,0,1
109,0,90.95,5,22,3,1,2,0,3,1
42,0,62.8,3,25,3,2,1,3,0,1
58,0,75.0,11,10,3,3,0,0,0,1
96,1,118.8,10,7,4,2,1,0,0,0
1,0,70.0,6,17,3,2,1,0,0,1
0,0,65.0,10,3,2,0,1,0,0,1
8,0,79.0,12,9,2,1,0,0,0,1
141,0,72.25,8,25,3,3,0,0,0,1
172,0,104.4,10,28,4,2,2,0,3,0
55,1,94.5,10,9,4,2,0,0,0,1
46,2,168.3,8,24,4,3,0,0,3,1
164,0,99.45,5,2,4,3,1,0,0,0
0,0,149.0,5,9,4,0,1,0,3,1
11,0,87.0,2,19,3,2,1,0,0,1
15,2,168.0,6,19,4,1,2,0,3,1
35,1,79.2,11,22,4,1,0,3,0,1
35,1,140.4,4,30,4,1,2,0,3,1
43,0,68.0,11,19,3,2,2,0,0,1
152,0,90.9,8,26,4,2,1,0,0,0
166,0,117.18,6,16,4,5,2,0,3,0
62,0,140.4,4,30,4,1,1,0,3,0
82,1,96.3,6,26,4,0,1,0,0,1
25,1,133.0,10,2,4,1,2,3,0,0
2,0,91.0,10,9,3,1,0,1,0,1
36,0,80.0,1,19,3,2,0,0,0,1
107,1,46.63,12,23,4,4,2,0,0,1
0,0,99.63,9,1,4,1,0,3,0,1
212,0,75.23,10,9,4,2,2,0,0,0
71,0,135.9,9,6,4,3,0,0,0,0
34,1,160.2,10,4,4,3,0,0,3,1
101,4,100.2,10,24,4,2,1,0,0,1
4,0,79.0,2,16,4,1,0,3,0,1
17,0,84.0,9,14,3,2,1,0,0,1
123,0,91.7,8,1,3,5,2,0,3,1
140,0,116.1,9,7,4,2,0,3,0,0
18,1,145.0,9,9,4,2,1,0,1,1
46,0,59.32,3,1,3,1,0,0,0,1
19,1,139.13,9,23,4,2,0,0,0,1
7,0,67.0,3,2,3,2,0,0,0,1
87,0,100.0,9,11,2,1,0,0,0,0
1,1,210.0,9,22,4,1,0,0,3,1
23,0,230.0,3,22,4,3,0,0,5,0
230,0,111.0,9,6,4,5,0,0,0,0
4,1,65.0,2,15,2,1,1,0,0,1
105,2,118.8,9,4,4,2,2,3,0,1
15,0,216.86,5,29,4,5,2,1,3,0
10,0,85.0,9,3,3,3,1,0,0,1
193,0,110.7,12,29,4,3,0,0,3,1
52,1,92.28,5,15,4,2,2,0,0,1
0,2,148.0,6,8,4,1,0,0,3,1
109,0,114.25,12,26,4,3,1,0,0,0
46,2,207.9,5,28,4,1,2,0,5,1
154,1,62.0,2,12,3,2,1,0,3,1
95,3,132.3,10,6,4,2,0,0,3,1
32,1,91.05,11,10,4,3,2,0,0,1
8,1,189.0,8,8,4,1,1,1,0,0
5,0,151.0,8,9,4,3,0,0,0,0
51,0,67.5,2,26,4,2,0,3,0,0
86,1,104.4,10,26,4,2,0,0,3,0
160,0,70.67,12,30,3,3,0,0,0,1
12,0,108.67,11,25,4,2,1,0,0,0
150,0,70.0,6,16,4,3,0,1,0,0
6,0,104.0,4,18,4,1,1,0,0,1
35,2,114.98,12,29,4,6,2,0,3,1
87,0,105.3,4,9,4,1,1,0,3,0
160,0,132.3,10,3,4,3,1,0,3,0
159,2,134.46,9,30,4,3,2,0,3,0
304,1,70.0,12,29,3,3,2,0,0,1
219,0,86.5,8,10,4,3,0,0,1,0
8,1,64.68,4,8,4,1,0,3,0,1
64,1,51.97,3,11,4,2,1,3,0,1
14,1,81.0,12,11,4,2,0,0,0,1
33,1,157.5,10,5,4,4,0,0,3,0
5,3,104.0,4,12,2,3,0,0,0,1
132,0,140.27,7,31,4,5,2,0,3,0
79,0,139.5,7,11,4,4,1,0,3,1
190,0,67.09,8,25,4,3,1,3,0,0
79,0,76.5,4,2,4,1,1,3,0,0
134,0,72.25,7,26,3,4,0,0,0,1
252,2,81.43,12,28,4,4,1,0,0,1
127,1,143.1,9,18,4,2,2,0,3,1
61,1,126.9,5,14,4,1,0,0,0,1
16,0,117.0,4,22,4,1,0,0,0,0
47,1,112.5,3,18,4,2,0,0,3,0
242,0,100.3,9,10,4,2,2,0,0,0
67,3,82.99,2,22,4,4,1,0,3,1
1,1,0.0,12,17,1,1,0,0,5,1
137,1,85.16,11,28,4,4,1,0,1,0
13,1,88.4,12,14,4,4,0,0,0,1
4,1,65.0,10,11,2,3,0,0,0,1
5,3,206.0,5,28,4,1,0,0,3,1
20,0,85.0,9,11,3,1,2,3,0,1
102,0,101.34,12,26,4,3,1,0,1,0
74,2,109.0,9,18,3,2,0,1,0,1
73,1,53.38,3,24,3,3,0,0,0,1
5,1,75.0,12,20,4,0,1,3,0,1
5,1,88.12,1,15,4,12,5,0,3,1
56,2,162.0,8,26,4,2,2,0,3,1
50,0,159.6,8,22,4,6,3,0,3,0
14,2,136.0,10,26,4,1,1,0,3,1
156,1,89.25,10,9,4,2,1,0,0,1
141,1,90.0,9,20,3,0,1,0,0,1
4,0,65.0,11,16,2,0,1,0,0,1
294,1,82.11,12,29,4,3,2,0,0,1
59,1,120.96,9,2,4,3,2,0,3,0
59,0,105.6,4,25,4,2,1,0,0,0
24,1,95.2,12,25,4,2,2,0,0,1
20,1,88.0,12,5,4,2,1,3,0,1
51,1,139.5,10,8,4,1,1,0,3,1
134,0,94.5,5,30,4,1,1,3,0,1
3,0,0.0,9,17,1,1,0,0,0,1
206,2,177.3,8,2,4,3,0,0,5,0
83,1,75.0,5,1,3,2,2,0,0,1
5,1,12.0,9,2,3,1,0,0,0,1
92,2,148.7,7,18,4,6,3,0,3,1
2,0,93.0,2,10,4,4,2,0,0,1
9,1,186.0,3,20,4,1,2,0,3,1
290,1,72.0,6,17,3,2,1,0,0,1
20,0,119.0,9,19,2,1,1,0,0,1
39,0,147.6,11,7,4,3,1,0,0,0
1,0,76.0,2,29,3,2,1,0,0,1
33,1,57.92,9,26,3,3,2,0,0,1
37,3,153.0,10,27,4,3,0,0,3,1
5,0,95.2,4,17,3,1,2,0,0,1
125,1,79.2,12,26,4,1,1,3,0,0
42,1,48.5,11,30,4,4,2,3,0,1
22,1,94.86,9,26,4,3,1,0,3,1
1,3,0.0,6,7,1,1,0,0,0,1
53,0,120.0,10,14,3,1,0,0,0,1
142,0,114.3,5,6,4,2,1,0,3,1
114,1,106.5,8,4,4,3,0,3,0,1
74,3,80.1,10,27,4,2,0,3,0,1
147,2,103.7,7,1,4,2,2,0,3,1
50,1,67.5,12,13,3,2,0,0,0,1
13,0,98.4,9,16,4,1,0,0,0,1
27,1,93.0,2,18,4,3,0,0,0,1
268,0,105.0,10,30,3,0,2,1,0,0
183,1,112.0,8,3,3,4,1,0,0,0
122,0,60.59,4,18,4,3,1,0,0,1
255,0,62.64,12,27,3,3,0,0,0,1
124,1,110.1,5,13,4,2,1,0,0,1
1,2,150.0,10,17,4,0,1,0,0,1
185,1,124.46,9,3,4,5,2,0,0,0
124,1,105.3,6,30,4,2,0,0,0,1
47,1,71.1,3,11,4,2,1,3,0,1
72,1,53.95,9,19,4,3,1,0,3,1
41,0,72.37,2,18,4,3,0,0,1,1
64,1,64.37,11,21,4,2,1,3,0,1
122,0,99.45,5,3,4,4,0,0,0,0
19,2,113.0,8,28,4,1,2,3,0,1
46,0,81.31,8,28,4,4,2,0,0,1
12,0,85.0,10,3,3,2,1,0,0,1
82,0,218.96,4,26,4,5,0,1,5,0
18,1,82.8,2,7,4,1,2,0,3,1
237,1,86.5,8,5,4,2,0,0,1,0
102,3,74.8,12,13,4,4,0,3,0,1
131,0,59.5,3,20,3,3,2,0,0,1
137,1,118.8,8,19,4,2,0,0,0,1
22,0,149.33,6,9,4,3,0,0,3,0
59,1,123.98,9,5,4,3,1,0,3,1
6,2,159.0,9,25,4,1,2,3,0,1
23,2,188.0,12,30,4,1,0,0,3,1
95,0,79.56,7,15,3,2,2,0,0,1
12,1,109.0,6,8,4,1,0,3,0,1
13,0,65.0,10,19,2,1,1,0,0,1
82,1,72.25,3,29,4,5,1,3,0,1
82,2,150.3,8,8,4,5,3,0,3,0
0,1,95.0,11,6,4,1,0,0,0,1
0,2,45.0,4,28,3,1,0,0,0,1
53,2,113.4,10,5,4,2,0,0,0,1
110,1,114.3,7,8,4,2,1,0,0,1
172,1,90.95,9,18,3,1,2,0,3,1
49,1,129.2,11,24,4,3,2,1,3,1
309,0,65.0,5,13,3,2,1,0,0,1
148,0,105.3,4,28,4,1,0,0,0,1
183,2,137.7,8,8,4,1,1,0,3,0
44,0,94.8,11,2,4,4,0,0,0,1
33,0,67.5,2,15,4,0,1,3,0,0
237,0,134.73,10,13,4,3,1,0,3,0
12,1,0.0,8,16,4,0,0,0,0,1
58,0,80.0,11,11,3,1,0,0,0,1
0,2,77.0,12,12,2,0,1,0,0,1
81,0,72.25,9,6,3,5,2,0,0,1
36,1,99.48,11,15,4,4,0,1,3,0
33,0,59.0,1,25,2,1,1,0,0,1
7,0,48.4,1,18,3,4,1,0,0,1
42,1,74.8,12,9,4,2,2,3,0,1
39,2,203.85,8,13,4,3,2,1,0,1
101,1,165.6,12,8,4,3,0,0,5,1
3,0,110.0,5,9,0,10,5,0,3,0
127,1,81.96,6,29,4,5,2,3,0,1
24,0,166.0,6,27,4,0,1,0,3,0
126,2,106.03,5,4,4,4,0,0,3,1
168,1,112.8,7,18,4,2,1,0,3,0
83,1,76.5,7,6,4,5,2,0,0,0
21,0,76.0,11,5,4,2,0,0,0,1
199,1,106.2,4,29,4,2,1,0,0,0
103,2,131.4,8,7,4,1,2,0,3,1
98,1,95.0,9,27,3,4,0,0,0,1
144,0,89.25,7,15,4,4,2,3,0,0
22,1,148.0,9,26,4,1,1,0,0,1
116,2,129.6,9,15,4,3,0,0,0,1
87,1,58.9,7,10,4,7,3,0,0,0
114,0,140.4,5,24,4,3,0,0,3,1
3,1,180.0,8,13,4,1,1,0,0,1
5,0,96.0,12,19,4,2,1,0,0,1
13,1,202.54,9,12,4,1,1,0,3,0
42,1,133.03,11,9,4,4,0,0,0,1
221,0,60.0,10,17,3,1,2,0,0,1
65,1,112.2,4,8,4,3,2,0,3,1
79,3,151.2,10,20,4,3,1,0,3,1
25,2,84.0,10,4,4,2,2,0,0,1
15,0,92.5,11,17,4,4,2,3,0,0
81,0,106.95,8,28,4,4,2,0,0,1
36,1,118.8,4,23,4,2,2,0,3,1
6,2,110.5,12,28,4,4,0,0,0,1
142,2,168.3,8,27,4,1,0,0,5,0
124,2,76.5,7,25,4,1,1,0,0,0
184,2,96.3,10,17,4,3,1,0,0,1
18,0,191.0,8,15,4,2,1,0,3,1
74,0,127.8,7,9,4,1,0,0,3,0
20,1,110.0,10,25,4,3,0,3,0,1
5,0,92.0,3,2,4,1,0,0,0,1
44,0,192.9,6,9,4,3,0,0,5,0
104,2,84.56,6,7,4,4,0,0,0,1
235,0,106.25,10,27,4,3,1,0,0,0
6,2,95.33,8,14,4,2,1,0,0,1
77,2,95.7,3,22,4,4,0,0,0,0
4,0,110.0,10,10,0,2,1,0,3,1
155,0,97.2,10,20,3,3,0,0,0,0
21,0,88.4,12,19,4,3,1,0,0,1
21,1,140.0,8,29,4,2,1,0,3,0
60,1,75.0,4,8,3,2,2,0,0,1
14,0,126.0,4,7,4,3,0,0,3,0
6,1,139.0,6,30,4,1,0,3,0,0
19,1,107.03,9,23,4,2,1,3,0,1
35,1,80.3,2,7,4,2,2,0,0,1
9,2,159.0,8,15,4,2,1,0,0,1
23,0,60.0,1,1,3,2,1,0,0,1
54,2,118.8,4,10,4,1,2,0,3,1
0,1,126.0,6,22,4,1,0,0,3,1
37,0,65.0,5,8,2,0,1,0,0,1
95,0,132.3,10,20,4,3,0,0,3,0
6,1,109.0,3,9,4,4,0,0,3,1
65,1,82.45,3,28,4,5,2,0,0,1
181,1,98.1,10,11,4,1,0,3,0,0
5,1,68.22,2,1,4,2,1,0,0,1
15,1,142.67,6,21,4,3,0,0,3,1
133,0,189.0,7,23,4,1,0,1,3,0
18,1,137.57,9,11,4,1,2,1,3,1
29,1,148.0,7,28,4,1,0,3,0,1
9,1,131.33,4,8,4,2,1,0,3,1
122,2,128.0,3,27,3,1,2,1,0,1
153,0,96.3,8,26,4,2,2,0,0,0
144,2,140.4,6,15,4,2,0,0,3,1
68,0,93.78,12,30,4,3,0,0,0,1
8,0,158.22,3,22,4,7,2,0,3,0
143,1,112.0,7,2,3,1,2,0,0,1
47,1,89.3,2,20,4,1,2,0,3,1
138,1,130.5,7,14,4,2,0,0,0,1
5,0,144.0,7,1,4,1,0,0,3,1
146,1,123.3,8,11,4,2,0,0,0,1
2,0,64.8,11,30,3,0,1,0,0,1
109,1,88.01,5,2,4,2,1,0,3,1
80,0,81.25,3,29,4,4,0,3,0,1
133,0,126.0,7,11,4,1,1,0,0,1
35,2,156.24,9,25,4,3,2,0,3,1
20,1,149.0,10,3,4,2,1,0,0,1
1,0,155.0,10,7,4,2,0,0,3,1
17,0,85.0,10,10,3,3,1,0,0,1
20,0,156.0,6,7,4,1,0,0,3,0
150,1,126.86,6,30,4,6,2,0,3,0
34,0,65.0,10,25,2,1,2,0,0,1
5,2,149.0,9,19,4,0,1,3,0,1
237,0,80.26,12,28,4,5,2,0,0,0
58,0,118.8,4,22,4,2,0,0,3,0
0,1,64.0,11,30,2,1,0,0,0,1
117,2,123.3,10,28,4,2,2,0,3,1
71,0,263.91,10,20,4,3,1,0,6,0
63,1,89.25,10,10,4,1,1,0,0,1
122,2,116.1,6,16,4,3,0,3,0,1
63,2,114.3,7,18,4,1,1,0,0,1
141,0,77.62,8,22,4,2,1,0,0,1
77,1,125.1,6,18,4,1,1,0,0,1
12,1,89.0,1,15,4,2,1,0,0,1
45,1,70.5,2,18,4,3,0,3,0,1
48,2,88.2,11,2,4,3,0,3,0,1
84,2,103.72,6,26,4,1,2,0,0,1
7,1,0.0,5,31,1,1,0,0,0,1
22,1,165.0,5,21,4,1,0,0,3,1
0,0,65.0,5,30,2,0,1,0,0,1
4,1,119.0,8,24,4,1,0,3,0,1
0,0,108.57,6,11,4,1,1,0,0,1
93,0,60.67,12,30,3,3,0,0,3,1
9,0,78.0,12,16,4,2,1,3,0,1
172,1,137.7,7,28,4,2,0,0,3,0
28,0,101.78,2,5,4,7,2,0,3,0
34,2,125.1,9,11,4,0,2,3,0,1
50,0,71.33,12,31,3,3,0,0,0,1
0,1,136.0,9,19,3,1,2,0,3,1
116,2,124.3,12,24,4,3,2,1,0,1
5,0,83.03,2,11,4,3,0,0,1,0
68,0,79.56,4,24,3,2,2,0,0,0
41,3,120.0,10,28,4,1,0,0,0,1
87,0,132.3,10,6,4,3,0,0,3,0
46,1,134.1,6,20,4,1,1,0,3,1
0,0,81.55,6,17,4,1,0,3,0,1
26,2,177.0,6,16,4,3,0,0,3,1
40,1,135.33,11,7,4,2,1,3,0,1
62,2,98.55,9,4,4,2,2,0,0,1
9,0,65.0,12,10,2,1,0,0,0,1
49,1,65.75,2,22,4,3,1,3,0,1
128,1,65.83,6,30,4,2,0,3,0,1
18,1,169.0,6,30,4,3,0,0,0,1
112,2,92.65,8,24,3,4,0,0,4,1
10,1,121.0,6,9,4,1,0,0,0,1
51,3,123.69,9,2,4,5,2,0,3,1
157,0,85.5,6,30,4,3,0,3,0,0
55,0,109.35,5,30,4,2,1,0,0,0
40,1,102.15,3,23,4,4,0,3,0,0
62,0,75.0,9,21,3,1,0,1,0,1
20,0,79.0,3,31,2,2,0,0,0,0
53,0,159.3,5,27,4,2,1,0,3,0
160,0,138.55,8,8,4,5,2,0,3,0
19,2,82.13,2,7,4,1,2,0,3,1
20,0,101.2,9,24,4,2,2,3,0,1
18,0,95.0,4,18,4,1,1,0,0,0
30,1,116.1,5,11,4,2,0,3,0,1
85,0,162.3,4,7,4,3,0,0,5,0
117,0,186.3,8,11,4,3,1,0,5,0
192,1,96.9,8,26,3,3,2,0,0,1
35,2,199.0,11,7,4,3,1,0,0,1
2,1,91.38,11,20,4,2,2,0,0,1
150,1,94.5,7,27,4,2,0,3,0,1
49,2,72.25,6,17,3,3,2,3,0,1
36,2,86.63,8,29,4,2,1,0,0,1
195,0,71.22,12,2,4,2,0,0,1,0
70,0,149.4,9,15,4,2,0,0,3,0
230,1,109.65,9,18,4,2,2,0,0,0
0,0,90.0,10,13,3,1,0,0,0,1
72,1,126.9,6,17,4,2,1,0,0,1
5,0,0.0,10,21,4,1,0,0,0,1
126,0,80.75,6,2,3,3,0,0,0,1
70,2,61.56,4,2,4,3,2,0,0,1
46,1,74.8,11,22,4,4,0,3,0,0
112,0,132.6,6,9,4,3,1,0,3,0
11,2,90.0,8,29,4,1,0,0,0,1
98,1,90.0,11,2,4,4,1,0,0,1
1,0,65.0,11,5,2,1,0,0,0,1
15,1,90.33,12,10,4,1,2,3,0,1
26,0,127.2,9,5,4,3,1,0,0,0
56,1,56.83,3,15,4,3,0,0,0,1
96,2,178.65,8,12,4,2,1,1,0,1
1,0,110.0,10,11,0,2,0,0,3,1
73,0,149.4,7,6,4,4,0,0,3,0
0,0,139.0,8,20,4,1,0,3,0,1
13,0,91.0,2,14,4,4,2,0,0,1
8,0,129.0,9,11,4,0,1,3,0,1
1,0,65.0,12,27,2,0,2,0,0,1
20,0,107.67,3,19,4,1,2,3,0,1
4,0,59.0,1,25,2,0,1,0,0,1
0,1,124.33,6,21,4,3,0,0,0,1
76,2,140.4,5,12,4,3,0,0,3,1
105,0,71.4,9,16,4,4,0,0,0,1
84,0,80.0,11,11,3,1,0,0,0,1
189,3,96.3,10,28,4,2,1,0,0,1
273,1,90.3,10,31,4,2,1,0,0,1
128,0,85.5,6,27,4,2,1,3,0,0
200,0,90.95,8,29,4,3,1,0,0,0
1,1,68.5,1,8,4,2,0,3,0,1
7,0,89.8,11,17,4,1,0,0,0,1
64,0,121.5,7,24,4,2,2,0,0,0
6,2,160.0,10,20,4,3,0,0,0,1
20,0,116.0,6,8,3,2,0,0,0,1
5,2,159.0,10,27,4,3,1,0,0,1
20,1,99.0,1,29,4,2,1,0,3,1
0,1,98.6,11,13,4,2,2,0,0,1
131,2,82.79,4,16,4,3,2,0,0,1
188,2,85.5,10,27,4,3,0,3,0,0
33,0,127.05,8,15,4,2,1,1,0,0
90,0,90.0,5,8,3,3,2,1,0,1
35,0,116.1,3,16,4,2,0,1,0,0
181,0,124.2,12,14,4,2,0,1,0,1
0,0,91.2,9,8,3,1,0,0,0,1
148,1,136.8,7,8,4,2,0,0,3,0
119,0,0.0,6,7,4,0,0,0,0,1
0,1,97.0,6,23,4,1,0,0,0,1
8,0,101.0,4,24,4,0,1,0,0,0
2,2,72.25,10,30,3,2,0,0,3,1
6,3,69.5,1,12,4,2,0,3,0,1
10,1,126.0,10,20,4,3,0,0,0,1
36,2,150.3,4,4,4,0,1,0,0,1
212,0,126.9,10,31,4,4,1,0,3,0
124,0,114.3,8,7,4,1,2,0,0,0
40,0,64.15,12,26,4,3,2,0,0,1
29,2,159.2,5,20,4,2,1,0,3,1
65,1,118.14,9,25,4,3,2,0,0,1
66,0,92.7,9,7,4,1,0,0,0,0
123,0,89.92,3,30,4,3,0,0,1,0
0,1,107.0,10,31,4,1,0,0,0,1
71,0,203.76,4,3,4,5,2,1,5,0
44,0,100.0,10,28,3,2,0,0,0,1
21,1,58.65,9,10,3,3,1,0,0,1
119,0,101.0,3,29,3,2,0,0,0,1
36,0,75.6,10,13,3,2,0,0,0,1
2,0,94.0,10,30,0,0,2,0,3,1
0,0,164.0,8,29,4,0,1,0,3,1
6,0,78.2,11,4,3,4,1,0,3,1
9,0,72.8,1,27,4,2,0,0,0,1
3,0,104.0,7,11,3,1,0,0,0,1
62,2,159.3,5,7,4,1,0,0,3,1
122,3,144.9,9,7,4,4,2,0,3,1
20,1,74.8,12,22,4,3,1,3,0,1
28,2,99.87,10,12,4,2,1,0,0,1
68,2,151.2,10,9,4,3,2,0,3,1
105,2,15.0,7,24,4,4,2,0,0,1
107,1,130.0,5,7,4,1,2,0,0,0
97,0,78.95,5,2,4,4,1,3,0,1
43,1,97.0,11,16,4,1,0,3,0,1
174,0,87.72,12,7,4,4,0,0,3,1
122,0,142.2,7,30,4,2,2,0,3,0
59,1,79.05,3,20,4,3,2,3,0,1
74,0,93.6,11,4,4,2,0,0,0,0
32,0,85.0,10,17,3,5,2,0,0,1
99,0,151.2,10,19,4,3,0,0,3,0
54,0,79.2,11,11,4,2,0,3,0,0
84,0,75.0,5,2,3,2,1,0,0,1
139,1,171.9,11,7,4,3,1,0,0,1
48,0,159.3,5,29,4,0,2,0,3,0
5,1,109.0,6,8,4,1,0,3,0,1
6,1,137.0,12,31,4,2,0,0,3,1
86,0,90.0,9,9,2,2,0,0,0,1
131,0,126.36,9,28,4,4,0,0,3,0
27,0,152.67,6,26,4,1,2,0,3,0
126,0,89.25,5,22,4,2,2,3,0,0
53,1,79.2,12,16,4,2,1,3,0,1
27,0,85.0,10,16,3,0,2,0,0,1
65,0,132.3,6,21,4,1,0,0,3,0
46,0,75.0,11,12,3,2,2,0,0,1
79,0,150.45,5,16,4,3,1,0,0,0
61,1,120.6,9,6,4,2,0,0,3,0
18,1,160.0,10,21,4,1,0,0,0,1
33,2,105.3,10,19,4,1,1,0,3,1
15,2,146.0,12,30,4,2,0,0,3,1
257,3,106.2,10,2,4,1,2,0,0,1
25,1,108.99,10,3,4,2,1,0,0,1
30,1,15.0,1,3,4,0,1,0,1,1
59,1,89.1,6,26,4,0,1,3,0,1
205,0,125.0,5,29,3,1,2,0,0,0
43,2,108.0,10,10,4,2,1,3,0,1
219,1,76.67,9,4,3,2,1,0,0,1
51,2,108.0,12,5,4,2,1,0,0,1
1,0,0.0,4,8,4,2,0,0,0,1
28,0,156.0,5,28,4,1,0,0,3,1
2,1,75.0,1,4,4,1,1,3,0,1
234,0,80.75,8,31,4,4,0,3,0,0
104,0,104.55,4,27,4,4,1,0,3,0
32,0,88.0,11,26,4,1,0,3,0,0
1,0,110.0,9,2,0,5,2,0,0,1
5,0,228.8,8,4,4,3,1,1,4,0
10,1,139.0,7,16,4,1,0,3,0,0
3,1,140.0,8,13,4,3,0,0,0,1
39,0,81.9,3,14,4,2,1,0,0,1
50,0,85.5,5,21,3,1,1,0,0,1
1,0,55.0,3,15,1,2,0,0,0,1
26,1,134.0,10,2,4,0,2,3,0,1
208,0,116.1,9,11,4,1,2,3,1,0
3,0,95.0,9,25,3,0,1,0,0,1
81,0,85.0,9,5,3,3,1,0,0,1
14,1,168.25,10,22,4,1,1,0,5,1
27,1,130.92,2,28,4,3,2,0,3,1
109,3,131.4,8,11,4,3,1,0,3,1
1,1,103.0,3,10,4,1,0,0,0,1
5,0,103.0,3,8,4,2,0,0,0,1
100,2,92.65,4,25,4,4,1,0,0,1
113,0,96.3,4,25,4,2,1,0,0,1
142,0,187.0,10,21,4,7,2,1,3,0
1,0,89.25,6,17,3,1,0,1,0,1
2,0,90.0,6,3,3,2,0,0,0,1
151,0,59.5,3,20,3,3,2,0,0,1
91,1,95.0,9,26,3,3,1,0,0,1
103,1,113.05,12,27,3,3,0,0,4,1
3,0,67.0,2,1,2,2,1,0,0,1
2,2,133.5,9,3,4,2,0,0,0,1
235,1,94.5,8,31,4,3,0,3,0,0
2,1,174.0,9,9,4,3,0,0,5,1
251,1,73.35,11,21,4,1,1,3,0,1
72,0,108.11,6,1,4,3,0,0,3,1
35,1,149.4,9,26,4,1,1,0,3,0
78,0,168.3,4,14,4,3,0,0,5,0
41,1,60.0,11,1,3,3,2,0,3,1
0,0,79.0,1,28,4,1,0,0,0,1
58,2,85.5,10,30,4,1,0,0,0,1
96,0,138.0,9,28,3,1,1,1,4,0
47,0,116.1,5,22,4,0,2,3,0,1
6,0,126.0,12,30,4,2,1,3,0,1
19,2,82.8,2,7,4,1,2,0,3,1
152,3,134.3,7,10,4,2,2,0,3,1
213,2,102.85,10,1,4,2,2,0,0,0
63,1,126.0,4,2,4,1,1,0,3,1
153,0,81.0,10,16,3,2,2,0,0,1
6,1,95.0,1,26,4,1,0,0,0,1
60,0,71.6,4,11,4,3,1,0,0,1
17,0,80.0,3,17,2,2,0,0,0,0
163,2,161.1,9,5,4,2,1,1,0,0
240,0,106.2,6,9,4,3,0,0,0,0
42,1,152.1,8,16,4,2,0,0,0,1
0,0,109.0,2,18,4,1,0,0,0,1
0,0,144.0,8,11,4,2,0,0,0,1
196,0,116.1,9,11,4,0,2,3,0,0
66,0,85.0,5,5,3,4,2,3,0,1
13,0,65.0,10,28,2,2,0,0,0,1
107,1,127.1,8,20,4,1,2,0,0,1
62,1,58.94,3,4,4,2,2,0,0,1
128,1,80.75,6,26,4,2,2,3,0,1
84,1,126.9,8,4,4,2,0,0,0,1
3,2,0.0,3,14,4,3,1,0,0,1
54,0,65.0,10,5,2,0,1,0,0,1
130,2,109.8,8,27,4,1,2,0,3,1
5,1,156.0,6,21,4,2,0,0,3,1
196,0,72.25,8,1,3,5,2,0,0,1
87,2,76.5,8,9,4,1,2,0,0,1
64,1,89.3,3,10,4,3,0,0,3,1
29,0,89.93,3,4,4,2,1,0,0,1
236,1,6.0,7,28,4,4,2,0,1,1
183,1,137.7,7,26,4,2,0,0,3,0
154,0,112.0,7,13,3,4,1,0,0,0
2,2,179.0,8,6,4,1,0,0,0,1
75,0,75.0,4,26,3,4,0,0,0,1
20,0,85.0,10,16,3,0,2,0,0,1
140,2,103.42,5,28,4,4,2,0,3,1
179,1,76.5,8,23,4,3,2,0,0,1
6,0,85.0,4,3,3,2,2,3,0,1
125,1,72.25,12,11,4,2,0,0,0,0
157,2,217.6,8,19,4,3,2,1,5,0
258,0,82.44,8,18,3,4,2,0,3,1
1,0,85.0,2,4,4,3,2,0,0,1
23,1,166.0,8,3,4,1,0,0,3,1
210,0,0.0,10,8,4,3,1,1,0,1
120,0,104.4,10,31,4,0,1,0,3,1
110,0,153.0,7,9,4,3,2,1,3,0
58,0,79.2,12,12,4,0,1,3,0,0
129,1,80.75,4,11,4,3,1,3,0,1
6,0,49.59,11,28,4,3,1,3,0,1
90,0,142.2,8,7,4,2,2,0,3,1
165,1,103.5,7,10,4,0,1,3,0,0
107,0,95.0,10,3,3,3,1,0,0,1
1,2,159.0,6,18,4,1,0,0,0,1
0,0,139.0,7,18,2,0,1,0,4,1
136,0,99.95,4,20,4,9,2,0,0,0
55,0,159.3,6,2,4,2,0,0,3,0
0,0,66.0,1,6,2,1,0,0,0,1
15,0,66.0,12,27,4,1,2,3,0,1
85,0,60.0,12,17,3,3,1,0,3,1
106,1,171.9,11,8,4,1,0,0,0,1
78,1,177.3,9,18,4,1,2,0,3,1
13,0,119.0,9,7,4,1,0,3,0,0
15,1,105.0,11,19,4,1,0,0,0,1
106,0,141.9,8,20,3,1,2,1,0,1
26,2,180.0,10,17,4,2,1,1,0,1
22,1,148.0,12,29,4,3,0,0,3,1
41,0,100.0,10,24,3,3,1,0,0,1
40,2,85.5,9,13,4,3,2,0,0,1
83,1,0.0,12,17,1,0,0,0,0,1
0,0,89.0,3,1,4,1,0,3,0,1
71,1,96.9,8,9,3,3,0,0,0,1
67,1,104.55,11,10,4,2,0,0,0,0
12,0,105.9,12,4,4,3,2,0,3,1
167,1,72.25,7,25,3,1,1,0,0,1
28,2,81.1,2,6,4,1,2,0,0,1
68,0,76.22,3,29,4,11,4,0,0,0
0,0,85.0,11,9,4,0,1,3,0,1
56,0,64.75,3,5,4,3,2,3,0,1
42,0,72.76,4,26,3,3,0,0,0,1
6,0,80.2,2,28,3,5,2,0,3,1
45,1,124.1,3,19,4,2,2,0,3,0
3,0,70.0,10,7,3,4,0,0,0,1
40,0,150.3,4,1,4,2,1,0,3,0
224,1,65.0,10,2,3,2,1,0,0,1
4,0,121.0,5,31,2,2,0,0,0,1
30,0,184.5,12,4,4,2,2,0,5,1
27,0,119.0,10,17,4,2,1,3,0,0
35,1,75.0,10,26,3,2,1,0,3,1
162,1,62.0,3,8,3,5,0,0,3,1
7,1,106.33,3,10,4,3,0,0,0,1
31,0,125.1,5,17,4,2,0,3,0,0
63,2,134.47,4,25,4,4,1,0,3,1
61,0,90.0,11,26,3,1,2,0,0,1
172,0,80.75,6,27,4,4,1,3,0,0
52,2,79.2,11,25,4,2,0,3,0,1
34,1,207.9,8,21,4,0,1,0,5,1
78,1,160.08,9,11,4,0,2,0,5,1
16,1,131.0,7,28,4,2,0,0,0,0
8,1,41.0,3,1,2,3,0,0,0,1
144,1,96.3,6,27,4,2,1,0,0,1
28,1,235.5,9,13,4,2,0,0,5,1
229,0,67.5,12,9,4,2,1,3,0,0
63,1,103.95,9,4,4,2,2,0,0,1
47,0,85.0,3,20,3,2,2,0,0,0
16,0,77.25,1,18,4,3,1,0,1,1
2,1,139.0,8,31,4,3,0,0,0,1
144,1,116.1,9,7,4,5,2,3,0,1
72,0,107.1,7,6,4,1,0,3,0,0
0,0,76.5,6,12,3,0,1,0,0,1
21,1,0.0,2,15,4,0,0,0,5,1
38,1,68.14,4,17,4,1,2,3,0,1
127,2,132.3,10,12,4,3,0,0,3,0
9,2,82.0,1,15,4,2,1,0,0,1
36,1,107.1,10,16,4,0,1,0,0,0
45,0,99.79,4,24,4,3,2,0,0,1
85,0,80.1,10,27,4,2,0,3,0,0
59,0,95.0,6,4,3,1,2,0,0,1
26,2,133.5,9,12,4,1,1,0,0,1
17,1,121.75,10,2,4,2,2,0,3,1
18,0,50.33,2,22,3,5,1,0,0,1
2,1,65.0,12,17,2,1,2,0,0,1
186,0,68.55,4,24,4,3,2,0,0,0
132,0,89.76,10,7,3,2,1,0,0,1
53,0,77.04,8,27,3,1,2,0,0,0
88,1,68.0,7,18,4,2,2,0,0,0
27,0,149.88,9,28,4,3,1,0,0,1
100,0,132.08,10,24,4,3,1,1,0,1
85,0,103.5,6,30,4,3,0,3,0,0
34,1,82.23,9,25,4,1,2,3,0,1
88,1,149.4,9,15,4,3,2,0,3,1
121,0,162.0,9,20,4,5,1,0,3,0
19,1,57.59,11,26,4,2,2,3,0,1
59,1,81.3,3,17,4,3,0,3,0,1
4,1,118.67,12,9,4,2,1,0,3,1
7,2,111.0,2,23,4,4,0,0,0,1
29,0,57.0,3,1,3,3,0,0,0,1
278,2,78.3,12,9,4,2,1,0,0,1
5,0,125.0,5,15,3,1,2,1,0,1
33,0,126.9,3,24,4,3,0,0,0,0
124,1,127.8,8,4,4,1,0,0,3,1
6,2,120.0,10,20,4,2,0,0,0,1
206,1,112.5,10,24,4,2,1,0,0,0
34,0,98.1,6,19,4,1,2,3,0,0
188,2,168.3,7,16,4,1,2,0,5,0
195,0,71.22,12,2,4,2,0,0,1,0
13,1,65.0,6,14,2,3,0,0,0,1
1,0,159.0,9,16,4,1,0,3,0,1
1,2,119.67,3,17,4,3,0,0,0,1
163,0,94.5,7,22,4,2,0,3,0,0
5,1,60.0,9,2,3,1,0,0,0,1
168,0,168.3,7,4,4,2,1,0,5,0
37,0,113.4,6,20,4,3,1,0,3,0
121,0,95.81,6,26,4,5,2,0,0,1
47,2,132.6,4,29,4,2,2,0,3,1
63,0,116.1,6,17,4,2,0,3,0,0
25,0,56.98,2,16,4,2,0,3,0,0
8,1,111.35,5,31,4,3,0,0,0,1
119,0,90.9,4,15,4,2,0,0,0,1
31,4,120.7,12,12,4,3,1,1,0,1
145,0,36.25,8,29,3,1,2,1,0,1
42,1,73.37,11,2,4,4,0,0,3,1
3,1,110.8,8,25,4,3,1,0,3,1
1,2,79.5,12,20,4,1,0,3,0,1
71,0,131.18,4,25,4,5,1,0,3,1
19,0,191.0,8,14,4,1,2,0,3,0
109,1,73.74,4,1,4,4,2,0,1,1
178,1,137.25,8,1,4,4,1,0,3,0
46,1,102.6,12,10,4,1,0,0,0,1
31,1,151.4,3,23,4,3,0,0,3,1
56,0,118.95,9,5,4,5,1,0,0,1
98,2,99.0,11,3,4,3,0,0,0,0
51,0,75.0,11,11,3,2,2,0,0,1
102,1,108.0,10,9,4,0,1,3,0,1
203,1,102.08,9,5,3,3,1,0,0,0
191,0,100.3,5,11,4,4,1,0,0,0
19,1,174.0,12,26,4,1,1,0,5,1
41,2,142.2,9,1,4,1,0,0,3,1
0,1,90.95,6,17,3,2,0,0,3,1
33,0,170.1,7,11,4,2,1,1,0,0
217,1,124.2,5,24,4,2,0,0,0,0
117,2,89.25,4,17,4,2,2,0,3,1
8,1,104.25,12,13,4,0,1,0,1,1
204,1,90.95,7,18,4,8,3,0,0,1
16,0,104.67,11,18,4,2,1,0,0,1
136,0,106.25,6,28,4,5,2,0,0,1
78,2,110.84,12,26,4,4,1,0,3,1
9,1,79.0,3,17,2,1,0,0,0,1
32,0,148.28,10,10,4,3,1,0,3,0
261,2,90.95,10,13,3,3,0,0,3,1
104,2,91.6,12,25,4,1,2,0,1,1
245,0,106.59,10,13,4,3,2,0,0,0
112,1,58.0,3,25,3,2,2,0,0,1
72,1,117.0,10,18,4,2,0,3,0,0
107,1,144.0,6,10,3,2,0,0,0,0
57,0,94.5,4,11,4,2,1,3,0,0
94,0,174.6,5,20,4,2,1,1,3,0
157,1,72.15,5,29,4,5,2,3,0,1
58,0,127.0,12,30,4,2,0,0,3,1
26,3,170.0,11,11,4,1,0,0,3,1
9,3,96.0,8,28,2,7,4,0,0,1
20,1,104.0,11,25,4,1,0,0,0,1
85,2,142.2,7,10,4,2,2,0,3,1
61,2,140.4,5,28,4,1,1,0,3,1
71,0,87.13,4,22,4,2,2,3,0,0
26,1,153.23,11,7,4,1,1,0,0,1
46,1,60.0,1,15,3,2,1,0,0,1
44,1,140.4,5,18,4,2,0,0,3,1
58,1,72.69,11,2,4,4,0,0,3,1
127,3,90.0,12,22,4,2,0,0,0,1
4,2,78.0,12,16,4,1,0,3,0,1
0,1,110.46,7,5,4,3,0,3,0,1
4,0,85.5,4,7,3,3,0,0,0,1
213,1,102.85,10,5,4,5,2,0,0,0
43,0,75.0,11,8,3,3,0,0,0,1
118,0,187.85,5,24,4,4,0,0,5,0
0,1,155.0,9,21,4,3,1,0,3,1
23,1,119.0,9,26,4,3,1,3,0,0
75,0,75.0,4,25,3,3,1,0,0,1
247,1,100.3,9,26,4,5,2,0,0,0
114,0,40.67,3,23,3,3,0,0,0,1
33,0,124.25,9,12,4,4,1,0,1,0
0,1,65.0,3,9,2,1,0,0,0,1
0,0,223.0,5,19,4,1,0,0,3,0
3,0,181.0,3,21,4,1,1,0,5,1
37,2,143.1,6,26,4,2,2,1,0,1
68,1,105.3,7,18,4,1,1,0,0,1
135,0,102.09,7,16,3,1,1,0,3,0
117,1,114.3,8,9,4,3,0,0,0,1
147,1,126.9,9,14,4,5,2,0,0,1
51,1,93.0,12,25,4,3,2,0,0,1
236,0,97.6,10,17,3,3,1,0,3,0
7,0,78.3,1,16,4,1,2,0,0,1
87,2,135.15,5,15,4,2,2,0,0,1
37,1,126.0,10,2,4,1,2,0,0,1
36,2,119.5,10,20,4,2,0,3,0,1
6,0,65.0,9,26,2,0,1,0,0,1
28,0,126.0,10,3,4,0,1,3,0,0
20,0,76.81,9,1,4,5,2,0,0,1
164,0,100.0,10,2,3,1,0,0,0,1
147,0,78.1,8,5,3,1,0,0,0,1
19,1,130.0,2,20,4,1,2,0,3,1
26,0,171.0,2,8,4,1,1,0,5,0
126,0,89.24,9,6,3,2,0,0,0,1
5,0,109.0,3,11,4,2,1,0,0,0
0,1,139.0,7,6,4,1,0,3,0,1
104,0,132.3,10,11,4,5,2,0,3,0
50,1,99.0,3,24,4,1,0,0,0,1
22,1,0.0,12,8,1,3,0,0,0,1
48,1,72.36,10,19,3,3,1,0,1,1
39,0,66.4,1,24,3,1,2,0,3,1
23,1,77.25,12,16,4,2,0,0,1,1
4,0,121.0,6,9,4,1,0,0,0,0
109,1,216.0,11,8,3,4,0,0,4,0
20,0,149.0,10,4,4,3,0,0,0,1
32,2,157.5,10,6,4,2,0,0,3,1
23,0,140.4,5,21,4,1,0,0,3,0
162,1,105.83,8,15,4,3,1,0,0,0
131,0,132.3,10,15,4,1,2,0,3,0
1,0,86.0,2,6,4,1,1,0,0,1
68,0,68.0,7,4,4,1,2,0,0,0
3,2,145.0,9,12,4,0,1,0,0,1
93,0,109.35,7,18,4,0,1,0,0,0
16,2,109.0,2,17,4,4,0,0,0,1
4,1,85.03,2,12,4,2,1,0,1,1
7,2,143.2,9,21,4,4,1,0,0,1
73,1,115.04,6,16,4,3,0,0,3,1
0,1,120.0,10,10,4,0,1,0,0,1
64,0,94.5,4,21,4,3,0,3,0,1
31,0,75.0,9,16,3,2,1,0,0,0
81,1,114.3,7,4,4,4,1,0,0,1
37,0,63.0,3,11,3,2,1,0,0,1
32,2,124.25,9,16,4,2,2,0,1,1
40,1,73.9,1,22,4,2,1,0,0,1
5,0,146.0,2,23,4,9,2,1,3,0
4,0,110.0,9,30,2,2,0,0,0,0
10,1,136.67,8,26,4,2,1,0,0,1
16,1,103.36,9,27,4,3,0,3,0,1
78,0,69.7,3,22,3,2,0,0,3,1
98,0,105.0,5,16,3,2,1,1,0,1
160,0,94.5,7,14,4,3,0,3,0,0
37,1,111.6,6,29,3,1,0,0,0,1
4,1,249.0,9,8,4,3,0,0,5,1
33,0,103.05,8,29,4,1,1,3,0,0
4,1,124.1,5,30,4,3,1,0,3,1
10,1,126.0,5,9,4,1,1,0,3,1
44,1,54.71,11,15,4,5,1,3,0,1
72,2,85.0,11,19,4,2,0,0,0,1
142,1,79.2,12,22,4,2,0,3,0,1
103,0,146.7,7,8,4,2,1,0,3,0
6,2,90.0,8,12,4,4,2,0,0,1
83,2,90.0,11,2,4,3,0,0,0,1
20,0,139.0,7,11,4,4,1,3,0,0
19,1,145.0,9,5,4,1,1,0,3,0
110,0,143.1,6,3,4,1,0,0,0,0
125,0,99.9,7,29,4,1,0,0,0,1
120,0,121.5,7,14,4,2,0,0,0,0
2,0,67.66,1,3,4,0,2,0,0,1
177,0,90.9,10,30,3,1,2,0,0,1
0,0,170.0,9,26,1,1,1,0,0,1
1,0,111.0,11,19,4,1,0,0,0,1
52,1,140.4,5,4,4,1,0,0,3,1
68,1,118.8,4,26,4,2,0,0,3,1
3,0,85.0,6,17,3,2,1,3,0,1
27,1,104.72,6,13,4,3,1,0,3,1
39,1,223.76,8,13,4,1,0,0,6,1
1,0,65.0,4,1,2,1,0,0,0,1
146,0,95.0,4,24,4,0,2,0,0,0
100,1,93.3,3,25,4,2,1,0,0,0
18,0,171.0,2,11,4,3,0,0,5,1
83,0,80.75,5,2,3,3,1,0,0,1
249,0,184.65,12,27,3,5,0,0,0,1
98,2,79.2,12,8,4,3,0,3,0,1
69,0,72.25,4,10,3,0,1,3,0,1
104,0,143.1,6,9,4,3,0,0,0,0
14,3,113.0,9,4,4,2,2,1,0,1
149,0,127.5,7,20,4,3,0,0,0,0
11,1,182.75,6,17,4,2,0,0,3,0
49,1,94.51,12,7,4,4,0,1,3,1
208,0,112.5,10,22,4,3,2,0,0,0
277,0,96.3,10,16,4,0,2,0,0,0
8,2,103.0,11,21,4,0,1,0,0,1
57,2,132.3,10,13,4,3,0,0,3,1
113,0,119.85,6,13,4,5,2,0,0,0
6,0,110.0,10,26,0,4,0,0,3,1
28,1,129.55,6,30,4,3,1,3,0,1
119,0,110.0,6,7,3,1,0,0,0,1
38,1,78.3,2,12,4,2,2,0,0,0
51,0,94.5,7,15,4,1,0,3,0,1
4,2,221.39,4,8,4,2,2,0,6,1
65,0,123.93,7,28,4,2,0,0,3,0
6,2,169.0,7,11,4,2,1,0,0,1
32,0,95.0,10,10,2,0,1,0,0,1
377,0,90.0,10,14,3,2,0,1,0,0
88,1,58.68,2,13,4,6,2,0,0,1
12,1,177.0,5,7,4,1,0,0,3,1
19,1,79.0,2,25,4,3,0,3,0,0
2,2,135.0,9,12,4,0,1,3,0,1
65,2,118.8,10,17,4,3,1,0,0,1
44,1,103.05,10,15,4,2,0,0,0,0
28,0,93.4,9,5,4,3,1,0,0,1
0,0,109.0,6,7,4,1,0,3,0,1
0,0,88.0,12,5,4,0,1,3,0,1
42,0,118.8,4,23,4,1,2,0,3,1
40,2,176.4,10,15,4,1,0,0,3,1
56,0,162.9,7,3,4,1,2,1,0,0
0,0,74.67,1,2,4,1,0,0,0,1
12,0,75.0,1,15,4,1,0,3,0,1
120,0,126.9,6,10,4,2,1,0,0,0
7,2,191.73,9,16,4,2,1,0,5,1
12,3,99.0,8,23,4,2,2,0,0,1
113,2,85.0,11,27,4,5,2,0,0,1
4,0,80.0,8,23,4,3,2,0,0,0
3,1,67.0,10,23,2,0,2,0,0,1
28,1,107.53,10,7,4,3,0,0,0,1
2,0,85.0,3,20,3,4,2,0,0,1
40,1,104.49,9,29,4,1,0,3,0,1
134,0,136.0,6,26,4,4,2,1,3,1
146,1,99.45,7,16,4,2,2,0,0,1
28,1,89.0,1,31,4,0,2,0,0,1
66,1,108.0,10,20,4,2,0,0,1,1
0,1,0.0,12,9,1,1,0,0,0,1
56,0,139.5,10,17,4,4,1,0,3,0
1,1,74.25,1,4,4,1,1,0,1,1
22,0,135.0,3,22,4,1,0,0,0,0
13,0,114.55,2,29,4,3,1,1,0,1
11,1,96.0,11,3,4,1,0,0,0,1
208,1,96.3,9,1,4,1,0,0,0,0
212,0,128.7,10,17,4,1,1,0,3,0
52,0,76.5,10,23,3,2,2,3,0,1
56,3,103.5,10,21,4,3,0,0,0,1
43,1,140.4,5,21,4,2,2,0,3,1
66,1,119.85,5,11,4,4,0,0,0,1
117,1,110.0,6,5,3,2,2,0,0,1
58,3,99.0,9,5,4,0,1,3,0,1
2,1,79.5,12,20,4,3,0,3,0,1
17,1,74.1,9,11,4,0,2,3,0,1
263,0,63.75,12,26,4,3,1,3,0,0
238,0,80.0,10,13,3,1,0,0,0,1
245,0,96.3,10,28,4,2,0,0,0,0
25,1,95.0,10,10,3,1,1,0,0,1
0,0,119.97,9,23,4,2,0,0,0,1
2,1,92.0,1,28,4,1,0,0,0,1
167,0,102.0,9,16,4,4,0,0,3,0
50,0,126.0,11,25,4,2,1,0,3,0
120,2,132.3,10,13,4,3,0,0,3,1
158,0,94.5,8,25,4,3,0,3,0,0
2,1,40.0,3,16,2,3,0,0,0,1
202,0,109.8,10,22,4,1,2,0,3,0
84,1,79.2,11,26,4,1,0,3,0,0
162,1,85.17,9,4,3,2,1,1,0,1
38,0,137.52,9,16,4,2,0,0,4,1
20,0,117.2,9,24,4,2,2,0,0,0
166,2,118.8,8,2,4,3,0,0,3,0
17,0,78.3,1,23,4,1,0,0,0,1
35,1,117.0,9,25,4,1,2,0,0,1
56,3,177.3,6,12,4,1,2,0,3,1
25,0,88.0,9,11,4,0,2,0,0,1
49,0,91.44,2,22,3,5,2,0,4,0
90,0,91.8,8,10,3,2,0,3,0,1
10,2,139.0,8,7,4,2,2,3,0,1
106,2,72.25,12,4,4,2,2,0,0,0
124,1,94.5,5,5,4,3,0,3,0,0
5,2,122.48,12,30,4,2,2,0,0,1
4,0,88.0,3,7,3,3,1,1,0,1
211,1,143.1,10,7,4,2,0,1,0,0
48,0,85.5,9,11,3,0,2,0,0,1
5,1,91.0,2,12,4,2,0,0,0,0
165,0,94.18,3,30,4,4,1,0,0,0
60,0,177.3,7,14,4,2,0,0,5,0
0,0,42.0,1,30,1,1,0,0,3,1
0,1,0.0,9,21,1,4,1,0,3,1
16,0,95.0,9,11,3,1,2,0,0,1
24,0,79.2,6,13,4,1,1,3,0,1
18,0,104.0,12,23,4,1,0,0,0,1
45,0,111.6,10,3,4,3,1,0,3,0
15,0,154.33,4,15,4,2,1,0,3,0
5,2,0.0,11,20,1,0,1,0,3,1
15,0,111.0,5,25,4,1,0,0,0,1
53,1,81.7,3,17,4,3,1,3,0,1
14,0,43.5,11,5,3,3,1,0,0,1
84,1,151.59,7,31,4,5,2,0,3,1
1,0,159.0,8,20,4,1,0,0,0,1
60,0,98.21,12,29,4,5,0,0,0,1
39,1,144.9,7,10,4,0,2,0,0,1
21,0,142.0,2,29,3,0,1,0,4,1
16,1,135.0,3,9,4,3,0,1,0,1
317,0,78.3,11,19,4,1,1,0,0,0
39,1,98.1,2,15,4,4,1,0,3,1
76,0,130.0,5,17,2,2,0,0,0,1
21,1,139.0,8,9,4,3,0,3,0,1
153,0,88.01,5,2,4,2,1,0,3,0
175,0,76.5,8,5,4,1,0,0,0,0
33,0,121.5,3,26,4,1,1,0,0,0
146,0,37.5,12,29,3,3,0,0,0,1
112,1,52.85,12,4,4,2,2,0,0,1
7,1,18.0,12,6,4,1,0,0,0,1
4,1,67.0,4,18,2,1,1,0,0,1
0,0,119.0,6,1,4,1,0,3,0,1
3,2,85.03,2,12,4,2,1,0,1,1
6,1,136.0,10,18,4,3,2,0,3,1
69,1,117.9,6,29,4,1,0,0,0,1
37,0,88.0,12,10,4,1,1,3,0,0
65,4,79.2,11,1,4,1,0,3,0,1
299,0,100.3,9,17,4,5,2,0,0,0
14,0,90.0,8,25,3,3,0,0,0,1
138,1,71.67,7,2,4,2,2,0,0,1
121,0,105.3,7,23,4,1,1,0,0,1
1,2,133.0,6,28,4,1,0,0,0,1
68,1,87.3,9,7,4,1,0,3,0,0
42,0,69.22,3,2,4,3,0,0,3,1
50,1,108.0,10,19,4,1,0,3,0,0
43,0,68.47,3,8,4,5,1,0,0,0
20,3,113.33,11,10,4,3,0,3,0,1
41,2,168.3,8,13,4,1,2,0,3,1
279,1,76.5,10,10,3,2,1,0,0,1
249,0,120.55,12,27,3,5,0,3,0,1
2,0,65.0,7,29,2,1,0,0,0,1
30,1,186.22,11,2,4,9,4,0,5,0
31,2,126.9,6,12,4,3,2,0,0,1
39,0,51.19,3,15,4,3,0,3,0,1
41,3,189.9,6,27,4,1,1,0,5,1
6,1,91.0,2,16,4,1,0,0,0,0
19,1,101.27,4,4,4,2,1,0,3,1
120,1,80.75,4,12,4,4,0,3,0,1
54,1,160.47,7,27,4,2,0,0,3,1
10,1,129.0,6,16,4,3,0,3,0,0
8,0,120.95,5,29,3,3,2,1,3,1
11,1,68.5,1,22,4,1,0,3,0,1
61,0,91.6,12,8,4,2,0,0,1,1
8,0,55.0,3,1,3,3,0,0,0,1
78,0,82.45,3,31,4,3,2,0,0,1
2,0,100.0,9,11,2,2,0,0,0,1
77,1,94.5,4,15,4,2,0,3,0,1
79,1,126.0,12,27,4,1,0,0,3,1
15,0,80.0,1,26,2,1,0,0,0,1
33,1,81.09,4,20,4,2,0,0,0,1
22,1,126.04,12,28,4,10,4,0,3,1
11,1,109.0,5,7,4,1,2,3,0,1
92,1,69.5,2,9,4,2,0,0,0,1
30,1,79.6,1,31,4,0,2,0,3,1
0,0,62.0,10,30,3,5,2,0,0,1
2,1,110.5,12,24,4,2,2,0,4,1
51,0,110.0,6,5,2,5,2,0,3,0
157,1,68.0,12,8,3,3,0,0,0,1
70,2,156.6,12,8,4,3,0,0,5,1
43,1,109.49,6,18,4,1,0,0,3,1
33,2,96.3,10,19,4,1,1,0,0,1
68,2,90.0,4,11,3,2,1,0,0,1
131,1,94.5,5,8,4,1,2,3,0,1
239,1,107.0,7,12,4,2,0,0,0,0
41,1,83.9,3,10,4,3,0,0,0,1
8,1,0.0,6,19,1,0,1,1,6,1
5,0,84.0,5,8,3,0,2,0,0,1
2,0,95.0,11,25,4,2,0,3,0,1
45,0,168.3,5,12,4,3,2,0,3,1
21,1,72.42,5,9,4,1,1,3,0,1
109,1,159.3,6,21,4,2,0,0,0,1
13,1,85.29,8,27,4,5,2,0,1,0
93,0,128.78,6,14,4,4,0,3,0,0
32,2,67.5,2,6,4,1,1,3,0,1
0,2,89.0,12,23,4,2,0,0,0,1
7,0,79.0,11,3,2,1,0,0,0,1
40,0,140.4,5,18,4,2,0,0,3,0
156,0,84.24,5,18,4,1,0,0,0,0
99,1,114.3,4,28,4,2,0,0,0,1
38,1,87.3,2,5,4,2,0,0,3,0
67,2,79.2,11,12,4,1,2,3,0,1
73,0,72.0,10,28,3,1,0,0,0,1
68,1,71.46,10,25,4,4,0,0,3,1
1,1,154.0,10,2,4,1,2,0,0,1
151,0,70.67,1,19,3,3,0,0,0,1
95,1,99.9,10,31,4,0,1,0,0,1
94,0,85.0,9,22,3,3,0,0,0,0
22,0,75.0,11,6,3,2,0,0,0,1
18,1,125.0,8,20,4,1,0,0,0,1
47,0,198.9,5,6,4,2,0,0,5,0
23,1,108.57,5,2,4,2,1,0,0,1
70,2,97.2,10,18,4,2,0,3,0,1
38,1,58.0,10,1,3,3,2,0,0,1
89,2,137.7,7,25,4,2,1,0,3,1
6,3,164.5,10,3,4,1,1,0,0,1
26,1,125.83,10,6,4,3,0,0,0,1
17,1,69.49,9,5,4,1,2,0,0,1
27,2,111.33,3,10,4,3,0,0,3,1
128,1,103.5,8,9,4,5,0,3,0,1
153,2,118.8,10,17,4,3,1,0,0,0
44,0,74.8,11,25,4,4,2,3,0,0
136,1,99.45,5,8,4,2,2,0,0,1
22,1,139.0,9,26,4,1,1,0,0,1
93,1,73.95,3,17,4,3,2,0,0,1
20,1,154.0,7,17,4,0,1,0,0,1
33,1,63.75,10,31,3,2,2,0,3,1
98,0,89.75,5,30,3,1,1,0,0,1
22,0,75.0,8,21,3,1,0,0,0,1
31,2,129.0,10,27,4,3,0,0,0,1
5,1,152.0,4,24,4,0,2,0,3,1
122,0,121.5,7,27,4,1,0,0,0,0
64,0,137.7,7,25,4,0,1,0,3,1
59,0,147.9,12,16,4,3,2,0,5,0
101,0,103.6,4,11,4,2,1,0,3,1
45,0,96.3,9,18,3,2,2,0,3,1
2,1,107.0,11,6,4,1,0,0,0,1
2,0,169.33,8,15,4,2,1,3,0,1
2,0,65.0,7,10,2,0,2,0,0,1
8,0,91.0,2,16,4,1,0,0,0,1
0,0,95.0,6,20,2,0,1,0,0,1
81,0,85.0,9,5,3,5,1,0,0,1
148,0,96.9,8,21,3,1,2,0,0,0
59,2,159.3,5,28,4,5,2,0,3,1
45,1,94.5,9,3,4,2,0,0,0,1
2,0,67.0,3,31,2,2,0,0,0,1
34,1,99.0,9,25,4,0,2,3,0,1
0,0,65.0,4,13,2,1,0,0,0,1
26,1,104.0,11,19,4,1,1,0,0,0
11,0,130.33,4,6,4,4,2,0,3,1
12,0,73.0,2,16,2,1,0,3,0,1
6,0,95.0,10,27,3,1,0,0,0,1
236,2,106.25,10,20,4,3,2,0,0,0
35,1,67.5,2,9,4,5,0,3,0,0
34,1,119.5,6,12,4,1,2,0,1,1
7,0,90.0,4,26,3,1,0,0,0,1
75,1,65.0,12,9,2,1,0,0,0,1
126,1,80.75,6,26,4,4,2,3,0,1
3,0,185.57,4,7,4,2,0,0,6,1
44,1,66.5,2,8,4,3,1,0,1,0
80,0,63.36,11,18,4,2,0,3,0,0
203,0,116.1,9,27,4,3,0,3,0,0
65,2,81.9,11,18,4,1,0,0,3,1
81,0,60.0,2,19,3,2,1,0,0,1
12,2,134.33,7,19,4,3,0,0,0,1
123,0,139.24,10,21,4,5,2,0,3,1
266,2,86.7,10,30,4,2,2,0,0,1
48,1,125.1,9,27,4,1,0,3,0,1
90,0,73.95,3,7,4,4,1,0,0,0
200,3,82.92,10,31,4,2,1,0,1,1
164,2,145.8,8,24,4,2,0,0,0,0
10,0,71.1,2,19,3,1,0,0,0,1
18,0,95.0,9,27,2,1,0,0,0,1
71,0,80.75,9,20,3,2,0,0,0,1
294,0,112.5,12,26,4,0,1,1,0,1
49,1,106.25,3,19,4,4,2,0,3,1
3,2,158.5,6,28,4,4,0,0,3,1
139,1,77.03,7,25,4,2,1,0,0,1
117,0,76.0,2,29,3,2,1,0,0,1
67,0,68.0,12,16,3,2,0,0,0,1
142,1,126.65,7,2,4,3,2,0,3,0
346,2,146.59,12,26,4,8,3,0,5,0
0,1,135.0,7,5,4,1,0,0,0,1
61,0,140.4,6,17,4,2,0,0,3,0
59,2,71.1,11,2,4,3,0,0,0,1
28,0,75.0,10,19,3,4,1,0,3,1
0,0,0.0,11,4,1,0,0,0,0,1
106,0,89.25,9,4,4,2,0,0,0,0
27,0,75.0,10,18,3,3,2,0,3,1
7,1,98.0,6,22,2,1,0,0,0,1
17,0,125.67,9,15,4,3,0,3,0,0
48,2,94.5,10,18,4,3,2,0,0,1
31,0,71.1,2,20,4,1,2,3,0,0
4,0,90.6,9,30,3,1,0,1,0,1
30,0,116.1,5,21,4,1,0,3,0,0
54,1,90.1,11,11,4,2,2,0,0,1
45,1,78.54,10,22,4,3,1,0,3,1
164,2,90.0,3,13,4,2,2,0,0,1
1,0,79.0,2,11,4,4,2,3,0,1
213,1,80.24,5,29,3,5,3,0,0,1
60,1,76.0,11,15,4,4,2,3,0,1
13,1,97.0,1,16,4,1,0,0,3,1
9,1,75.0,12,10,2,1,0,0,0,1
51,0,60.0,11,8,3,2,2,0,3,1
88,0,87.3,7,5,3,4,0,0,3,1
309,0,101.0,5,13,4,2,1,1,0,0
76,2,88.4,12,7,4,4,0,0,0,1
8,0,65.0,10,23,2,2,0,0,0,1
131,2,121.5,7,3,4,0,2,0,0,1
183,2,80.1,10,26,4,4,0,3,0,0
138,1,109.8,8,5,4,2,0,0,0,1
135,1,101.7,5,28,4,1,2,3,0,1
119,0,76.5,8,5,4,2,0,0,0,1
193,1,108.9,9,3,4,1,0,0,0,0
6,0,106.0,2,5,4,2,0,0,3,0
0,0,82.66,7,23,4,1,0,3,0,1
15,1,130.0,2,19,4,2,0,0,3,1
24,0,70.0,3,20,3,0,1,0,0,1
34,1,103.89,8,27,4,5,2,3,0,1
8,2,92.67,2,10,4,3,0,0,3,1
197,1,108.45,8,9,4,4,0,0,0,0
83,1,70.03,3,24,4,3,1,0,0,1
3,0,77.6,5,9,3,0,1,0,0,1
123,1,70.73,4,30,4,5,2,0,0,1
30,1,125.1,8,15,4,5,2,3,0,1
21,0,95.0,9,5,4,1,2,0,0,1
4,0,162.0,9,2,4,3,2,0,3,1
1,0,91.2,9,20,4,1,2,3,0,1
32,2,135.9,9,9,4,1,0,0,0,1
151,1,120.7,7,6,4,4,1,0,3,0
1,2,106.0,8,25,4,1,0,0,0,1
6,0,65.0,8,8,2,0,1,0,0,0
0,0,65.0,5,23,2,0,1,0,0,1
2,1,81.0,12,15,4,1,0,0,0,1
18,1,80.0,2,8,4,2,1,0,0,1
85,2,134.1,8,16,4,5,0,0,0,1
118,1,98.25,10,16,4,2,1,0,0,1
1,1,95.0,11,5,4,2,0,3,0,1
48,0,80.3,2,6,4,1,0,0,0,1
36,0,97.92,10,16,3,2,1,0,3,1
7,2,164.0,10,7,4,3,0,0,0,1
221,1,72.75,8,12,4,2,2,0,3,1
3,1,174.0,8,3,4,1,0,3,0,1
3,2,126.67,8,14,4,2,1,0,0,1
141,2,128.85,6,15,4,4,0,0,0,1
13,1,173.67,6,2,4,3,0,0,3,1
37,0,116.1,5,13,4,1,0,3,0,0
43,2,168.3,8,5,4,2,2,0,3,1
66,0,110.84,12,26,4,4,1,0,3,0
24,1,141.0,3,26,4,1,1,0,0,1
4,2,75.0,9,27,3,1,0,0,0,1
3,1,63.5,8,10,3,2,1,0,0,1
240,1,105.3,8,24,4,3,0,0,0,0
66,0,125.1,8,16,4,2,0,3,0,0
12,1,97.02,5,29,4,0,2,0,0,1
180,0,108.9,10,1,4,1,2,0,0,0
67,1,123.3,7,20,4,2,0,0,3,1
18,0,166.0,7,8,4,2,1,0,3,0
1,1,131.0,6,11,4,2,2,0,3,1
25,1,101.0,7,29,4,1,0,0,0,1
123,0,129.34,10,21,4,5,2,0,3,1
165,2,142.2,7,18,4,1,1,0,3,0
39,0,67.0,7,25,2,0,1,0,0,1
8,1,101.0,4,18,4,0,1,0,0,1
2,0,83.8,2,10,3,4,1,0,0,1
45,2,85.5,10,22,4,3,0,0,0,1
282,1,88.83,10,29,4,2,2,0,0,0
6,0,130.0,10,29,3,1,0,0,0,1
143,1,118.65,6,26,4,0,2,0,0,0
96,3,100.13,10,24,4,3,1,0,0,1
125,1,72.25,12,25,4,1,0,0,0,1
63,1,97.71,5,22,4,1,2,0,0,1
1,1,126.0,10,5,4,0,1,0,0,0
106,0,62.0,1,5,3,5,0,0,3,1
0,0,200.0,9,16,4,1,0,0,0,1
27,2,104.0,12,7,4,1,0,0,0,1
32,1,96.3,10,19,4,2,1,0,0,1
87,1,158.4,9,21,4,2,0,0,3,1
26,0,104.0,12,16,4,2,0,0,0,0
24,0,134.33,3,29,4,3,0,0,0,0
40,1,67.5,2,14,4,1,2,3,0,0
107,0,120.0,6,10,3,2,0,0,0,1
65,1,89.25,10,14,4,4,0,0,0,1
3,1,137.33,5,26,4,3,0,0,3,1
0,0,95.0,6,23,2,1,0,0,0,1
1,0,106.4,7,6,3,1,0,3,0,1
173,1,94.5,8,13,4,1,2,3,0,0
1,0,114.0,9,9,4,2,0,0,0,1
48,1,133.74,8,26,4,3,2,0,3,0
193,1,93.09,9,29,4,3,0,0,0,0
113,0,150.3,8,23,4,2,0,0,3,0
31,0,140.4,5,10,4,5,2,0,3,1
126,2,125.45,5,15,4,3,2,0,3,1
40,0,110.7,6,26,4,3,2,0,0,1
14,1,110.8,6,8,3,4,0,0,0,1
109,1,107.55,7,11,4,3,1,0,0,1
28,0,84.65,2,5,4,2,2,0,0,1
149,1,178.67,12,28,4,4,1,0,6,0
24,1,87.3,1,29,4,2,1,0,3,1
132,0,90.95,6,28,4,4,0,0,0,1
24,2,117.67,9,17,4,3,0,0,0,1
12,1,160.0,10,16,4,0,1,0,0,1
127,2,80.1,10,30,4,0,1,3,0,1
18,0,78.17,10,3,4,5,2,3,0,1
2,0,67.0,7,3,2,0,2,0,0,1
38,1,80.2,6,20,3,3,1,0,0,1
303,3,105.3,10,27,4,3,0,0,3,1
153,1,72.25,7,3,3,3,2,0,0,1
3,1,136.0,10,11,4,0,1,0,3,1
2,0,75.0,12,22,2,1,0,0,0,1
21,2,129.0,9,28,4,1,0,3,0,1
53,1,70.0,3,19,3,3,2,0,0,1
81,1,79.2,12,8,4,3,0,3,0,1
7,1,89.0,11,3,4,2,0,0,0,1
235,1,73.95,11,29,4,4,0,0,0,0
1,3,105.0,8,11,4,3,0,0,0,1
10,1,156.0,5,5,4,1,0,0,3,1
137,0,135.9,9,30,4,2,1,0,3,0
199,0,85.5,8,28,4,0,1,3,0,0
44,0,91.2,11,19,4,1,1,0,0,0
40,1,176.4,10,15,4,1,0,0,3,0
123,1,155.7,8,13,4,2,2,0,3,1
66,1,90.0,11,26,3,3,2,0,3,1
0,1,80.75,6,13,3,2,1,0,0,1
100,0,0.0,9,28,4,4,0,1,0,1
57,1,119.85,5,11,4,4,1,0,0,1
81,3,117.9,8,14,4,2,2,0,0,1
34,1,117.0,9,25,4,1,2,0,0,1
45,1,159.12,5,17,3,2,0,0,5,1
88,0,70.0,3,1,4,1,0,3,0,0
6,1,97.0,1,16,4,1,1,0,0,1
218,0,86.62,8,3,4,3,0,0,1,0
17,0,97.0,3,17,4,3,1,3,0,0
226,0,70.0,10,29,4,2,2,0,0,0
230,2,83.78,5,12,4,3,1,0,0,1
86,0,120.0,9,24,3,1,0,1,0,1
35,0,67.5,2,11,4,3,0,3,0,0
50,1,83.66,2,22,4,5,2,0,3,0
79,2,162.3,4,4,4,2,1,0,5,1
168,1,99.87,8,20,4,2,2,0,3,1
248,0,74.15,10,29,4,1,2,0,0,0
39,2,216.9,7,29,4,1,0,0,5,1
164,0,105.3,7,29,4,1,0,0,0,0
18,0,76.8,9,15,3,1,0,3,0,1
27,2,104.0,12,7,4,3,0,0,0,1
15,0,75.0,8,18,3,4,0,0,0,1
144,2,149.4,9,1,4,3,0,0,3,1
96,2,79.2,11,25,4,2,0,3,0,0
68,0,89.53,6,18,4,1,2,0,0,0
27,2,91.83,10,4,4,1,2,0,0,1
98,2,109.65,5,29,4,2,2,3,0,1
63,3,72.25,10,27,4,5,0,0,0,1
51,0,123.3,9,2,4,2,1,0,3,0
139,2,93.0,2,11,3,3,0,0,3,1
81,1,161.1,8,16,4,2,0,0,0,1
0,0,185.0,9,19,2,2,1,0,0,1
121,1,120.6,8,18,4,3,2,0,3,1
279,0,177.3,9,20,4,5,2,0,5,0
26,1,108.58,11,11,4,2,2,0,3,1
0,0,105.3,6,26,4,0,1,0,0,1
36,1,71.1,3,14,4,2,1,3,0,1
15,1,116.75,9,9,4,4,0,0,0,1
10,0,80.75,12,5,4,1,1,0,0,1
29,0,66.0,2,23,2,1,0,0,0,1
56,0,125.1,9,11,4,1,2,3,0,0
60,0,140.4,5,27,4,2,1,0,3,0
106,0,77.33,3,22,3,3,0,0,0,1
17,0,77.25,1,25,4,4,1,0,1,1
76,0,120.0,10,10,4,0,1,0,0,0
137,0,107.95,7,6,4,4,0,0,0,1
140,0,146.7,8,12,4,2,0,0,3,0
111,1,129.65,6,17,4,2,2,0,0,1
213,0,110.7,12,17,4,1,0,0,3,1
36,1,94.5,10,6,4,3,0,0,0,1
2,0,205.0,10,10,4,1,1,0,5,0
53,0,72.0,11,25,3,2,2,0,0,1
46,2,77.35,3,10,4,3,2,0,0,1
1,0,119.0,6,1,4,1,0,3,0,1
145,2,134.3,7,30,4,2,2,0,0,1
70,2,120.15,11,4,4,4,2,3,0,1
77,2,79.2,12,6,4,2,0,3,0,1
19,1,134.3,11,2,4,4,0,1,0,1
160,0,146.7,8,22,4,2,1,0,3,0
115,0,131.4,8,26,4,2,2,0,3,0
37,1,146.0,12,30,4,1,0,0,3,1
48,1,88.4,12,4,4,3,2,0,0,1
141,1,115.61,5,18,3,2,0,0,3,1
121,0,71.0,4,2,3,1,1,0,0,1
0,0,80.75,6,13,3,2,1,0,0,1
160,2,145.8,9,30,4,1,0,0,0,0
141,2,72.25,7,13,3,4,1,0,0,1
35,1,88.4,12,2,4,2,2,0,0,1
150,0,79.2,12,2,4,2,1,3,0,0
97,2,76.5,7,8,4,4,1,0,0,0
80,0,75.95,3,8,4,4,0,0,0,1
80,1,75.0,12,5,3,1,1,0,0,1
1,0,105.0,8,10,4,1,1,0,0,0
45,0,119.5,10,26,4,2,0,3,0,1
52,2,149.4,9,7,4,2,0,0,3,1
238,1,106.2,9,13,4,3,0,0,0,0
119,0,121.5,7,27,4,3,0,0,0,0
22,0,75.0,12,18,2,2,0,0,0,1
119,0,121.5,7,23,4,1,2,0,0,1
13,0,173.0,2,9,4,6,2,0,5,1
4,1,139.0,7,8,4,2,1,3,0,1
120,0,125.55,8,15,4,3,1,0,3,0
67,0,73.95,3,10,4,3,1,0,0,1
185,3,116.77,5,6,4,2,0,0,0,1
64,2,149.0,11,17,4,3,0,0,3,1
83,0,78.3,3,12,4,1,2,0,0,1
71,1,122.4,7,10,4,3,2,0,3,1
0,1,0.0,10,29,4,0,0,0,0,1
156,0,14.0,3,23,4,4,0,0,0,0
75,0,123.3,7,23,4,5,2,0,0,0
103,0,107.55,7,11,4,3,1,0,0,1
121,2,121.5,7,17,4,1,2,0,0,1
24,0,86.93,12,8,4,3,0,0,0,1
186,1,79.66,10,6,4,3,2,0,0,1
154,0,80.75,5,30,3,4,1,0,0,1
29,1,72.0,1,26,4,3,0,3,0,1
89,0,162.3,4,9,4,1,2,0,5,1
18,1,151.0,8,16,4,2,0,0,0,1
52,0,63.75,3,9,4,4,0,3,0,0
77,1,76.5,7,13,4,2,1,0,0,0
22,0,142.2,5,10,4,5,0,0,0,1
109,0,104.4,10,28,4,2,0,0,3,0
4,0,87.2,8,2,3,1,0,3,0,1
25,1,64.67,12,2,4,2,2,0,0,1
17,0,93.0,2,12,4,2,1,0,0,0
36,2,243.9,9,16,4,2,0,0,6,1
25,1,148.0,6,2,4,2,0,0,3,1
59,1,87.0,1,28,3,2,0,0,0,1
7,0,65.0,10,22,2,1,0,0,0,1
178,1,99.45,8,10,4,4,0,0,0,1
19,0,69.0,12,5,4,3,2,0,0,1
63,0,159.3,4,29,4,2,1,0,0,1
125,2,90.67,7,2,4,4,2,3,0,1
290,1,89.5,6,17,3,2,1,0,0,1
256,3,96.3,10,20,4,3,0,0,0,1
17,0,224.33,3,26,4,1,2,0,5,0
11,2,80.75,11,16,4,4,0,3,0,1
33,1,144.9,9,10,4,1,1,0,0,1
56,1,62.32,3,6,4,3,2,0,3,1
1,1,119.0,5,31,4,2,0,3,0,1
31,0,89.3,2,3,4,4,0,0,3,1
108,1,146.7,8,6,4,5,2,0,3,1
142,1,130.5,8,9,4,3,0,0,0,0
184,1,65.29,10,17,4,6,2,0,1,1
56,0,141.3,6,9,4,1,0,0,3,0
9,1,80.47,10,30,4,0,2,3,0,1
53,1,60.98,12,9,4,2,1,3,0,1
0,0,95.0,5,20,2,1,0,0,0,1
12,1,97.1,2,7,4,3,2,0,3,1
39,0,114.8,1,9,3,1,2,1,4,1
0,0,0.0,10,1,1,1,0,0,0,1
14,1,79.0,2,13,4,1,2,3,0,1
3,2,126.25,9,10,4,3,1,0,0,1
220,1,156.0,9,17,3,1,2,1,0,0
2,0,89.0,4,8,4,1,0,3,0,1
18,0,138.0,5,7,4,3,2,0,3,0
48,0,159.3,5,6,4,2,1,0,3,1
60,1,83.16,3,18,4,2,1,0,3,1
76,0,116.7,4,28,4,3,0,0,0,0
57,0,89.78,3,27,4,5,2,0,4,1
36,2,126.9,5,11,4,3,0,0,0,1
76,1,111.3,4,28,4,3,0,0,0,0
45,2,104.72,12,26,4,4,1,0,0,1
81,0,94.0,3,25,3,2,1,0,0,1
36,0,278.9,7,27,4,4,1,0,6,0
130,1,85.5,8,1,4,1,2,0,0,0
3,2,94.0,8,13,4,4,2,0,0,1
33,2,138.0,10,25,4,5,0,0,0,1
11,1,126.69,11,7,4,3,1,0,3,1
19,0,116.1,10,2,4,1,2,3,0,0
25,0,87.0,3,7,3,3,1,0,0,1
107,0,150.3,8,17,4,4,1,0,3,0
156,0,131.52,11,8,4,5,0,0,0,0
31,0,75.0,9,16,4,2,1,0,0,0
65,1,109.9,7,27,4,2,0,0,0,1
63,2,107.1,9,1,4,3,2,0,0,1
2,1,91.0,2,13,4,1,0,0,0,1
53,1,88.0,11,4,4,2,0,3,0,0
73,1,113.7,10,24,4,2,1,0,3,0
130,2,104.4,10,29,4,1,2,0,3,1
33,1,162.45,3,18,4,2,0,0,5,1
49,1,170.1,5,9,4,4,1,1,0,1
67,1,142.2,7,20,4,2,0,0,3,0
135,2,80.75,9,14,4,4,1,0,0,0
219,1,136.1,9,13,4,2,0,0,0,0
1,0,40.0,3,9,2,1,0,0,0,1
34,1,87.32,10,29,4,3,0,0,0,1
5,0,110.0,9,12,0,1,1,0,3,0
148,0,97.5,7,11,4,2,1,3,0,0
163,1,99.45,7,7,4,3,1,0,0,1
34,1,138.6,12,14,4,3,0,0,3,1
31,2,103.5,10,11,4,2,2,0,0,1
63,1,85.0,11,12,4,3,1,0,0,1
4,2,147.33,12,28,4,3,0,0,0,1
7,0,80.0,8,30,3,3,0,0,0,1
101,0,97.71,6,8,4,1,0,0,0,0
49,2,120.06,3,17,4,3,1,0,3,1
162,0,146.7,8,14,4,1,2,0,0,0
40,2,183.9,6,27,4,2,1,0,5,1
4,0,106.0,3,7,3,3,1,1,0,1
20,0,122.6,7,28,4,2,0,0,0,1
16,2,31.0,2,26,2,1,0,0,0,1
8,1,78.0,12,17,4,1,0,3,0,1
57,0,74.8,12,15,4,4,2,3,0,0
36,0,58.92,12,24,4,3,1,0,0,1
55,1,74.8,12,13,4,9,2,0,0,1
3,1,178.0,9,15,4,1,0,0,0,1
107,0,103.57,12,31,3,5,2,0,0,1
4,0,141.0,7,23,4,1,1,0,0,0
53,2,79.2,12,16,4,1,0,3,0,1
43,1,81.9,3,14,4,3,1,0,0,1
232,0,75.65,12,24,3,3,2,3,0,1
20,0,95.0,4,3,3,1,2,0,0,1
219,0,78.33,9,4,3,4,2,0,0,1
0,0,88.0,8,10,4,2,0,3,0,1
117,0,71.4,11,6,2,2,2,0,0,1
7,1,140.0,10,17,4,5,1,3,0,0
148,1,136.43,8,15,4,3,1,0,3,0
35,2,168.3,8,16,4,4,0,0,3,1
39,0,201.08,12,29,4,3,1,0,3,1
20,0,160.0,9,25,3,2,1,0,0,0
2,1,101.0,4,7,4,1,0,0,0,1
69,1,74.8,11,25,4,2,1,3,0,1
60,2,86.4,11,20,4,0,1,0,0,1
2,0,110.0,5,19,0,1,0,0,3,1
228,1,77.23,6,26,4,3,2,0,0,1
35,1,98.1,2,29,4,5,1,0,0,0
43,0,95.1,6,26,4,1,2,3,0,0
5,1,162.0,8,15,4,1,1,0,5,0
6,0,157.0,4,15,4,2,1,0,3,1
10,1,77.6,1,16,3,1,0,0,0,1
61,1,90.95,6,12,3,1,2,0,3,1
24,0,107.1,9,26,4,1,1,3,0,0
266,0,104.55,12,26,4,3,1,0,3,1
115,1,99.9,7,23,4,1,0,0,0,1
91,0,69.64,4,6,4,4,0,0,3,1
386,0,90.0,10,23,3,0,2,1,0,0
127,1,85.5,6,29,4,3,0,3,0,1
57,2,116.1,10,28,4,1,0,0,0,1
10,2,90.0,8,24,4,2,1,0,0,1
178,1,106.25,10,24,3,3,1,1,0,0
69,1,135.9,5,10,4,1,0,0,0,1
163,2,122.4,12,26,4,2,1,0,3,1
141,0,116.62,6,10,4,3,2,0,3,0
112,1,105.3,7,18,4,2,1,0,0,1
79,0,126.9,4,30,4,1,2,0,0,0
54,1,72.77,6,19,4,3,2,3,0,1
99,0,80.5,2,19,2,2,0,0,0,1
13,1,100.0,9,15,2,1,0,3,0,0
18,1,110.46,7,11,4,2,1,0,0,1
138,1,79.2,11,12,4,1,0,3,0,0
145,0,94.5,8,1,4,1,1,3,0,1
6,0,81.0,2,20,4,1,1,3,0,1
81,1,76.5,7,26,4,1,2,0,0,0
44,1,126.0,10,11,4,3,0,0,0,1
8,0,69.5,1,13,4,3,0,3,0,1
104,0,75.0,5,16,3,2,1,0,0,1
0,1,65.0,4,25,2,0,1,0,0,1
8,0,259.0,9,24,4,1,1,0,5,0
76,0,135.15,5,31,4,5,0,0,0,0
45,2,94.5,10,20,4,1,0,0,0,1
18,2,210.0,11,7,4,2,1,0,3,1
223,2,90.95,8,30,4,4,0,0,0,0
17,1,89.3,1,26,4,5,1,0,3,1
63,1,105.6,4,25,4,2,1,0,0,1
12,1,65.0,6,20,2,0,1,0,0,1
194,2,111.11,8,24,4,5,2,0,0,0
134,2,129.6,9,22,4,3,0,0,0,1
266,2,69.36,12,4,3,1,2,1,3,1
218,1,99.95,8,9,4,4,0,0,0,0
3,1,138.5,8,22,3,1,2,1,0,1
9,0,98.64,12,25,4,3,2,0,4,1
10,0,118.8,3,1,4,5,0,0,3,1
202,2,115.5,8,15,4,2,1,0,0,0
144,0,137.7,7,23,4,1,2,0,0,0
44,1,134.4,11,3,4,3,0,0,3,1
30,2,140.88,11,4,4,2,2,0,3,1
27,1,151.0,7,8,4,2,0,0,0,1
214,1,90.9,8,11,4,3,0,0,0,0
131,2,136.5,7,10,4,2,2,0,0,1
78,0,110.0,5,19,3,3,1,0,0,1
40,0,189.9,4,6,4,1,0,0,5,0
234,1,76.84,12,12,4,4,1,0,0,1
60,0,85.5,6,10,3,5,2,0,0,1
58,1,54.05,12,24,4,1,0,3,0,1
221,1,90.95,8,14,4,5,4,0,0,1
117,1,94.5,5,3,4,2,0,3,0,1
81,1,108.9,7,3,4,3,2,0,0,1
37,0,164.25,8,17,4,1,0,1,0,0
1,0,91.33,2,10,4,3,0,0,0,1
22,0,71.2,1,25,4,15,5,3,0,1
82,1,80.39,10,26,4,2,0,0,3,1
43,2,80.39,6,8,4,1,0,0,0,1
3,0,65.0,10,19,2,0,1,0,0,1
156,0,170.28,8,17,4,4,2,0,5,0
43,2,135.9,9,9,4,1,0,0,0,1
172,0,125.1,10,4,4,3,0,0,0,0
184,0,94.5,8,13,4,1,1,3,0,0
117,0,150.45,6,16,4,3,1,0,3,0
5,0,65.0,9,14,2,0,1,0,0,1
193,0,93.58,7,8,3,2,2,0,0,1
53,0,143.1,5,21,4,1,0,0,0,1
32,0,85.0,10,24,3,3,1,0,0,1
9,0,95.0,4,27,2,2,0,0,0,1
209,0,111.35,9,29,4,3,1,0,0,0
53,4,97.87,11,11,4,5,2,0,3,1
68,0,135.15,5,7,4,4,2,0,0,0
13,0,89.0,4,7,4,1,0,3,0,1
24,0,89.0,1,6,4,2,0,0,0,1
2,0,103.0,11,9,2,1,0,0,3,0
17,0,95.0,12,9,4,2,0,3,0,1
143,1,84.6,11,17,4,1,0,0,0,0
2,0,55.0,3,2,3,1,0,0,0,1
55,1,78.08,3,1,4,4,0,0,0,1
288,0,55.63,10,17,4,3,2,0,0,0
84,0,66.76,4,12,4,6,2,0,0,0
7,0,67.0,11,9,2,1,0,0,0,1
20,1,108.99,10,3,4,2,1,0,0,1
16,0,77.53,12,22,4,3,2,0,3,1
125,2,90.0,11,1,4,3,0,0,0,1
260,3,108.68,10,22,4,5,2,0,0,1
4,0,87.78,11,21,4,3,1,0,0,1
5,0,62.8,12,5,3,1,2,0,0,1
1,2,155.0,10,7,4,3,0,0,3,1
0,0,81.9,1,14,4,1,0,0,0,1
89,0,80.3,3,3,4,3,0,0,0,1
161,0,71.0,4,22,3,2,1,0,0,1
7,1,96.0,3,7,4,1,1,0,0,1
92,0,96.3,4,19,4,2,0,0,0,0
8,0,56.0,3,1,3,3,0,0,0,1
28,3,96.9,11,13,4,4,2,0,3,1
107,1,120.0,6,10,3,2,0,0,0,1
196,0,139.5,8,21,4,0,2,1,0,0
27,0,89.0,4,20,2,1,0,0,0,1
115,3,107.64,10,22,4,3,2,0,0,1
134,0,134.3,7,28,4,3,1,0,3,0
62,1,63.49,3,13,4,2,2,0,3,1
105,1,118.8,7,15,4,2,1,0,3,1
52,3,152.1,8,18,4,3,1,0,0,1
16,1,111.0,5,29,4,0,1,0,0,1
65,0,60.0,2,10,3,3,0,0,0,1
6,0,77.5,12,31,3,1,0,0,0,1
141,1,111.68,7,3,4,5,2,0,0,1
0,0,75.0,12,19,4,1,0,3,0,1
27,3,104.5,12,27,3,1,2,1,0,1
71,1,84.15,4,23,4,3,2,3,0,0
45,0,109.49,6,18,4,1,1,0,3,0
5,1,96.0,12,15,4,3,0,0,0,1
18,0,89.0,12,11,3,0,1,0,0,1
37,0,69.53,2,13,4,1,0,0,1,1
2,1,79.0,6,13,4,0,1,3,0,1
14,0,100.0,10,15,3,2,0,0,0,1
7,1,79.0,2,12,4,2,0,3,0,1
166,2,0.0,4,21,4,0,0,0,1,1
50,1,99.45,4,11,4,3,1,0,0,0
127,1,91.48,10,2,4,3,2,0,0,1
0,0,117.0,12,29,4,1,0,0,0,1
79,1,116.1,5,24,4,2,0,3,0,1
43,2,94.5,9,17,4,1,0,0,0,1
136,1,144.9,9,21,4,4,1,0,3,0
73,1,74.15,4,26,4,2,0,0,0,1
24,1,106.33,12,7,4,3,0,0,0,1
24,0,85.0,9,20,3,4,2,0,0,1
49,0,108.0,10,3,4,3,1,3,0,0
56,1,107.1,7,1,4,2,1,3,0,1
40,1,100.1,11,11,4,2,0,0,0,1
22,0,124.0,9,19,4,1,1,0,0,1
1,0,0.0,11,10,1,1,0,0,0,1
0,1,89.0,8,8,4,1,0,3,0,1
15,0,75.0,3,7,2,3,1,0,3,1
156,0,122.4,12,27,4,3,0,0,3,1
20,0,65.0,10,11,2,1,2,0,0,1
7,1,124.0,9,7,4,0,1,0,0,0
1,0,166.0,7,2,4,1,1,0,3,1
46,0,79.2,11,22,4,1,0,3,0,0
136,0,107.95,5,16,4,3,1,0,3,1
76,1,87.3,4,2,4,1,2,0,0,1
64,0,105.3,7,17,4,2,2,0,0,0
4,0,117.0,2,8,3,2,1,1,0,1
4,0,89.0,5,16,4,0,1,3,0,1
14,1,0.0,9,12,1,0,1,0,1,1
167,3,121.5,8,5,4,2,0,0,0,1
91,1,136.43,12,27,4,4,0,0,3,1
0,0,79.0,2,7,4,0,1,3,0,1
117,0,90.95,10,24,3,2,1,0,3,1
104,0,123.3,7,21,4,3,1,0,3,1
121,0,76.5,8,10,4,2,1,0,0,0
0,0,92.5,6,8,2,1,0,0,0,1
207,0,63.75,8,8,3,0,1,3,0,1
63,1,118.8,4,19,4,3,0,0,3,1
86,1,120.69,8,9,4,2,0,0,0,0
8,1,151.0,7,13,4,3,0,0,0,0
2,1,80.0,1,30,4,1,0,0,0,1
13,2,107.0,12,6,4,0,2,0,0,1
130,1,123.67,3,25,4,2,1,0,3,1
24,0,135.0,5,11,4,4,0,0,0,1
20,1,231.0,8,10,4,2,0,0,5,1
86,2,151.2,10,2,4,1,2,0,3,1
38,1,118.58,3,19,4,2,2,0,3,0
22,1,118.58,11,17,4,3,0,0,3,1
55,2,90.0,7,7,4,4,0,0,0,0
16,1,120.0,12,28,4,3,0,3,0,1
91,0,140.4,5,13,4,2,1,0,3,0
10,0,82.95,11,2,4,4,1,0,0,1
16,3,165.0,9,5,4,1,2,0,5,1
35,2,128.7,4,18,4,1,1,0,3,1
5,0,123.5,4,24,4,2,2,0,0,1
121,0,85.0,6,16,3,3,0,3,0,1
0,0,80.0,11,26,3,1,0,0,0,1
118,0,109.86,6,20,4,3,1,0,0,0
91,0,114.3,7,24,4,1,2,0,0,0
130,1,153.3,10,31,4,2,1,0,5,1
35,2,83.9,3,3,4,3,2,0,0,1
7,0,61.0,8,5,3,3,0,0,0,1
39,1,97.4,11,15,4,5,2,0,0,1
23,0,54.75,9,6,3,2,2,0,0,1
55,1,131.4,12,30,4,1,0,0,3,1
68,1,136.3,10,10,4,2,1,0,0,1
132,0,62.0,2,7,3,1,2,0,3,1
168,1,76.58,7,26,4,4,0,0,0,1
2,0,0.0,10,12,1,1,1,0,0,1
17,0,95.0,10,9,0,3,2,0,0,1
60,3,89.25,10,6,4,7,2,0,0,1
11,1,133.5,3,26,4,2,2,0,0,1
160,1,107.0,4,17,4,2,2,0,0,0
232,2,106.25,10,24,4,4,1,0,0,0
58,1,153.0,4,5,4,3,0,1,3,1
222,1,80.75,10,12,3,4,0,0,0,1
60,1,87.3,3,3,4,3,0,0,3,0
119,1,114.3,8,13,4,2,2,0,0,1
180,0,105.3,7,1,4,2,0,0,3,0
35,1,66.53,10,7,4,2,0,3,0,1
41,0,62.0,1,20,4,4,0,3,0,1
141,1,147.6,9,23,4,2,0,0,0,1
133,2,90.0,11,2,4,4,0,0,0,0
92,1,187.85,6,1,4,4,0,0,5,1
132,0,70.56,8,30,4,2,0,0,1,1
43,0,115.5,5,31,4,3,0,0,0,1
51,0,88.4,11,15,4,5,1,0,0,0
0,1,65.0,2,15,2,2,1,0,0,1
3,0,95.0,11,10,0,2,0,0,3,1
113,0,118.8,9,7,3,4,1,0,0,0
0,0,123.0,10,20,2,3,0,0,0,1
1,1,119.0,3,1,4,4,0,0,0,1
147,2,104.21,6,5,4,3,2,0,0,1
54,1,78.3,2,26,4,2,0,0,0,1
9,0,143.6,4,12,4,5,0,0,3,0
39,1,75.8,2,19,4,2,0,3,0,1
128,2,76.5,8,8,4,1,1,0,0,1
77,1,96.3,4,14,4,3,0,0,0,1
37,0,112.2,3,24,4,3,0,0,0,0
27,0,64.8,1,5,3,1,0,3,0,1
28,0,0.0,12,16,1,2,0,0,0,1
45,2,90.64,10,31,4,5,2,0,3,1
14,1,153.38,9,14,4,4,1,0,5,1
72,0,75.0,11,24,3,3,0,0,0,1
66,1,152.15,5,9,4,3,1,1,0,1
28,2,161.43,3,29,4,3,0,0,0,1
69,1,97.33,9,4,4,4,2,0,0,0
232,0,80.75,9,15,3,3,0,0,0,1
110,4,119.85,6,13,4,5,2,0,0,1
30,1,136.72,5,21,4,4,2,0,5,1
150,0,173.25,7,7,4,3,1,1,0,0
39,0,89.1,6,27,4,0,1,3,0,0
95,2,119.85,6,9,4,4,2,0,0,1
1,1,0.0,10,13,1,1,0,0,0,1
6,1,0.0,12,10,4,2,0,1,0,1
64,1,93.6,11,22,4,3,0,0,0,0
14,0,191.5,4,18,4,3,1,0,5,0
13,0,95.0,4,11,4,0,1,0,0,0
7,1,127.0,2,10,4,4,1,0,3,0
144,1,105.3,7,23,4,1,1,0,0,1
15,1,67.32,12,20,4,5,1,3,0,1
36,1,168.3,7,26,4,5,2,0,3,1
4,1,65.0,8,7,2,1,2,0,0,1
60,0,75.0,11,25,3,2,2,0,0,1
6,1,65.0,11,23,2,2,0,0,0,1
32,1,109.58,10,14,4,4,0,0,0,1
64,1,87.3,3,10,4,3,0,0,3,1
229,1,96.3,8,5,4,2,1,0,0,1
147,1,174.0,3,24,4,3,0,0,5,1
1,1,90.33,1,17,4,4,2,0,0,1
101,0,107.1,8,6,4,1,2,3,0,0
20,1,85.5,9,1,3,5,2,0,1,1
118,1,97.75,4,30,4,3,2,0,0,1
0,0,15.0,7,10,4,0,1,0,0,1
75,0,123.3,7,11,4,1,1,0,3,0
152,1,90.95,6,27,4,3,1,0,0,1
12,0,80.0,1,26,2,2,0,0,0,1
181,1,103.95,7,30,4,2,2,0,0,0
21,1,94.5,5,10,4,1,0,0,0,1
29,0,92.4,8,31,4,3,0,3,0,0
0,1,0.0,11,26,1,1,0,0,0,1
10,2,161.0,9,24,4,1,0,0,0,1
70,0,80.0,7,11,3,5,1,0,0,0
8,0,177.5,12,3,4,1,1,0,5,1
17,1,90.34,12,30,4,5,2,3,0,1
7,1,201.0,4,20,4,3,0,0,5,0
145,1,269.3,8,4,4,3,0,0,6,0
1,1,150.0,6,15,4,4,0,0,0,1
22,2,152.6,4,14,4,3,2,0,3,1
82,0,115.0,6,8,3,5,2,0,0,1
41,0,65.0,2,7,3,3,2,0,0,1
0,1,0.0,11,10,1,1,0,0,0,1
96,0,88.83,4,8,4,2,2,0,0,1
77,1,109.8,4,25,4,1,1,0,3,1
56,0,55.38,3,2,3,4,1,0,0,1
132,0,100.3,12,8,4,5,2,0,0,0
85,3,149.4,9,8,4,3,0,0,3,1
26,0,221.0,5,19,4,3,0,0,5,0
33,3,57.6,12,1,4,3,1,3,0,1
53,2,74.8,12,17,4,5,2,3,0,1
111,1,159.3,5,20,4,2,0,0,3,0
99,1,90.95,4,25,4,3,1,0,0,1
63,0,159.3,6,11,4,1,0,0,3,0
73,0,85.0,7,14,3,3,0,0,0,1
87,1,135.0,10,10,4,3,1,0,0,0
1,1,99.33,8,24,4,2,0,3,0,1
8,0,65.0,4,20,2,1,0,0,0,1
148,0,90.9,8,22,4,4,1,3,0,0
85,2,114.3,7,2,4,1,1,0,0,1
155,0,95.2,8,21,4,5,3,0,0,0
43,0,126.6,4,27,4,3,0,0,3,1
50,2,115.2,3,24,4,1,0,0,0,1
88,1,90.9,4,26,4,3,0,0,0,0
168,0,96.8,10,4,3,4,0,0,0,0
65,0,80.75,10,16,3,2,2,0,0,1
92,2,117.0,10,6,4,1,0,3,0,1
1,0,88.0,11,15,2,2,0,0,0,1
50,0,150.3,6,29,4,3,0,0,3,0
129,0,118.8,9,8,4,3,0,3,0,0
151,2,226.35,8,28,4,2,2,1,5,0
36,1,126.9,5,22,4,0,1,0,0,0
35,1,89.3,2,11,4,3,0,0,3,1
120,0,68.0,11,16,4,4,2,0,0,0
55,2,139.5,10,20,4,3,0,0,3,1
125,2,132.3,10,17,4,0,1,0,3,1
59,0,126.9,5,13,4,2,0,0,0,0
2,1,89.0,10,19,2,1,0,0,0,1
5,1,89.3,1,15,4,1,0,0,3,1
46,1,90.55,10,2,4,2,2,0,3,1
57,1,82.44,12,8,4,3,0,0,1,1
60,4,168.3,9,12,4,4,1,0,3,1
38,0,85.5,6,18,3,1,1,0,0,1
213,2,99.71,10,17,4,3,1,0,0,1
4,2,170.0,9,12,4,1,1,0,3,1
7,0,169.0,5,18,3,1,0,3,4,1
50,0,74.0,2,24,3,3,0,0,0,1
123,1,114.75,5,22,4,4,2,0,3,0
0,0,165.0,3,21,4,3,1,0,0,1
40,1,69.5,1,14,4,3,1,3,0,1
52,0,109.65,5,7,4,5,2,3,0,0
53,1,88.0,11,4,4,2,0,3,0,1
0,0,148.0,8,19,4,2,0,3,0,1
75,2,115.85,5,22,4,2,2,0,0,1
67,2,183.6,9,8,4,4,2,1,3,1
4,0,65.0,11,17,2,3,0,0,0,1
71,1,119.85,5,30,4,3,1,0,0,1
42,0,80.3,2,20,4,1,0,0,0,1
57,0,96.3,4,18,4,1,1,0,0,0
60,1,108.9,6,26,4,2,2,0,0,0
115,1,77.18,8,3,4,4,0,0,0,1
88,1,102.6,11,18,4,2,0,0,3,0
68,1,89.93,4,2,4,3,2,0,0,1
17,0,98.39,12,3,4,4,2,0,0,1
27,0,144.9,10,10,4,2,1,0,3,0
11,0,145.0,7,5,4,6,2,0,0,0
8,1,84.0,4,1,2,2,0,0,0,1
103,1,95.88,5,5,4,3,1,0,3,1
27,1,74.33,12,4,4,2,1,0,1,1
3,0,76.8,2,18,3,3,0,0,0,1
164,0,133.45,8,19,4,3,2,1,0,0
75,0,78.0,3,19,4,1,2,0,1,0
18,2,69.0,12,1,4,2,0,0,0,1
45,2,96.3,10,30,4,2,0,0,0,1
139,1,139.2,8,19,4,4,2,0,3,1
10,3,162.33,9,18,4,1,2,0,0,1
8,3,92.4,9,8,4,2,0,0,3,1
53,3,159.3,5,6,4,2,0,0,3,1
52,0,60.0,11,12,3,3,2,0,3,1
24,0,60.56,12,5,2,3,2,0,0,1
26,0,226.5,9,27,4,4,0,0,5,0
0,0,67.0,11,14,2,0,1,0,0,1
76,2,116.1,5,16,4,2,1,3,0,1
92,2,81.5,10,29,4,1,1,0,1,1
295,1,79.5,12,29,4,3,0,3,0,0
34,1,75.54,5,22,4,0,1,3,0,1
17,1,91.0,2,15,4,3,1,0,0,1
68,0,118.8,4,10,4,0,2,0,3,0
1,0,136.18,5,26,4,3,1,0,0,1
82,1,140.4,6,10,4,2,0,0,3,1
65,0,105.3,7,24,4,2,2,0,0,0
10,0,66.0,1,28,2,1,0,0,0,1
265,0,83.33,6,24,3,2,1,0,0,1
7,1,93.0,2,20,4,1,0,0,0,1
71,1,105.0,11,11,4,2,1,0,0,1
12,0,67.0,10,12,2,1,0,0,0,1
0,0,65.0,3,1,2,2,0,0,0,1
4,1,161.0,5,28,4,1,0,0,0,1
97,1,116.1,5,19,4,1,0,3,0,1
139,0,68.0,11,16,4,4,2,0,0,0
2,0,133.0,9,23,4,2,0,3,0,1
6,2,126.0,10,5,4,0,1,0,0,1
78,0,105.3,3,25,4,2,1,0,3,0
68,0,109.8,11,27,4,1,2,0,0,0
68,0,105.3,3,18,4,2,1,0,0,1
35,1,113.4,11,18,4,1,0,0,0,1
50,1,123.3,9,2,4,2,1,0,3,0
40,0,106.9,9,4,4,5,2,0,1,0
1,1,65.76,12,5,4,3,1,0,0,1
104,1,65.67,4,11,4,5,1,0,0,1
18,2,107.0,10,5,4,4,1,0,0,1
116,0,96.0,2,28,3,1,2,0,0,1
18,1,165.0,4,13,4,2,0,0,3,1
127,0,127.62,7,1,4,5,2,0,3,0
207,1,106.2,5,4,4,4,0,0,0,0
59,0,79.2,11,23,4,3,0,3,0,0
1,0,140.0,10,11,4,2,0,3,0,1
105,1,76.5,8,10,4,2,1,0,0,1
51,1,149.4,9,18,4,3,2,0,3,1
13,0,140.0,11,8,4,1,0,3,0,1
102,2,89.25,5,1,4,2,2,0,0,1
87,0,108.29,4,27,4,4,1,0,0,1
1,1,82.4,2,15,4,4,1,0,0,1
29,1,70.88,11,14,4,5,2,0,3,1
135,2,79.2,12,28,4,1,0,3,0,0
55,0,60.0,11,22,3,1,2,0,3,1
8,0,65.54,11,27,4,3,2,0,0,0
8,1,91.0,2,5,4,2,0,0,0,0
87,0,75.0,12,15,3,3,0,0,0,1
0,2,81.6,12,14,4,5,2,0,0,1
28,0,119.0,7,29,4,1,0,0,0,0
0,0,79.0,1,19,4,2,0,0,0,1
15,1,109.55,8,17,4,1,0,0,1,1
64,1,214.2,4,17,4,3,2,1,5,1
169,2,101.25,7,30,4,3,2,0,0,0
0,1,0.0,3,21,1,1,1,0,6,1
49,0,76.5,3,14,4,1,1,0,0,0
58,0,167.45,4,21,4,3,1,0,5,0
117,1,85.0,12,13,4,5,0,0,0,0
1,0,79.0,12,29,2,1,0,0,0,1
11,0,95.0,10,11,2,1,2,0,0,1
94,0,138.25,7,13,4,3,0,0,4,1
5,0,66.0,1,13,3,3,0,0,0,1
63,1,105.3,7,23,4,1,0,0,0,1
15,0,65.0,2,2,2,1,0,0,0,1
145,1,184.95,8,8,4,5,2,0,5,1
43,1,117.9,4,8,4,1,0,0,0,1
4,0,149.0,5,28,4,1,0,3,0,1
198,3,159.3,9,22,4,3,0,0,3,1
28,0,76.95,2,5,4,2,2,0,0,0
47,1,105.5,11,5,4,2,0,0,1,1
6,2,261.0,5,21,4,1,1,0,6,1
22,2,89.0,9,12,4,0,1,3,0,1
18,0,91.0,2,12,4,2,1,0,0,1
22,0,91.0,2,13,4,4,2,0,0,1
70,1,72.9,2,26,4,2,0,0,0,0
7,1,119.0,1,2,4,1,0,0,0,1
140,1,113.5,3,26,4,4,2,0,3,1
12,0,6.0,10,2,4,1,2,0,0,1
58,0,123.3,3,28,4,0,1,0,3,0
31,0,69.0,1,2,3,1,2,0,0,1
9,1,89.0,3,29,4,2,0,3,0,1
1,0,164.0,10,6,4,2,0,0,4,1
247,1,90.95,10,25,4,4,0,0,0,0
5,0,122.24,8,3,4,3,0,0,4,1
159,0,103.21,6,12,4,2,2,0,1,0
71,1,112.58,12,29,4,5,0,0,0,1
25,0,91.0,2,13,4,1,0,0,0,0
79,2,79.2,12,9,4,2,1,3,0,1
61,1,139.34,7,18,3,8,3,0,4,0
126,0,195.75,8,16,4,4,0,1,3,0
25,0,72.93,12,4,4,5,2,0,0,1
88,0,88.0,12,6,4,1,0,3,0,0
78,2,0.0,11,16,4,0,0,1,3,1
207,0,98.1,10,4,4,1,0,3,0,0
55,0,85.85,3,29,4,4,0,0,0,1
0,1,45.0,10,28,3,1,0,0,0,1
116,1,116.95,7,6,4,3,0,0,0,1
62,1,126.4,5,21,4,1,2,3,0,1
47,2,114.48,7,2,4,2,2,0,3,1
256,2,67.5,11,27,4,0,1,3,0,1
0,2,115.0,9,18,4,1,0,3,3,1
111,0,146.7,7,2,4,1,0,0,3,1
50,0,96.3,4,3,4,0,1,0,0,0
174,0,141.3,10,4,4,4,0,0,3,0
0,1,143.0,9,5,4,1,0,0,0,1
34,1,94.5,10,4,4,2,2,0,0,1
7,2,0.0,6,3,1,1,0,0,6,1
40,1,78.3,2,12,4,2,1,0,0,0
0,0,101.0,11,3,4,1,0,0,0,1
15,1,116.0,8,31,4,4,0,0,3,1
25,2,145.0,9,25,4,0,2,0,0,1
192,1,105.3,7,31,4,1,2,0,0,0
38,0,125.55,10,4,4,3,0,0,3,0
251,2,100.3,9,25,4,2,2,0,0,0
20,1,92.67,12,9,4,2,1,3,0,1
17,0,38.67,11,13,3,2,1,0,0,1
89,0,80.75,10,3,3,1,1,0,0,1
45,0,95.74,11,1,4,8,2,0,0,0
56,0,71.52,2,8,4,2,1,0,1,1
0,0,177.0,7,11,4,0,1,0,5,1
129,0,137.7,8,25,4,2,0,0,3,1
24,2,104.55,5,29,4,2,2,0,0,1
78,1,87.3,4,2,4,1,1,0,0,1
139,0,81.25,8,11,3,3,2,0,0,1
296,1,117.0,9,21,4,4,0,1,0,0
330,0,172.8,8,31,4,2,0,0,5,0
31,1,67.6,3,7,4,3,1,3,0,1
36,0,135.9,8,20,4,1,2,0,0,0
101,0,126.9,5,6,4,2,0,0,0,0
146,2,127.8,7,8,4,1,0,0,3,1
42,2,174.25,11,7,4,2,1,0,0,1
45,2,146.7,7,10,4,0,1,0,3,1
94,0,80.75,5,13,3,2,1,0,0,1
5,2,194.0,5,20,4,1,0,1,3,1
36,1,88.4,12,18,4,2,2,0,0,1
386,1,90.0,10,23,4,0,2,1,0,0
196,0,128.7,8,6,4,1,1,0,0,0
11,1,139.0,6,30,4,3,0,3,0,0
210,0,105.4,10,21,3,2,2,0,0,0
17,1,133.0,9,21,4,3,1,0,0,1
115,0,114.3,7,8,4,2,0,0,0,0
31,1,64.67,11,14,4,5,2,0,0,1
3,0,98.0,5,2,2,0,1,0,0,1
62,0,99.9,6,20,4,1,1,0,0,0
15,1,145.0,7,8,4,2,1,0,0,0
80,0,98.41,7,1,4,1,0,0,3,0
3,1,67.0,3,3,2,1,0,0,0,1
5,2,166.5,12,2,4,2,0,0,3,1
112,1,101.58,5,4,4,4,0,3,0,1
182,1,90.95,9,22,3,5,2,0,3,1
23,1,111.33,9,30,4,3,0,0,0,1
0,1,55.0,3,2,2,2,0,0,0,1
64,1,118.8,4,23,4,1,1,0,3,1
2,1,101.0,4,21,4,1,0,0,0,1
16,1,138.0,12,29,4,3,0,0,0,1
38,0,80.0,10,13,3,3,0,0,0,1
55,0,85.5,8,30,3,6,2,0,0,1
79,1,192.03,12,30,3,2,0,0,0,1
8,1,160.0,7,17,4,0,2,0,0,1
46,2,159.3,4,29,4,2,1,0,3,1
142,2,72.25,7,13,3,4,1,0,0,1
26,2,142.0,10,3,4,2,1,3,0,1
30,1,83.8,11,29,4,4,0,3,0,1
11,3,156.8,6,26,3,2,2,0,3,1
14,0,169.0,7,28,4,2,0,1,0,0
140,1,75.44,5,28,4,4,2,0,0,1
37,1,108.11,5,21,4,1,0,0,3,1
28,2,130.0,11,2,4,3,0,0,0,1
35,0,79.2,12,7,4,7,2,3,0,0
80,0,102.6,12,26,4,2,1,0,3,0
65,1,149.4,9,9,4,2,0,0,3,0
5,1,68.53,5,16,4,0,1,3,0,1
0,1,90.71,9,7,4,4,1,0,0,1
14,1,107.67,11,18,4,2,1,0,0,1
4,2,114.73,5,23,4,0,1,3,0,1
110,0,118.06,7,3,3,2,2,1,3,1
1,0,0.0,10,1,4,0,0,3,0,1
88,1,85.51,3,17,4,7,2,0,0,1
14,1,78.54,9,4,4,3,2,0,3,1
143,0,59.5,3,25,3,2,1,0,0,1
58,0,60.0,2,5,3,2,1,0,0,1
1,0,67.5,1,8,4,2,0,3,0,1
45,0,72.9,1,23,4,1,1,0,0,0
109,1,77.03,4,30,4,1,2,0,0,1
23,1,68.07,11,24,4,3,2,0,0,1
59,1,119.0,12,11,4,2,2,0,3,1
50,1,90.0,11,13,3,2,1,0,3,1
1,0,75.0,3,8,2,3,0,0,3,1
162,0,60.0,9,17,3,3,0,0,0,1
21,0,105.0,9,1,4,4,0,0,0,1
351,3,85.85,12,23,4,7,3,0,3,1
16,2,88.8,3,3,4,3,1,0,3,1
3,0,79.0,12,5,2,2,1,0,0,1
181,0,71.1,11,18,4,2,0,3,0,0
1,1,31.0,2,26,2,2,0,0,0,1
94,1,132.6,5,17,4,4,0,0,3,1
63,2,106.88,9,3,4,2,2,0,0,1
13,1,111.85,6,5,4,0,1,0,0,1
63,0,68.85,7,8,4,8,2,3,0,0
114,1,85.0,12,1,4,3,1,0,0,0
273,1,76.46,10,21,4,2,1,0,0,1
96,0,131.4,8,26,4,2,0,0,3,0
143,1,100.0,8,25,3,3,0,0,0,1
164,0,100.2,10,24,4,2,1,0,0,0
38,2,157.5,10,14,4,2,0,0,3,1
11,1,102.0,1,27,4,2,0,0,0,1
17,1,230.0,8,22,4,3,1,0,5,1
11,1,80.3,1,20,4,2,0,0,0,1
108,1,76.5,7,19,4,7,4,0,0,0
180,0,114.75,8,11,4,3,1,0,0,0
5,0,55.74,3,7,3,4,1,0,0,1
91,0,185.85,5,13,4,2,0,0,0,0
133,0,86.36,8,15,3,2,1,0,0,0
15,1,89.0,6,23,4,1,0,3,0,0
1,1,119.0,5,30,4,0,1,3,0,1
77,0,107.95,4,16,4,2,2,0,3,0
58,0,63.0,3,17,3,3,0,0,0,1
113,2,115.74,12,26,4,5,1,0,3,1
12,0,80.42,12,25,4,2,1,0,1,1
28,0,74.08,3,7,4,5,2,0,3,1
75,3,149.4,9,14,4,4,0,0,3,1
12,1,90.0,8,31,4,2,1,0,0,1
148,1,105.96,7,25,4,5,2,0,0,1
41,2,152.1,8,19,4,2,2,0,0,1
85,2,89.7,11,14,4,3,1,0,0,1
3,2,93.0,1,25,4,0,1,0,0,1
3,2,149.0,9,15,4,2,0,3,0,1
19,1,100.0,2,21,4,0,2,0,0,0
9,1,67.22,2,24,4,2,0,0,0,1
151,0,80.0,1,19,3,1,0,0,0,1
156,1,85.0,11,16,4,4,0,0,0,0
6,0,65.0,5,23,2,1,1,0,0,1
64,1,114.3,7,26,4,3,0,0,0,1
7,1,116.8,10,21,4,2,0,3,0,1
131,0,129.6,9,9,4,2,0,0,0,0
29,0,132.05,9,9,4,2,0,3,0,0
31,0,88.0,11,27,4,1,2,3,0,0
40,1,98.1,6,5,4,0,1,3,0,1
61,1,149.4,9,11,4,3,2,0,3,1
130,1,117.41,6,16,4,6,2,0,0,1
7,1,78.5,2,11,3,3,0,1,0,1
35,1,63.06,3,16,4,3,0,0,0,1
0,0,74.14,5,16,4,0,1,3,0,1
60,0,84.45,3,5,4,3,2,0,3,1
29,0,63.0,11,6,3,2,1,0,0,1
26,4,206.5,8,29,4,1,1,0,5,1
21,0,119.0,6,23,4,1,0,0,0,0
2,1,138.67,9,14,4,2,1,0,0,1
67,2,130.4,12,5,4,1,2,3,0,1
29,0,64.8,3,23,3,3,0,3,0,1
89,1,74.8,12,22,4,3,2,3,0,1
1,0,75.0,8,28,3,1,2,3,0,1
3,1,112.5,4,2,4,2,2,0,0,1
11,1,90.0,8,29,4,1,0,0,0,1
52,1,108.0,10,2,4,0,2,3,0,0
42,0,60.0,1,14,3,3,1,0,0,1
97,0,108.0,10,17,4,5,2,3,0,0
168,0,105.3,8,20,4,1,1,0,0,0
37,0,87.3,12,26,4,2,2,0,0,1
16,1,113.67,12,4,4,2,1,0,3,1
153,2,186.3,8,20,4,1,2,0,5,0
6,0,145.9,8,25,4,3,1,0,3,0
42,1,71.1,3,11,4,2,0,3,0,1
63,2,135.9,8,14,4,2,2,0,0,1
0,2,133.0,8,11,4,3,0,0,0,1
73,1,82.69,4,27,4,3,0,3,0,1
7,0,151.0,7,11,4,2,1,0,0,1
18,0,109.0,3,17,4,3,0,0,0,0
63,1,102.9,12,3,4,3,0,0,0,1
71,1,137.1,5,13,4,2,2,0,3,1
6,0,152.0,4,16,4,1,1,0,3,0
13,0,110.0,9,20,2,3,0,0,3,0
38,2,196.46,5,27,4,2,2,0,6,1
60,1,60.0,1,31,3,0,2,0,0,1
49,1,121.13,4,1,4,2,2,0,3,1
139,0,72.25,6,19,3,2,2,3,0,1
9,0,156.0,5,5,4,1,0,0,3,0
160,1,76.5,8,5,4,2,0,0,0,1
96,1,72.25,11,28,4,1,0,0,0,0
31,1,129.6,8,23,4,5,2,0,0,1
170,0,95.63,8,16,4,4,0,3,0,0
5,2,105.0,8,16,4,1,2,0,0,1
61,0,94.5,7,17,4,0,2,3,0,0
77,0,159.3,5,17,4,3,0,0,0,0
9,0,103.05,9,2,4,4,0,0,0,1
20,1,80.0,1,5,2,2,0,0,0,1
44,0,187.11,9,15,4,3,1,0,5,0
1,2,159.0,5,2,4,0,1,0,0,1
44,0,78.26,3,12,4,3,2,0,0,0
2,1,160.0,7,7,4,3,1,0,0,1
69,2,99.45,4,13,4,4,0,0,0,1
227,0,80.75,8,29,3,5,2,0,0,1
12,0,81.0,8,22,4,1,0,3,0,1
97,1,96.3,4,8,4,2,0,0,0,1
99,1,107.95,4,27,4,4,2,0,3,1
9,3,0.0,11,11,1,2,0,0,0,1
6,1,106.33,11,27,4,1,2,0,0,1
248,1,90.95,8,14,4,5,2,0,0,1
58,0,75.0,11,23,3,3,0,0,0,1
0,0,0.0,6,24,4,2,0,0,0,1
77,2,86.4,11,23,4,1,0,0,0,1
189,2,112.2,8,16,4,4,0,0,3,0
36,1,67.32,3,29,3,2,0,0,0,1
46,1,149.4,9,11,4,3,2,0,3,0
67,1,78.3,3,10,4,3,0,0,0,1
20,1,96.9,11,13,4,3,2,0,3,0
16,0,84.33,3,3,4,3,0,3,0,0
35,1,151.5,10,8,4,1,2,0,3,1
39,0,117.9,7,2,4,1,2,0,0,0
37,1,125.1,3,18,4,1,0,1,0,1
1,1,106.2,9,29,4,1,0,0,0,1
5,0,138.0,4,10,4,5,2,0,3,0
5,0,116.0,4,20,4,2,0,0,3,0
184,0,122.4,10,4,4,3,0,0,3,0
33,0,0.0,10,7,4,0,0,3,0,1
1,0,75.0,9,15,2,2,0,0,0,1
15,1,236.14,9,18,4,10,4,0,5,0
178,2,132.25,7,23,4,4,2,1,0,0
50,0,126.9,5,21,4,1,0,0,0,0
35,1,174.25,11,7,4,3,1,0,0,1
75,1,74.8,12,2,4,2,2,3,0,1
188,1,116.1,9,1,4,3,0,3,0,0
52,2,108.11,5,27,4,2,1,0,3,1
77,0,90.95,4,13,4,4,0,0,0,1
146,0,116.45,7,4,4,5,1,0,3,0
161,1,91.48,10,2,4,3,2,0,0,1
91,0,126.9,8,21,4,0,2,0,0,1
69,0,110.08,4,17,4,2,2,0,3,1
12,1,89.0,1,16,4,5,2,0,0,1
21,0,117.0,10,5,4,2,1,0,0,1
51,1,102.6,11,4,4,4,1,0,3,1
50,1,62.29,2,12,4,2,0,0,0,1
0,0,154.0,7,27,4,2,0,3,0,1
57,0,105.25,4,22,4,5,2,0,4,1
8,0,90.0,8,16,4,2,2,0,0,1
90,1,105.3,4,11,4,0,1,0,3,1
22,0,59.09,12,26,4,1,2,0,0,1
11,2,139.0,8,8,4,3,1,3,0,1
5,1,88.0,12,5,2,1,1,0,0,1
2,2,100.67,8,21,4,2,1,0,0,1
0,0,6.0,10,7,1,1,0,0,0,1
24,1,108.08,9,10,4,3,1,0,0,1
94,2,132.3,10,19,4,4,0,0,3,1
32,1,60.0,1,1,3,3,2,0,0,1
75,0,157.6,4,14,4,3,0,0,5,0
125,1,89.25,10,15,4,3,2,0,0,1
87,0,96.3,6,26,4,0,1,0,0,0
91,0,75.0,5,11,3,4,0,0,0,1
101,0,186.3,6,28,4,3,0,0,5,0
112,0,96.3,4,9,4,1,0,0,0,1
262,0,100.3,9,13,4,4,0,0,0,0
90,1,90.9,4,18,4,2,1,0,0,0
67,1,71.74,4,2,4,2,2,0,0,1
1,0,79.5,7,26,2,2,0,0,0,1
27,0,66.0,3,6,3,1,2,0,0,1
42,2,142.2,8,30,4,4,0,0,3,1
75,0,168.3,8,13,4,1,2,0,3,0
95,1,141.32,5,22,4,3,2,0,3,0
90,0,119.85,5,12,4,3,1,0,0,0
47,1,59.91,3,11,4,2,1,0,0,1
115,1,96.33,9,23,4,2,1,3,0,1
49,2,118.8,10,3,4,3,1,0,0,1
97,0,112.6,9,8,3,3,2,0,0,1
46,1,128.38,11,4,4,3,2,0,0,1
77,1,198.9,5,31,4,4,0,0,5,1
232,1,66.53,10,23,4,3,2,0,0,1
33,0,138.0,10,9,4,1,2,0,0,0
8,0,87.0,8,14,3,2,0,1,0,1
181,1,120.0,10,11,3,2,0,0,0,0
0,1,98.0,8,8,4,1,0,0,0,1
90,0,123.08,5,20,3,2,2,0,4,1
2,0,145.0,10,10,4,1,1,0,0,1
1,0,144.0,10,7,4,2,0,0,0,1
33,2,78.5,3,5,4,1,2,0,0,1
122,0,75.0,6,9,3,3,1,0,0,1
5,0,135.0,10,19,4,3,1,0,0,1
37,0,120.0,12,28,4,3,0,3,0,0
153,0,119.28,7,5,4,5,1,0,3,0
0,1,123.0,10,22,4,1,0,3,0,1
2,0,69.0,2,25,3,1,0,0,0,1
271,0,71.64,12,3,4,1,2,0,0,1
27,0,166.0,6,28,4,2,0,0,3,0
2,0,90.09,11,1,4,3,2,0,3,1
47,1,105.3,4,19,4,2,0,0,0,1
100,0,80.75,9,25,3,1,2,0,0,1
13,1,101.0,4,8,4,1,0,0,0,1
195,0,126.9,9,28,4,3,0,0,0,0
70,1,105.3,4,22,4,2,0,0,0,0
143,1,137.7,7,4,4,2,1,0,3,0
95,2,86.25,11,14,4,3,1,0,0,1
80,1,142.07,7,10,4,5,2,1,0,1
19,1,64.67,11,14,4,3,1,0,0,1
27,2,177.0,10,17,4,2,1,1,0,1
65,1,72.09,10,30,4,0,1,3,0,0
34,0,65.0,7,19,2,1,0,0,0,1
111,2,150.45,6,13,4,5,2,0,3,0
58,1,95.48,10,18,4,4,0,0,3,1
58,1,53.97,2,4,4,3,0,3,0,1
10,0,149.0,9,11,4,0,2,3,0,0
110,3,143.1,6,3,4,1,0,0,0,1
11,2,109.67,4,16,4,1,2,0,0,1
227,2,102.85,10,4,4,5,0,0,0,0
19,1,159.0,9,23,4,2,1,0,0,0
83,1,105.3,3,25,4,2,1,0,3,1
199,1,65.45,3,18,4,2,1,0,0,1
29,0,104.73,3,4,4,2,1,0,0,0
14,1,142.0,4,15,4,2,0,0,3,1
3,0,80.0,2,25,2,1,0,0,0,0
113,2,115.85,6,16,4,3,2,0,0,1
8,3,129.2,6,4,4,1,0,0,0,1
0,0,106.0,2,13,4,1,0,0,3,1
61,0,56.0,12,27,3,3,2,0,3,1
4,1,68.0,2,29,2,4,1,0,0,1
172,2,117.3,8,19,4,2,1,0,0,0
11,1,75.92,3,1,4,2,0,0,0,1
38,0,0.0,12,16,1,2,0,0,0,1
7,0,65.0,8,19,2,2,0,0,0,1
80,3,149.4,9,17,4,3,2,0,3,1
95,0,120.0,6,14,3,3,0,0,0,0
61,0,256.1,7,10,4,1,2,0,6,0
10,3,120.0,10,29,4,1,2,3,0,1
20,0,68.53,9,11,4,0,1,3,0,0
73,0,75.0,12,1,3,3,0,0,0,1
195,2,90.9,10,18,4,4,0,0,0,0
69,1,110.08,4,18,4,3,1,0,3,1
58,3,159.3,5,13,4,2,0,0,3,1
61,1,120.6,7,17,4,3,2,0,3,1
105,0,75.0,10,12,3,3,0,0,0,0
11,1,148.0,9,5,4,3,1,0,0,1
230,1,119.85,9,18,4,2,2,0,0,0
47,1,130.61,9,27,4,4,0,0,3,0
45,1,80.3,2,25,4,3,0,0,0,1
80,0,105.3,7,20,4,1,0,0,0,0
74,0,116.1,6,17,4,2,0,3,0,0
216,0,177.3,8,6,4,1,1,0,5,0
67,1,86.4,11,26,4,1,1,0,0,1
17,2,106.0,12,28,4,0,1,0,0,1
199,0,140.0,11,16,4,2,0,0,3,0
24,0,55.0,12,4,3,2,0,0,0,1
0,0,124.0,9,21,4,2,1,0,0,1
64,2,115.5,9,5,4,2,1,0,3,1
64,2,144.9,9,18,4,1,2,0,0,1
6,0,65.0,6,8,2,1,0,0,0,1
105,0,123.3,10,26,4,3,0,0,3,0
33,1,111.42,8,29,4,4,1,0,0,1
122,0,109.65,6,11,4,2,2,3,0,1
42,0,74.88,11,25,4,2,0,0,0,1
69,2,76.5,7,22,4,5,2,0,0,0
4,3,128.0,8,17,4,1,1,0,0,1
50,0,76.5,2,29,4,0,1,3,0,0
41,1,112.0,11,2,3,4,1,0,0,1
112,0,120.0,6,2,3,3,0,0,0,0
7,1,66.57,2,14,4,2,2,0,0,1
46,0,112.5,3,18,4,2,0,0,3,0
94,0,123.3,7,21,4,3,1,0,3,1
10,1,87.0,1,15,4,2,0,0,0,1
0,0,137.0,6,28,4,1,0,3,0,1
155,0,103.5,7,18,4,1,1,3,0,0
116,0,70.0,2,28,3,1,2,0,0,0
85,0,72.76,4,11,3,5,1,0,0,1
0,0,0.0,8,6,1,1,0,0,0,1
5,1,145.0,3,26,4,3,2,0,0,1
32,0,150.3,3,31,4,3,1,0,0,0
4,0,164.0,6,14,4,2,0,1,0,0
28,2,160.3,10,4,4,5,0,0,3,0
41,0,126.9,5,16,4,0,1,0,0,0
132,3,179.0,10,21,4,1,0,0,0,1
27,2,145.28,3,28,4,3,1,0,0,1
52,0,85.85,3,28,4,3,1,0,0,0
11,2,186.0,5,2,4,1,1,0,3,1
37,0,135.9,8,1,4,3,1,0,0,0
9,0,169.0,7,23,4,1,0,0,0,0
82,0,99.96,10,9,3,2,2,0,3,1
27,2,106.02,10,5,4,4,1,0,0,1
75,0,135.0,10,11,4,5,0,0,0,0
2,1,121.0,6,7,4,3,0,0,0,1
156,0,137.7,8,23,4,2,0,0,3,0
65,0,68.0,12,17,3,1,2,0,0,1
32,0,112.59,7,3,4,0,2,3,0,0
22,1,200.75,9,15,4,2,0,0,0,0
22,0,114.0,9,18,4,1,0,0,0,1
46,0,85.0,3,21,3,2,1,0,0,0
6,2,130.0,1,30,4,3,2,0,3,1
8,1,65.0,3,30,2,5,2,0,0,1
21,0,135.0,3,31,4,4,2,0,0,0
11,0,100.0,10,11,2,3,2,0,0,1
2,1,81.75,5,15,3,2,2,0,0,1
0,0,0.0,8,25,1,2,0,0,0,1
17,1,96.08,1,1,4,2,1,0,1,1
0,0,114.0,10,18,4,0,1,0,0,1
9,2,177.0,9,12,4,1,2,0,5,1
35,1,85.0,8,20,3,1,2,0,0,1
193,1,120.7,12,28,4,4,0,0,3,0
28,0,99.0,9,1,4,2,0,3,0,1
9,1,0.0,9,5,1,1,0,0,4,1
31,0,81.5,2,4,2,2,0,0,0,1
46,1,87.0,12,23,4,2,0,0,0,1
5,2,221.0,5,19,4,1,0,0,5,1
4,0,117.0,11,2,4,2,1,0,0,1
6,1,88.4,12,12,4,3,1,0,0,1
34,1,119.5,6,12,4,1,2,0,1,1
0,0,106.65,9,26,4,0,1,3,0,1
1,0,79.0,1,20,4,2,0,3,0,1
20,1,159.0,7,25,4,4,1,0,0,1
9,0,79.0,2,21,4,1,2,3,0,0
42,1,94.5,10,13,4,3,0,0,0,1
0,0,90.0,8,4,4,1,0,0,0,1
118,1,118.8,9,17,4,2,2,3,0,1
1,1,111.65,9,22,4,3,0,0,0,1
3,0,65.0,9,28,2,1,1,0,0,1
59,0,151.2,10,9,4,0,1,0,3,1
232,2,91.8,12,1,4,3,0,0,3,1
0,1,119.33,5,30,4,2,1,0,0,1
3,0,114.67,3,7,4,5,1,0,0,1
280,0,86.7,12,31,4,1,2,0,0,0
36,1,108.0,10,20,4,1,0,3,0,1
28,1,147.25,4,11,4,3,1,1,0,1
92,0,123.5,7,17,4,2,2,0,0,1
24,2,145.0,10,24,4,1,0,0,0,1
0,0,138.99,9,27,4,1,0,0,0,1
84,0,99.45,3,24,4,3,1,0,3,1
34,0,84.69,2,19,4,9,4,0,0,0
27,2,96.9,11,13,4,2,2,0,3,1
6,0,0.0,11,13,1,0,1,0,5,1
64,4,127.5,10,31,4,2,1,0,3,1
338,0,80.0,10,7,4,2,1,0,0,0
53,1,75.95,2,20,4,2,2,0,0,1
112,1,79.2,12,16,4,2,1,3,0,0
16,0,104.0,12,6,4,3,0,0,0,1
12,2,125.8,12,28,4,4,0,0,3,1
152,0,91.93,8,20,4,5,2,3,0,0
2,1,45.0,4,5,2,1,0,0,0,1
38,2,99.9,6,20,4,3,1,0,0,1
73,1,60.29,3,29,4,2,0,3,0,1
38,1,95.48,10,3,4,3,1,0,3,1
30,1,80.47,11,4,4,1,0,3,0,0
6,0,65.0,8,12,2,1,0,0,0,1
11,0,94.6,9,13,4,2,2,0,0,1
139,0,105.3,5,15,4,1,2,0,0,1
169,0,123.25,5,25,4,4,0,0,3,0
1,2,209.1,6,29,4,3,0,0,6,1
18,0,95.0,9,25,3,3,2,0,0,1
9,1,80.3,1,15,4,2,0,0,0,1
115,1,119.85,6,11,4,4,2,0,0,1
18,0,100.0,6,21,2,3,0,0,0,1
114,0,107.95,5,9,4,3,1,0,3,0
7,1,156.0,6,19,4,2,2,0,3,1
3,1,67.0,9,12,2,2,1,0,0,1
25,0,85.0,10,17,3,2,1,0,0,1
32,1,140.7,4,13,4,3,0,0,3,1
45,1,102.04,10,4,4,3,0,0,3,1
191,0,86.75,7,25,4,4,1,0,0,0
117,0,72.67,4,29,4,2,0,0,0,0
106,0,86.06,4,26,4,6,2,3,0,0
176,0,125.1,9,8,4,3,0,0,0,0
17,0,97.0,3,19,4,1,0,3,0,1
14,0,159.0,5,8,4,3,2,0,3,0
195,1,66.53,7,27,4,6,2,0,0,1
83,2,96.3,4,10,4,1,2,0,0,1
0,0,99.2,9,7,3,1,1,0,0,1
99,0,121.5,7,16,4,1,0,0,0,0
32,0,198.9,9,2,4,1,0,0,1,0
43,0,86.75,1,14,4,3,0,0,1,0
7,1,112.0,5,21,3,1,1,1,0,1
65,0,129.2,9,26,3,2,2,0,0,1
1,0,0.0,2,6,4,0,0,0,0,1
6,1,62.0,2,25,3,3,0,0,0,1
10,1,94.91,11,4,4,2,2,3,0,1
18,1,129.0,4,2,4,1,0,3,0,1
6,0,89.0,10,3,2,0,1,0,0,1
3,1,75.0,1,5,4,1,0,3,0,1
137,1,93.7,8,30,4,2,0,0,1,1
0,0,124.0,8,18,4,1,0,0,0,1
21,0,95.0,4,28,3,1,0,0,0,1
209,1,128.7,10,21,4,3,2,0,3,0
124,4,163.8,9,4,4,1,2,1,0,1
12,1,91.38,11,23,4,4,0,0,0,1
45,1,134.1,7,5,4,1,0,0,0,1
40,0,65.0,2,27,3,1,0,0,0,1
4,1,0.0,11,19,1,1,0,0,3,1
6,1,67.0,8,28,2,0,2,0,0,1
95,1,185.4,11,7,4,2,1,0,3,1
26,1,120.12,5,20,4,2,0,0,3,1
10,2,80.0,8,21,4,2,1,0,0,1
109,0,0.0,10,3,1,1,1,0,0,1
18,1,151.0,7,3,4,0,1,0,0,1
81,0,89.25,9,16,4,4,2,0,0,1
59,0,75.0,11,12,3,1,2,0,0,1
0,0,65.0,11,2,2,1,0,0,0,1
111,1,159.3,8,13,4,5,2,0,3,1
13,1,64.0,12,6,3,0,2,0,0,1
1,1,174.0,8,26,4,2,1,0,3,1
76,1,135.0,10,12,4,4,2,0,0,0
1,1,96.0,8,10,4,3,1,3,0,1
276,0,95.0,9,22,4,3,0,0,0,0
52,0,132.9,7,8,4,2,1,0,0,0
29,1,86.93,3,8,4,3,0,0,0,1
57,1,60.98,11,22,4,1,0,3,0,1
17,1,104.0,11,6,4,1,0,3,0,1
21,1,118.0,9,7,4,1,0,3,0,1
8,1,85.0,2,19,3,2,1,0,0,1
25,1,96.0,3,11,4,2,2,0,0,1
19,0,75.0,11,2,3,1,0,0,0,1
88,2,150.3,8,19,4,2,0,0,3,1
60,1,106.2,4,27,4,2,0,0,0,1
19,1,68.26,11,20,4,5,2,0,0,1
57,1,93.6,11,18,4,2,0,0,0,0
105,0,75.0,10,12,4,3,0,0,0,0
9,2,179.0,6,20,4,2,1,1,0,1
193,1,97.71,9,10,4,1,2,0,0,1
32,0,63.75,10,5,3,3,1,0,3,1
1,1,157.85,9,29,4,3,0,0,3,1
123,3,90.0,11,28,4,1,1,0,0,1
47,0,108.0,10,11,4,3,0,3,0,1
7,2,215.0,5,13,4,1,0,0,3,1
117,2,149.3,5,5,4,3,0,0,3,1
11,2,155.0,10,9,4,1,0,0,3,1
41,2,123.3,8,31,4,4,1,0,3,1
101,0,68.0,7,9,3,2,2,0,0,0
51,0,85.5,3,16,2,1,0,0,0,1
5,0,0.0,12,22,1,5,0,0,1,1
18,1,131.0,8,20,4,1,0,0,0,1
159,2,130.05,7,23,4,3,2,0,3,0
10,1,160.16,8,22,4,4,1,0,6,1
207,0,112.5,8,17,4,2,0,0,0,0
64,1,132.3,10,14,4,2,1,0,3,1
148,0,99.45,5,6,4,3,2,0,0,1
56,1,109.8,12,8,4,3,0,0,0,1
116,0,82.0,2,28,3,1,2,0,0,1
54,3,106.2,11,11,4,2,0,0,3,1
53,1,115.04,9,20,4,3,0,0,3,1
17,1,60.0,1,30,4,1,1,3,0,1
17,2,129.0,7,29,4,1,0,0,0,1
89,3,108.0,10,8,4,2,2,0,1,1
21,0,103.13,8,31,4,5,3,0,0,1
1,0,88.0,11,22,2,1,0,0,0,1
34,0,131.4,4,4,4,4,1,0,3,0
45,1,135.9,6,17,4,4,2,0,3,1
2,3,0.0,10,6,1,1,0,0,0,1
7,0,97.0,3,8,3,1,0,0,0,1
18,2,166.0,6,16,4,3,0,0,3,1
1,0,90.0,3,8,4,1,0,3,0,1
190,1,175.1,9,30,4,2,2,0,5,0
50,0,141.0,11,2,3,4,0,1,0,1
2,1,100.67,11,21,4,2,1,0,0,1
201,0,72.08,7,6,3,3,0,0,0,1
7,2,169.0,7,11,4,0,1,0,0,1
50,1,75.95,1,24,4,3,2,0,0,1
34,0,75.0,10,25,3,3,2,0,3,1
77,0,89.25,9,18,4,2,2,0,0,1
88,0,180.63,4,28,4,3,1,0,5,0
134,0,89.25,7,13,4,4,0,3,0,1
118,1,90.95,4,13,4,4,0,0,0,1
188,0,61.88,11,21,3,2,1,0,0,1
14,0,65.0,4,29,3,1,0,0,0,1
49,0,76.5,9,2,3,3,0,0,0,1
0,1,136.0,10,15,4,2,0,0,3,1
1,0,106.54,8,11,4,10,3,0,0,0
63,0,99.0,9,3,4,1,0,3,0,0
47,0,152.2,11,7,4,3,1,3,0,0
11,1,127.6,8,19,4,1,0,0,1,1
18,0,87.0,2,21,3,2,2,0,0,1
6,2,184.0,9,13,4,3,0,0,3,1
90,0,78.3,3,18,4,2,1,0,0,1
70,0,69.5,2,5,4,2,0,3,0,1
61,0,60.0,11,21,3,2,2,0,3,1
0,0,88.0,11,26,2,1,0,0,0,1
298,0,93.0,5,10,3,2,0,0,0,1
7,1,85.96,3,4,4,2,2,0,1,0
175,1,99.45,8,2,4,4,0,0,0,1
184,1,162.9,10,25,4,4,0,0,5,0
186,0,125.1,10,2,4,5,2,0,0,0
26,0,75.0,10,14,3,4,1,0,3,1
67,1,90.95,4,22,3,2,0,0,3,1
18,1,112.72,9,16,4,2,1,3,0,1
78,0,72.72,4,7,3,1,0,0,0,1
24,0,95.0,9,18,3,1,2,0,0,1
216,0,86.7,8,30,3,4,0,0,3,1
68,2,133.2,4,24,4,0,2,0,3,1
1,0,95.0,9,6,2,1,0,0,0,1
181,1,112.2,8,4,4,5,2,0,3,0
65,0,105.9,4,26,4,3,0,0,0,0
23,2,129.0,9,28,4,2,0,0,0,1
0,0,73.81,8,2,4,1,0,3,0,1
10,1,136.0,12,28,4,3,1,0,3,1
138,0,104.55,8,4,4,3,2,0,0,0
87,2,93.6,12,16,4,2,0,0,0,1
0,1,0.0,4,20,1,1,0,2,6,1
82,0,143.1,6,14,4,1,0,3,0,0
67,0,109.1,4,1,4,1,0,0,0,1
25,0,70.0,12,14,3,0,1,0,0,1
54,0,85.5,7,3,3,1,2,0,0,1
152,2,140.7,8,4,4,3,0,0,0,0
132,1,89.25,10,25,4,3,2,0,0,1
65,3,114.3,9,2,4,2,2,0,0,1
42,2,88.0,11,2,4,1,0,3,0,1
5,2,81.07,2,27,4,1,0,0,0,1
92,2,119.85,6,10,4,2,2,0,0,1
52,1,72.76,10,23,4,1,0,0,0,1
62,2,97.2,11,4,4,2,1,0,0,1
33,0,85.5,9,28,3,3,0,0,0,1
62,0,60.0,11,25,3,4,0,0,3,1
107,2,189.0,7,13,4,4,0,1,3,1
117,2,108.0,10,2,4,0,1,3,0,1
75,0,80.75,6,26,3,1,2,0,0,1
30,0,139.05,2,2,4,5,1,0,1,0
0,2,80.0,8,6,4,1,0,0,0,1
64,0,93.5,3,18,4,2,2,0,0,1
0,0,156.0,10,3,4,0,1,0,4,1
37,0,69.9,2,22,4,2,1,3,0,0
1,0,65.0,11,4,2,1,0,0,0,1
21,1,183.15,9,9,4,2,0,1,0,1
56,2,177.3,7,19,4,2,0,0,5,1
207,0,90.95,8,5,4,3,2,0,0,0
66,1,190.8,10,20,4,2,0,0,5,1
7,2,55.0,3,2,3,2,0,0,0,1
36,1,68.07,12,10,4,6,2,0,0,1
217,2,90.1,5,25,4,4,0,0,0,0
65,1,135.9,9,22,4,1,0,0,0,1
105,0,96.3,4,17,4,1,2,0,3,1
39,1,83.9,3,3,4,3,1,0,0,1
10,3,135.0,10,3,4,2,1,3,0,1
89,0,114.3,7,5,4,3,0,0,0,0
19,1,89.89,12,6,4,4,0,0,0,1
69,2,137.7,4,21,4,2,0,0,3,1
3,1,145.0,9,22,4,3,0,0,0,1
179,1,97.7,6,3,4,2,0,0,3,1
98,0,82.5,4,9,4,1,2,3,0,1
7,0,79.0,12,13,2,2,0,0,0,1
56,2,119.7,7,3,4,3,2,0,0,1
2,0,67.0,12,21,2,2,0,0,0,1
0,2,96.0,8,28,4,1,0,0,0,1
18,0,104.0,11,16,4,0,1,0,0,1
35,0,89.0,5,16,2,0,1,0,0,1
59,1,68.07,12,7,4,4,0,0,0,1
4,2,175.0,8,30,4,2,0,0,3,1
1,0,176.0,5,21,4,1,0,0,3,1
100,2,93.6,7,6,4,4,1,1,0,0
15,1,104.72,10,7,4,3,0,0,3,1
7,1,114.0,10,5,4,1,1,3,0,1
85,1,131.4,6,4,4,1,1,0,0,1
1,1,275.0,9,20,4,1,0,0,5,1
359,0,95.0,9,16,4,2,2,0,0,0
9,1,166.0,7,13,4,3,0,0,3,1
62,1,207.9,9,24,4,4,2,0,5,1
160,1,114.3,8,2,4,3,0,0,0,0
32,2,115.2,3,22,4,1,0,0,0,1
77,0,75.0,12,8,3,3,0,0,0,1
0,2,81.0,8,6,4,1,0,3,0,1
69,1,75.0,12,1,3,3,0,0,0,1
2,0,150.33,4,6,4,3,0,0,3,1
1,2,78.0,12,14,4,3,0,3,0,1
24,1,118.15,7,2,4,1,0,0,0,1
90,0,96.3,3,25,4,2,1,0,0,1
2,1,79.0,1,21,4,1,0,0,0,1
37,0,116.1,5,13,4,1,0,3,0,1
231,1,90.95,8,21,4,2,2,0,0,1
52,2,74.8,12,1,4,3,1,3,0,1
212,0,90.95,8,22,4,4,1,0,0,0
1,1,125.0,3,30,4,1,0,0,3,1
38,1,161.33,10,19,4,3,0,0,3,0
1,0,97.0,6,23,4,1,0,3,0,1
191,1,99.45,7,27,4,4,1,0,3,0
33,0,104.49,5,9,4,1,1,3,0,0
80,1,122.4,12,31,4,1,0,0,0,1
51,0,69.11,10,12,4,3,1,0,0,1
86,0,127.8,4,20,4,2,0,0,3,0
46,0,48.6,2,13,4,1,0,3,0,0
0,1,158.0,8,18,4,1,0,3,0,0
10,2,110.17,9,5,4,4,2,3,0,1
37,0,131.4,7,1,4,1,0,0,3,0
5,1,139.0,7,14,4,3,0,3,0,1
15,0,119.0,9,5,4,0,1,3,0,1
9,2,0.0,9,11,1,0,1,0,6,1
12,0,72.0,1,19,3,3,0,0,0,1
79,0,120.6,6,16,4,4,2,3,0,1
57,1,146.96,9,24,4,5,2,0,3,1
173,0,105.3,8,2,4,2,0,0,0,0
9,2,90.0,1,27,4,1,0,3,0,1
39,1,81.9,3,10,4,3,2,0,0,0
90,3,95.0,9,5,3,5,1,0,0,1
220,1,118.25,10,24,4,4,1,3,0,0
0,1,126.0,10,30,4,2,1,0,3,1
0,0,72.8,1,14,4,1,0,0,0,1
12,2,101.0,4,17,4,1,2,0,0,1
93,2,76.5,8,15,4,3,2,0,0,0
10,0,107.0,5,21,3,1,1,0,3,1
16,1,169.6,11,6,4,3,2,0,0,1
5,1,64.68,4,18,4,0,1,3,0,1
135,2,90.0,11,5,4,1,1,0,0,1
74,1,91.5,6,26,4,1,2,3,0,1
47,0,134.1,6,22,4,2,0,0,3,0
118,0,63.75,8,20,3,1,0,0,0,0
3,2,106.0,8,21,4,2,0,0,0,1
28,1,141.67,12,30,3,2,1,0,0,1
5,0,130.13,4,28,4,1,0,1,0,1
131,1,83.83,6,26,4,3,2,0,1,1
142,0,243.6,8,5,4,2,1,1,5,0
47,0,80.75,10,16,3,2,2,0,0,1
1,0,105.0,9,3,4,1,0,0,0,1
126,2,118.8,10,8,4,1,1,0,0,1
36,1,116.1,5,21,4,1,1,3,0,1
90,1,89.74,3,20,4,5,2,0,3,0
90,1,96.3,4,15,4,2,1,0,0,1
36,0,140.4,4,30,4,2,2,0,3,0
34,1,151.2,10,4,4,3,0,0,3,1
2,1,159.0,11,17,4,3,0,1,3,0
8,2,79.0,1,20,4,4,0,3,0,1
9,1,127.0,2,12,4,2,0,0,3,1
0,1,196.0,9,30,4,1,0,0,5,1
119,1,97.75,7,13,3,3,0,1,0,1
168,0,144.9,5,21,4,1,0,0,3,0
115,1,165.3,8,20,4,4,2,0,3,1
279,1,80.75,8,25,4,5,2,3,0,0
110,1,85.87,11,2,4,3,0,3,0,1
39,2,96.3,11,13,4,2,1,0,0,1
217,0,101.15,9,29,4,3,1,3,0,0
16,0,83.5,3,8,4,4,0,3,0,0
116,2,172.85,12,24,4,3,2,1,3,1
79,0,80.75,4,7,4,3,1,0,0,0
51,1,125.8,3,21,4,3,1,1,0,0
24,1,85.0,10,16,3,2,2,0,0,1
12,0,65.0,10,19,2,1,0,0,0,1
107,0,81.25,8,17,3,1,0,0,0,1
1,1,203.81,10,29,4,1,0,1,3,1
28,1,104.0,9,26,4,0,1,3,0,1
144,3,126.9,9,12,4,3,1,0,0,1
106,0,105.28,5,8,4,5,2,0,0,0
99,0,140.4,5,26,4,3,0,0,3,1
0,0,133.0,12,10,4,1,0,0,3,1
130,1,116.1,6,6,4,2,1,3,0,1
2,0,91.38,11,25,4,4,2,0,0,1
33,0,108.0,10,2,4,1,2,3,0,1
28,1,87.0,1,4,3,3,1,0,0,1
35,1,94.05,10,8,4,2,0,0,0,1
4,1,136.0,5,29,4,1,2,0,3,1
35,0,71.1,3,3,4,3,1,3,0,0
49,3,117.9,7,1,4,2,1,0,0,1
8,0,139.0,7,16,4,1,1,3,0,0
179,0,82.18,8,26,4,2,2,0,0,0
13,0,102.33,6,12,4,1,2,3,0,1
141,0,124.8,8,15,4,5,1,0,3,0
39,1,107.0,12,29,4,1,0,0,0,1
68,1,63.0,1,2,3,1,2,0,0,1
41,1,149.4,9,18,4,1,2,0,3,0
350,2,91.95,12,26,4,3,1,0,0,0
37,2,207.9,8,22,4,2,1,0,5,1
231,2,96.9,8,23,3,5,2,0,0,1
14,1,81.9,1,27,4,2,0,0,0,1
4,0,108.8,6,10,4,2,0,0,3,0
0,1,65.0,3,16,2,1,0,0,0,1
0,0,146.0,6,28,4,1,0,3,0,1
119,1,118.8,8,17,4,8,2,0,3,0
38,0,156.6,9,26,4,2,1,0,3,0
191,0,94.5,8,22,4,2,1,3,0,0
3,1,130.0,6,28,4,2,0,0,0,1
117,0,86.33,2,29,3,2,1,0,0,1
41,0,85.5,9,11,3,1,2,0,0,1
64,1,86.4,11,18,4,2,1,0,0,0
41,0,208.93,9,4,4,3,2,0,1,0
142,0,85.5,6,28,4,2,0,3,0,0
147,0,99.0,7,11,4,1,1,3,0,1
179,0,80.75,9,12,3,5,2,0,0,1
44,0,67.5,2,12,4,2,0,3,0,0
7,0,67.0,5,23,2,2,1,0,0,1
46,2,86.4,11,23,4,1,0,0,0,1
26,1,110.0,8,31,4,2,0,3,0,1
1,0,65.0,11,19,2,1,0,0,0,1
117,0,96.05,4,6,4,4,1,0,3,1
2,0,112.2,9,30,3,1,0,1,0,1
6,0,148.0,8,7,4,2,2,3,0,1
2,0,116.0,4,13,4,1,0,0,3,1
24,0,74.8,3,17,3,3,0,0,0,1
4,0,67.0,3,22,2,1,0,0,0,1
26,1,151.0,7,15,4,2,1,0,0,1
38,0,88.8,6,20,4,3,1,0,0,0
15,0,99.0,9,12,4,0,1,0,0,0
1,0,91.0,2,24,4,1,0,0,0,1
0,2,129.0,6,18,4,1,0,3,0,1
11,1,161.0,3,24,4,2,0,0,3,1
1,1,175.0,9,22,4,1,0,3,0,1
55,2,79.2,11,9,4,4,1,0,0,0
3,1,151.0,8,5,4,2,0,0,0,1
116,3,143.1,9,18,4,3,2,0,3,1
101,0,150.3,8,24,4,4,0,0,3,0
72,1,72.25,11,13,4,2,0,0,0,0
226,0,112.0,9,2,4,2,1,3,0,0
22,0,221.0,6,16,4,3,0,0,5,0
37,0,37.33,11,6,4,2,1,0,0,0
72,1,116.1,5,7,4,1,1,3,0,1
386,1,90.0,10,23,3,0,2,1,0,1
44,0,65.4,3,7,3,0,1,0,0,0
56,0,90.0,4,17,4,0,2,3,0,0
11,0,95.0,9,11,3,1,2,0,0,1
194,1,105.6,10,8,4,4,2,3,0,0
91,0,88.0,12,9,4,2,0,3,0,0
160,0,105.3,7,24,4,0,1,0,0,0
108,0,74.89,4,2,4,5,2,0,1,1
56,1,79.2,12,16,4,2,0,3,0,1
61,0,78.41,3,17,4,3,1,3,0,0
1,2,104.0,3,2,4,1,0,0,0,1
5,2,171.26,2,1,4,0,1,0,6,1
8,0,146.0,6,4,4,1,1,0,3,1
16,1,283.67,8,19,4,2,1,1,5,1
169,1,107.25,5,20,3,2,2,3,0,0
135,1,94.5,8,23,4,5,0,0,0,0
0,0,0.0,4,19,1,1,0,0,0,1
261,1,106.25,11,15,4,4,0,1,0,0
75,0,80.75,9,17,3,1,1,0,0,1
19,0,148.0,12,30,4,1,0,0,3,1
212,0,86.7,11,20,4,2,2,0,3,0
46,0,75.0,10,30,3,1,2,0,0,1
59,1,96.9,12,4,4,2,2,0,3,1
0,0,0.0,5,31,1,1,0,0,0,1
4,2,120.0,11,5,4,1,0,0,0,1
11,3,0.0,12,11,1,2,0,0,6,1
151,0,97.75,8,6,4,6,3,3,0,0
0,0,89.0,4,5,4,1,0,3,0,1
1,2,184.5,7,8,4,2,2,0,3,1
40,1,134.1,9,9,4,2,2,3,0,1
131,1,105.3,7,4,4,2,1,0,0,1
110,2,119.0,12,16,4,3,2,0,3,0
154,2,78.99,10,31,4,0,1,0,0,1
2,0,104.0,4,6,2,1,0,0,0,1
156,1,68.0,7,16,3,2,2,0,0,1
228,1,106.2,5,22,4,0,2,0,0,0
72,1,72.25,3,18,4,3,2,3,0,0
27,0,120.9,9,18,4,2,2,0,0,0
1,1,176.0,5,21,4,1,0,0,3,0
156,1,94.91,7,11,3,5,2,0,0,1
5,0,95.0,10,25,0,2,0,0,0,1
39,1,89.3,1,17,4,0,2,0,3,1
123,0,97.33,7,2,4,2,2,0,0,0
88,3,108.0,10,8,4,2,2,0,1,1
5,1,79.0,2,2,4,1,0,0,0,1
7,1,134.0,10,26,3,3,1,0,3,1
197,1,86.9,8,11,4,1,0,0,3,0
10,1,160.0,7,24,4,0,1,0,0,0
7,1,86.0,3,2,4,1,0,0,0,1
18,0,118.67,12,4,4,2,1,0,0,1
162,2,85.17,9,4,3,2,1,1,0,1
31,1,71.1,3,17,4,1,0,3,0,1
16,1,31.0,2,26,2,1,0,0,0,1
261,0,65.49,7,27,4,5,2,0,0,0
113,1,58.0,3,25,3,2,1,0,0,1
31,1,233.1,9,2,4,2,1,1,5,1
43,0,86.61,2,17,4,3,0,0,4,0
83,0,59.6,3,7,4,1,1,3,0,1
190,4,132.6,9,2,4,4,2,0,3,1
264,0,96.3,10,28,4,2,1,0,0,0
66,1,126.9,6,9,4,3,1,0,0,1
104,1,72.25,4,18,4,3,1,0,0,0
111,0,120.0,10,10,3,0,1,0,4,0
206,2,105.3,10,26,4,4,1,0,0,0
0,0,88.0,12,28,4,1,0,3,0,1
58,0,80.3,3,4,4,2,0,0,0,1
0,1,106.25,12,27,4,1,0,1,0,1
24,0,65.0,11,1,2,0,1,0,0,1
60,1,60.0,1,29,3,2,0,0,0,1
1,1,79.0,11,29,2,1,0,0,0,1
115,0,60.0,2,27,3,3,2,0,0,0
8,0,132.0,8,13,4,1,1,0,0,1
7,1,103.18,10,19,4,2,0,3,0,1
3,0,131.78,6,16,4,1,0,0,1,1
58,1,152.08,9,26,4,3,1,0,5,1
33,1,111.6,5,3,4,2,0,3,0,1
6,1,79.0,2,3,4,1,0,0,0,0
44,1,149.4,9,27,4,2,0,0,3,0
32,0,121.5,4,11,4,0,1,0,0,0
179,0,111.6,8,31,4,2,0,0,0,0
206,1,99.21,8,28,4,5,2,0,0,0
141,1,123.8,9,23,4,2,0,0,0,1
24,2,128.0,9,10,3,2,2,0,0,1
38,1,121.95,4,25,4,3,1,0,0,1
262,0,104.55,12,26,4,3,1,0,3,1
32,1,130.5,7,25,4,2,1,0,0,0
107,1,95.2,4,15,4,2,2,0,3,1
3,0,162.67,7,10,4,1,2,0,3,0
83,1,141.1,7,28,4,3,0,0,3,1
119,2,76.5,8,13,4,3,0,0,0,1
39,0,120.6,4,20,4,4,1,0,3,0
118,2,110.8,12,28,4,4,1,0,0,1
64,0,89.1,10,30,4,0,1,0,0,0
144,0,80.1,10,28,4,2,1,3,0,0
150,1,107.95,8,8,4,5,2,0,0,1
77,3,100.84,4,10,4,3,2,0,0,1
115,0,64.75,2,27,3,6,2,0,0,0
69,0,88.83,9,4,4,4,2,0,0,0
47,0,103.28,4,1,4,2,2,0,3,1
78,1,60.0,2,20,3,2,2,0,0,1
189,1,97.75,8,15,3,4,1,1,0,1
77,0,198.9,8,9,4,2,0,0,5,1
3,0,105.0,12,5,4,0,1,0,0,1
224,0,86.62,7,24,4,1,2,0,1,0
87,2,181.16,7,9,4,5,2,0,5,1
72,1,146.7,7,27,4,2,0,0,3,1
10,1,101.0,11,20,4,0,1,0,0,0
111,1,82.45,4,4,4,3,1,0,0,1
9,0,79.0,2,4,4,3,0,3,0,0
96,0,112.01,5,22,4,2,2,0,1,0
176,0,97.71,9,15,4,1,0,0,0,0
179,2,96.3,7,2,4,1,2,0,0,1
13,0,91.0,6,23,4,1,0,0,0,1
76,1,58.9,3,27,4,3,2,3,0,1
40,0,72.0,4,27,4,1,0,3,0,1
127,1,185.85,6,2,4,3,0,1,0,1
62,1,112.2,4,6,4,4,0,0,3,0
55,1,75.0,4,3,3,1,2,0,0,1
100,2,210.6,5,15,4,0,2,1,3,0
31,1,102.9,2,22,3,2,1,0,3,1
8,0,56.0,3,2,3,2,0,0,0,1
2,2,182.0,2,19,4,1,0,0,5,1
28,1,79.25,9,7,4,0,1,0,0,0
10,0,113.24,6,13,4,4,1,3,3,1
77,1,126.9,5,8,4,2,2,0,0,1
68,1,108.38,4,24,4,2,2,0,0,0
83,2,122.4,11,4,4,2,1,0,3,1
16,0,93.0,11,16,4,1,0,0,0,1
84,1,189.9,8,14,4,0,2,0,5,1
161,1,95.2,4,29,4,2,2,3,0,1
192,2,107.1,9,5,4,3,1,0,0,0
60,1,112.95,7,9,4,2,2,0,0,1
148,0,116.1,6,17,4,2,0,3,0,0
3,0,82.0,2,14,3,1,2,0,0,1
94,0,131.4,8,24,4,4,0,0,3,0
7,0,100.73,12,20,4,4,0,0,0,1
200,0,213.6,10,31,4,2,1,1,5,0
249,2,117.9,9,21,4,1,0,0,0,0
112,2,88.4,12,22,4,3,1,0,0,0
104,0,80.75,4,28,3,4,2,0,0,1
228,0,120.34,10,29,4,5,2,0,3,0
0,1,73.0,11,30,2,1,0,0,0,1
0,0,114.0,4,23,4,1,1,0,0,1
220,0,85.5,8,29,4,1,1,3,0,0
37,0,96.3,4,30,3,3,2,0,3,1
4,0,65.0,8,18,2,3,0,0,0,1
125,0,68.0,7,18,3,5,2,1,0,1
39,0,65.0,12,27,3,1,0,0,0,1
29,0,130.8,6,18,4,2,2,0,3,0
8,1,116.33,12,1,4,3,0,0,3,1
54,0,94.5,6,2,3,2,0,0,0,1
163,2,123.3,10,26,4,3,0,0,3,0
17,1,102.0,11,11,4,5,2,0,0,0
97,1,90.0,11,16,4,3,0,0,0,0
5,1,145.0,10,5,4,3,1,0,0,1
122,0,105.3,5,12,4,2,0,0,0,0
157,0,84.24,5,19,4,1,0,0,0,0
121,1,79.2,12,15,4,2,0,3,0,0
125,0,79.2,11,17,4,3,0,3,0,0
84,2,80.1,10,30,4,0,2,3,0,1
23,5,124.67,11,11,4,2,1,0,3,1
21,0,116.1,10,4,4,3,0,3,0,0
2,3,0.0,1,27,1,1,0,0,0,1
107,0,120.0,6,10,3,1,0,0,0,1
106,2,159.3,8,9,4,3,0,0,3,1
5,0,82.35,11,28,4,1,1,3,0,1
214,2,96.9,9,30,4,2,2,3,0,1
160,2,125.1,10,29,4,2,2,1,0,0
37,0,72.0,11,20,3,1,2,0,0,1
101,0,95.88,6,17,3,2,0,0,0,0
14,1,82.8,2,3,4,3,0,0,3,1
59,1,85.85,3,28,4,3,1,0,0,1
195,0,98.1,9,3,4,1,1,3,0,0
131,0,137.19,7,30,4,6,2,0,3,0
59,2,90.55,10,14,4,5,2,0,3,1
10,1,120.0,10,29,4,1,1,3,0,1
138,0,130.05,7,16,4,3,2,0,0,1
15,0,114.33,6,12,4,1,2,0,0,0
134,2,163.34,12,26,4,5,1,0,5,0
92,2,76.08,8,6,3,3,0,0,0,1
63,1,168.3,8,8,4,0,1,0,3,0
19,1,68.0,11,13,3,4,2,0,0,1
3,0,81.0,2,14,4,2,2,3,0,1
100,0,110.0,9,28,3,4,0,1,0,1
3,0,146.0,4,15,4,2,0,0,3,0
45,1,152.1,9,15,4,1,0,0,0,1
25,0,96.0,12,17,4,1,2,0,0,1
40,0,85.5,8,31,3,4,0,0,0,1
28,1,133.75,10,3,4,3,1,0,0,1
1,2,136.0,6,11,4,1,1,0,3,1
3,1,118.0,6,8,4,2,0,3,0,1
138,1,105.9,5,31,4,3,0,0,0,1
1,1,135.0,6,22,4,1,0,0,0,1
57,0,75.0,11,11,3,2,1,0,0,1
114,0,80.75,4,3,3,3,2,0,0,1
47,1,63.75,12,20,4,2,2,3,0,1
20,1,85.0,8,29,3,0,1,0,0,1
79,0,125.38,4,28,4,3,1,0,3,1
69,2,79.2,11,4,4,1,0,3,0,1
4,0,67.0,8,30,2,1,0,0,0,1
62,0,71.4,9,23,3,1,0,0,0,1
218,2,116.1,9,29,4,1,0,3,0,0
0,0,98.0,8,8,4,1,2,0,0,1
0,0,0.0,12,2,1,2,0,0,0,1
50,0,260.9,7,4,4,1,1,0,6,0
1,0,77.71,6,17,4,2,0,3,0,1
250,1,128.7,10,24,4,2,1,0,3,0
134,1,99.45,5,5,4,3,2,0,0,1
123,1,94.5,5,17,4,3,0,3,0,1
36,0,133.1,6,29,4,2,0,0,3,1
28,0,95.0,5,19,2,2,0,0,0,0
141,0,94.56,8,22,4,2,1,0,0,1
1,0,65.0,11,19,2,1,0,0,0,1
13,1,87.78,10,25,4,3,0,3,0,1
0,1,65.0,5,17,2,3,0,0,0,1
35,2,77.25,12,26,4,1,0,0,1,1
27,0,105.84,6,12,4,3,2,3,0,0
104,2,138.6,9,2,4,2,1,0,0,1
222,1,100.58,8,28,4,4,2,0,0,0
172,0,85.5,6,26,4,0,2,3,0,0
53,1,96.3,2,28,4,0,2,0,3,0
101,1,68.0,8,6,4,2,0,0,0,1
133,0,118.8,9,3,4,1,2,3,0,0
5,1,100.87,5,15,4,2,2,0,0,1
5,0,63.0,12,26,4,2,2,3,0,1
61,0,121.5,5,13,4,2,1,0,0,1
64,1,109.65,10,15,4,3,2,0,3,1
58,3,86.4,11,18,4,2,1,0,0,1
95,1,183.6,9,13,4,5,2,1,3,1
11,1,62.83,1,28,4,1,0,3,0,1
2,2,97.0,12,18,4,2,0,0,3,1
71,0,90.0,9,9,2,3,0,0,0,1
81,2,119.85,5,1,4,2,2,0,0,1
13,1,109.5,10,26,3,1,0,0,0,1
1,1,98.0,8,7,4,0,1,3,0,1
188,1,105.3,8,3,4,3,0,0,0,0
8,2,95.0,8,18,4,3,0,0,0,1
17,2,135.0,10,7,4,1,0,3,0,1
106,2,106.75,7,29,4,5,2,0,0,0
50,1,86.4,9,24,4,1,0,3,0,1
61,4,96.9,12,22,4,5,2,0,3,1
86,0,117.9,8,12,4,2,1,0,0,1
7,1,91.0,5,21,3,1,1,1,0,1
42,0,60.0,11,4,3,3,0,0,3,1
14,0,80.75,5,30,3,3,1,0,0,1
3,2,156.0,3,28,4,3,1,0,3,1
18,1,120.0,10,29,4,1,2,3,0,0
73,2,159.3,5,25,4,2,0,0,3,1
18,2,87.0,1,20,4,4,0,0,0,1
75,0,108.45,3,22,4,4,0,0,3,1
243,0,104.4,9,9,4,2,1,3,0,0
17,0,55.0,1,26,4,4,0,3,0,1
84,1,149.18,10,31,4,3,1,1,0,1
0,0,65.0,12,21,3,1,0,0,0,1
10,0,105.0,10,3,3,2,1,0,0,0
104,2,135.9,9,18,4,1,2,0,0,0
91,0,52.02,4,1,4,2,2,3,0,1
94,1,72.25,12,3,4,2,0,0,0,0
63,0,112.2,4,8,4,2,2,0,3,0
125,1,116.1,6,17,4,2,0,3,0,1
8,1,67.5,11,26,4,3,0,0,0,1
5,0,95.0,11,7,0,2,1,0,3,0
61,0,92.28,5,11,4,4,0,0,0,0
13,2,75.0,8,7,4,1,0,0,0,1
215,0,96.3,7,8,4,2,1,0,0,0
66,1,109.29,9,14,4,4,1,0,3,1
43,3,90.9,10,29,4,3,0,0,0,1
53,1,108.0,10,17,4,1,1,3,0,1
98,2,109.65,5,3,4,4,0,3,0,1
1,0,120.0,6,2,4,1,0,0,0,1
21,2,124.0,9,21,4,1,1,0,0,1
216,0,80.75,8,30,3,2,0,0,0,1
76,1,90.95,4,10,4,2,2,0,0,1
36,1,135.9,8,14,4,0,2,0,0,1
22,1,101.0,10,6,4,1,0,0,0,1
6,0,65.0,10,10,3,1,2,0,0,1
23,1,74.8,12,1,4,3,1,3,0,1
2,2,145.0,9,20,4,3,2,0,0,1
147,1,118.15,5,27,4,2,2,0,3,1
222,1,99.6,9,3,4,1,2,0,0,1
75,1,85.5,4,11,4,2,1,3,0,0
35,0,60.0,1,13,3,4,0,0,0,1
24,0,144.5,4,28,4,2,0,0,3,0
97,1,117.9,8,8,4,4,1,0,0,1
52,1,100.33,12,28,4,2,1,0,0,1
17,0,75.0,10,5,3,2,1,0,3,1
2,1,98.0,1,22,4,2,0,0,0,1
8,1,84.7,10,27,4,1,0,3,0,1
4,1,128.01,10,12,4,4,0,0,3,1
6,0,125.0,5,31,4,3,0,0,0,0
4,0,65.0,8,31,2,0,1,0,0,1
2,2,0.0,12,10,1,1,0,0,6,1
12,1,150.5,8,16,4,2,0,3,0,1
20,0,77.6,1,29,4,2,0,0,3,1
2,0,127.0,6,30,4,1,0,3,0,1
102,1,76.5,8,21,4,2,0,0,0,1
228,1,90.95,8,31,4,4,1,0,0,1
2,1,67.0,4,21,2,1,0,0,0,1
14,1,97.75,5,31,4,2,0,0,0,1
7,1,116.0,2,11,3,3,0,1,0,1
217,0,80.75,8,13,4,2,2,3,0,0
168,1,146.7,8,13,4,1,0,0,0,0
61,0,35.2,10,4,4,0,2,1,0,0
58,0,120.0,4,28,4,3,0,0,0,0
109,1,174.6,10,28,4,2,1,1,3,0
95,0,132.6,5,20,4,2,2,0,3,1
118,0,96.3,6,28,4,3,0,0,0,0
4,0,124.36,9,13,4,2,0,0,3,0
12,2,119.0,8,1,4,2,1,3,0,1
95,0,68.2,4,11,4,2,1,0,3,1
103,1,114.3,5,1,4,0,2,0,0,0
19,1,91.0,3,14,4,4,1,0,0,1
34,2,100.35,8,28,4,4,2,3,0,0
7,0,213.0,6,12,4,6,4,0,5,0
1,0,74.93,1,2,4,1,2,0,0,1
195,1,0.0,7,20,4,4,2,3,0,1
113,0,95.0,5,31,3,3,0,0,0,1
13,2,90.0,8,24,4,2,1,0,0,1
122,0,95.2,4,29,4,2,2,0,0,0
42,0,168.3,8,23,4,5,0,0,3,1
34,0,206.0,9,23,3,1,0,2,0,0
94,0,55.96,7,14,4,7,2,0,0,0
154,3,177.3,6,28,4,3,0,0,5,1
0,1,147.5,7,6,4,4,0,0,0,1
265,0,72.25,8,3,3,5,2,0,0,1
9,2,235.63,7,28,4,1,0,0,6,1
39,1,114.3,3,20,4,0,2,0,3,0
28,1,220.53,9,22,4,3,1,0,5,1
3,1,106.0,8,20,4,2,0,0,0,1
108,0,120.6,8,2,4,5,0,0,3,0
108,0,75.38,5,4,4,3,0,3,0,1
56,0,78.3,3,9,4,2,0,0,0,1
29,0,113.55,5,21,4,1,1,3,0,0
31,0,84.0,10,19,3,4,1,0,3,1
69,1,117.18,4,10,4,2,2,1,3,1
192,2,72.75,12,4,4,2,2,3,0,1
10,0,156.5,9,3,4,2,2,0,3,0
6,0,115.0,6,8,4,1,0,0,0,1
64,0,144.5,4,9,4,2,2,1,3,1
145,0,142.2,8,17,4,2,0,0,3,1
15,0,72.07,11,26,4,2,0,0,3,1
128,1,151.2,10,18,4,5,1,0,3,1
39,1,118.8,4,21,4,1,0,0,3,1
37,0,89.3,2,11,4,3,0,0,0,1
62,0,140.0,6,2,3,2,0,0,0,1
75,0,135.15,4,29,4,3,2,0,0,0
161,1,87.13,7,16,4,2,2,3,0,1
32,0,72.9,2,5,4,2,1,0,0,0
208,0,83.85,10,3,4,0,1,0,0,0
174,0,94.5,7,31,4,0,2,3,0,0
18,0,156.0,5,13,4,2,0,0,3,0
58,1,86.72,4,25,4,3,1,0,3,1
4,0,90.78,12,9,4,3,2,0,0,1
1,0,83.0,5,10,4,1,0,0,0,1
5,1,105.0,12,20,4,1,0,0,0,1
39,1,140.4,5,17,4,3,0,0,3,1
22,0,75.0,10,20,3,3,0,0,3,1
108,0,121.37,7,16,4,5,2,0,3,0
48,1,158.0,10,22,4,1,1,0,5,1
149,1,80.75,6,25,3,1,2,0,0,1
3,0,118.15,7,11,2,2,1,0,0,1
38,0,149.4,9,10,4,2,2,0,3,0
19,0,58.0,12,26,3,1,2,0,0,1
12,0,0.0,8,5,1,3,0,0,0,1
75,0,150.45,5,9,4,6,3,0,3,1
88,1,82.45,3,30,4,5,2,0,0,1
42,2,88.4,12,11,4,3,2,0,0,1
280,1,107.0,8,12,4,2,1,0,0,0
18,3,158.0,5,21,4,1,1,0,3,1
86,1,80.75,4,9,3,2,2,0,0,1
2,0,63.75,11,4,3,4,0,0,0,1
11,1,141.0,6,17,4,2,0,0,0,0
21,1,102.0,2,11,4,2,0,0,0,1
82,2,129.59,6,9,4,3,0,0,3,1
134,1,114.96,6,2,4,3,1,0,1,1
16,0,135.0,10,7,4,1,0,3,0,0
14,0,90.1,12,6,4,5,2,0,0,1
1,3,184.0,10,1,4,1,1,0,0,1
0,0,58.0,12,20,3,1,2,0,0,1
130,0,105.3,7,17,4,1,2,0,0,1
81,0,75.0,12,16,3,2,1,0,0,1
162,0,96.13,7,20,4,4,0,3,0,0
90,1,93.6,12,21,4,3,0,0,0,1
153,1,91.38,7,27,4,4,0,3,0,1
6,0,161.0,11,25,4,1,0,0,3,1
14,0,105.0,11,16,4,4,0,0,0,0
15,2,90.0,12,27,3,1,0,0,0,1
23,1,95.0,9,5,4,1,2,0,0,1
20,0,85.0,10,27,3,1,0,3,0,1
38,0,187.0,11,4,4,2,0,0,5,1
30,0,68.71,11,12,4,2,2,0,0,0
162,2,121.5,7,27,4,1,0,0,0,0
29,2,96.3,11,6,4,2,1,0,0,1
138,1,138.5,8,22,3,1,2,1,0,1
116,0,89.25,10,27,4,3,0,0,0,1
16,0,67.81,12,10,4,7,4,3,0,1
19,2,162.0,8,26,4,2,1,0,3,1
359,1,39.0,10,14,3,3,2,0,0,1
89,0,82.45,4,4,4,3,1,0,0,1
102,0,58.0,3,25,3,2,2,0,0,1
34,0,108.0,10,2,4,1,2,3,0,0
87,1,139.95,7,27,4,4,0,0,3,1
35,1,121.28,9,25,4,2,2,0,0,1
11,1,140.0,11,10,4,1,0,3,0,0
161,0,126.9,9,15,4,3,1,0,0,0
115,0,91.12,12,23,4,2,2,0,4,1
311,1,112.5,12,30,4,2,0,0,0,0
109,1,76.5,7,11,4,1,2,0,0,0
64,1,68.61,6,20,4,3,1,3,0,1
50,1,51.0,1,14,3,3,0,0,0,1
68,0,73.9,3,3,4,2,0,0,0,1
0,0,66.13,9,4,3,2,1,0,0,1
3,0,71.2,5,16,3,0,1,3,0,1
32,2,105.4,3,4,4,2,0,0,3,1
0,1,129.0,6,21,4,2,0,3,0,1
103,0,95.0,5,4,4,3,0,0,0,0
16,2,117.0,10,1,4,2,0,0,0,1
148,0,79.53,6,25,4,5,2,0,0,0
174,0,131.75,8,16,4,8,2,1,0,0
15,0,111.8,2,12,3,2,1,1,0,1
37,0,88.0,12,14,4,2,0,3,0,0
8,1,95.0,4,5,4,1,0,0,0,1
72,0,95.4,11,12,4,1,1,0,0,0
157,2,117.68,11,6,4,2,2,0,0,0
0,0,77.6,1,30,3,1,0,0,0,1
95,0,72.8,4,5,4,2,0,0,0,0
80,1,96.3,6,23,4,1,0,0,0,1
65,2,103.5,3,28,4,2,1,0,0,1
9,0,66.0,1,24,3,3,2,0,0,1
252,0,67.5,11,15,4,2,0,3,0,0
22,0,85.0,10,5,3,2,0,0,0,1
7,1,117.04,10,3,4,2,1,0,0,1
90,0,80.75,4,12,4,4,0,3,0,1
57,0,152.1,8,15,4,3,1,0,0,1
1,0,89.0,1,6,4,1,0,0,0,1
18,1,139.0,9,20,4,1,0,0,0,1
52,2,79.2,11,6,4,2,1,0,0,1
86,2,198.9,5,22,4,3,2,1,0,1
79,0,120.6,8,26,4,2,2,3,0,0
119,3,72.25,12,26,4,1,2,0,0,1
39,1,94.5,4,24,4,0,1,3,0,1
14,1,91.43,8,17,4,4,1,3,0,1
49,1,161.1,8,21,4,0,2,0,0,1
73,1,94.0,4,3,4,1,2,3,0,1
20,0,93.0,3,8,4,1,0,0,0,1
221,1,109.65,9,12,4,3,1,3,0,0
4,0,108.35,2,12,4,14,6,0,3,0
0,2,150.0,10,30,4,0,2,0,0,1
147,0,101.7,5,4,4,4,0,0,0,0
27,1,143.3,11,6,4,3,2,0,0,1
0,0,190.0,4,16,4,1,1,0,5,1
3,0,90.0,9,24,3,1,0,0,0,1
1,1,135.0,12,31,4,1,0,0,0,1
2,2,89.0,8,21,4,2,2,3,0,1
193,0,86.5,7,15,4,1,0,0,1,0
55,0,70.0,12,30,3,3,0,0,0,1
65,2,80.1,10,28,4,1,0,3,0,1
31,0,103.05,8,28,4,0,2,3,0,1
147,0,89.25,7,15,4,2,2,0,0,1
116,0,131.4,8,22,4,5,1,0,3,0
102,0,80.75,5,29,3,1,2,0,0,0
59,2,137.7,4,21,4,1,0,0,3,1
6,0,129.0,5,10,4,4,0,3,0,0
23,3,129.0,9,28,4,2,0,3,0,1
3,1,0.0,2,26,4,0,0,0,0,1
61,2,121.5,5,13,4,2,1,0,0,1
150,1,85.5,6,27,4,0,1,3,0,0
55,2,74.8,11,11,4,2,2,3,0,1
157,1,132.9,6,14,4,3,0,0,3,0
46,2,163.8,5,16,4,1,1,0,3,1
207,3,76.5,8,21,4,3,2,0,0,1
119,1,103.5,5,19,4,1,0,3,0,1
58,0,75.0,11,16,3,3,0,0,0,1
59,0,100.0,10,9,3,1,2,0,0,1
58,2,108.0,10,19,4,1,0,3,0,1
4,0,99.0,3,11,2,1,0,0,0,1
61,0,60.0,11,28,3,1,2,0,3,1
9,0,56.0,3,2,3,2,0,0,0,1
26,1,137.67,6,26,4,1,2,0,0,0
14,1,139.0,2,14,4,5,2,0,3,1
107,0,75.14,10,23,3,2,2,0,0,1
8,1,124.1,5,29,4,1,2,0,3,1
28,0,109.0,5,19,2,2,0,0,0,1
5,0,95.0,4,4,0,3,1,0,0,0
44,0,124.46,8,29,4,5,2,0,3,1
65,1,214.76,8,8,4,2,1,0,6,1
78,0,107.1,7,4,4,2,1,3,0,0
8,0,98.0,4,20,2,1,0,0,0,1
4,0,110.0,10,24,0,3,1,0,3,1
62,0,99.0,9,4,4,0,1,3,0,0
42,0,93.6,3,22,4,1,0,0,0,1
38,0,81.0,6,19,3,1,2,0,0,1
185,1,90.95,7,5,4,4,0,0,0,0
45,0,76.3,2,29,4,2,1,0,0,1
5,1,98.0,8,13,4,3,0,0,0,0
33,1,85.5,9,14,4,1,1,0,0,1
44,0,85.5,9,18,3,2,2,0,0,1
1,2,81.0,8,7,4,1,0,3,0,1
0,0,148.67,8,13,4,3,0,0,0,0
5,2,105.0,8,20,4,1,0,0,0,1
46,0,125.55,10,6,4,3,0,0,3,0
1,0,85.0,5,12,3,1,0,3,0,1
28,1,137.2,10,3,4,5,1,0,3,1
35,2,103.5,11,26,4,3,0,3,0,1
94,0,76.5,4,16,4,2,2,3,0,0
2,1,109.0,6,9,4,1,0,3,0,1
22,2,177.0,5,21,4,1,0,0,3,1
180,1,108.9,10,1,4,1,2,0,0,0
45,0,80.75,5,30,3,3,1,0,0,1
57,0,86.0,6,10,3,1,0,1,0,1
12,0,80.8,11,16,4,1,0,0,0,1
9,1,148.5,5,10,4,4,0,0,3,1
1,1,98.56,5,10,4,3,0,0,0,1
49,1,112.2,4,10,4,2,2,0,3,1
48,0,80.1,3,28,4,0,1,3,0,1
8,0,80.0,2,19,2,1,0,0,0,1
78,2,60.0,3,3,3,3,1,0,0,1
10,0,96.92,11,20,4,8,4,0,0,0
67,1,103.14,12,27,4,3,2,0,0,1
3,0,110.0,4,21,4,1,0,0,0,1
208,2,112.5,8,21,4,0,2,0,0,0
39,1,73.81,11,11,4,3,2,0,0,1
90,0,99.45,4,12,4,4,0,0,3,0
33,1,157.14,3,22,4,5,0,0,3,1
4,0,93.8,12,2,4,2,2,0,0,1
55,2,130.05,4,22,4,2,2,0,0,1
6,1,81.0,12,16,4,1,0,0,0,1
9,1,89.0,1,4,4,0,1,0,0,1
134,1,113.62,7,13,4,9,3,0,3,1
31,0,77.0,11,13,2,2,2,0,0,1
0,1,89.0,4,8,4,1,0,3,0,1
20,0,156.0,5,11,4,1,0,0,3,0
34,0,80.0,12,1,2,3,0,0,0,1
14,1,166.0,8,14,4,3,2,0,3,1
3,1,31.0,2,26,2,1,0,0,0,1
71,0,198.9,4,29,4,2,1,0,5,0
56,1,123.3,3,29,4,3,0,0,3,0
4,0,111.0,4,1,4,2,0,0,0,0
12,1,200.0,8,13,4,1,2,0,3,1
79,0,105.61,12,26,4,3,1,0,3,0
0,1,91.0,11,9,4,3,1,0,0,1
9,3,0.0,11,11,1,2,0,0,0,1
207,0,72.25,8,20,3,6,4,0,0,1
60,0,68.0,12,27,3,3,2,0,0,1
62,1,120.88,12,23,4,2,1,1,0,1
103,1,58.0,3,12,3,1,1,0,0,1
32,0,0.0,11,20,4,2,0,0,0,1
48,0,127.03,8,27,4,5,2,0,3,0
36,0,150.3,4,3,4,0,1,0,0,1
5,1,79.0,2,12,4,2,0,3,0,1
58,1,139.5,10,20,4,3,0,0,3,0
22,1,169.0,8,2,4,3,0,0,0,1
156,1,72.25,7,16,3,2,2,0,0,1
122,2,153.0,5,12,4,3,0,0,3,1
22,0,168.3,7,1,4,2,1,0,3,0
51,0,88.0,11,2,4,4,1,3,0,0
15,2,166.6,5,29,4,2,2,0,5,1
172,2,128.7,7,19,4,2,0,0,3,0
17,2,139.0,10,6,4,1,0,0,0,1
122,2,105.83,7,9,4,2,2,0,0,1
45,2,125.1,6,1,4,1,0,0,0,1
136,1,105.6,5,30,4,2,1,0,0,0
114,0,150.45,6,15,4,4,0,0,3,1
15,1,75.0,12,10,2,2,0,0,0,1
20,1,109.0,6,13,4,2,1,3,0,1
0,0,95.0,8,31,3,4,0,0,0,1
164,1,126.9,9,30,4,2,2,0,3,0
33,1,102.37,2,26,4,2,1,0,0,1
13,0,6.0,3,20,4,0,1,0,0,1
65,1,125.1,9,27,4,3,0,3,0,1
9,0,90.0,9,25,3,0,1,0,0,0
14,1,122.96,11,7,4,5,1,0,3,1
23,0,180.25,11,6,4,2,2,0,0,1
104,0,68.42,4,19,4,3,0,0,0,1
20,1,69.5,1,24,4,2,2,3,0,1
4,1,176.0,5,27,4,1,0,0,3,1
53,0,80.2,2,27,4,4,2,0,0,1
140,2,108.0,10,11,4,3,0,3,0,0
1,1,88.0,12,5,4,0,1,3,0,1
31,0,67.68,12,8,3,3,0,0,0,1
27,0,97.0,9,21,3,2,1,0,3,1
143,0,85.5,8,26,4,1,0,3,0,1
62,3,131.51,9,27,4,5,4,0,0,1
0,0,70.03,4,19,4,3,0,0,3,1
104,1,114.3,7,3,4,2,2,0,0,1
136,0,102.85,4,28,4,3,2,0,3,1
52,0,150.9,8,26,4,4,2,0,3,1
0,0,65.0,8,3,2,2,1,0,0,1
58,0,60.0,2,3,3,4,1,0,0,1
0,0,174.0,12,6,4,1,0,0,5,1
22,1,159.0,8,1,4,3,1,0,0,1
105,0,97.12,3,20,4,4,2,0,3,1
159,0,99.45,8,3,4,6,2,0,0,0
67,1,89.24,3,26,3,1,0,0,0,1
2,0,91.0,11,13,4,2,1,0,0,1
57,1,85.85,3,29,4,4,0,0,0,1
32,1,117.9,5,21,4,1,1,0,0,0
4,2,133.5,9,7,4,1,1,0,0,1
197,0,112.0,8,25,3,3,0,0,0,0
118,0,123.3,10,27,4,3,2,0,3,0
0,2,90.0,8,6,4,1,0,0,0,1
127,0,141.3,7,28,4,3,2,0,3,1
1,1,88.0,7,21,2,1,0,0,0,1
92,1,76.5,7,4,4,1,2,0,0,0
147,1,123.3,8,14,4,1,2,0,0,1
8,0,77.92,12,27,4,1,2,3,0,1
14,1,102.0,3,10,3,3,0,0,0,1
11,1,81.0,2,6,4,1,2,3,0,1
22,0,95.0,4,19,4,1,0,0,0,0
38,2,143.1,3,25,4,2,0,0,0,1
42,0,76.5,9,19,3,1,2,0,0,1
43,1,110.2,12,4,4,1,2,0,3,1
5,0,131.0,4,21,4,2,0,0,3,0
188,2,72.76,7,22,3,2,2,0,0,1
7,0,82.0,2,24,3,3,0,0,0,1
199,1,98.1,10,1,4,1,1,3,0,1
1,0,65.0,4,13,2,1,0,0,0,1
6,1,139.0,6,30,4,1,0,3,0,1
48,1,139.5,10,11,4,3,0,0,3,1
149,0,71.0,1,17,3,3,2,0,0,1
104,0,126.9,6,9,4,3,0,0,0,0
3,0,66.0,1,18,2,2,1,0,0,1
53,0,135.9,8,4,4,3,1,0,0,0
250,2,100.3,9,8,4,3,2,0,0,0
16,1,130.0,8,1,4,0,1,0,0,1
41,1,88.0,12,20,2,1,0,0,0,1
4,1,91.0,3,2,4,1,0,3,0,1
117,1,79.69,6,28,4,3,0,3,0,1
87,1,136.8,11,18,4,2,0,1,3,1
17,1,114.73,9,12,4,1,1,0,3,1
189,1,106.75,8,15,4,4,1,1,0,0
124,0,140.15,11,5,4,2,2,0,0,1
103,1,95.88,5,5,4,3,1,0,3,1
8,1,92.66,10,29,4,1,2,3,0,1
0,1,150.0,10,1,4,1,2,0,0,1
17,1,159.0,3,30,4,3,0,0,0,1
49,2,74.8,11,13,4,3,2,3,0,1
171,0,121.5,8,3,4,3,0,0,0,0
65,0,91.2,9,5,4,2,1,3,0,0
17,2,151.0,6,30,4,7,2,0,0,1
30,1,126.9,5,15,4,2,2,0,0,0
77,0,136.0,9,25,3,2,1,0,0,1
64,1,162.4,11,18,4,2,1,0,5,1
32,0,85.5,10,9,3,1,2,0,0,1
0,1,101.0,4,15,4,2,1,0,0,1
27,0,118.15,9,19,4,0,1,0,0,0
43,0,0.0,10,23,4,1,0,0,0,1
170,1,72.76,7,28,4,3,0,3,0,1
79,0,70.0,11,13,3,2,0,0,0,1
0,1,65.0,1,20,2,1,0,0,0,1
6,0,91.0,3,4,4,1,0,3,0,1
9,2,95.0,9,10,4,1,0,0,0,1
68,2,96.17,9,12,4,5,2,0,0,1
5,0,119.0,5,22,3,0,2,0,4,1
4,1,67.0,12,20,2,3,0,0,0,1
0,0,153.0,10,10,2,2,1,0,0,1
26,1,79.85,10,4,4,3,2,0,3,0
33,2,82.9,3,5,4,1,2,0,0,1
77,1,99.0,1,18,4,2,1,0,0,1
39,0,124.67,11,12,4,4,2,0,3,0
59,0,85.5,5,8,3,1,2,0,0,1
62,2,118.8,12,8,4,2,0,0,0,1
98,0,65.0,9,21,2,1,0,0,0,1
8,1,119.0,4,26,4,2,0,3,0,1
190,0,89.25,8,19,4,5,2,3,0,0
207,2,76.5,8,21,4,3,2,0,0,1
115,0,58.0,3,28,3,3,1,0,0,1
107,1,87.67,6,13,4,3,1,0,0,1
1,0,94.5,8,22,3,1,2,1,0,1
0,0,0.0,9,22,1,1,0,0,0,1
148,0,114.3,8,7,4,0,1,0,0,0
13,1,160.0,9,4,4,1,2,0,3,1
49,0,74.8,11,19,4,5,2,3,0,0
39,1,242.77,10,17,4,3,1,0,6,1
0,0,159.0,7,1,4,1,0,0,0,1
55,1,97.2,11,2,4,2,0,0,0,1
12,0,95.0,11,10,4,4,0,0,0,1
88,0,80.75,5,2,3,2,1,0,0,1
6,1,131.0,4,15,4,1,0,0,0,1
20,1,99.0,6,12,4,1,2,3,0,1
116,0,85.0,2,28,3,1,2,0,0,1
86,0,139.95,7,27,4,4,0,0,3,0
22,0,89.0,3,16,2,2,0,0,0,1
1,1,130.94,9,20,4,1,0,0,0,1
2,0,140.0,10,25,4,1,0,0,0,1
105,0,131.4,8,26,4,2,1,0,3,0
152,0,133.17,7,16,4,4,2,1,0,0
67,2,219.6,4,30,4,1,1,1,3,1
3,0,65.0,5,30,2,1,1,0,0,1
67,1,161.1,5,12,4,3,0,1,0,1
33,0,113.4,6,13,4,3,1,0,0,0
117,1,116.05,7,8,4,3,2,0,0,1
297,0,106.0,12,19,2,2,1,0,4,1
177,1,68.68,10,30,3,3,2,0,0,1
12,2,177.0,6,20,4,0,1,0,3,1
16,2,144.67,4,12,4,3,0,0,3,1
19,2,120.12,5,3,4,3,0,0,3,1
1,0,65.0,11,19,2,1,0,0,0,0
4,1,98.0,12,26,4,0,1,0,0,1
9,0,111.0,11,25,4,1,0,0,0,1
0,0,135.0,3,21,2,0,1,0,4,1
19,0,48.67,2,8,3,2,1,0,3,1
19,0,69.0,12,5,4,3,2,0,0,1
162,1,95.25,5,4,3,4,0,0,0,1
13,0,75.0,7,26,2,1,0,0,0,1
8,0,67.0,5,4,2,1,0,0,0,1
40,0,60.0,11,2,3,3,1,0,3,1
185,2,85.0,3,27,4,1,2,0,0,1
5,0,231.0,8,3,4,1,0,0,5,0
0,0,0.0,9,17,1,1,0,0,0,1
133,0,82.45,8,19,3,2,1,0,3,0
192,2,76.5,8,6,4,3,2,0,0,1
95,1,119.85,4,30,4,3,2,0,0,1
117,0,89.75,8,1,3,1,2,1,1,1
35,2,153.3,3,26,4,1,2,0,3,1
107,1,92.28,5,12,4,3,2,0,0,1
12,1,67.0,10,12,2,1,0,0,0,1
5,1,89.0,3,7,4,2,1,3,0,0
64,4,120.15,9,5,4,1,1,0,0,1
111,0,120.0,10,10,3,2,1,0,0,1
9,0,166.0,7,14,4,2,0,0,3,1
63,1,110.7,6,26,4,3,2,0,0,1
107,0,55.63,12,18,4,2,2,0,0,0
56,0,185.0,9,25,3,2,1,0,0,1
0,0,210.0,7,13,4,1,0,1,0,0
14,1,71.6,1,15,4,1,0,0,0,1
6,1,87.78,10,19,4,2,1,3,0,1
96,1,90.9,4,8,4,1,0,0,0,0
16,1,91.5,12,2,4,2,0,3,0,1
100,1,76.5,7,2,4,2,0,0,0,0
90,0,80.75,5,1,3,0,2,0,0,1
55,0,67.0,3,31,2,2,0,0,0,1
61,1,99.66,4,24,4,2,2,0,0,1
65,4,146.1,7,8,4,4,2,0,3,1
36,1,159.0,3,24,4,3,0,0,3,0
255,1,84.43,10,12,4,4,0,3,0,0
134,2,135.15,6,15,4,4,2,0,0,1
24,1,115.5,1,6,4,2,0,0,0,1
116,0,96.05,9,18,4,2,1,1,0,0
5,0,65.0,10,27,2,1,0,0,0,1
108,2,123.25,7,5,4,5,1,0,0,0
52,0,126.9,5,14,4,3,2,0,0,1
1,1,91.0,6,13,4,1,1,0,0,1
47,0,65.0,11,11,2,1,0,0,0,1
30,0,75.6,4,12,4,2,0,0,0,1
0,0,119.0,4,26,4,1,0,3,0,1
0,0,108.11,7,28,4,1,0,0,0,1
35,0,84.24,6,1,4,2,0,3,0,0
8,0,95.0,9,25,3,0,2,0,0,1
18,2,121.0,6,8,4,2,0,0,0,1
0,0,79.0,2,6,4,1,0,0,0,1
8,0,89.0,12,19,3,2,2,1,0,1
0,0,65.0,10,7,2,1,0,0,0,1
133,0,76.0,6,13,3,3,1,0,0,1
8,1,126.0,9,20,4,1,2,0,0,1
150,0,63.75,7,21,3,1,0,3,0,0
94,0,60.0,12,24,3,3,2,0,3,1
150,2,135.0,10,3,4,2,1,0,0,1
7,1,201.0,7,29,4,1,0,0,5,1
28,1,133.95,5,1,4,2,2,0,0,1
62,1,69.5,3,4,4,2,1,3,0,1
73,0,116.1,5,31,4,2,0,3,0,0
86,0,65.0,6,26,2,0,1,0,0,1
22,2,187.0,7,8,4,2,1,0,3,1
292,0,86.7,12,13,4,4,0,0,3,0
110,0,168.3,9,23,4,2,0,0,3,0
0,1,129.0,6,21,4,1,0,3,0,1
4,1,101.0,11,4,4,4,0,0,0,1
142,0,85.0,12,17,4,4,2,0,0,0
1,0,0.0,11,5,1,2,0,0,0,1
17,1,67.76,11,14,4,2,1,0,0,1
18,0,102.88,12,4,4,2,2,0,1,1
258,0,96.3,10,29,4,1,2,0,0,0
89,1,113.4,10,3,4,1,1,0,0,1
10,0,215.0,5,13,4,3,2,0,5,0
17,0,97.0,3,16,4,1,0,3,0,0
271,0,62.64,12,3,4,1,2,0,0,1
115,1,90.0,11,18,4,2,0,0,0,0
106,2,135.9,9,20,4,5,1,0,0,0
1,1,116.27,7,12,4,3,0,0,0,1
26,1,88.4,12,14,4,4,0,0,0,1
63,0,107.1,4,2,4,1,1,0,3,1
31,2,125.1,9,11,4,0,1,3,0,1
96,2,118.8,10,21,4,2,2,0,0,1
64,1,93.6,12,3,4,1,1,0,0,1
2,2,83.0,3,31,2,2,0,0,0,1
132,0,72.25,7,14,3,3,0,0,0,1
32,1,109.0,10,25,4,5,0,3,0,1
4,2,65.0,10,24,2,2,1,0,0,1
92,0,150.3,8,20,4,2,2,0,3,0
12,2,111.0,2,27,4,1,0,0,0,1
23,0,72.8,2,10,4,4,0,0,0,0
2,1,0.0,6,6,1,0,1,0,6,1
84,1,96.3,6,26,4,0,1,0,0,1
168,0,99.45,8,1,4,4,1,0,0,0
177,1,99.3,7,19,4,3,0,0,0,1
10,2,126.5,2,10,4,4,0,0,0,0
71,0,126.9,6,9,4,1,0,0,0,0
261,1,93.78,10,22,4,4,2,0,0,1
91,1,106.92,10,7,4,1,0,0,0,0
47,0,60.0,11,14,3,1,2,0,3,1
109,0,114.3,7,9,4,1,2,0,0,1
11,0,94.5,8,15,3,1,2,1,0,1
35,1,85.0,10,28,3,2,1,0,0,1
80,1,95.24,4,28,4,3,0,0,3,1
148,0,100.8,6,2,4,3,0,0,0,1
15,0,63.6,3,13,4,3,2,3,0,0
0,0,67.0,12,13,2,1,0,0,0,1
172,1,114.41,8,10,3,4,0,0,3,0
98,1,140.0,12,17,4,2,2,0,3,1
61,1,93.6,12,8,4,3,0,0,0,1
232,2,81.82,8,1,4,7,3,0,1,0
101,0,132.6,5,25,4,4,0,0,3,1
0,1,0.0,10,12,1,1,1,0,0,1
10,1,111.35,5,31,4,3,0,0,0,1
85,2,97.02,4,7,4,5,2,0,3,1
89,2,52.85,11,30,4,4,1,0,0,1
7,2,161.33,10,9,4,2,1,0,3,1
3,1,93.0,3,8,4,4,0,3,0,1
36,2,81.9,3,10,4,1,0,0,0,1
71,0,152.1,8,19,4,1,0,0,3,0
35,1,131.4,4,5,4,3,0,0,3,1
100,2,146.7,7,18,4,1,1,0,3,1
209,0,168.3,7,22,4,1,0,0,5,0
43,0,96.3,4,21,3,2,0,0,3,1
85,1,140.4,5,26,4,2,0,0,3,0
3,0,95.0,5,10,3,2,0,0,0,1
19,0,167.0,4,27,4,1,0,0,3,0
245,0,128.7,10,28,4,2,1,0,0,0
40,1,80.32,8,30,4,3,0,0,0,1
116,0,60.0,2,28,3,2,2,0,0,0
9,0,141.0,5,9,4,3,1,0,3,0
54,1,95.0,10,29,3,1,2,0,0,1
19,1,96.0,11,29,4,1,0,0,0,1
46,2,123.3,3,31,4,2,0,0,3,1
178,1,99.45,8,3,4,4,0,0,0,1
2,0,0.0,10,9,4,2,2,0,0,1
76,2,129.0,6,17,4,2,2,0,0,1
246,0,80.75,9,7,3,5,2,0,0,1
45,1,90.88,4,17,4,2,2,3,0,1
52,1,108.0,8,29,4,2,1,3,0,1
50,1,74.8,11,15,4,4,0,3,0,1
82,1,116.1,5,16,4,1,1,3,0,1
142,1,129.0,6,10,4,2,1,0,3,1
55,1,152.1,9,15,4,1,0,0,0,1
87,0,131.0,12,25,4,0,2,0,0,1
17,1,70.0,3,17,2,2,0,0,0,1
41,0,89.0,5,24,2,1,0,0,0,0
57,0,219.6,12,29,4,3,0,0,3,0
1,0,80.0,7,21,3,1,0,3,0,1
48,2,93.5,3,20,4,2,2,0,0,1
145,0,94.5,8,29,3,1,2,1,0,0
81,2,79.2,12,7,4,1,0,3,0,1
42,0,0.0,11,7,4,0,0,0,0,1
2,0,82.0,2,21,3,1,2,0,0,1
62,3,88.4,11,16,4,4,0,0,0,1
17,1,91.0,2,14,4,1,2,0,0,0
7,2,136.0,10,21,4,2,0,0,3,1
26,2,159.0,9,17,4,1,0,0,0,1
64,0,130.0,5,17,2,2,0,0,0,0
1,0,140.0,10,22,4,1,0,0,0,1
56,2,167.45,4,19,4,4,0,0,5,1
91,0,102.06,10,17,4,2,1,0,0,0
148,3,113.69,7,1,4,6,2,0,0,1
169,2,107.0,4,23,4,2,2,0,0,0
113,2,113.05,12,27,4,5,2,0,3,0
44,0,93.6,5,31,4,2,0,3,0,0
1,1,139.0,7,21,4,1,0,3,0,1
37,0,72.0,12,1,3,3,0,0,0,1
0,0,31.0,3,16,3,2,0,0,1,1
50,0,63.75,3,11,4,2,2,3,0,0
56,1,79.0,12,6,4,2,0,0,3,1
25,0,221.0,5,19,4,1,0,0,5,0
247,0,93.0,6,6,3,1,1,1,0,1
8,0,116.5,6,20,4,3,1,3,0,0
1,1,89.0,4,16,4,2,2,3,0,1
213,0,92.65,10,1,4,2,2,3,0,0
45,2,223.75,7,27,4,1,0,0,6,1
114,2,76.5,7,27,4,2,1,0,0,1
26,0,140.67,4,27,4,3,0,0,3,0
1,2,170.0,9,27,3,2,0,0,4,1
32,1,75.0,11,15,1,2,0,0,4,1
188,1,94.14,10,24,4,2,1,0,0,1
45,0,81.62,10,23,4,1,0,0,0,1
225,0,103.46,6,28,4,5,2,0,3,0
49,1,75.95,1,24,4,3,2,0,0,1
66,2,95.46,9,5,4,3,1,0,3,1
0,0,65.0,3,14,2,2,1,0,0,1
54,1,121.68,9,9,3,2,0,3,0,1
2,2,0.0,5,19,4,1,0,3,0,1
51,1,79.2,11,15,4,3,0,3,0,1
58,2,158.53,6,10,4,2,1,0,3,1
62,1,105.3,7,17,4,1,2,0,0,1
2,0,65.0,6,29,2,1,0,0,0,1
106,2,140.0,12,25,4,0,1,0,3,0
67,1,98.1,9,6,4,2,0,0,0,0
298,1,79.59,10,9,4,5,2,0,3,1
103,1,159.84,9,6,3,3,0,1,0,1
66,0,89.1,4,2,4,1,2,0,0,0
27,0,65.0,6,29,2,1,0,0,0,1
1,0,65.0,11,11,3,5,2,0,0,1
6,0,148.5,4,8,4,2,2,0,3,0
190,0,165.6,9,8,4,3,0,1,0,0
19,1,132.89,11,6,4,3,2,0,0,1
0,2,168.0,9,19,4,1,1,3,0,1
335,0,55.33,10,13,3,3,0,0,0,1
213,1,92.29,6,30,4,5,2,3,0,1
15,1,105.0,9,9,4,2,0,0,0,1
141,2,137.7,7,16,4,1,1,0,4,1
12,0,104.0,5,11,3,4,0,0,0,1
55,2,135.9,9,26,4,3,1,0,0,1
25,2,114.0,9,18,4,2,1,0,0,1
30,0,140.4,5,20,4,2,2,0,3,0
1,0,47.25,8,29,3,1,2,1,0,1
67,0,57.0,1,29,3,2,0,0,0,1
23,1,112.0,11,11,4,1,0,0,0,1
170,0,114.04,9,29,4,5,2,0,0,0
108,0,77.03,4,28,4,1,0,0,3,1
40,0,118.8,4,22,4,2,0,0,3,0
117,2,128.7,6,27,4,0,1,0,0,1
5,0,65.0,12,1,2,4,0,0,0,1
4,1,149.38,9,22,4,1,0,0,3,1
152,1,146.7,8,13,4,1,2,0,3,0
14,1,88.0,11,14,4,2,1,3,0,1
4,0,118.0,3,5,4,1,2,0,3,0
73,1,87.3,4,3,4,1,2,0,0,1
2,0,89.0,3,30,4,1,0,3,0,1
135,2,114.75,7,13,4,5,2,0,0,1
27,0,107.1,6,12,4,1,2,0,3,0
138,0,96.3,8,29,4,1,1,0,0,1
31,1,135.9,7,9,4,1,1,0,0,1
10,1,153.0,8,25,4,4,0,0,5,1
1,1,95.0,3,27,4,0,1,0,0,1
1,0,145.0,10,15,4,1,0,0,3,1
113,0,129.6,9,14,4,3,0,0,0,0
31,1,114.3,10,2,4,1,2,3,0,0
12,0,79.0,11,23,2,2,0,0,0,1
100,1,91.9,4,18,4,1,1,0,0,1
93,0,60.0,12,27,3,3,2,0,3,1
83,2,120.15,11,9,4,4,2,3,0,1
32,1,159.3,3,26,4,1,1,0,3,0
181,2,90.9,10,28,4,2,0,0,0,0
2,1,127.0,2,7,4,0,1,0,3,1
69,3,139.5,7,16,4,2,2,0,3,1
21,1,85.0,10,7,3,1,0,0,0,1
7,1,112.5,6,12,4,2,2,0,0,1
112,2,137.7,7,13,4,2,0,0,3,1
4,0,119.0,4,14,4,2,0,3,0,1
53,1,119.1,4,25,4,2,1,0,3,0
18,1,116.8,3,9,4,4,1,0,3,1
4,0,65.0,4,10,2,1,2,0,0,1
48,2,154.98,9,26,4,4,1,0,3,1
2,0,86.0,2,7,4,0,1,0,0,1
38,0,159.6,8,22,4,6,3,0,3,1
24,1,139.0,8,21,4,0,1,3,0,0
79,0,129.96,7,6,4,4,1,0,3,0
52,2,148.91,12,29,4,2,0,0,3,1
35,1,69.5,2,6,4,1,1,0,1,1
15,0,195.4,3,17,4,3,2,0,5,0
204,1,94.59,8,18,4,5,2,0,0,0
60,0,49.5,9,21,3,1,1,0,0,1
5,1,66.0,2,10,2,1,0,0,0,1
207,1,85.5,8,5,4,2,1,3,0,1
53,1,167.22,9,26,3,3,2,0,3,1
31,1,210.6,7,18,4,3,1,1,3,0
66,1,108.11,5,14,4,1,2,0,3,1
108,0,74.54,5,7,4,3,2,0,0,1
18,1,129.67,4,12,4,3,0,0,0,1
58,0,137.4,6,3,4,2,1,0,3,0
6,3,228.0,8,28,4,1,2,0,5,1
40,0,169.2,11,7,4,2,1,0,0,1
5,0,99.75,8,15,4,2,2,0,0,0
0,1,141.0,3,19,4,1,1,0,0,0
335,0,90.0,10,13,3,3,0,0,0,1
85,0,107.1,8,18,4,1,0,3,0,0
147,0,137.7,8,22,4,2,1,0,3,0
4,0,84.0,1,22,4,2,0,3,0,1
11,1,95.33,8,18,4,3,0,0,0,1
77,0,97.02,3,26,4,5,2,0,3,0
14,0,86.0,2,4,2,3,1,0,4,1
168,3,132.3,5,29,4,0,1,0,3,1
210,0,68.0,7,30,4,3,1,0,1,0
7,0,84.0,3,11,2,2,0,0,0,1
19,0,135.0,5,7,4,1,0,0,0,1
110,0,159.3,8,12,4,3,2,0,3,0
196,0,96.3,10,27,4,2,0,0,0,0
77,2,72.25,11,16,4,4,1,0,0,0
23,1,90.95,11,4,4,4,0,0,0,1
197,3,96.3,10,31,4,0,1,0,0,1
125,0,89.75,8,29,3,3,1,0,0,1
196,1,80.75,7,31,4,2,2,3,0,1
96,1,141.6,5,23,4,4,1,0,3,1
47,0,109.8,8,28,4,0,1,0,0,0
15,0,97.0,12,23,4,1,0,0,0,1
73,1,93.6,11,12,4,1,2,0,0,1
28,1,139.0,9,11,4,0,1,3,0,1
9,0,105.0,4,10,4,0,1,3,0,1
90,2,130.78,6,14,4,5,2,0,0,0
31,1,95.4,3,12,4,2,2,0,3,0
74,0,132.3,10,21,4,2,0,0,3,0
6,0,95.0,5,31,2,2,0,0,0,1
11,1,120.12,8,20,4,2,2,0,3,1
1,0,101.5,8,14,3,2,0,1,0,1
0,0,100.37,9,27,4,1,0,3,0,1
37,0,75.0,10,29,3,2,2,0,0,1
165,1,85.0,7,18,4,3,1,3,0,0
37,0,99.9,6,26,4,0,2,0,0,1
170,1,70.0,4,23,3,1,2,0,0,1
160,0,114.5,8,22,4,2,1,0,0,0
94,1,119.0,12,23,4,2,2,0,3,1
155,1,148.58,12,29,4,3,2,0,5,0
1,0,65.0,11,19,2,1,0,0,0,1
19,1,118.67,10,3,4,1,2,0,0,1
1,0,90.0,9,9,2,2,0,0,0,1
31,1,197.65,9,5,4,2,1,0,6,1
16,0,110.75,5,29,3,3,2,1,0,1
85,0,87.0,2,13,4,1,0,0,0,0
12,0,109.33,3,2,4,3,0,0,3,0
19,1,78.6,1,26,4,2,0,0,3,1
53,0,125.1,5,6,4,1,0,3,0,0
195,0,121.5,8,13,4,1,0,0,0,0
57,1,86.4,11,18,4,2,1,0,0,0
44,0,75.0,7,8,2,1,0,0,0,1
16,1,160.0,7,14,4,2,0,0,0,1
47,2,81.0,12,24,4,1,0,0,0,1
88,1,207.9,9,24,4,1,2,0,5,0
151,0,300.0,7,3,3,3,2,1,0,0
50,1,87.3,3,11,4,2,1,0,3,1
18,0,100.0,6,21,2,2,0,0,0,1
40,0,175.0,10,21,4,2,0,0,3,0
162,1,130.05,7,6,4,4,0,0,3,0
2,0,79.0,3,9,2,1,0,0,0,1
46,0,60.0,11,13,3,2,1,0,3,1
14,0,84.67,12,22,4,3,0,3,0,1
16,1,138.0,9,8,4,1,0,0,0,1
116,1,96.0,7,16,4,4,2,3,0,1
117,1,80.75,8,1,3,1,2,1,1,1
142,0,85.5,7,1,4,2,0,3,0,0
157,1,76.5,7,6,4,3,1,0,0,0
23,2,101.0,10,8,4,2,0,0,0,1
0,1,105.75,5,31,4,2,0,0,0,1
149,1,119.0,8,3,4,4,2,0,0,1
21,2,142.0,3,1,4,2,0,0,3,1
121,0,91.48,7,27,4,2,0,0,3,0
88,0,58.0,3,12,3,1,1,0,0,1
18,1,75.0,1,21,4,2,0,3,0,1
99,0,101.5,3,24,4,3,0,3,0,1
179,0,126.9,9,30,4,2,2,0,3,0
171,0,80.75,9,20,3,5,2,0,0,0
33,0,55.0,12,26,3,2,2,0,0,1
13,1,141.33,3,28,4,2,1,0,0,1
3,0,126.0,10,11,4,0,1,0,0,1
258,2,88.83,10,29,4,2,2,0,0,1
78,1,82.45,3,31,4,4,2,0,0,1
24,1,124.0,5,2,4,0,1,3,0,1
26,0,85.0,10,16,3,3,2,0,0,1
27,0,70.0,2,7,4,5,4,0,0,0
29,1,74.23,3,2,4,5,2,3,0,0
25,2,129.0,9,26,4,3,1,0,0,1
215,0,99.45,8,20,4,5,2,0,3,0
70,1,64.67,4,3,4,4,2,0,0,1
13,0,149.0,8,26,4,3,2,0,3,0
96,0,99.45,4,27,4,4,2,0,0,0
65,0,94.5,3,18,4,2,0,3,0,0
78,2,119.85,5,14,4,2,2,0,0,1
11,1,129.0,9,25,4,1,2,3,0,1
286,0,91.0,9,16,3,2,0,1,0,1
8,1,104.5,11,6,4,2,2,0,0,1
2,2,106.0,8,21,4,2,0,0,0,1
63,1,99.79,4,24,4,3,2,0,0,1
13,2,112.0,11,2,4,1,0,0,0,1
116,1,101.58,4,28,4,3,1,0,3,0
92,0,92.65,11,23,3,4,1,0,0,1
229,1,107.64,11,13,4,5,4,1,0,0
141,1,72.25,4,8,3,2,1,0,0,0
67,2,151.2,10,17,4,3,1,0,3,1
10,1,86.72,11,11,4,2,2,0,0,1
32,2,88.0,12,2,4,2,0,3,0,1
38,2,102.7,3,21,4,2,1,0,3,1
72,1,115.0,9,14,2,2,0,3,0,0
14,0,105.0,7,21,2,2,0,0,0,1
7,1,150.0,8,16,4,2,0,0,0,1
2,2,103.0,11,13,4,0,2,0,0,1
12,0,135.0,10,3,4,1,1,3,0,0
0,0,149.0,9,2,4,1,0,3,0,1
55,1,135.9,9,18,4,0,1,0,0,1
54,1,97.4,11,23,4,4,0,0,0,1
75,0,80.75,4,25,3,4,1,0,0,1
82,1,133.98,11,7,4,2,1,3,0,0
76,3,127.38,9,21,4,3,0,0,1,1
74,0,109.8,11,4,4,2,0,0,0,0
249,0,112.5,11,18,4,2,1,1,0,0
190,0,119.85,9,26,4,3,1,0,0,0
30,1,119.1,7,15,4,4,2,3,0,1
91,0,60.0,12,28,3,2,1,0,3,1
6,2,105.0,9,13,4,0,1,0,0,1
0,0,79.0,2,18,4,1,0,3,0,1
28,0,175.4,6,27,4,3,1,0,3,0
49,0,110.0,3,23,4,1,0,0,0,1
156,1,128.7,8,28,4,2,2,0,3,0
2,2,89.0,5,9,4,0,1,3,0,1
40,0,108.23,3,21,4,3,1,0,3,1
91,0,127.8,7,3,4,5,2,0,3,1
24,1,77.25,1,29,4,2,1,0,1,1
217,2,158.95,8,8,4,4,1,0,5,0
14,0,76.78,12,6,4,5,1,0,0,1
22,1,90.78,12,8,4,3,2,0,0,1
24,1,104.61,5,31,4,4,0,0,3,1
141,1,103.5,7,14,4,3,0,3,0,1
45,1,94.5,4,13,4,2,0,3,0,1
94,0,96.3,4,8,4,2,1,0,0,0
0,0,87.78,10,18,4,0,1,3,0,1
102,2,48.67,1,3,3,1,2,0,3,1
15,1,81.0,12,27,3,1,0,0,0,1
137,1,147.9,7,29,4,7,3,1,3,1
1,1,79.0,1,28,4,1,0,3,0,1
76,1,76.5,7,7,4,3,0,0,0,0
244,1,176.04,12,29,3,3,1,0,0,1
15,1,141.68,9,15,4,2,0,0,3,1
136,0,178.5,7,13,4,5,2,1,0,1
2,0,67.0,5,4,2,1,0,0,0,1
39,0,91.13,1,1,4,2,2,0,1,1
93,1,85.5,8,15,4,3,2,0,0,0
220,1,137.7,8,31,4,2,0,0,3,0
116,0,94.05,10,23,4,2,2,3,0,0
78,2,142.2,7,20,4,2,0,0,3,1
214,0,92.65,10,4,4,4,0,3,0,0
78,2,114.3,7,12,4,4,0,0,0,1
2,1,67.0,5,11,2,1,0,0,0,1
27,1,119.33,11,12,4,1,2,0,3,1
69,1,68.0,7,22,4,4,0,0,0,0
60,2,149.4,9,10,4,6,2,0,3,1
143,0,114.3,8,13,4,1,1,0,0,0
0,0,65.14,5,16,4,0,1,3,0,1
4,0,145.25,6,10,4,4,2,0,3,0
79,1,183.6,9,15,4,3,2,1,3,0
77,1,187.85,5,2,4,3,1,0,5,1
54,0,187.85,4,29,4,4,2,0,5,0
77,0,86.4,11,23,4,1,0,0,0,0
111,2,118.8,9,11,4,2,2,3,0,0
6,0,106.0,7,20,3,1,0,0,0,1
7,0,99.88,12,7,4,4,0,0,3,1
241,1,95.0,7,3,4,1,2,3,0,1
188,0,168.3,7,7,4,2,0,0,5,0
11,1,140.0,4,24,4,0,2,0,0,1
43,1,108.0,10,3,4,0,1,3,0,0
13,1,125.67,4,29,4,2,1,3,0,1
50,0,99.9,4,4,4,1,1,0,0,1
122,1,105.3,5,12,4,2,0,0,0,1
180,1,122.25,7,31,4,4,2,0,0,0
48,0,158.4,10,15,4,2,2,0,3,1
27,0,83.0,9,22,3,2,0,1,0,1
101,0,54.06,4,12,4,5,1,3,0,1
10,0,169.0,7,24,4,0,1,0,0,0
133,1,72.25,7,13,3,4,0,0,0,1
39,2,145.1,8,17,4,1,0,3,0,1
10,1,110.08,9,5,4,4,2,0,3,1
7,1,0.0,10,10,4,0,0,0,6,1
27,1,126.0,10,19,4,4,1,0,0,1
0,1,99.0,8,11,4,1,0,0,0,1
1,2,228.0,8,24,4,1,0,0,5,1
153,1,83.83,6,29,4,4,0,0,1,1
1,2,45.0,4,28,3,1,0,0,0,1
2,1,67.0,6,16,2,1,0,0,0,1
196,0,85.5,7,20,4,3,0,0,0,0
3,0,80.0,11,6,3,2,1,0,0,1
7,0,85.0,8,15,4,1,1,3,0,1
58,2,138.6,6,8,4,2,0,0,0,1
1,2,98.0,8,23,4,0,2,0,0,1
136,1,122.4,11,22,4,2,0,0,3,0
4,1,242.0,9,14,4,2,0,0,5,0
11,1,92.5,12,25,4,1,0,3,0,1
185,0,84.82,8,25,4,3,2,0,1,0
83,1,90.18,10,31,4,4,1,0,0,1
166,0,89.25,8,5,4,5,2,3,0,0
115,0,106.92,9,17,4,2,2,3,0,0
66,0,94.5,4,13,4,2,0,3,0,1
13,0,131.97,10,22,3,5,2,1,0,1
10,2,0.0,8,21,1,1,0,0,3,1
44,1,152.1,8,3,4,2,0,0,0,1
67,0,140.4,5,4,4,1,0,0,3,0
152,1,76.58,5,7,4,2,2,0,0,1
144,0,80.75,6,29,4,4,1,0,0,0
95,1,82.07,4,27,4,4,0,0,3,0
34,1,67.5,2,6,4,2,2,0,0,0
48,1,85.5,8,31,3,4,1,0,0,1
206,0,80.75,8,12,4,2,2,3,0,0
128,2,162.0,9,24,4,3,2,0,3,1
31,2,77.86,11,23,4,4,0,0,1,0
59,0,75.0,11,17,3,3,0,0,0,1
0,0,0.0,12,11,4,1,0,0,0,1
2,0,181.0,5,19,3,1,0,0,4,1
69,1,135.9,8,15,4,5,1,0,0,1
188,2,123.75,8,9,4,5,2,0,0,0
51,1,132.9,7,18,4,2,1,0,0,1
12,1,127.0,2,26,4,2,0,0,3,0
20,1,151.0,8,19,4,2,2,0,0,1
4,2,88.26,12,7,4,4,0,3,0,1
24,0,157.0,6,22,4,2,0,0,3,0
5,0,75.0,8,12,3,1,0,0,0,1
62,0,116.1,5,19,4,1,0,3,0,1
30,2,114.0,12,4,4,0,2,0,3,1
145,2,181.8,8,17,4,2,0,0,5,1
100,0,100.0,9,28,4,4,0,0,0,0
3,0,67.5,1,8,4,1,0,3,0,1
36,0,110.8,6,29,4,3,0,0,4,0
227,0,72.9,12,8,4,3,0,0,0,0
175,1,90.95,7,15,4,2,2,0,0,1
102,0,111.7,8,28,4,12,6,3,0,0
71,1,131.4,8,26,4,2,2,0,0,1
3,0,115.0,9,26,3,0,1,0,0,1
34,1,107.55,10,15,4,3,1,0,0,1
111,1,101.58,5,2,4,3,1,0,0,1
290,0,72.0,6,17,3,2,1,0,0,1
6,0,127.0,3,11,4,2,0,0,0,0
119,1,68.0,7,20,4,0,1,0,0,0
161,0,130.05,12,26,4,3,1,1,3,1
6,0,99.2,5,9,2,2,1,0,0,1
30,1,125.1,8,5,4,2,1,3,0,1
103,1,108.34,7,11,4,2,1,0,0,1
1,0,140.0,10,21,4,2,0,0,0,1
4,1,93.0,1,26,4,1,0,0,0,1
97,1,79.8,10,30,4,1,2,3,0,0
1,0,149.0,4,24,4,0,1,0,0,0
64,1,154.1,8,6,4,1,1,0,0,1
20,0,119.0,9,19,2,2,1,0,0,1
58,0,132.3,10,13,4,3,0,0,3,0
65,1,134.0,8,26,3,2,2,0,0,1
34,2,125.1,8,17,4,3,0,3,0,1
246,1,81.77,9,8,4,3,0,0,1,0
12,0,55.0,12,5,3,1,1,0,0,1
277,0,93.08,10,20,4,3,1,0,0,0
11,2,90.0,8,22,4,2,2,0,0,1
184,1,164.25,8,17,4,1,0,1,0,0
12,1,151.0,8,12,4,5,2,0,0,1
99,0,80.0,2,19,2,1,0,0,0,1
28,1,115.03,4,17,4,1,2,0,0,0
31,0,81.9,3,14,4,1,1,0,1,1
38,0,85.0,8,4,3,5,2,0,0,1
35,3,89.28,10,16,3,2,0,0,0,1
8,1,149.0,9,7,4,2,0,3,0,1
2,1,258.0,9,2,4,1,0,0,5,1
1,1,81.0,2,9,4,1,0,3,0,0
43,2,109.2,4,28,4,3,0,3,0,1
9,1,67.0,10,13,2,2,0,0,0,1
230,1,72.75,8,29,4,3,1,0,3,1
14,1,89.32,3,29,4,2,0,0,3,1
104,1,114.0,10,6,4,2,0,1,0,0
34,1,78.3,1,16,4,1,2,0,0,1
0,0,0.0,1,20,1,1,0,0,0,1
10,0,93.0,3,6,4,0,1,0,0,1
1,2,119.0,8,24,4,1,0,3,0,1
0,1,41.84,1,10,4,5,2,0,0,1
0,0,95.0,5,9,2,2,1,0,0,1
140,1,114.33,7,18,4,3,1,0,3,1
284,0,67.5,12,12,4,0,1,3,0,0
5,1,73.9,1,14,4,2,0,0,0,1
149,1,114.3,7,4,4,1,1,0,3,0
46,1,112.67,10,25,4,3,0,3,0,0
10,0,206.55,12,31,3,2,0,0,0,1
33,0,98.1,4,17,4,3,2,0,0,0
8,0,83.0,11,4,4,1,0,0,0,1
16,2,105.0,9,9,4,3,0,0,0,1
166,1,114.3,8,3,4,3,0,0,0,0
229,0,80.75,10,22,4,2,2,0,0,0
57,1,135.99,9,3,4,5,2,0,5,1
2,1,104.0,4,11,4,1,1,3,0,1
224,2,128.7,10,23,4,1,2,0,3,0
126,2,129.6,9,23,4,3,2,0,0,1
220,1,90.0,8,15,4,1,1,3,0,1
1,0,65.0,3,2,2,1,0,0,0,1
45,0,149.4,5,12,4,3,2,0,3,1
9,0,65.0,10,19,2,1,0,0,0,1
49,0,102.3,4,3,4,1,2,0,0,1
12,1,164.0,9,22,4,4,0,3,0,1
185,1,114.75,8,2,4,6,2,0,0,0
24,0,80.2,11,27,4,1,2,0,0,1
175,1,87.32,9,30,4,2,2,0,0,1
122,0,140.27,7,28,4,5,2,0,3,1
70,2,113.87,12,8,4,3,0,0,0,1
61,0,63.58,3,19,3,2,2,0,0,1
176,0,198.9,9,15,4,3,0,0,5,0
106,1,141.3,7,18,4,4,1,0,3,1
64,1,149.4,9,16,4,2,0,0,3,1
274,2,0.0,11,4,4,0,0,0,0,1
45,0,159.3,4,30,4,1,1,0,3,0
11,0,62.0,3,16,3,3,0,0,1,1
1,0,92.0,2,5,4,2,0,0,0,1
160,0,130.67,12,30,3,3,0,0,0,1
4,1,0.0,10,4,4,0,1,0,0,1
74,0,177.3,11,7,4,3,1,0,0,1
123,0,76.5,7,13,4,3,1,0,0,0
12,0,91.0,2,18,4,3,1,0,0,1
48,0,85.5,5,30,3,3,1,0,0,1
1,0,78.5,1,8,4,2,1,3,0,1
40,2,94.5,9,13,4,3,2,0,0,1
42,0,129.95,3,14,4,4,1,1,3,0
24,0,50.0,12,5,2,2,2,0,0,1
49,1,89.3,3,2,4,3,0,0,3,1
65,2,168.3,8,16,4,1,0,0,3,1
0,0,109.0,6,5,4,0,1,3,0,1
0,0,73.07,6,8,4,1,0,0,0,1
8,0,171.0,2,22,4,3,1,0,5,0
19,2,52.5,11,4,3,4,0,0,3,1
155,0,143.1,9,18,4,0,2,0,3,0
2,0,89.0,5,9,4,0,1,3,0,1
191,1,99.95,7,16,4,5,2,0,0,1
45,0,81.0,9,12,3,1,1,0,0,1
77,1,100.97,12,31,4,4,2,0,0,1
162,2,139.05,8,21,4,2,2,0,3,0
41,1,70.0,12,27,3,5,1,0,0,1
40,0,75.6,10,19,3,3,1,0,0,0
74,0,112.5,6,27,4,0,1,0,0,1
52,2,72.76,9,7,4,1,1,0,0,1
4,0,152.2,9,20,3,1,0,3,0,1
4,1,89.0,3,22,4,2,0,3,0,1
32,1,86.15,2,19,4,2,2,0,0,1
191,0,116.0,6,3,3,2,1,0,0,0
49,2,168.3,8,21,4,0,2,0,3,1
8,0,75.0,7,26,2,1,0,0,0,1
31,0,88.0,12,2,4,2,0,3,0,0
15,0,93.0,2,25,4,2,0,0,0,1
145,2,174.15,11,7,4,3,1,0,0,1
111,0,132.6,6,2,4,3,1,0,3,0
28,1,114.0,4,16,4,1,1,0,0,1
22,1,80.3,1,28,4,3,0,0,0,1
40,0,112.95,3,23,4,4,0,0,0,0
11,1,0.0,12,11,1,2,0,0,3,1
256,0,103.7,10,16,4,3,2,0,3,0
278,0,73.95,12,23,4,5,2,0,0,0
15,0,79.0,1,26,2,2,0,0,0,1
18,0,75.54,12,1,4,6,2,3,0,1
3,0,65.0,7,21,2,1,0,0,0,1
56,1,85.85,3,29,4,4,0,0,0,1
3,3,152.0,9,19,4,1,2,3,0,1
6,0,67.0,11,16,2,1,0,0,0,1
12,0,72.0,10,4,3,0,1,0,0,1
25,0,104.0,6,1,4,2,0,3,0,1
140,0,89.75,4,16,3,5,2,0,0,1
3,0,87.2,12,6,3,0,2,0,3,1
74,0,55.9,7,27,4,7,3,0,0,1
12,0,129.0,2,7,4,1,2,1,0,0
6,2,69.5,1,12,4,2,0,3,0,1
178,1,127.22,7,27,4,7,2,0,3,0
152,2,105.3,8,20,4,1,0,0,0,0
96,2,132.3,10,19,4,4,1,0,3,1
50,0,98.55,10,19,3,2,0,0,0,1
16,0,50.4,8,13,3,3,2,0,0,1
278,0,84.15,12,27,3,5,0,0,0,1
234,1,103.7,10,25,4,4,0,0,3,0
23,0,128.49,5,21,4,4,2,0,1,0
1,0,101.0,3,28,4,0,1,0,0,1
247,0,111.0,6,6,3,1,1,1,0,0
0,0,80.0,5,6,4,1,0,0,0,1
17,1,96.26,4,14,4,3,2,0,3,1
43,0,69.52,2,5,4,2,1,0,1,0
31,0,118.5,6,20,3,1,1,0,0,1
6,1,88.0,12,18,4,0,1,0,0,1
21,1,91.25,8,31,4,3,1,0,0,0
141,2,108.29,5,29,4,3,2,0,3,1
82,1,74.15,4,25,4,0,1,0,0,0
24,0,45.5,2,29,3,3,1,0,0,1
69,0,137.7,4,7,4,3,0,0,0,0
63,0,210.6,5,14,4,1,1,1,3,0
135,0,132.3,10,1,4,1,2,0,3,0
82,1,59.85,10,30,4,2,2,3,0,1
52,1,84.8,2,18,4,2,0,0,0,1
58,1,85.85,3,28,4,4,1,0,0,0
46,0,140.4,5,16,4,1,1,0,3,1
73,2,168.3,9,6,4,2,0,0,3,1
38,0,117.9,7,20,4,1,0,0,0,0
87,1,95.7,12,29,4,3,0,0,1,1
1,0,91.0,2,13,4,1,1,0,0,1
1,1,67.0,8,30,2,2,0,0,0,1
84,0,137.7,7,13,4,4,0,0,3,0
85,0,109.65,5,14,4,4,2,3,0,0
33,1,125.1,7,15,4,1,0,3,0,1
147,0,130.0,9,13,3,1,0,0,0,0
0,0,95.0,3,23,4,1,0,0,0,1
45,1,101.7,6,20,4,2,1,0,0,1
87,1,183.6,9,6,4,5,2,1,3,1
32,1,96.0,11,14,4,0,1,0,0,0
218,1,122.4,10,5,4,3,0,0,3,0
65,0,75.0,11,18,3,2,0,0,0,1
3,0,139.13,9,19,2,0,1,0,0,1
57,0,99.9,6,20,4,3,1,0,0,0
46,2,125.1,8,17,4,1,0,3,0,1
44,2,219.6,8,10,4,1,0,1,3,1
122,2,76.5,7,13,4,0,1,0,0,0
140,2,72.25,12,29,4,3,0,0,0,1
157,0,87.13,7,16,4,2,2,3,0,0
2,0,170.0,10,19,2,17,6,0,4,0
21,0,67.0,11,21,2,0,1,0,0,0
5,0,69.0,12,17,3,2,0,0,3,1
30,0,85.0,12,3,2,1,0,0,0,1
332,0,77.23,9,22,4,3,1,0,0,0
4,0,106.0,2,14,4,7,4,0,3,1
20,1,93.17,6,14,4,2,0,0,0,1
112,1,104.5,7,18,4,1,1,0,0,1
42,0,89.0,6,13,2,1,1,0,0,1
56,0,140.4,5,27,4,2,1,0,3,0
91,1,120.69,8,14,4,0,1,0,0,1
76,0,145.8,6,16,4,3,2,0,3,0
112,1,146.7,8,9,4,3,0,0,3,1
101,1,69.5,2,18,4,3,0,3,0,1
10,2,114.0,9,22,4,2,0,3,0,1
17,0,80.0,3,17,3,3,0,0,0,1
130,0,110.0,6,6,3,3,1,0,0,1
101,0,80.75,10,23,3,1,2,0,0,1
4,0,60.4,2,14,3,0,1,3,0,0
214,1,100.51,8,18,4,6,2,0,3,0
13,0,89.39,12,3,4,4,2,0,0,1
9,0,101.0,4,17,4,0,1,0,0,0
125,1,99.45,7,23,4,2,2,0,0,1
24,1,78.15,12,5,4,4,1,0,0,1
67,1,80.24,3,26,3,1,0,0,0,1
190,1,70.0,4,9,3,1,1,0,0,1
4,1,153.0,8,27,4,1,0,0,5,1
78,1,116.1,5,7,4,1,0,3,0,1
36,0,109.8,8,30,4,4,0,0,0,0
92,1,81.9,4,4,4,1,1,0,0,0
32,0,73.87,10,12,4,2,1,0,0,1
57,0,60.0,11,20,3,2,1,0,3,1
19,0,118.15,9,19,3,0,1,0,0,0
44,1,82.13,11,21,4,2,1,3,0,1
102,0,140.4,5,19,4,3,0,0,3,1
32,1,89.3,2,5,4,2,0,0,3,1
45,2,96.9,11,24,4,3,2,0,3,1
0,4,0.0,10,6,1,1,0,0,0,1
59,1,126.0,10,16,4,2,2,0,0,1
5,1,67.0,9,27,2,3,0,0,0,1
10,2,204.0,9,30,4,2,0,0,3,1
68,1,112.2,4,21,4,3,0,0,3,1
125,2,105.3,8,20,4,2,2,0,0,1
6,1,166.0,7,11,4,1,1,0,3,1
25,2,186.5,7,18,4,0,1,0,0,1
106,1,91.89,7,13,3,3,0,0,0,1
5,0,98.32,5,16,2,2,1,0,0,1
30,2,152.3,2,8,4,4,1,0,5,1
136,0,76.16,11,28,4,4,1,0,1,0
112,2,168.3,5,20,4,2,0,0,3,1
32,1,109.0,10,25,4,4,0,3,0,1
211,0,63.75,12,16,4,2,2,3,0,0
20,0,139.0,4,9,4,1,1,0,3,0
148,0,91.68,7,25,4,5,2,3,0,0
1,0,98.0,8,9,4,0,1,3,0,1
5,1,120.6,2,28,4,3,2,0,3,1
6,0,161.0,3,27,4,3,2,0,3,0
1,0,128.52,12,24,4,3,2,0,3,1
72,1,67.22,3,31,4,3,0,0,0,1
249,1,126.9,9,7,4,3,0,0,0,0
79,1,156.6,12,27,4,1,0,0,5,1
55,2,144.0,8,31,4,3,0,1,0,1
3,2,141.0,6,17,4,1,0,0,0,1
20,0,164.0,10,2,4,1,2,0,3,1
7,0,113.6,9,16,3,2,0,0,0,1
211,0,90.95,7,30,4,3,2,0,0,0
36,1,114.3,3,12,4,1,1,0,3,0
244,1,92.4,10,30,4,1,2,3,0,1
88,1,119.85,4,29,4,3,2,0,0,0
1,1,114.0,10,14,4,1,0,3,0,1
31,1,94.5,10,4,4,1,2,0,0,1
206,1,109.66,8,13,4,5,2,0,3,0
90,3,127.71,12,26,4,3,1,0,3,1
9,2,153.0,8,14,4,0,2,3,0,1
45,1,71.1,3,13,4,1,2,3,0,1
39,1,134.0,10,2,4,0,2,0,0,0
30,2,84.55,8,30,4,4,0,0,0,1
53,0,85.0,8,8,3,5,2,0,0,1
1,0,102.41,9,20,4,3,2,3,0,1
14,0,94.35,5,30,4,0,1,0,0,0
150,1,101.15,7,14,4,8,2,0,0,0
99,0,236.52,10,21,4,3,2,1,5,0
63,2,149.4,9,12,4,2,1,0,3,1
56,1,72.42,8,28,4,2,2,3,0,1
98,0,91.4,12,26,4,3,1,0,0,0
35,0,179.01,5,16,4,1,1,0,5,0
1,0,81.0,2,20,4,1,2,3,0,1
26,2,100.0,11,2,4,3,0,3,0,1
32,2,87.78,12,14,4,3,0,0,3,1
141,1,129.6,9,14,4,4,0,0,0,1
14,1,109.0,3,13,4,2,2,0,0,1
43,1,94.5,4,11,4,1,1,3,0,1
4,0,115.0,9,15,3,2,0,0,0,1
120,1,94.81,9,11,4,5,2,0,0,1
1,1,133.0,9,7,4,0,1,0,0,1
64,1,200.1,8,6,4,1,1,0,0,1
11,0,65.0,12,15,2,1,0,0,0,1
38,0,84.0,10,13,3,1,0,0,0,1
196,0,85.5,8,6,4,1,1,3,0,0
36,1,72.9,2,24,4,1,0,0,0,1
185,0,90.95,7,18,4,5,2,0,0,0
46,0,105.0,11,11,3,2,0,0,0,1
105,0,117.3,5,5,4,3,0,0,0,0
7,1,99.2,3,16,4,3,0,0,3,1
18,0,68.0,11,20,3,5,2,0,0,1
10,1,83.73,12,20,4,4,0,0,0,1
65,1,85.0,8,12,3,2,1,0,0,1
2,1,0.0,12,13,1,0,1,0,0,1
3,0,65.0,11,23,2,1,1,0,0,1
5,1,142.33,7,3,4,1,2,0,0,0
144,0,112.0,7,3,3,2,2,0,0,1
133,1,86.43,5,27,4,2,2,0,3,1
56,0,126.0,12,2,4,2,0,0,3,0
37,0,74.25,12,10,4,3,1,3,0,1
37,1,104.0,12,7,4,3,0,0,0,1
0,0,66.0,1,19,2,1,0,0,0,1
8,1,169.0,5,21,3,1,0,3,4,1
195,1,90.95,7,21,4,5,2,0,0,1
8,0,91.0,2,19,2,1,0,0,0,1
63,2,144.5,4,13,4,4,0,1,3,0
19,1,126.0,6,12,4,0,1,0,3,1
87,0,68.5,3,24,3,3,1,0,0,1
86,2,205.06,7,15,4,2,0,0,6,1
163,1,73.37,4,9,4,5,2,0,0,1
107,1,111.3,8,5,4,2,1,0,0,1
18,1,0.0,11,7,4,0,0,0,0,1
1,0,46.0,1,30,3,1,0,0,3,1
113,0,132.6,5,25,4,4,0,0,3,0
30,2,94.5,9,13,4,2,2,0,0,1
183,0,123.3,10,28,4,2,2,0,3,0
6,0,73.15,11,16,4,3,1,3,0,1
157,0,90.95,6,26,4,3,2,0,0,0
206,3,109.8,10,28,4,2,2,0,3,1
35,1,138.38,3,22,4,4,0,0,3,1
104,2,186.3,4,27,4,2,0,0,5,1
16,1,85.0,10,8,3,1,1,0,0,1
167,0,80.75,6,28,4,4,0,3,0,0
34,1,80.1,3,11,4,2,1,3,0,0
152,0,101.58,7,11,4,3,1,0,0,0
25,0,60.0,12,27,3,1,0,0,0,1
83,0,79.56,7,25,4,4,1,0,0,1
1,1,226.17,10,2,4,2,1,0,5,1
8,1,83.39,10,25,4,1,0,3,0,1
76,0,64.6,9,15,3,3,0,0,0,1
12,0,75.0,10,6,3,3,0,0,3,1
92,0,177.3,7,14,4,2,0,0,5,0
56,0,154.71,6,20,4,3,1,0,5,0
116,2,138.55,7,6,4,4,0,0,3,1
19,3,139.0,9,23,4,2,1,3,0,1
22,1,240.0,7,21,4,2,0,0,5,1
11,2,81.0,8,28,4,2,0,3,0,1
133,1,123.25,7,6,4,4,0,0,0,0
61,1,40.0,7,24,2,2,2,0,0,1
14,1,118.0,2,22,3,3,1,0,0,1
216,1,96.3,8,5,4,1,0,0,0,0
244,2,98.4,9,29,4,1,0,3,0,0
0,0,40.0,9,28,2,0,1,0,0,1
96,1,162.9,10,28,4,2,1,0,5,0
4,0,104.0,10,25,4,1,0,0,0,1
16,0,135.8,6,1,4,4,0,0,3,1
22,1,105.64,9,15,4,3,1,0,3,1
67,3,105.3,7,24,4,3,2,0,0,1
169,2,212.86,8,18,4,2,0,0,1,0
160,1,96.9,7,5,3,1,0,0,0,1
11,0,67.5,1,16,4,1,2,3,0,1
2,0,81.0,1,26,4,1,0,3,0,1
50,1,93.5,3,21,4,3,1,0,0,1
144,0,71.0,4,24,3,1,2,0,0,1
177,0,123.75,8,3,4,4,1,0,0,0
16,1,106.0,2,26,4,2,1,0,3,0
35,1,183.0,12,28,4,1,0,1,0,1
95,1,121.5,5,21,4,1,1,0,0,0
0,2,0.0,1,13,1,2,0,0,0,1
68,1,131.4,6,30,4,2,0,0,3,0
178,1,114.3,5,27,4,2,0,3,0,0
35,0,96.3,6,17,3,3,2,0,3,1
11,1,133.5,5,8,4,2,2,0,3,1
20,1,99.0,1,21,4,2,0,0,3,1
38,2,177.3,8,15,4,5,1,0,3,1
56,0,99.0,9,2,4,1,0,3,0,0
2,0,89.0,4,24,4,0,1,3,0,0
146,1,121.55,5,19,4,3,0,0,3,1
83,2,137.7,7,23,4,1,0,0,3,1
1,3,166.0,8,3,4,1,0,0,3,1
171,1,104.39,7,20,4,10,4,0,0,0
2,1,78.0,12,16,4,1,0,3,0,1
1,0,116.0,9,4,3,2,0,0,0,1
21,2,125.0,12,28,4,1,1,0,0,1
33,1,89.1,6,20,4,1,1,3,0,1
70,0,52.0,1,27,3,5,2,0,3,1
68,2,79.56,10,30,4,3,2,3,0,1
11,0,189.0,3,18,4,2,0,0,5,0
268,1,105.25,8,6,4,1,1,0,1,0
1,0,104.0,10,30,4,2,0,3,0,1
51,0,60.0,11,14,3,1,2,0,3,1
82,2,146.7,7,1,4,4,2,0,3,1
120,0,108.57,9,28,3,3,0,0,3,1
68,0,92.83,6,18,4,1,2,0,0,0
86,1,94.5,4,10,4,1,2,3,0,0
13,2,92.0,8,31,4,4,1,0,0,0
8,0,86.53,7,31,3,1,2,0,0,1
275,0,91.69,10,9,4,5,3,3,0,0
50,1,74.61,11,17,4,3,1,0,3,1
73,0,59.8,1,10,3,1,2,0,0,1
7,0,138.0,4,9,4,4,2,0,3,0
16,0,108.67,12,8,4,3,0,0,0,1
0,0,0.0,9,1,1,1,0,0,1,1
8,0,158.0,10,7,4,3,0,0,0,1
19,1,166.0,8,10,4,1,0,0,3,0
41,0,60.0,11,8,3,2,2,0,3,1
43,0,107.1,4,2,4,1,1,0,0,0
178,0,88.5,7,22,4,2,1,3,0,0
8,1,125.8,12,29,4,3,2,0,3,1
2,1,67.5,12,24,4,1,0,3,0,1
38,0,146.96,9,24,4,5,2,0,3,0
310,1,96.3,10,26,4,2,0,0,0,0
16,1,184.0,9,22,4,1,0,0,3,1
30,3,74.8,11,26,4,2,2,3,0,1
131,0,72.25,7,9,3,1,1,0,0,1
27,0,80.75,6,20,3,3,1,0,0,1
44,1,97.07,11,22,4,3,0,0,0,0
6,1,114.0,9,20,4,0,1,3,0,1
159,1,130.05,8,3,4,4,0,0,0,0
54,1,75.95,2,8,4,4,1,0,0,1
8,1,204.0,6,30,4,4,2,1,3,1
49,1,81.9,3,15,4,2,0,0,0,1
13,0,85.85,11,12,4,2,2,3,0,1
193,0,86.5,7,15,4,1,0,0,1,0
35,0,99.0,9,26,4,0,1,3,0,0
63,3,190.8,10,17,4,3,1,0,5,1
13,0,113.0,9,13,3,3,2,1,0,1
61,0,68.85,7,8,4,8,2,0,0,0
6,2,146.0,4,24,4,0,1,0,3,1
37,0,71.55,2,12,4,2,1,0,1,1
143,1,246.6,7,8,4,2,0,0,5,0
243,0,80.7,9,20,4,2,2,0,0,0
43,1,79.46,11,11,4,2,1,0,0,1
1,0,104.0,6,12,4,0,2,3,0,1
26,0,75.0,10,18,3,1,2,0,3,1
40,1,6.67,1,14,4,3,0,0,1,1
1,0,149.0,5,23,4,0,1,3,0,1
89,1,71.28,11,27,4,0,2,3,0,0
31,0,66.29,12,3,4,11,5,3,0,0
34,0,194.85,8,15,4,3,1,1,0,0
23,0,142.0,10,2,4,2,1,0,3,1
74,0,68.0,7,23,3,2,2,0,0,1
115,1,72.25,12,24,4,3,0,0,0,0
7,1,143.0,4,16,4,1,1,0,0,1
0,0,87.2,10,8,4,1,1,3,0,1
23,0,95.0,10,15,0,1,2,0,0,0
0,0,91.67,12,27,4,1,2,3,0,1
18,1,79.0,2,24,4,4,0,3,0,0
128,2,146.7,8,11,4,3,0,0,3,1
52,0,79.2,11,3,4,1,0,3,0,0
67,3,79.2,11,11,4,2,2,3,0,1
68,0,43.43,2,20,3,5,2,0,0,1
66,1,119.07,10,3,4,1,1,0,3,0
151,1,100.5,8,5,4,2,1,3,0,0
29,0,105.0,7,6,2,2,0,0,3,1
94,1,72.25,12,3,4,2,0,0,0,1
5,1,124.0,9,5,4,1,0,0,0,0
49,0,62.8,3,24,3,3,1,3,0,1
6,2,180.0,7,2,4,2,2,0,3,1
187,0,105.3,7,8,4,2,0,0,3,0
54,0,159.3,6,4,4,1,0,0,3,0
22,1,108.57,6,21,4,2,0,0,0,1
25,2,101.33,10,9,4,4,2,3,0,1
16,0,88.33,1,30,4,1,2,0,0,1
92,1,76.5,8,7,4,4,2,0,0,0
69,1,161.9,5,18,4,2,0,0,0,1
53,0,131.52,5,21,3,3,2,1,0,1
0,0,95.0,6,20,0,3,1,0,0,1
31,0,63.0,3,19,3,1,1,0,0,1
270,1,80.0,4,20,3,4,0,0,0,1
65,0,0.0,3,23,4,0,0,0,0,1
283,1,69.38,7,9,4,3,2,0,0,1
12,1,100.0,2,20,3,2,2,0,0,1
28,1,80.85,4,12,4,1,0,3,0,1
16,0,84.0,3,5,4,1,1,3,0,0
109,0,62.7,2,21,4,2,2,0,0,1
3,0,95.0,11,21,4,0,1,3,0,0
118,1,87.3,4,3,4,1,2,0,0,0
121,0,99.45,5,8,4,2,2,0,0,0
50,0,170.85,4,13,4,4,1,0,5,0
57,0,105.3,4,11,4,2,1,0,0,0
29,2,90.25,9,30,4,2,0,0,0,1
1,0,77.25,12,19,4,1,0,0,1,1
0,0,65.0,9,21,2,2,1,0,0,1
152,1,109.0,7,11,4,1,1,0,0,0
65,0,79.2,11,20,4,0,1,3,0,1
9,0,67.0,11,23,2,2,0,0,0,1
147,0,55.96,8,10,4,3,1,0,0,1
177,0,105.3,7,30,4,1,0,0,0,0
109,1,176.25,8,4,4,3,0,1,0,1
116,0,72.0,2,28,3,1,2,0,0,0
4,0,62.0,3,18,3,1,0,0,0,1
1,0,12.0,8,22,4,2,2,0,0,0
26,1,77.0,2,5,4,2,0,3,0,1
72,0,72.25,9,5,3,2,2,0,0,1
14,2,151.0,7,2,4,3,2,0,0,1
13,0,120.0,10,18,4,0,2,0,0,1
4,0,175.0,8,30,4,2,0,0,3,1
14,0,103.84,10,24,3,3,2,0,0,1
215,0,67.26,11,30,4,4,0,0,1,0
89,0,76.5,8,11,4,4,0,0,0,0
29,1,64.67,12,1,4,3,1,0,0,1
83,0,129.5,2,28,3,1,2,0,5,1
63,1,89.53,11,10,4,3,0,0,0,0
38,0,81.0,6,19,3,1,2,0,0,0
6,1,166.0,8,5,4,2,0,0,3,1
12,0,93.0,5,16,2,0,1,0,0,1
23,1,65.55,9,10,3,3,1,0,0,1
5,1,106.0,3,16,2,2,0,0,4,1
206,0,106.0,9,19,2,2,1,0,4,0
42,1,86.4,10,6,4,1,0,0,0,0
11,1,126.0,5,8,4,1,2,0,3,1
31,1,88.0,12,2,4,2,1,3,0,1
1,0,71.84,1,2,4,1,2,0,0,1
99,0,90.95,6,4,3,1,0,0,3,1
64,0,67.0,12,17,2,1,1,0,0,1
54,0,102.0,12,27,3,1,2,1,0,1
5,1,65.0,9,26,2,0,1,0,0,1
0,1,0.0,9,20,1,3,2,0,0,1
0,1,0.0,10,2,1,1,0,0,4,1
24,2,124.0,9,18,4,2,1,0,0,1
119,0,136.0,3,29,3,2,0,0,0,1
2,0,12.0,6,2,4,3,0,0,0,1
116,1,88.4,12,23,4,4,2,0,0,1
1,0,109.0,7,29,4,1,0,3,0,1
192,1,90.0,12,18,4,1,2,0,0,0
76,2,120.9,11,10,4,3,0,0,0,1
232,0,100.3,9,5,4,3,1,0,0,0
28,2,103.4,10,29,4,3,2,3,0,1
123,1,81.5,4,12,4,5,0,0,1,1
76,0,72.25,3,18,4,2,2,3,0,1
100,1,101.15,4,28,4,3,2,0,0,1
116,0,75.75,2,28,3,2,2,0,0,1
4,0,92.0,3,7,3,0,1,1,0,1
75,1,82.45,4,1,4,3,2,0,0,1
12,0,140.5,12,20,3,2,2,1,3,1
51,1,64.45,10,27,4,1,0,3,0,1
20,1,141.0,6,18,4,1,2,0,0,1
45,0,82.98,9,8,4,5,0,0,0,1
3,1,128.0,8,20,4,1,0,3,0,1
15,0,85.0,2,12,4,2,0,0,0,0
90,0,116.1,5,21,4,1,1,3,0,0
59,0,59.5,3,18,3,5,2,0,0,1
18,0,80.75,5,30,3,3,1,0,0,1
6,0,109.0,9,27,2,1,0,0,4,1
230,1,137.0,9,6,4,5,0,0,0,0
167,1,105.83,7,8,4,2,2,0,0,0
4,0,72.25,6,12,3,0,2,3,0,1
22,1,72.64,2,26,4,2,1,0,0,1
8,1,92.17,4,5,4,4,0,0,3,1
50,1,51.09,2,11,4,3,1,3,0,1
9,1,100.3,1,17,4,0,2,0,0,1
149,1,90.0,3,19,4,1,1,0,0,1
0,0,65.0,3,21,2,1,1,0,0,1
71,0,126.5,10,22,3,1,1,1,3,1
26,1,91.0,1,30,4,1,1,0,0,1
11,1,75.0,8,7,4,1,0,0,0,1
206,1,130.5,9,8,4,3,0,0,1,0
101,2,198.9,5,19,4,3,0,0,5,1
34,1,135.9,9,9,4,2,0,0,0,1
59,2,171.0,9,6,4,5,1,1,3,1
39,1,115.0,3,13,3,1,2,0,0,1
246,1,58.36,12,27,4,5,2,0,0,1
128,1,123.3,10,29,4,1,2,0,3,0
94,2,137.7,7,13,4,2,0,0,3,1
88,0,72.25,4,2,4,2,2,3,0,1
12,1,87.0,2,14,3,1,2,0,0,1
349,0,96.67,10,4,3,5,1,0,0,1
20,0,87.0,1,22,4,1,0,0,0,1
210,1,90.95,8,15,4,3,1,0,0,1
82,0,90.95,9,5,3,7,3,0,3,1
35,1,125.1,6,26,4,2,2,0,0,1
20,2,89.0,9,11,4,0,2,3,0,1
211,2,121.55,8,22,4,4,1,0,3,0
160,0,102.3,7,17,4,1,2,0,0,0
20,0,66.0,2,21,3,2,2,0,0,1
14,1,136.0,10,5,4,2,1,0,3,1
31,2,159.3,10,18,4,5,2,0,5,1
173,1,84.43,9,1,4,3,1,3,0,1
27,0,111.2,9,26,4,1,1,0,0,0
24,0,85.0,10,16,3,3,2,0,0,1
86,1,121.5,7,14,4,2,0,0,0,1
79,0,125.38,4,28,4,3,1,0,3,1
93,1,109.83,8,13,4,1,0,0,1,1
18,0,109.0,3,19,4,1,1,0,0,0
136,1,145.3,8,12,4,2,0,0,3,1
42,1,76.05,3,22,3,3,0,0,0,1
57,1,85.5,4,26,3,4,0,0,0,1
2,1,89.0,4,16,4,1,0,3,0,1
63,1,109.8,9,3,4,1,0,0,0,1
47,1,125.1,9,9,4,2,0,3,0,0
166,2,118.8,10,6,4,3,1,0,0,0
7,0,68.0,6,27,3,3,1,0,0,1
27,1,177.0,6,18,4,1,1,0,3,1
8,0,93.0,2,22,4,3,1,0,0,1
18,1,148.0,12,31,4,1,1,0,3,1
17,2,138.0,12,30,4,2,0,0,0,1
221,0,112.5,8,31,4,1,0,0,0,0
98,0,75.0,12,21,3,4,0,0,0,1
2,2,0.0,1,27,1,1,0,0,0,1
196,0,101.15,12,27,4,5,1,0,3,1
199,2,128.7,8,9,4,3,0,0,0,0
31,1,108.0,8,30,4,3,0,3,0,1
62,0,63.75,3,9,4,4,0,3,0,0
221,3,94.5,8,18,4,2,0,3,0,1
109,1,120.28,5,4,4,4,0,0,3,1
2,4,0.0,10,30,1,0,2,0,0,1
27,2,110.0,9,11,4,0,2,0,0,1
9,1,139.0,2,12,4,2,0,0,3,1
24,0,95.0,10,3,2,0,1,0,0,1
0,1,133.0,9,5,4,1,0,0,0,0
65,0,142.88,9,5,4,3,1,0,3,1
12,3,131.5,8,14,4,2,2,3,0,1
6,1,124.0,3,17,4,2,0,0,3,1
4,0,90.0,3,11,2,1,0,0,0,1
195,0,130.05,8,8,4,4,1,0,3,0
20,0,147.9,12,22,4,3,1,0,5,1
124,1,143.7,8,5,4,2,1,0,3,1
82,1,84.15,3,27,4,3,2,0,0,1
254,1,92.28,10,12,4,4,0,0,0,0
77,0,68.85,3,16,4,4,1,3,0,1
32,0,115.1,4,17,4,0,1,3,0,0
76,0,80.3,2,18,4,3,0,0,0,1
0,0,67.0,9,13,2,2,0,0,0,1
32,0,63.33,12,27,3,5,1,0,0,1
310,2,68.57,12,27,4,10,2,3,0,0
50,1,158.4,10,18,4,1,0,0,3,1
7,1,119.0,4,22,4,2,0,3,0,0
143,1,120.0,6,3,4,2,1,0,0,1
121,1,103.5,5,17,4,1,0,3,0,1
119,1,81.47,10,24,4,3,1,0,3,1
80,1,114.9,12,27,4,3,0,0,3,1
40,0,127.16,8,28,4,5,2,0,0,1
17,1,65.1,11,18,4,1,0,3,0,1
160,1,115.0,9,13,3,2,0,1,0,0
21,0,60.0,12,18,4,2,2,3,0,1
26,3,124.0,9,12,4,1,2,0,0,1
72,0,67.22,3,31,4,3,0,0,0,1
101,2,85.28,4,9,4,4,2,0,0,1
1,0,65.0,8,4,2,2,0,0,0,0
284,0,81.82,10,16,4,3,2,0,1,0
13,1,129.0,8,23,4,2,0,3,0,0
91,0,85.5,6,26,4,0,1,3,0,0
14,0,100.87,9,14,4,2,1,3,0,0
20,1,231.0,7,6,4,1,0,0,5,1
72,1,96.9,7,17,3,4,2,0,0,1
207,2,106.25,9,30,4,3,2,0,0,0
6,0,70.0,2,21,3,3,2,0,0,1
24,3,94.35,6,12,4,0,2,0,0,1
3,1,154.0,10,11,4,2,0,0,0,1
24,1,137.33,12,31,4,1,2,0,3,1
53,2,135.9,6,28,4,5,0,0,0,1
221,0,71.28,12,31,3,1,1,0,0,1
192,1,137.7,8,7,4,1,2,0,3,0
3,1,121.0,8,7,4,0,1,0,0,1
5,1,68.53,3,21,4,1,1,3,0,1
7,1,146.67,10,29,4,1,2,0,0,1
2,2,148.37,3,28,4,2,1,0,5,1
72,1,99.45,4,12,4,4,0,0,0,1
110,0,105.3,5,9,4,1,1,0,0,0
39,0,113.4,6,27,4,3,1,0,0,0
42,0,72.0,8,15,3,1,1,0,0,0
66,0,58.9,7,11,4,1,2,0,0,1
59,0,75.0,11,17,3,2,0,0,0,1
2,0,101.36,11,24,4,3,1,0,3,1
159,1,87.72,9,18,3,3,2,3,0,1
3,2,133.0,9,21,4,2,1,3,0,1
3,1,87.01,6,22,4,2,0,3,0,1
0,2,150.0,10,20,4,1,0,3,0,1
107,2,89.25,5,8,4,2,2,3,0,1
123,2,90.0,12,9,4,2,1,0,0,1
28,2,147.67,10,4,4,3,0,0,0,1
212,2,90.95,7,27,4,10,4,0,0,0
182,0,120.0,10,12,3,1,0,0,0,0
99,1,118.0,10,8,4,2,2,0,0,1
29,1,66.0,12,6,3,1,2,3,0,1
4,1,160.5,6,18,4,1,1,0,3,1
112,0,76.5,7,22,4,4,0,0,0,0
197,1,97.02,8,23,4,5,2,0,0,1
67,1,102.6,11,22,4,1,0,0,3,1
110,0,149.4,9,23,4,2,0,0,3,0
63,0,132.3,10,20,4,2,0,0,3,0
5,1,170.0,8,13,4,2,2,0,0,1
6,2,145.0,10,6,4,2,0,0,0,1
30,0,97.02,10,6,4,1,0,3,0,0
35,1,82.45,1,29,4,2,1,0,3,1
44,0,75.43,2,23,4,5,0,0,1,0
41,0,58.5,12,27,3,5,1,0,0,1
49,0,107.1,7,1,4,2,0,3,0,0
220,1,90.95,8,9,4,5,0,0,0,0
36,1,87.89,6,19,4,2,2,0,3,1
65,0,76.5,3,10,4,1,0,3,0,1
1,1,89.0,4,16,4,1,0,3,0,1
17,2,114.0,11,12,4,1,1,3,0,1
0,0,158.0,6,2,4,1,0,0,0,1
1,0,110.0,8,12,3,4,0,0,0,1
31,0,103.5,4,15,4,2,0,3,0,0
8,0,77.6,12,16,4,4,0,0,0,1
25,1,162.25,10,6,4,4,0,0,5,1
203,0,90.95,8,29,4,3,1,0,0,0
50,0,118.8,10,4,4,3,0,0,0,0
39,0,127.39,5,13,4,2,1,0,1,1
1,1,140.0,11,4,4,1,0,3,0,1
110,1,129.3,8,1,4,5,1,0,3,1
139,2,228.6,7,4,4,2,1,1,5,0
97,1,79.2,11,5,4,1,1,3,0,0
12,2,162.33,9,18,4,1,2,0,0,1
94,0,105.3,4,14,4,3,0,0,3,0
21,2,105.0,9,3,4,3,0,0,0,1
64,1,190.0,9,25,4,2,0,0,0,1
75,0,140.4,5,26,4,2,0,0,3,0
12,0,75.2,12,14,4,1,0,0,0,1
13,1,0.0,6,1,1,2,0,0,0,1
12,1,65.0,6,14,2,2,0,0,0,1
75,0,78.15,3,21,4,1,1,0,1,1
49,0,110.7,9,6,4,3,0,0,0,0
0,0,95.0,10,10,2,0,1,0,0,1
35,1,139.14,9,24,4,3,2,0,3,1
207,1,99.45,8,23,4,4,0,0,0,0
97,0,135.9,9,9,4,5,2,0,0,0
258,3,73.41,12,28,4,5,2,0,1,1
0,0,119.0,7,24,4,0,2,3,0,1
15,1,129.0,10,4,3,3,0,0,0,1
54,0,90.95,6,20,3,2,1,0,3,1
6,0,114.4,7,5,3,1,0,0,0,1
237,1,81.5,7,28,4,4,2,0,1,1
8,0,156.0,6,10,4,2,0,0,3,0
146,2,116.17,8,1,4,5,1,0,0,0
54,1,132.3,9,30,4,1,0,0,3,1
31,0,72.9,2,8,4,2,1,0,0,0
128,0,137.91,8,24,4,4,1,0,5,0
11,0,55.0,11,30,3,2,1,0,0,1
131,1,94.5,7,29,4,1,0,3,0,1
29,2,161.0,10,5,4,4,1,0,3,1
179,2,126.9,9,24,4,1,2,0,0,0
54,2,174.9,3,27,4,1,2,0,5,1
102,0,79.65,10,30,4,2,2,3,0,0
138,0,63.36,2,28,4,1,2,3,0,0
39,0,148.0,11,7,4,3,1,3,0,0
18,1,89.0,1,16,4,1,0,0,0,1
184,0,152.15,9,4,4,3,2,1,0,0
256,1,112.0,6,15,4,2,0,1,0,0
10,4,134.5,10,7,4,2,2,3,0,1
82,0,67.83,7,24,4,4,2,3,0,1
85,0,82.45,3,29,4,4,0,0,0,1
0,1,107.0,11,6,4,1,0,0,0,1
29,2,88.4,11,29,4,5,0,0,0,1
40,1,135.9,7,27,4,2,0,0,0,0
228,1,73.6,6,4,4,1,0,0,0,0
42,0,140.58,8,25,4,3,2,0,3,1
31,0,117.9,4,2,4,1,0,0,0,0
54,0,75.0,11,19,3,1,1,0,0,1
6,0,87.0,2,14,3,2,2,0,0,1
7,1,215.0,11,7,4,1,1,0,3,1
6,0,65.8,3,2,3,1,0,0,0,1
159,0,114.3,8,7,4,1,2,0,0,0
27,1,234.35,9,23,4,2,1,0,6,1
9,2,148.0,8,14,4,1,2,3,0,1
5,0,65.0,5,10,2,1,0,0,0,1
111,1,109.65,6,17,4,2,2,0,0,1
4,2,109.0,3,11,4,2,1,0,0,1
166,2,89.25,10,12,4,3,1,0,0,1
27,0,85.5,9,18,3,1,2,0,0,1
53,0,67.5,2,24,4,3,0,3,0,0
1,0,167.0,8,10,4,2,0,3,0,1
68,0,85.5,4,4,4,2,1,3,0,0
3,0,67.0,9,12,2,2,1,0,0,1
142,1,122.84,6,28,4,5,2,0,3,1
42,1,104.42,11,16,4,4,1,0,0,1
78,0,132.3,10,21,4,2,2,0,3,0
9,0,104.0,6,22,4,2,0,0,0,1
36,1,140.4,4,29,4,2,0,0,3,1
26,2,144.5,4,11,4,3,1,0,3,1
123,1,126.3,5,6,4,2,0,0,3,1
12,0,75.0,1,22,4,2,0,3,0,1
121,0,71.0,4,1,3,2,1,0,0,1
11,0,79.0,2,1,4,5,2,3,0,0
131,1,105.74,6,17,4,3,2,0,0,1
127,0,90.0,4,28,3,3,1,0,0,0
64,0,161.1,8,8,4,1,1,0,3,1
63,1,130.0,5,16,2,2,1,0,0,0
192,1,121.5,8,3,4,2,0,0,0,0
178,1,109.8,7,23,4,1,2,0,3,0
5,0,101.0,3,8,4,3,0,0,0,0
69,0,125.1,9,10,4,1,0,3,0,1
55,0,137.7,4,12,4,1,0,0,3,0
159,0,143.7,8,5,4,2,1,0,0,0
136,1,138.76,12,26,4,3,1,1,3,0
72,0,89.25,9,16,4,2,0,0,0,0
1,1,149.0,9,3,4,1,0,3,0,1
48,0,112.5,8,29,4,2,1,0,0,1
16,1,130.9,12,18,4,3,2,0,3,1
101,1,79.2,12,6,4,1,0,3,0,0
47,2,105.5,11,5,4,2,0,0,1,1
16,1,121.0,8,1,4,0,1,0,0,1
210,0,146.0,7,27,3,2,0,0,5,0
20,0,119.0,9,19,2,0,1,0,0,1
115,3,144.13,8,14,4,5,2,0,3,1
3,3,106.0,8,20,4,1,0,0,0,1
12,0,122.33,4,27,4,3,0,3,0,1
53,2,177.3,4,21,4,3,0,0,5,1
6,0,80.0,3,7,2,1,1,0,0,1
56,0,69.11,9,16,4,4,1,0,0,1
1,0,128.6,6,26,4,3,2,0,0,1
3,0,119.0,3,21,4,1,1,0,0,1
18,2,77.0,1,30,4,1,1,3,0,1
199,0,106.0,9,12,2,2,1,0,4,0
82,0,99.45,3,24,4,3,1,0,3,0
34,0,102.74,10,26,3,4,1,1,1,1
283,2,110.7,12,23,4,2,1,0,3,1
81,2,143.1,5,12,4,3,0,0,0,1
0,1,177.0,6,21,4,1,0,0,3,1
179,1,85.5,7,17,4,0,1,3,0,0
76,1,90.95,5,8,3,2,2,0,3,1
36,3,159.3,5,1,4,2,2,0,3,1
162,0,96.9,8,11,3,3,2,0,0,1
7,2,139.0,2,26,4,2,0,0,3,1
140,3,110.19,9,12,4,2,1,0,3,1
95,1,58.0,3,11,3,2,1,0,0,1
12,3,100.94,11,12,4,2,2,0,0,1
49,0,158.4,10,10,4,3,1,0,3,1
7,2,241.0,5,25,4,2,0,0,5,1
6,1,0.0,11,11,4,0,0,0,0,1
57,1,103.62,12,29,4,5,1,3,3,1
92,1,78.54,3,30,4,4,0,3,0,1
86,1,76.5,4,2,4,1,2,3,0,0
8,2,0.0,12,28,4,1,0,3,0,1
211,0,72.76,10,21,4,2,2,0,0,0
12,2,120.35,5,30,4,1,1,0,0,1
29,0,118.0,12,31,3,3,0,0,0,1
97,2,68.65,10,19,4,2,1,0,1,1
28,1,103.46,9,27,4,3,0,0,0,0
29,3,166.25,10,5,4,2,0,0,3,1
1,1,103.18,10,9,4,0,1,3,0,1
95,0,90.95,5,16,3,1,1,0,3,1
13,0,65.0,12,15,2,4,0,0,0,1
1,1,80.0,3,15,3,3,0,0,0,1
89,0,57.6,11,16,4,4,0,3,0,0
154,1,124.8,7,10,4,1,2,0,3,0
6,3,106.89,11,30,4,4,2,0,3,1
37,1,90.9,10,22,4,2,0,0,0,1
11,1,62.37,12,13,4,1,2,0,0,1
107,0,174.6,6,20,4,2,1,1,3,0
16,0,130.33,3,3,4,3,0,0,3,0
54,0,119.7,7,2,4,5,2,0,0,0
13,1,75.0,11,29,2,2,0,0,0,1
7,0,77.25,12,20,4,0,1,0,1,1
28,1,91.63,10,18,4,3,0,3,0,1
7,0,80.0,3,16,3,3,0,0,0,1
4,1,77.25,12,19,4,1,0,0,1,1
77,1,115.8,4,18,4,2,1,0,3,1
148,0,82.45,7,23,3,3,2,0,3,1
2,2,100.1,8,17,4,1,0,0,0,1
194,1,106.2,4,30,4,1,2,0,0,0
53,2,137.7,7,18,4,1,1,0,3,1
45,0,99.18,9,5,4,3,1,0,3,1
102,0,104.4,10,27,4,2,0,0,3,0
67,0,81.9,4,1,4,2,1,3,0,1
105,0,65.0,9,28,2,1,0,0,0,1
64,1,88.4,7,28,3,5,2,0,0,1
75,1,130.5,6,16,4,3,0,0,0,1
27,2,187.0,7,23,4,1,0,0,3,1
93,1,79.2,12,18,4,1,2,3,0,1
47,1,81.5,2,26,4,2,1,3,0,1
11,0,143.33,4,13,4,3,0,0,3,0
125,0,155.7,8,12,4,2,1,0,3,1
8,2,220.0,4,21,4,3,0,0,5,1
71,1,58.25,3,14,4,4,1,0,0,1
204,2,93.22,8,15,4,10,5,0,0,0
3,2,156.33,12,1,4,3,0,0,3,1
98,2,89.5,10,24,4,5,1,1,5,1
8,0,80.0,3,8,2,1,0,0,0,1
231,0,69.58,12,27,4,5,2,0,0,0
12,0,90.0,8,5,2,3,0,0,0,1
5,1,153.0,8,15,4,1,1,3,5,1
39,1,68.61,6,21,4,3,0,3,0,1
220,1,143.1,9,3,4,1,1,0,0,0
127,1,96.3,6,27,4,1,1,0,0,1
10,0,6.0,10,4,1,1,2,0,0,1
57,1,87.32,6,27,4,0,1,0,3,1
6,0,68.0,11,27,3,4,2,0,0,1
179,0,88.76,8,25,4,3,0,0,1,0
190,0,90.9,11,3,4,3,0,0,0,0
8,1,205.0,10,21,4,2,0,0,5,1
14,0,105.0,7,21,2,2,0,0,0,0
9,1,116.8,10,29,4,1,1,0,0,1
159,2,83.5,10,30,4,2,2,0,1,0
231,1,115.2,6,8,4,4,0,0,3,0
179,2,90.95,7,6,4,4,0,0,0,1
42,1,75.95,1,17,4,0,2,0,0,1
62,0,111.6,8,30,4,5,0,0,3,0
3,0,132.0,10,19,2,2,1,0,0,1
28,0,74.7,2,3,4,7,2,0,0,0
157,0,130.5,9,19,4,2,1,0,0,0
32,1,149.4,7,7,4,1,0,0,3,1
16,1,129.0,8,21,4,0,1,3,0,0
68,2,137.7,7,23,4,2,2,0,3,1
38,0,125.62,11,5,4,1,2,0,3,0
79,1,90.95,4,13,4,4,0,0,0,1
173,0,122.4,12,16,4,2,0,0,3,1
5,1,167.0,4,22,4,1,0,0,0,1
62,0,71.6,3,3,4,3,2,0,0,1
51,0,75.0,11,4,3,2,0,0,0,1
0,0,79.0,2,3,4,1,0,0,0,1
86,0,118.8,7,13,4,4,0,0,3,0
148,0,119.69,8,16,4,5,2,0,3,0
47,1,207.9,8,22,4,3,1,0,5,0
230,0,137.0,9,6,3,5,0,1,0,0
37,0,140.4,5,27,4,1,0,0,3,0
10,1,159.75,9,7,4,3,1,0,5,1
16,0,146.0,4,9,4,1,0,0,3,1
80,0,93.6,11,12,4,1,1,0,0,0
9,0,75.0,11,18,2,2,0,0,0,1
4,0,96.0,5,29,3,0,1,0,0,1
118,0,116.1,6,2,4,3,0,3,0,0
137,1,90.0,12,9,4,2,1,0,0,1
4,1,106.0,8,19,4,2,0,0,0,1
34,0,99.9,4,12,3,1,0,0,0,1
28,1,98.0,10,12,2,1,0,0,0,1
80,1,65.45,11,14,4,1,2,0,3,1
153,0,89.76,10,19,3,4,0,0,0,0
184,1,105.3,7,10,4,0,1,0,0,0
141,1,72.76,5,23,4,0,1,3,0,1
37,0,96.3,6,17,3,2,0,0,3,1
93,1,119.0,12,25,4,2,2,0,3,1
102,2,119.7,8,19,4,2,1,0,0,1
118,2,107.25,12,11,4,2,1,0,0,1
2,0,99.0,10,30,0,0,2,0,3,1
67,1,67.5,3,10,4,3,0,3,0,1
304,0,20.0,12,29,1,3,2,0,0,1
77,1,107.1,7,5,4,2,0,3,0,1
199,0,97.56,8,11,4,7,2,0,0,0
90,1,117.9,8,12,4,2,2,0,0,1
9,3,99.0,8,20,4,2,0,0,0,1
2,0,120.0,9,29,2,1,0,0,0,1
31,1,66.29,12,4,4,10,5,3,0,0
54,0,148.33,2,28,4,2,2,0,5,0
44,1,135.22,3,27,4,3,2,0,3,0
353,0,73.74,12,29,4,3,1,0,1,0
4,2,90.78,12,31,4,7,2,3,0,1
14,1,93.67,12,26,4,1,2,0,0,1
4,0,159.0,9,15,4,1,0,0,0,1
106,0,85.0,4,27,4,4,0,3,0,0
111,0,96.67,6,1,3,3,0,0,0,1
184,2,82.13,8,17,4,1,0,1,0,0
198,1,73.46,4,22,4,2,1,3,0,1
200,2,106.2,5,2,4,3,1,0,0,0
108,0,85.85,4,15,4,3,2,0,0,0
24,1,85.0,10,16,3,1,2,0,0,1
60,0,130.9,12,23,4,2,2,0,3,0
4,1,120.0,6,6,3,3,1,0,0,1
145,1,105.3,6,28,4,2,0,0,0,1
5,0,84.33,3,22,4,3,0,0,0,1
31,1,95.0,5,15,2,3,2,0,0,1
108,1,76.5,8,24,4,2,1,0,0,1
148,2,98.39,7,1,4,6,2,0,0,1
2,1,110.6,2,26,4,3,2,0,3,1
76,1,106.5,4,27,4,3,0,0,0,0
45,0,60.0,11,9,3,3,1,0,3,1
65,1,76.5,7,11,4,1,2,0,0,0
45,1,93.6,12,2,4,2,0,0,0,1
20,0,67.0,12,4,2,0,2,0,0,1
167,0,98.1,10,1,4,1,2,3,0,0
4,2,220.0,6,16,4,2,0,0,5,1
68,1,112.2,4,6,4,5,2,0,3,1
0,1,129.0,6,4,4,1,0,3,0,1
7,1,0.0,1,29,1,2,0,0,3,1
31,1,83.9,2,20,4,1,2,0,0,1
88,0,116.1,5,2,4,2,1,3,0,0
6,1,169.93,9,12,4,1,1,0,3,1
9,1,90.0,8,19,4,4,0,0,0,1
61,0,159.3,5,7,4,1,2,0,0,0
10,1,135.5,10,5,4,3,1,0,0,1
224,0,60.0,10,2,3,2,1,0,0,1
8,2,92.17,4,5,4,4,0,0,3,1
114,0,72.25,8,22,3,3,1,0,0,1
41,0,74.4,9,18,4,3,2,0,0,1
117,0,123.62,4,29,4,2,0,0,4,0
117,0,55.0,3,12,3,1,2,0,0,1
41,0,150.3,6,8,4,4,0,0,3,0
32,2,197.7,9,24,4,1,2,0,5,1
75,0,88.83,4,5,4,4,0,0,0,1
69,1,126.9,5,17,4,3,0,0,0,1
74,2,133.8,11,9,4,3,0,3,0,1
30,0,85.5,6,2,3,2,0,0,0,1
6,0,65.0,3,1,3,3,0,0,0,1
58,1,116.1,6,17,4,2,1,3,0,1
1,0,85.0,12,10,2,1,0,0,0,1
71,0,133.5,6,10,4,7,2,0,0,0
0,0,138.0,8,17,4,0,1,0,0,1
167,2,85.0,11,19,4,3,2,0,0,1
140,1,112.5,8,12,4,2,0,3,0,1
150,1,140.7,7,31,4,1,2,0,0,1
1,0,108.0,9,4,3,1,0,1,0,1
3,0,110.0,10,7,0,2,1,0,3,0
25,0,85.0,10,16,3,1,2,0,0,1
3,1,157.27,10,15,4,1,0,0,3,1
22,0,137.67,5,1,4,1,2,0,0,0
116,1,136.0,5,19,4,3,1,0,0,0
76,1,96.3,4,12,4,2,0,0,0,1
223,0,86.63,7,24,4,1,2,0,1,0
2,0,110.0,4,20,0,2,0,0,3,1
21,1,58.0,12,25,3,3,2,0,0,1
160,0,106.75,8,8,4,5,2,3,0,0
0,0,78.42,8,19,4,2,2,3,0,1
14,0,65.0,9,14,2,3,1,0,0,1
3,1,65.0,10,10,2,3,1,0,0,1
16,0,154.33,4,30,4,4,2,0,3,0
17,2,110.0,10,27,4,1,0,3,0,1
31,0,157.5,10,7,4,1,0,0,3,1
46,0,181.8,9,3,4,1,2,0,5,0
95,1,106.71,6,4,4,1,0,0,0,1
5,0,133.0,3,23,4,3,0,0,0,1
4,3,191.0,4,11,4,2,1,0,5,1
3,0,70.0,12,19,4,0,1,0,0,1
19,0,85.5,10,7,2,1,0,0,0,1
136,0,85.5,6,29,4,3,0,3,0,0
72,1,118.8,4,23,4,1,1,0,3,1
21,2,175.95,6,1,4,4,0,0,5,1
6,0,138.0,12,30,4,2,0,0,0,1
173,0,52.0,1,27,3,5,2,0,3,1
20,2,196.0,10,27,4,3,0,0,5,1
86,1,93.08,4,6,4,4,0,0,3,1
1,2,0.0,5,17,1,1,0,0,3,1
16,0,43.0,1,31,3,2,2,0,0,1
61,1,132.3,9,30,4,1,0,0,3,0
72,0,76.5,7,22,4,5,2,0,0,0
58,1,123.3,3,31,4,3,0,0,3,1
102,0,96.3,4,4,4,2,1,0,3,1
157,2,106.2,3,24,4,3,1,0,0,0
122,1,89.25,10,25,4,2,2,0,0,1
14,1,72.0,5,18,3,4,0,0,0,1
3,2,106.0,2,15,4,3,1,0,3,1
86,1,123.3,10,25,4,4,0,0,3,1
167,0,90.9,8,26,4,2,1,0,0,0
116,1,126.9,6,15,4,1,0,0,0,1
108,2,116.0,3,19,4,1,2,0,3,0
9,1,140.0,10,27,4,3,2,0,0,1
1,1,65.0,1,7,2,1,0,0,0,1
194,0,102.85,9,1,4,3,1,0,0,0
28,2,115.23,9,27,4,3,0,0,0,1
76,1,140.4,5,12,4,3,0,0,3,1
23,1,77.25,1,29,4,2,1,0,1,1
1,0,98.0,8,9,4,0,2,0,0,1
7,0,71.7,3,7,3,5,2,0,0,1
134,2,115.6,11,21,4,3,1,0,3,0
3,1,55.5,3,1,1,5,1,0,0,1
135,0,116.1,6,9,4,3,0,3,0,0
35,0,69.53,2,15,4,1,1,0,1,1
85,2,134.7,6,26,4,1,2,0,3,1
74,0,135.9,8,28,4,0,1,0,0,1
6,1,128.0,10,27,4,3,2,3,0,1
101,2,140.4,5,19,4,3,0,0,3,1
0,0,0.0,7,20,4,1,0,1,0,1
1,3,0.0,8,12,4,2,0,0,1,1
19,0,120.0,5,2,4,2,1,0,0,1
108,0,65.96,3,13,4,2,2,0,0,1
1,0,129.0,5,13,4,1,0,3,0,1
24,0,0.0,5,13,1,2,0,0,0,1
223,0,90.9,12,30,4,2,0,0,0,1
18,3,124.25,8,28,4,2,2,0,0,1
3,0,69.0,3,13,2,1,2,0,0,1
6,1,156.0,6,19,4,0,1,0,3,1
40,1,83.9,3,5,4,2,2,0,0,1
0,0,79.0,7,20,0,1,0,0,0,1
157,0,106.0,8,1,2,2,1,0,4,0
9,0,44.8,1,8,3,3,2,0,0,1
18,1,129.33,10,16,4,2,1,3,0,1
96,0,135.9,9,26,4,2,1,0,0,0
183,0,90.95,8,27,4,2,2,0,0,0
0,0,111.0,4,19,4,1,0,0,0,1
51,1,68.0,12,4,3,2,2,0,0,1
20,1,109.0,3,19,4,1,1,0,0,1
3,1,76.3,1,17,4,4,2,0,0,1
3,0,120.0,10,1,4,1,0,0,0,1
102,1,150.45,5,5,4,3,1,0,4,1
26,0,104.0,12,17,4,1,1,0,0,1
126,1,80.75,9,12,3,2,1,0,0,0
9,2,201.5,9,8,4,2,0,0,3,1
129,0,80.75,9,11,3,1,2,0,0,1
5,1,113.23,11,6,4,3,2,0,0,1
63,2,137.7,7,18,4,1,1,0,3,1
11,1,119.67,3,19,4,1,2,0,0,1
182,2,128.7,7,28,4,1,0,0,0,0
215,1,99.45,7,6,4,9,3,0,3,1
25,1,81.86,3,8,4,5,2,3,0,0
11,1,0.0,12,11,1,2,0,0,1,1
6,0,72.0,1,29,3,2,2,0,0,1
2,0,79.0,3,3,2,1,0,0,0,1
55,1,168.3,9,10,4,1,1,0,3,1
131,0,92.25,8,22,4,3,1,3,0,0
29,1,75.0,10,20,3,5,0,0,3,1
98,0,58.0,3,11,3,2,1,0,0,1
34,1,90.0,10,25,3,3,2,0,3,1
64,2,119.17,4,25,4,4,1,0,0,1
33,0,149.4,8,26,4,1,0,0,3,0
2,2,89.0,4,5,4,1,0,3,0,1
126,0,55.0,3,24,3,3,0,0,0,1
38,3,77.23,11,2,4,4,0,0,3,1
74,0,112.0,2,21,3,3,2,0,5,1
112,1,90.0,12,7,4,1,0,0,0,0
34,0,177.33,9,23,3,3,0,1,0,1
2,0,65.0,12,9,2,1,0,0,0,1
60,1,93.6,11,18,4,2,1,0,0,1
130,1,114.3,8,11,4,4,2,0,0,1
82,1,112.1,8,14,4,2,2,0,0,1
22,0,132.0,12,29,4,4,0,0,3,1
65,1,94.5,7,23,4,1,1,3,0,1
65,0,159.3,8,29,4,3,1,0,3,0
2,2,145.67,6,13,4,2,1,1,0,1
103,1,93.6,12,2,4,2,1,0,0,0
12,1,95.0,9,14,2,2,0,3,0,1
8,2,179.0,10,7,4,2,2,0,3,1
12,1,90.0,6,8,3,2,0,0,0,1
42,1,80.3,2,21,4,0,1,0,0,1
13,0,80.0,3,17,3,3,0,0,0,1
40,0,118.0,12,31,3,3,0,0,0,1
2,0,72.25,6,16,3,3,1,3,0,1
31,1,114.9,5,21,4,1,2,0,0,1
100,1,164.9,5,15,4,4,2,1,3,1
43,3,124.1,11,1,4,4,0,1,0,1
1,0,91.1,1,13,4,4,0,0,3,1
61,0,78.25,8,28,3,1,2,0,0,1
77,1,68.04,4,15,4,2,1,3,0,1
46,0,98.0,12,5,3,3,1,1,0,1
62,1,155.52,11,6,4,3,2,0,0,1
31,1,130.5,8,26,4,1,0,0,0,0
0,0,44.6,4,3,4,1,2,0,3,0
67,1,168.3,9,12,4,0,1,0,3,0
0,0,0.0,3,3,1,1,0,0,3,1
19,0,87.2,9,11,4,0,2,0,0,1
71,0,45.9,3,12,4,3,2,3,0,1
29,0,73.21,10,13,4,4,0,0,0,1
7,1,116.0,4,7,4,2,0,0,3,1
169,0,130.05,7,25,4,5,1,0,3,0
179,0,182.26,6,8,4,5,2,0,5,0
39,1,81.0,2,26,4,1,0,3,0,1
0,0,0.0,7,19,1,1,0,0,0,1
156,1,80.75,7,1,4,2,2,3,0,1
147,2,89.75,9,16,3,2,1,0,0,1
4,0,81.0,2,5,4,2,2,3,0,0
11,1,89.0,3,29,4,2,0,3,0,1
41,1,81.77,11,8,4,2,2,0,0,1
143,0,115.6,7,16,4,2,2,1,3,1
67,0,78.3,3,13,4,0,2,0,0,1
54,2,142.2,9,1,4,1,0,0,3,1
222,0,116.1,9,14,4,3,0,0,1,0
84,0,38.67,3,3,3,3,0,0,0,1
130,0,194.85,5,5,4,3,0,0,1,1
116,1,81.9,4,17,4,1,2,0,0,1
125,1,84.58,7,18,3,5,2,1,0,1
14,0,99.0,11,10,3,1,0,0,0,1
83,2,112.59,9,28,4,1,0,3,0,1
34,1,71.55,1,6,4,2,0,0,1,1
10,0,145.0,10,8,4,1,0,0,0,0
191,2,84.43,8,30,4,4,0,0,3,0
2,1,67.0,12,14,2,2,0,0,0,1
59,2,129.2,12,13,4,5,0,1,3,1
8,2,128.5,6,20,4,3,1,0,0,1
12,2,119.0,9,2,4,1,0,3,0,1
141,1,137.7,7,16,4,1,1,0,0,1
4,2,99.5,11,22,4,2,0,0,0,1
205,0,98.1,10,8,4,1,1,3,0,0
24,2,68.99,1,6,4,4,1,0,0,1
60,0,114.57,4,30,3,1,1,0,0,1
134,1,109.65,6,5,4,2,2,3,0,1
136,0,80.75,6,28,4,5,2,3,0,1
1,0,99.0,10,13,3,1,0,0,0,1
0,0,65.0,11,23,2,1,0,0,0,1
191,0,98.1,10,5,4,4,1,3,0,0
2,1,100.47,3,27,3,1,2,0,0,1
82,0,80.75,5,17,3,2,0,0,0,1
14,1,110.5,9,30,4,2,0,0,0,1
60,2,88.4,12,8,4,3,1,0,0,1
73,1,90.78,7,6,4,3,0,0,0,1
126,1,111.35,5,9,4,5,1,0,3,1
136,0,198.9,5,26,4,3,0,0,5,0
102,1,132.6,5,5,4,3,1,0,3,1
100,1,93.08,4,26,4,4,0,0,0,1
34,0,85.5,10,18,3,4,0,0,0,1
4,2,90.5,8,18,4,4,0,0,0,1
4,1,205.0,11,9,4,1,0,0,0,1
245,1,145.8,12,29,4,3,1,0,0,1
36,2,88.4,11,28,4,3,1,0,0,1
233,1,81.81,8,17,4,4,0,0,1,0
2,0,55.74,2,14,3,5,2,0,0,1
9,0,91.6,9,7,4,1,1,0,0,1
36,0,206.0,12,30,4,1,0,0,5,1
192,0,80.75,6,18,3,2,2,0,0,1
33,0,85.5,9,10,3,1,1,3,0,1
111,2,88.4,12,24,4,2,2,0,0,1
87,1,159.3,8,8,4,2,1,0,3,1
4,0,66.0,1,30,3,1,2,0,0,1
34,0,81.0,6,19,3,1,2,0,0,0
0,0,75.0,7,27,3,2,1,0,0,1
21,1,90.1,12,6,4,5,2,0,0,1
66,1,58.0,2,11,3,2,0,0,0,1
67,0,119.16,9,4,4,3,2,0,3,0
78,1,149.4,9,1,4,3,0,0,3,1
1,1,74.95,3,20,4,1,2,3,0,1
204,1,126.9,9,8,4,3,0,0,0,0
23,1,108.67,12,8,4,3,0,0,0,1
243,2,106.2,9,9,4,2,1,0,0,0
66,1,68.07,12,5,4,4,1,0,0,1
242,1,72.25,11,22,4,2,2,0,0,1
114,0,140.4,6,2,4,3,0,0,3,0
90,1,72.25,12,4,4,2,2,0,0,1
23,1,133.55,12,30,4,2,2,0,3,1
19,0,108.67,12,8,4,3,0,0,0,1
33,1,125.1,8,8,4,1,1,3,0,0
17,2,84.33,3,5,4,1,2,3,0,1
40,0,65.0,3,13,2,1,2,0,0,1
131,0,177.3,7,15,4,1,0,0,5,0
29,1,130.68,7,18,4,3,1,0,0,1
42,0,168.63,3,20,4,2,2,0,5,0
161,2,114.75,7,27,4,4,0,0,0,0
82,0,72.25,6,6,3,3,1,3,0,1
0,1,110.7,6,9,4,1,0,0,0,1
120,0,94.86,4,5,4,4,0,0,4,0
8,1,93.0,2,5,4,2,0,0,0,1
0,2,81.0,8,7,4,1,0,3,0,1
67,1,127.8,9,4,4,5,2,0,3,1
85,2,73.95,3,17,4,3,2,0,0,1
4,1,125.0,5,1,4,0,1,0,0,1
4,2,143.38,4,20,4,4,0,0,5,1
47,1,76.56,11,11,4,3,2,3,0,0
24,0,76.14,1,30,4,11,4,0,0,1
49,0,126.0,10,11,4,1,0,0,0,1
5,1,123.0,10,19,4,3,1,3,0,1
20,0,63.2,2,10,4,4,0,3,0,0
138,1,96.3,8,27,4,1,2,0,0,1
18,0,65.0,1,16,4,2,2,3,0,1
37,1,94.36,10,27,4,3,0,0,0,0
15,0,81.0,2,19,2,1,0,0,0,1
85,0,97.75,3,24,4,3,2,0,3,0
211,0,68.69,5,31,4,3,0,3,1,0
76,1,100.6,3,23,4,4,1,0,0,1
20,0,75.0,10,18,3,1,2,0,3,1
11,1,80.85,9,9,4,3,0,0,0,1
109,1,143.7,8,5,4,2,1,0,3,1
36,0,60.29,1,12,4,4,0,0,0,0
4,1,84.7,10,25,4,3,0,3,0,1
124,1,105.3,8,1,4,3,1,0,0,1
157,0,108.66,8,31,4,3,0,0,1,0
82,0,76.5,7,16,4,5,2,0,0,0
108,1,97.02,4,27,4,5,2,0,0,1
34,0,60.0,11,1,3,3,2,0,3,1
20,0,58.4,2,14,3,0,1,3,0,1
101,0,142.3,7,21,4,3,0,0,3,0
10,0,58.0,12,11,3,2,1,0,0,1
17,0,75.0,3,9,2,1,0,0,3,1
51,0,107.1,7,6,4,1,0,3,0,0
87,1,85.5,3,25,4,2,1,3,0,0
64,2,89.25,10,20,4,6,2,0,0,1
288,0,67.25,12,22,4,5,2,0,1,0
68,1,71.33,12,31,3,3,0,0,0,1
16,0,221.0,6,11,4,1,0,0,5,0
90,1,90.95,4,14,4,3,2,0,0,1
94,0,90.45,10,31,4,1,1,0,0,0
28,0,75.0,10,19,3,3,1,0,3,1
17,0,142.0,4,15,4,2,0,0,3,0
1,0,95.0,11,26,4,1,0,0,0,1
64,2,119.51,4,1,4,3,2,0,3,1
237,0,104.55,12,15,4,3,2,0,3,1
48,0,104.49,5,21,4,1,2,3,0,0
15,0,153.0,9,2,4,2,1,0,3,1
18,1,126.0,10,9,4,1,0,0,0,1
24,0,132.0,12,20,3,1,0,1,0,1
88,1,90.68,10,29,4,2,2,0,0,1
22,1,118.07,11,10,4,3,0,0,3,1
1,0,120.0,2,6,4,1,1,0,0,1
1,1,0.0,11,12,1,1,0,0,0,1
290,0,106.0,12,12,2,2,1,0,4,1
262,0,73.95,12,26,4,3,1,0,0,0
19,0,147.0,3,18,4,2,0,1,0,0
0,1,89.0,10,19,4,1,1,0,3,1
1,0,81.0,8,8,4,2,2,3,0,1
74,1,124.04,9,20,4,3,0,0,3,1
76,2,132.6,5,30,4,4,1,0,3,1
50,2,86.4,11,18,4,2,1,0,0,1
32,0,95.0,10,10,2,2,1,0,0,1
215,0,115.6,9,28,4,4,0,0,0,0
33,0,71.1,3,13,4,2,2,3,0,0
86,1,114.3,7,17,4,0,1,0,0,1
85,0,75.0,10,6,3,3,1,0,0,0
114,0,75.0,7,1,4,2,1,0,0,0
10,1,112.33,6,21,4,3,0,3,0,1
25,0,40.67,1,12,3,3,0,0,0,1
20,2,199.33,12,28,4,2,1,0,5,1
16,1,131.0,4,8,4,2,0,0,3,1
80,1,114.9,12,27,4,3,0,0,3,1
0,1,66.0,3,7,2,1,1,0,0,1
116,2,104.85,10,23,4,2,2,0,0,1
15,1,58.35,9,9,3,4,0,3,0,1
9,1,142.67,12,30,4,3,0,0,3,1
98,1,132.3,10,10,4,3,1,0,3,1
34,0,111.6,9,7,4,1,0,0,3,1
23,0,198.9,5,7,4,2,2,0,5,0
61,1,94.5,7,23,4,3,2,3,0,1
135,0,90.0,11,2,4,4,1,0,0,0
2,1,116.27,7,9,4,1,0,0,0,1
18,2,115.68,12,31,4,2,2,0,0,1
172,0,80.75,10,23,3,3,2,0,0,1
155,3,132.3,10,3,4,3,1,0,3,1
55,1,60.0,11,18,3,4,0,0,3,1
60,1,126.0,11,18,4,2,1,0,3,0
68,1,75.65,4,1,4,2,2,3,0,0
54,0,60.0,11,18,3,4,0,0,3,1
6,1,74.0,11,8,2,1,0,0,0,1
58,1,97.47,10,29,4,3,2,0,0,1
195,1,89.25,10,17,4,2,2,0,0,0
3,2,150.0,10,30,4,0,2,0,0,1
199,1,120.7,12,28,4,4,0,0,3,0
3,1,31.0,2,26,2,1,0,0,0,1
123,1,63.75,8,9,3,4,2,0,0,1
191,0,132.0,6,3,4,2,1,0,0,0
142,1,68.8,8,22,4,5,2,3,0,1
37,0,60.0,11,1,3,1,2,0,3,1
3,0,78.2,12,6,3,0,2,0,3,1
50,0,75.0,3,29,3,3,0,0,0,1
50,1,135.9,9,8,4,3,1,0,0,0
154,0,68.0,11,30,3,1,0,0,0,1
39,2,74.8,11,17,4,3,1,3,0,1
67,0,106.25,7,10,3,3,2,0,0,1
23,2,159.0,9,15,4,3,0,0,0,1
2,2,106.0,12,14,4,1,0,0,3,1
18,1,105.64,9,15,4,3,1,0,3,1
1,1,149.0,9,5,4,1,1,3,0,1
146,0,91.98,6,20,4,3,1,0,0,1
40,0,126.9,5,21,4,3,2,0,0,0
12,2,141.0,8,15,4,3,1,0,0,1
12,1,160.2,9,28,4,2,0,0,4,1
8,0,63.4,12,16,4,2,0,3,0,1
1,0,103.71,5,9,4,3,1,0,0,1
0,0,114.0,9,9,2,1,0,0,0,1
47,0,71.1,3,17,4,1,0,3,0,0
162,1,120.82,8,14,4,5,2,0,0,0
32,0,152.1,7,3,4,2,2,0,0,0
12,0,230.0,2,14,4,3,2,1,5,0
34,1,194.85,8,8,4,2,1,1,0,0
16,2,98.0,10,19,2,1,0,0,0,1
21,2,100.0,11,6,4,0,1,3,0,1
153,0,116.1,9,4,4,0,2,3,0,0
4,0,137.0,3,22,4,2,0,0,3,1
5,1,111.0,12,8,4,2,0,0,0,1
15,0,107.5,12,10,4,1,1,0,0,1
18,1,186.5,10,2,4,2,0,0,5,1
42,1,180.16,3,20,4,2,2,1,3,1
335,1,90.0,10,13,3,3,0,0,0,1
36,2,159.3,7,20,4,2,0,0,3,1
106,1,46.67,2,16,3,3,0,0,3,1
143,1,106.75,8,8,4,5,2,3,0,1
105,0,150.3,8,26,4,2,1,0,3,0
113,0,116.1,6,9,4,3,0,3,0,1
23,0,95.0,10,26,3,1,0,0,0,1
13,0,77.25,1,21,4,3,0,0,1,1
67,0,149.4,9,15,4,6,2,0,3,0
0,0,56.0,12,20,4,1,0,3,0,1
72,0,100.8,4,3,4,1,2,0,3,0
161,0,80.0,4,22,3,2,1,0,1,1
8,0,81.0,2,19,2,1,0,0,0,0
114,0,137.7,8,4,4,2,0,0,3,1
121,3,0.0,8,31,1,1,0,0,6,1
42,0,74.0,2,26,3,2,0,0,0,1
35,0,82.35,2,19,4,2,2,3,0,1
44,0,107.1,4,2,4,1,1,3,0,0
15,1,91.0,2,16,4,2,0,0,0,0
74,0,132.6,5,15,4,3,2,0,3,0
62,3,132.3,10,14,4,2,1,0,3,1
33,1,110.0,11,11,4,2,0,3,0,1
232,2,110.7,12,5,4,2,1,0,3,1
1,2,130.0,2,7,4,0,2,0,3,1
1,1,80.0,8,7,4,2,0,0,0,1
377,1,115.0,10,14,4,2,0,1,0,0
54,0,62.67,12,31,3,3,0,0,0,1
94,0,58.0,3,12,3,2,2,0,0,1
257,0,73.95,12,17,4,5,2,0,0,0
46,0,72.0,11,21,3,5,1,0,0,1
59,2,99.9,6,22,4,2,0,0,0,1
41,1,143.4,5,17,4,3,0,0,3,1
7,2,0.0,11,10,1,2,0,0,0,1
17,3,141.0,6,13,4,3,1,0,3,1
377,1,112.0,10,14,4,2,0,1,0,0
14,0,174.0,12,2,4,1,0,0,5,1
47,1,140.4,5,21,4,1,1,0,3,1
17,1,76.81,9,11,4,1,0,0,0,0
31,1,94.5,9,15,4,2,0,0,0,1
50,1,122.0,10,31,4,3,1,0,3,1
2,0,65.0,9,9,2,1,0,0,0,1
101,0,142.2,7,22,4,2,0,0,3,0
73,0,38.67,11,26,3,3,0,0,0,1
159,1,143.55,10,1,4,3,2,1,0,0
93,1,68.0,12,10,3,1,1,0,0,1
48,1,138.6,12,23,4,2,1,0,3,1
0,1,103.32,7,23,4,1,0,3,0,1
47,2,116.5,8,28,4,3,2,1,0,1
33,1,109.0,10,28,4,2,2,3,0,0
92,2,152.1,9,2,4,2,1,0,0,1
52,0,140.4,5,31,4,3,0,0,3,1
123,0,146.7,8,21,4,0,1,0,3,1
1,1,110.8,8,26,4,4,1,0,0,1
8,1,120.0,9,23,4,1,0,0,0,0
25,1,152.1,7,23,4,3,2,0,0,0
24,0,105.0,10,19,3,4,1,0,3,1
9,2,130.0,2,6,4,1,2,0,3,1
1,2,158.0,8,9,4,1,0,3,0,1
1,1,105.0,9,11,3,0,2,0,0,1
3,1,215.6,10,7,4,2,2,0,6,1
1,1,78.0,12,13,4,3,0,3,0,1
55,0,159.3,5,8,4,1,2,0,3,1
96,1,79.0,11,6,2,3,2,0,0,1
63,2,94.5,7,23,4,1,0,3,0,1
252,2,95.4,9,16,4,1,0,3,0,0
0,0,120.0,10,12,3,1,0,0,0,1
22,2,159.0,9,24,4,4,2,0,3,1
38,2,120.91,11,4,4,2,2,0,3,1
6,1,79.0,2,20,4,1,0,3,0,1
14,1,110.0,10,15,3,2,0,0,0,1
107,0,65.49,4,25,4,3,1,0,0,1
48,1,78.54,10,14,4,4,1,0,3,1
150,0,125.8,6,28,4,8,2,0,3,0
17,0,110.0,5,15,0,8,4,0,3,0
17,1,139.0,7,23,4,1,0,3,0,0
102,0,80.75,5,29,3,1,2,0,0,1
126,2,146.7,7,23,4,1,0,0,3,1
6,1,68.0,3,1,2,2,0,0,0,1
27,0,132.24,6,12,4,6,4,0,3,0
51,1,75.6,9,16,3,5,2,0,0,1
12,1,65.0,9,19,2,0,1,0,0,1
5,3,127.0,2,16,4,3,0,0,3,1
41,0,68.0,11,27,3,2,2,0,0,1
125,0,72.25,7,20,3,2,0,0,1,0
88,0,152.87,8,23,4,5,2,0,3,1
25,0,62.64,12,26,4,1,2,0,0,1
71,0,168.3,8,14,4,1,2,0,3,0
103,1,123.3,10,28,4,2,2,0,3,1
31,1,88.0,11,27,4,0,2,3,0,1
83,0,75.0,5,1,3,1,2,0,0,1
24,2,81.0,3,8,4,3,0,3,0,1
47,0,90.3,2,18,4,3,0,0,3,1
0,1,162.0,8,7,4,2,0,3,5,1
56,0,152.1,7,30,4,2,2,0,3,0
1,2,205.5,12,30,4,4,0,0,5,1
55,2,81.0,7,7,4,4,0,0,0,0
123,0,71.6,5,4,4,4,0,0,0,1
4,0,65.0,11,22,2,1,0,0,0,1
21,0,117.0,2,29,4,0,1,0,3,1
24,0,80.0,12,2,3,2,1,0,0,1
0,1,65.0,3,14,2,2,1,0,0,1
86,0,85.5,4,14,4,3,0,3,0,0
40,2,98.1,3,10,4,3,1,0,0,1
3,0,79.0,2,6,4,6,2,3,0,0
24,1,149.0,10,2,4,1,2,0,0,1
50,1,97.2,11,11,4,2,0,0,0,1
91,0,80.0,4,4,4,2,1,0,0,0
0,0,95.0,10,5,2,1,0,0,0,1
184,3,139.05,8,16,4,4,0,0,3,1
192,0,89.25,8,24,4,4,0,3,0,0
164,0,167.45,8,21,4,2,2,0,5,0
109,1,85.0,3,20,3,1,2,0,5,1
192,0,96.3,10,21,4,2,1,0,0,0
44,0,134.1,6,28,4,2,0,0,0,0
66,0,72.25,7,11,3,2,1,0,0,1
54,1,88.0,11,4,4,2,0,3,0,1
85,0,119.7,8,3,4,3,0,0,0,0
0,0,85.0,2,24,4,1,0,3,0,1
3,0,79.5,12,19,4,2,1,3,0,1
7,0,125.0,10,6,3,2,0,0,0,1
62,0,106.65,6,19,4,2,2,0,0,0
5,1,100.0,5,23,3,1,1,0,0,1
21,0,59.5,11,10,3,3,1,3,0,1
159,1,130.5,8,7,4,1,2,0,0,0
23,2,87.0,1,7,4,3,1,0,0,1
39,0,134.1,3,25,4,2,2,0,0,0
99,2,171.9,11,7,4,2,1,0,0,1
41,1,116.1,5,9,4,4,1,3,0,0
57,0,177.3,4,16,4,1,2,0,5,0
92,0,90.95,4,7,3,3,1,0,3,1
112,2,126.3,12,5,4,3,1,1,0,0
59,3,189.0,4,22,4,2,1,1,3,1
53,1,65.75,3,4,4,2,2,3,0,1
3,2,0.0,7,2,1,1,0,0,1,1
107,1,80.75,5,29,3,1,2,0,0,0
205,1,137.7,8,19,4,1,0,0,3,0
11,2,98.0,1,17,4,0,2,0,0,1
3,0,75.0,8,10,3,1,1,0,0,1
102,0,96.9,7,25,3,4,1,0,0,0
15,1,85.85,11,12,4,2,2,0,0,1
1,2,129.0,3,21,4,3,1,0,0,1
250,2,72.08,7,16,3,1,2,0,0,1
139,1,129.0,6,4,4,1,2,0,0,1
134,2,85.5,7,3,4,0,2,3,0,1
120,1,72.25,12,29,4,2,0,0,0,1
116,1,87.08,10,24,4,3,1,3,0,1
90,2,124.5,7,19,4,3,0,0,0,1
149,0,85.5,8,26,4,2,2,3,0,0
97,2,150.3,8,1,4,2,1,0,3,1
133,0,114.3,8,9,4,4,0,0,0,0
10,0,129.0,5,15,2,9,4,0,0,1
221,0,187.0,7,2,4,2,2,0,5,0
1,2,130.0,10,13,4,1,0,0,0,1
1,2,95.0,11,17,4,3,0,3,0,1
85,1,99.9,7,25,4,1,1,0,0,1
126,1,100.73,7,25,4,2,1,0,0,1
23,2,93.82,4,9,4,1,2,3,0,1
208,1,161.1,9,3,4,1,2,1,0,0
11,1,133.33,10,30,4,1,2,0,0,1
17,0,177.0,6,16,4,2,0,0,3,0
46,0,0.0,6,17,1,2,0,0,0,1
44,1,112.0,11,5,3,1,1,0,0,1
1,1,80.0,8,5,4,3,0,3,0,1
144,1,112.2,7,23,4,5,2,0,3,0
200,0,90.0,10,23,3,0,2,1,0,1
164,1,94.5,8,4,4,2,0,3,0,1
51,2,109.8,12,6,4,3,0,0,0,1
57,1,131.58,10,31,4,4,1,0,3,0
1,0,128.0,8,17,4,1,0,3,0,1
161,3,186.3,8,16,4,2,0,0,5,1
1,0,98.0,3,5,4,1,0,3,0,1
35,2,137.7,4,18,4,1,1,0,3,1
149,2,77.85,7,23,4,1,0,0,3,1
359,1,105.0,9,16,4,2,2,0,0,0
26,0,95.0,6,11,3,1,2,0,0,1
166,2,90.95,7,7,4,3,2,0,0,1
14,0,125.8,12,28,4,4,0,0,3,1
106,2,151.2,10,11,4,3,0,0,3,0
0,0,0.0,9,1,1,1,0,0,0,1
2,1,84.0,1,6,4,3,0,3,0,1
17,1,112.57,11,6,4,3,2,0,0,1
155,1,135.01,8,1,4,9,3,0,0,0
79,1,70.0,12,19,3,1,2,0,0,1
80,3,101.77,12,20,4,5,2,1,0,1
138,1,101.49,8,9,4,5,0,0,0,1
39,1,144.9,8,22,4,0,1,0,0,0
161,1,109.8,8,25,4,2,0,0,3,0
26,0,105.0,9,8,4,1,0,0,0,1
37,0,67.0,3,13,2,0,1,0,0,1
105,0,65.0,9,28,2,1,0,0,0,1
5,1,84.96,8,17,4,1,0,3,0,1
62,1,73.95,2,26,4,3,2,0,0,0
43,2,74.61,11,14,4,3,1,0,3,1
4,1,41.0,2,1,2,0,1,0,0,1
1,0,90.0,12,16,4,1,0,0,0,1
4,0,80.2,2,28,3,4,2,0,3,1
69,1,92.23,11,17,4,3,1,0,0,1
4,1,0.0,12,11,1,1,0,0,6,1
109,1,76.5,7,16,4,1,0,0,0,0
133,1,42.17,3,11,3,2,1,0,0,1
81,0,168.3,9,7,4,3,0,0,3,0
45,0,117.45,9,5,4,1,1,0,3,1
65,0,89.1,6,21,4,3,0,3,0,0
86,2,119.0,12,24,4,3,2,0,3,1
85,2,180.3,7,18,4,5,1,0,5,1
8,0,58.0,12,10,3,3,1,0,0,1
152,1,114.3,8,10,4,2,0,0,0,0
91,0,109.98,10,24,4,4,1,0,3,1
156,0,105.3,7,25,4,2,1,0,0,0
141,0,85.0,11,27,4,2,2,0,0,1
129,0,109.8,8,25,4,2,0,0,3,1
102,1,94.5,7,26,4,2,0,3,0,0
12,0,114.0,11,7,4,1,2,0,0,1
224,1,114.9,9,4,4,4,2,0,0,0
45,0,71.1,3,11,4,2,0,0,0,0
177,2,104.4,10,29,4,1,2,0,3,0
93,2,121.5,7,12,4,2,0,0,0,1
70,0,59.5,3,28,3,2,1,0,0,1
58,0,116.1,5,17,4,3,0,3,0,0
66,0,108.8,4,15,4,3,2,0,3,1
10,0,79.0,3,7,4,2,1,3,0,0
16,2,0.0,6,12,1,0,1,0,6,1
205,0,80.24,6,20,3,5,2,0,0,0
1,0,180.0,9,26,4,1,0,0,0,1
139,0,86.92,7,13,4,7,2,0,0,0
80,0,81.9,4,3,4,0,2,0,0,0
46,1,79.2,11,11,4,2,0,3,0,0
0,0,79.0,7,20,2,1,0,0,0,1
222,1,85.5,8,12,4,2,0,3,0,0
68,1,131.4,8,30,4,5,1,0,0,1
32,1,74.8,11,27,4,9,4,0,0,0
54,1,83.8,11,18,4,3,2,3,0,1
141,0,137.7,8,22,4,2,1,0,3,0
13,0,80.0,1,31,2,0,2,0,0,1
4,1,240.0,3,25,4,1,0,0,5,1
5,1,105.25,8,31,4,3,1,0,0,1
55,1,91.51,9,10,4,1,2,3,0,1
126,1,79.2,11,4,4,1,0,3,0,0
0,0,86.0,1,2,4,1,1,0,0,1
198,1,112.56,9,27,4,5,2,0,0,0
85,2,113.4,10,17,4,2,1,0,0,1
77,0,87.31,3,22,4,5,2,0,0,1
28,0,130.8,6,13,4,2,1,0,3,0
96,2,118.8,10,19,4,4,0,0,0,1
7,0,72.8,4,18,2,1,1,0,3,1
159,1,100.0,4,9,3,1,1,0,0,1
83,1,76.5,8,2,4,1,2,0,0,1
7,0,125.8,12,29,4,2,0,0,3,1
24,1,74.8,12,15,4,8,2,3,0,1
104,1,88.01,7,2,4,1,2,0,0,1
69,0,126.9,6,17,4,2,1,0,0,1
293,0,68.17,12,25,4,6,4,3,0,0
156,0,100.63,7,7,4,3,1,3,0,0
4,0,0.0,12,23,1,2,1,0,5,1
3,0,110.0,9,12,2,2,1,0,3,1
84,0,106.25,5,19,3,5,2,1,0,0
10,1,120.35,5,29,4,0,1,0,0,1
35,0,117.9,6,30,4,3,0,0,0,0
2,0,105.0,12,21,2,1,0,0,4,1
94,1,131.4,8,26,4,2,1,0,3,0
80,1,93.6,11,12,4,1,1,0,0,0
58,1,88.29,11,19,4,6,2,1,0,1
21,0,119.0,4,13,4,1,0,3,0,1
56,1,60.0,2,8,3,4,1,0,0,1
3,2,93.63,12,23,4,2,2,0,3,1
18,2,98.6,5,29,4,2,2,0,0,1
62,2,173.25,7,23,4,1,1,1,0,1
0,1,90.0,8,6,4,2,0,0,0,1
6,1,206.0,9,27,4,0,1,0,0,1
59,0,105.3,4,24,4,1,2,0,0,0
18,0,129.0,6,12,4,0,2,0,0,1
48,1,107.1,4,4,4,1,1,3,0,0
283,0,82.79,12,30,4,3,2,0,0,0
3,0,65.0,2,15,2,0,1,0,0,0
0,0,136.0,9,13,4,4,2,0,0,1
47,1,168.3,9,11,4,1,2,0,3,1
36,1,104.49,5,7,4,1,0,3,0,1
112,1,107.95,5,2,4,3,1,0,3,1
56,0,140.4,6,4,4,1,0,0,3,0
86,0,68.85,3,16,4,5,2,0,0,1
105,1,76.5,7,8,4,2,0,0,0,0
104,0,102.3,4,28,4,3,0,0,0,1
21,2,109.83,8,20,4,1,2,0,1,1
9,2,137.0,8,23,4,2,0,3,0,1
191,1,96.3,10,20,4,2,0,0,0,0
83,1,108.0,10,16,4,3,2,3,0,1
3,0,119.0,8,17,2,4,1,0,0,0
121,0,90.0,6,24,4,2,1,0,0,0
38,1,103.87,11,26,4,1,2,1,0,1
137,2,135.9,9,6,4,2,0,0,0,1
153,2,80.75,6,30,4,3,1,3,0,1
144,1,97.85,8,31,4,4,1,0,0,1
0,0,114.0,9,8,2,1,0,0,0,1
57,2,79.2,12,1,4,1,0,3,0,1
60,0,128.85,5,16,4,2,1,0,0,1
3,1,166.0,10,7,4,2,1,0,0,1
30,2,198.9,5,6,4,2,1,0,5,1
174,0,115.2,6,5,4,0,2,0,3,0
28,0,65.0,12,18,2,1,0,0,0,1
36,0,91.3,2,27,4,1,1,0,0,1
41,2,161.1,7,19,4,2,0,1,0,1
5,3,89.89,11,27,4,2,2,0,0,1
2,1,101.0,3,2,4,3,0,0,0,1
7,0,75.2,11,24,4,1,0,0,0,1
123,1,114.69,9,18,4,4,2,0,3,1
226,1,119.85,9,21,4,5,2,0,0,0
89,0,96.3,4,12,4,3,0,0,0,1
15,3,107.0,11,10,4,2,0,0,0,1
290,2,90.95,10,24,4,4,1,0,0,1
34,1,135.45,4,16,4,2,2,0,3,1
35,2,140.1,3,25,4,2,1,0,0,1
54,0,103.5,7,10,4,0,2,3,0,0
28,0,85.6,11,11,3,4,0,0,0,1
48,0,75.0,11,6,3,3,2,0,0,1
93,0,143.23,6,20,4,3,1,0,3,0
149,0,85.5,8,28,4,0,2,3,0,0
26,1,60.0,1,27,4,4,1,3,0,1
20,0,76.0,11,1,4,3,0,3,0,1
26,0,126.0,4,13,4,1,0,0,3,1
200,0,115.6,9,24,3,4,2,0,3,0
59,0,72.0,12,17,3,1,1,0,0,1
3,0,81.88,12,6,4,3,0,0,0,1
140,0,114.63,7,31,4,5,2,0,3,1
93,0,103.5,6,28,4,2,0,3,0,0
60,1,88.61,3,17,4,3,1,0,0,1
37,2,88.0,12,2,4,2,0,3,0,1
111,1,105.3,7,14,4,2,0,0,0,1
5,1,109.0,6,8,4,2,0,3,0,0
81,1,88.83,3,25,4,2,2,0,0,0
52,2,159.3,5,28,4,1,1,0,3,1
14,0,105.0,7,21,2,2,0,0,0,0
7,0,134.0,8,27,4,1,1,0,0,1
24,2,139.0,8,20,4,1,1,3,0,1
188,1,164.25,8,8,4,1,1,1,0,0
100,0,143.7,7,21,4,3,0,0,3,0
52,0,85.5,4,18,4,1,1,3,0,1
56,1,207.9,8,6,4,1,1,0,5,1
111,1,122.1,5,4,4,4,0,0,4,1
69,0,102.6,11,4,4,2,0,0,3,1
9,1,95.0,6,17,3,2,1,0,0,1
6,1,152.0,4,16,4,1,1,0,3,1
7,2,177.0,5,22,4,1,2,0,3,1
31,1,178.42,9,10,4,5,2,0,6,1
140,2,140.98,12,27,4,3,0,0,5,1
106,1,90.95,4,17,4,2,2,0,3,1
40,0,85.5,6,27,3,2,1,0,0,1
6,0,316.0,8,13,4,1,0,1,5,0
38,0,122.4,6,18,3,1,1,0,3,1
13,1,111.6,9,20,4,3,2,0,0,1
6,1,116.62,9,1,4,10,3,0,0,0
51,1,102.6,11,4,4,2,0,0,3,1
29,1,104.0,11,30,4,4,2,0,0,1
11,0,129.5,12,30,4,4,0,0,3,1
0,0,67.5,8,24,3,2,1,0,1,1
13,2,89.0,6,13,4,0,1,3,0,1
86,0,90.0,9,9,2,3,0,0,0,1
82,0,126.9,6,20,4,1,1,0,0,0
10,0,79.0,11,7,0,3,1,0,0,0
32,0,126.9,5,7,4,1,0,0,0,1
47,1,78.3,2,7,4,0,2,0,0,0
241,1,101.79,9,2,4,2,2,0,3,0
89,1,63.49,4,7,4,3,1,0,0,1
1,0,107.0,10,18,3,1,0,0,3,1
21,0,105.0,9,3,4,3,2,0,0,1
71,0,84.15,4,23,4,3,2,3,0,1
86,1,73.95,3,20,4,2,2,0,0,1
91,2,136.35,6,15,4,4,0,0,0,1
43,1,74.8,11,29,4,11,4,0,0,0
102,1,108.0,10,2,4,1,2,3,0,1
68,1,96.6,10,30,4,1,2,0,0,1
57,1,0.0,6,10,4,2,1,0,0,1
54,1,123.3,9,2,4,2,0,0,3,0
82,0,125.1,9,10,4,1,0,3,0,0
203,1,65.49,8,8,4,4,1,0,0,1
19,1,139.0,7,2,4,2,2,3,0,0
9,1,87.0,10,31,4,1,2,0,0,1
1,0,114.0,8,11,4,3,0,0,0,1
24,0,156.0,4,29,4,2,2,0,3,1
110,3,93.08,4,10,4,2,2,0,3,1
59,0,93.6,11,18,4,2,0,0,0,0
0,3,134.57,6,27,4,4,1,0,3,1
9,1,94.86,9,4,4,2,2,0,3,1
34,2,176.4,10,6,4,3,0,0,3,1
33,1,0.0,4,18,4,2,1,0,0,1
4,1,0.0,12,16,1,2,0,0,0,1
25,1,65.0,9,5,2,0,1,0,0,1
14,2,109.75,9,7,4,3,1,0,0,1
52,1,120.7,12,3,4,3,2,1,0,1
98,2,59.5,12,29,3,3,0,0,0,1
186,0,80.0,4,22,3,1,0,0,0,1
2,0,74.0,12,2,2,1,0,0,0,1
0,1,65.0,3,16,2,1,0,0,0,1
34,1,109.0,10,25,4,2,0,3,0,1
21,1,73.03,3,8,4,3,0,0,3,1
144,0,97.75,7,6,4,4,0,3,0,0
83,2,105.3,7,14,4,3,1,0,0,1
15,0,65.0,12,10,2,2,0,0,0,1
5,1,72.75,12,24,4,2,0,3,0,1
157,0,94.5,8,3,4,1,0,3,0,0
7,2,138.0,9,11,4,2,0,0,0,1
51,0,152.1,8,18,4,2,0,0,0,0
67,1,135.9,8,4,4,3,1,0,0,1
141,1,85.5,8,5,4,2,0,0,0,1
24,1,153.23,11,7,4,2,1,0,0,1
43,0,88.2,3,22,4,3,0,3,0,0
28,0,130.33,12,31,4,3,0,0,3,0
0,2,129.0,6,17,4,1,0,3,0,1
18,1,160.67,9,28,4,3,0,1,3,1
33,2,116.1,5,19,4,1,0,3,0,1
3,0,95.0,10,20,3,1,0,0,0,1
93,0,150.3,8,22,4,3,1,0,3,0
175,1,130.05,8,2,4,4,0,0,3,0
89,1,121.8,7,26,4,5,1,0,3,1
0,0,82.33,2,14,4,1,2,3,0,1
43,2,55.0,12,26,3,2,2,0,0,1
1,0,65.0,12,3,2,1,0,0,0,1
6,0,103.64,6,26,4,3,2,0,0,0
19,0,87.0,2,23,3,5,0,0,0,1
110,0,117.9,8,15,4,3,1,0,0,0
81,1,103.5,6,30,4,3,1,3,0,1
1,2,160.0,7,23,4,1,0,0,0,1
51,1,75.95,3,7,4,3,1,0,0,1
134,2,89.85,7,12,4,4,0,0,0,1
96,0,76.93,4,10,4,2,2,3,0,1
92,1,96.9,12,22,4,3,2,0,3,1
16,2,131.0,9,9,4,3,0,0,0,1
99,2,186.3,7,3,4,1,2,0,5,1
222,0,118.0,4,28,4,3,2,0,0,0
29,0,130.0,12,17,4,1,0,1,0,1
8,2,105.0,9,9,4,1,0,0,0,1
221,0,85.5,8,17,4,2,0,3,0,0
26,0,77.0,11,16,2,2,0,0,0,1
15,1,111.6,10,20,4,4,0,0,0,1
4,0,181.79,9,19,2,3,1,0,4,1
65,0,132.6,5,9,4,3,1,0,3,0
155,0,119.24,6,14,3,2,0,1,0,0
230,0,80.75,6,19,3,3,2,0,0,1
33,2,85.5,9,16,4,2,0,0,0,1
19,1,134.0,9,17,4,1,1,3,0,0
98,1,132.6,5,21,4,4,2,0,3,1
91,0,40.67,3,4,3,2,1,0,0,1
96,1,132.6,5,12,4,3,2,0,3,0
57,0,88.4,12,26,4,3,1,3,0,0
14,1,88.0,11,23,2,1,0,0,0,1
3,2,67.0,5,12,2,1,0,0,0,1
53,1,116.1,5,30,4,2,1,3,0,1
9,0,73.92,3,30,4,1,0,0,0,1
0,0,102.0,3,4,3,2,0,0,0,1
40,1,118.0,12,31,3,3,0,0,0,1
195,1,130.5,8,13,4,1,1,0,0,0
38,1,207.9,9,11,4,3,2,0,5,0
125,1,210.6,9,2,4,2,2,0,5,0
40,0,102.6,6,27,4,3,1,3,0,0
129,2,114.3,7,8,4,2,0,0,0,1
42,1,152.1,8,14,4,2,2,0,0,1
7,0,153.0,8,17,4,1,1,3,5,1
203,1,133.2,8,17,4,2,0,0,3,0
47,2,139.5,10,9,4,1,2,0,3,1
4,1,156.0,3,5,4,1,0,1,3,1
20,0,67.0,10,13,2,1,0,0,0,1
41,0,107.1,6,28,4,2,0,3,0,0
112,1,76.5,8,7,4,2,2,0,0,0
9,2,133.33,6,21,4,3,0,0,0,1
53,1,74.8,11,19,4,2,2,3,0,1
41,0,103.05,10,1,4,2,0,0,0,1
6,0,85.0,8,28,3,1,2,0,0,1
296,1,196.07,12,26,4,5,1,1,5,0
156,1,93.08,7,2,4,2,2,0,0,0
8,2,101.0,6,14,4,1,0,0,0,1
1,1,86.43,12,27,3,5,2,0,0,1
33,4,147.25,9,26,4,1,1,0,3,1
6,0,93.0,2,22,4,2,1,0,0,1
2,0,155.81,9,22,4,1,0,3,3,1
8,0,86.0,3,2,4,1,0,0,0,1
0,3,126.0,9,19,4,2,2,0,0,1
8,0,67.0,3,2,3,2,0,0,0,1
2,0,65.0,9,27,2,0,2,0,0,0
8,2,80.85,9,8,4,2,0,0,0,1
20,2,104.0,11,14,4,2,1,0,0,1
98,0,73.95,3,16,4,4,0,0,0,1
37,0,90.0,9,8,3,2,0,0,0,1
2,0,65.0,11,22,2,1,2,0,0,1
1,1,78.0,12,6,4,2,0,3,0,1
152,2,184.34,7,30,4,11,5,1,0,0
182,1,83.5,10,31,4,3,1,0,1,1
6,0,65.0,12,2,2,1,0,0,0,1
25,0,91.0,1,2,3,3,2,0,0,1
58,0,125.1,9,8,4,1,0,3,0,0
3,2,109.85,6,7,4,3,0,0,3,1
102,0,72.25,12,5,4,1,2,0,0,0
11,0,143.2,10,7,3,1,0,0,0,1
6,1,104.92,4,22,4,3,2,0,0,1
9,1,12.0,10,20,4,1,0,0,3,1
50,0,60.0,1,22,3,3,2,0,0,1
9,1,0.0,9,7,1,1,0,0,1,1
119,0,112.5,6,28,4,1,0,0,0,0
53,0,93.6,11,21,4,1,1,0,0,0
3,0,159.0,5,19,2,1,0,0,4,1
94,1,144.0,4,28,4,2,0,0,3,1
78,0,274.2,12,29,3,3,1,0,6,1
54,3,139.6,12,24,4,1,2,0,0,1
51,0,126.36,5,28,4,1,1,0,3,0
17,0,95.0,5,21,3,1,2,0,0,1
31,0,144.9,3,24,4,2,0,0,3,0
127,1,114.3,7,10,4,0,2,0,0,1
106,0,55.08,7,21,4,2,0,3,0,0
1,1,0.0,9,18,1,1,0,0,0,1
13,1,90.95,11,8,4,5,2,0,0,1
0,0,145.85,5,23,4,1,1,0,0,1
0,1,89.0,4,13,4,1,0,3,0,1
30,0,94.2,8,31,4,1,0,0,0,1
4,0,89.0,5,8,4,0,1,3,0,1
72,1,78.2,3,16,4,4,0,0,0,0
7,1,90.0,8,17,4,2,1,0,0,1
21,1,95.48,10,26,4,2,0,0,0,1
0,1,133.5,9,7,4,1,1,0,0,1
0,0,75.0,10,3,2,0,1,0,0,1
140,0,132.48,7,31,4,5,2,0,3,1
79,1,146.7,7,9,4,1,2,0,3,0
15,0,77.88,1,28,4,4,2,0,1,1
15,0,93.0,2,20,4,1,2,0,0,1
0,1,97.0,2,24,4,1,0,0,0,1
41,1,249.63,10,15,4,5,2,0,6,1
36,2,109.0,10,25,4,3,0,3,0,1
38,0,125.1,8,21,4,0,1,3,0,0
96,3,108.0,10,3,4,1,1,3,0,1
15,0,102.0,12,29,4,3,1,3,0,1
1,0,162.0,8,11,4,2,0,3,5,1
259,0,65.49,8,22,4,7,3,0,0,0
32,0,109.8,4,14,4,3,1,0,0,0
4,1,111.0,2,20,4,2,2,0,0,1
129,0,132.88,7,26,4,5,1,0,3,0
11,1,127.6,8,19,4,1,0,0,1,1
23,0,94.0,10,7,3,5,2,0,0,1
0,1,0.0,12,11,1,1,0,0,0,1
3,1,47.5,4,23,3,1,2,0,0,1
0,0,0.0,8,3,1,0,1,0,0,1
195,0,75.0,4,10,3,1,2,0,3,1
156,2,111.35,7,16,4,3,2,0,0,0
79,0,72.25,3,28,4,4,1,3,0,0
24,2,207.0,4,14,4,3,0,0,5,1
55,1,118.33,4,6,4,3,0,0,0,0
33,0,235.33,10,14,4,2,1,0,5,0
15,2,117.0,8,30,4,2,0,0,0,1
19,0,124.0,9,21,4,1,1,0,0,1
6,0,65.0,5,18,2,1,0,0,0,1
35,0,125.1,7,25,4,0,1,3,0,0
5,0,116.42,6,26,4,3,2,3,0,0
30,1,181.8,9,1,4,3,0,0,5,1
91,2,118.8,7,16,4,1,2,0,3,1
69,0,121.5,5,7,4,1,2,0,0,1
115,0,141.3,7,18,4,4,1,0,3,1
74,0,168.3,9,14,4,4,0,0,3,1
62,0,118.8,4,9,4,1,2,0,3,1
169,0,90.9,10,25,4,4,0,0,0,0
256,0,90.95,8,31,4,4,0,0,0,0
76,0,119.85,5,13,4,3,2,0,0,0
3,2,0.0,8,9,4,1,2,0,1,1
21,2,163.0,9,24,4,1,1,0,0,1
14,1,120.0,10,5,4,0,1,0,0,1
44,2,137.14,4,29,4,2,2,0,0,1
31,1,140.4,5,20,4,1,0,0,3,1
89,1,90.95,4,18,4,3,1,0,0,1
74,0,123.3,10,31,4,0,1,0,3,1
130,1,97.65,8,22,4,3,1,0,0,0
2,0,79.6,1,3,4,2,2,0,3,1
5,1,58.0,12,9,3,3,0,0,0,1
8,2,116.27,6,30,4,3,0,0,0,1
194,1,114.75,8,8,4,3,1,0,0,0
4,1,59.75,1,16,4,1,1,3,0,1
12,1,58.0,12,19,3,2,2,0,0,1
61,0,89.5,3,4,4,2,0,3,0,1
103,0,123.3,10,26,4,3,0,0,3,1
50,0,94.5,10,18,4,3,2,0,0,0
29,0,75.0,2,4,4,1,0,3,0,0
98,0,167.45,4,23,4,4,2,0,5,0
31,0,92.4,10,25,4,0,2,0,0,1
0,0,120.0,6,3,4,1,0,0,0,1
25,1,160.0,8,3,4,2,0,0,0,1
138,2,141.3,8,17,4,4,1,0,3,1
109,0,74.89,4,2,4,5,2,0,1,1
102,0,95.03,5,2,4,4,1,3,0,0
248,0,106.0,10,31,2,2,1,0,4,0
40,1,95.48,10,3,4,4,1,0,3,1
8,0,109.25,10,28,4,4,0,3,0,1
0,1,107.0,11,2,4,4,1,0,0,1
106,2,128.0,12,21,4,5,2,0,3,1
11,0,67.0,11,25,2,1,0,0,0,1
132,2,114.75,7,13,4,4,2,0,0,1
30,2,120.53,8,31,4,3,0,0,0,1
20,0,84.0,7,4,2,1,1,0,0,1
205,2,76.5,7,25,4,1,2,0,0,1
78,0,93.6,11,21,4,2,1,0,0,0
54,1,104.4,3,31,4,3,0,0,3,1
117,2,177.3,5,5,4,3,0,0,5,1
52,0,72.0,12,9,3,2,1,0,0,1
17,0,85.0,9,27,3,2,0,3,0,1
116,0,105.3,5,5,4,3,0,0,0,0
155,1,101.88,7,17,4,5,2,0,0,0
164,1,96.3,7,1,4,2,0,0,0,1
10,2,110.0,4,7,4,1,0,0,0,1
149,2,119.0,8,3,4,4,2,0,0,1
79,0,112.05,7,9,4,2,2,0,0,0
17,0,83.4,3,4,4,7,3,3,0,0
166,0,72.25,8,2,3,5,1,0,0,0
59,1,87.3,3,9,4,3,0,0,3,1
295,1,95.4,7,21,4,3,1,0,0,1
0,0,55.76,11,25,4,1,0,3,0,1
98,0,65.0,9,21,2,1,0,0,0,1
187,1,90.95,8,25,4,4,2,0,0,1
33,0,79.11,10,21,3,4,0,1,0,1
100,2,137.7,7,18,4,1,1,0,3,1
9,1,88.0,12,5,4,2,1,3,0,1
80,2,149.4,9,16,4,2,0,0,3,1
152,0,96.3,8,25,4,3,2,0,0,0
8,0,95.0,4,5,4,1,0,0,0,0
184,1,90.9,10,29,4,1,2,0,0,0
16,3,132.33,6,13,4,2,1,0,0,1
77,0,116.1,6,1,4,3,0,3,0,0
0,0,88.0,12,5,4,0,1,3,0,1
24,1,80.85,9,3,4,2,0,0,0,1
2,1,111.0,11,18,4,2,0,0,0,1
39,0,138.7,9,25,4,0,1,0,0,1
15,1,68.99,1,24,4,1,2,0,0,1
94,1,111.33,10,8,4,1,2,0,0,1
126,2,130.05,7,23,4,3,2,0,3,1
68,1,78.3,2,13,4,1,1,0,0,1
185,2,116.1,9,29,4,3,2,0,0,0
98,2,130.5,7,2,4,5,2,0,0,1
87,1,79.5,4,4,4,2,1,3,0,1
40,0,76.92,6,21,4,1,0,0,0,0
49,1,79.63,3,4,4,2,1,0,0,1
200,1,146.37,9,1,4,3,2,1,0,0
46,5,68.07,11,18,4,3,2,0,0,1
56,1,93.6,12,9,4,2,1,0,0,1
4,0,87.2,8,1,4,0,1,3,0,1
1,2,135.0,12,31,4,1,0,0,0,1
39,3,152.1,8,15,4,1,1,0,0,1
113,0,79.0,11,13,2,4,2,0,0,0
2,1,95.0,11,4,4,1,0,3,0,1
15,1,109.0,5,31,4,3,0,3,0,1
57,2,79.2,11,17,4,3,0,3,0,1
61,1,74.61,10,27,4,5,0,0,3,1
0,0,98.0,8,7,4,2,0,0,0,1
79,1,95.2,4,4,4,3,1,0,3,1
13,0,85.0,9,8,3,5,1,3,3,1
0,0,115.0,8,10,4,3,1,3,0,1
142,1,83.78,6,1,4,4,1,0,3,1
2,1,141.0,6,4,4,1,0,0,0,1
186,0,121.5,8,2,4,2,0,0,0,0
136,0,121.5,7,16,4,1,1,0,0,0
12,2,125.0,8,20,4,3,0,0,0,1
172,1,99.9,11,12,4,1,0,0,0,1
19,2,169.0,9,22,4,2,0,0,0,1
3,2,178.67,11,18,4,2,1,0,5,1
21,2,148.0,8,19,4,2,0,3,0,1
11,1,68.53,4,5,4,1,0,3,0,1
13,2,186.0,5,14,4,1,1,0,3,1
1,0,0.0,6,11,4,0,0,0,0,1
51,1,109.8,8,29,4,2,1,0,0,0
25,1,65.0,12,27,3,1,0,0,0,1
103,1,77.29,6,26,3,1,2,0,0,0
0,0,81.0,8,6,4,2,0,3,0,1
0,0,88.94,10,11,4,0,2,0,0,1
53,2,140.4,6,2,4,3,0,0,3,1
170,1,85.0,7,19,4,4,0,3,0,1
82,1,93.6,12,23,4,1,0,0,0,1
0,0,65.0,2,16,2,1,0,0,0,1
3,2,79.5,12,19,4,1,1,3,0,1
17,2,153.0,8,29,4,1,0,0,5,1
79,0,89.25,9,18,4,1,0,0,0,0
17,0,80.0,12,10,3,1,1,0,0,1
23,0,118.0,9,8,4,1,0,3,0,0
12,0,135.0,5,7,4,1,0,0,0,0
150,1,0.0,4,9,4,1,2,3,1,1
21,1,117.0,10,7,4,2,0,0,3,1
81,1,75.95,3,5,4,2,2,0,0,1
23,0,94.35,6,12,4,0,1,0,0,1
111,2,148.5,8,6,4,1,2,1,0,1
79,1,132.3,10,20,4,3,2,0,3,1
4,1,137.0,12,30,4,2,0,0,3,1
130,2,67.5,3,25,3,2,1,0,0,1
0,0,0.0,12,14,1,1,0,3,0,1
68,0,79.2,12,22,4,2,0,3,0,0
19,3,158.0,9,23,4,2,0,3,0,1
0,0,195.0,8,10,4,1,0,0,3,1
78,1,109.18,3,23,3,4,0,1,0,1
21,0,124.8,5,19,3,1,0,0,3,1
151,0,70.75,1,19,3,4,0,0,0,1
45,0,143.65,3,28,4,3,1,0,3,0
4,1,73.92,9,2,4,2,0,3,0,1
249,0,89.75,10,14,3,6,2,0,0,1
74,0,90.95,5,2,3,4,1,0,3,1
101,1,103.5,5,1,4,0,2,3,0,1
125,0,68.0,6,30,3,3,1,0,0,1
322,0,82.79,12,30,4,3,2,0,0,0
127,2,113.05,5,21,4,2,2,0,3,1
81,0,73.95,2,27,4,6,2,0,0,0
17,1,104.11,10,15,4,3,0,0,3,1
157,2,80.75,8,28,3,2,2,0,0,1
16,1,162.0,7,19,4,2,0,0,3,0
16,1,81.0,11,6,4,2,0,0,0,1
118,1,85.5,7,19,4,0,2,0,0,0
18,1,89.0,4,8,4,1,0,3,0,1
30,1,96.9,11,15,4,4,0,0,3,0
120,1,127.8,8,9,4,5,0,0,3,1
2,1,118.0,5,8,4,0,2,0,3,1
118,0,86.0,3,1,3,1,0,0,0,1
46,1,98.3,3,4,4,2,1,0,3,1
83,0,93.6,11,20,4,1,2,0,0,0
170,0,78.0,4,8,3,3,2,0,0,1
50,2,150.3,6,3,4,2,1,0,3,1
1,1,95.0,10,28,3,1,0,0,0,1
8,1,127.0,8,28,4,0,2,3,0,1
59,0,137.7,4,8,4,2,1,0,3,1
21,1,126.0,5,9,4,3,1,0,0,1
55,0,75.95,2,1,4,3,1,0,0,1
3,0,65.0,12,10,2,1,0,0,0,1
3,0,87.7,11,8,4,3,2,0,1,1
92,2,108.0,10,6,4,3,0,3,0,0
3,0,95.0,6,20,3,3,1,0,0,1
40,0,109.8,8,28,4,0,1,0,0,1
3,1,86.0,2,1,4,1,1,0,0,1
198,0,80.75,10,22,3,5,2,0,0,1
29,1,119.0,10,16,4,0,1,3,0,1
104,0,107.1,8,21,4,1,2,3,0,0
77,0,94.5,7,23,4,4,2,3,0,0
52,1,125.99,11,9,4,3,0,0,0,0
108,0,153.9,5,27,3,2,2,0,4,1
3,1,83.9,1,14,4,1,0,0,0,1
32,1,109.8,4,16,4,1,1,0,0,1
54,1,64.37,11,11,4,2,1,3,0,1
129,1,114.3,8,6,4,1,0,0,0,1
144,1,112.03,5,22,4,3,2,0,3,1
34,0,168.3,8,10,4,1,0,0,3,0
32,0,168.3,7,15,4,2,1,0,3,0
5,0,105.0,10,26,2,1,0,0,0,1
3,0,80.0,12,19,3,1,2,0,0,1
0,0,75.42,4,1,4,2,0,3,0,1
5,0,65.0,5,10,2,1,0,0,0,1
21,0,112.67,2,27,4,1,2,0,3,0
21,0,130.9,5,29,4,2,2,0,3,0
69,0,135.9,9,11,4,0,2,0,0,0
51,2,207.9,9,11,4,2,2,0,5,1
4,0,81.0,2,1,4,1,1,3,0,1
35,0,118.8,9,5,4,3,1,0,0,1
144,0,131.7,8,24,4,3,0,0,3,0
5,1,184.0,9,13,4,2,0,0,3,1
60,1,83.3,2,26,4,2,1,0,0,1
1,1,139.0,7,4,4,1,1,3,0,1
54,0,114.63,4,11,4,5,2,0,3,1
135,1,92.28,6,14,4,4,0,0,0,0
2,0,131.0,5,30,4,0,1,0,0,1
4,1,133.0,2,4,4,2,0,0,3,1
39,0,126.9,5,21,4,1,2,0,0,0
9,0,67.0,3,31,2,2,0,0,0,1
19,2,150.43,4,15,4,5,2,0,3,0
165,0,99.45,8,8,4,5,2,0,0,0
191,1,84.43,8,30,4,4,0,0,3,0
168,0,90.95,7,7,4,4,2,0,0,0
24,0,94.33,3,10,4,3,0,0,0,1
17,0,100.38,12,8,4,3,1,0,0,1
206,0,90.95,7,25,4,4,1,0,0,0
28,2,121.33,4,11,4,2,1,0,3,1
64,2,65.36,1,19,4,2,0,3,0,1
103,0,96.05,4,6,4,4,1,0,3,1
130,0,79.2,11,12,4,1,1,3,0,0
3,0,86.0,2,4,4,1,0,0,0,1
88,3,125.66,12,28,4,3,0,0,3,1
75,0,69.53,3,14,4,2,1,0,1,1
14,3,166.0,9,7,4,5,1,0,5,1
1,0,120.0,10,27,4,1,0,0,0,1
21,0,83.2,10,25,4,3,0,3,0,0
128,1,151.2,10,11,4,3,0,0,3,0
123,0,123.3,8,13,4,1,0,0,0,0
9,0,110.0,5,26,0,1,0,0,3,1
29,1,150.8,8,26,4,2,1,0,3,1
71,1,70.13,3,17,4,3,1,0,0,1
10,1,161.33,7,7,4,3,0,0,3,1
23,2,110.0,8,31,4,4,0,3,0,1
65,2,97.33,10,28,4,2,0,0,0,1
12,1,129.0,2,14,4,3,2,1,0,1
36,2,89.89,11,25,4,4,0,0,0,1
97,0,53.38,12,28,4,3,1,3,0,1
30,4,139.0,10,21,4,2,0,0,0,1
3,0,156.0,8,29,4,1,0,0,5,1
16,0,70.72,12,22,4,3,2,0,0,1
36,0,154.0,12,16,4,2,0,0,3,0
152,1,114.43,12,27,4,6,2,0,0,1
19,1,130.0,11,4,4,1,0,0,3,0
19,1,69.0,12,5,4,2,2,0,0,1
5,0,111.0,12,29,4,1,0,0,0,1
17,2,109.45,9,9,4,2,1,0,1,1
30,4,168.3,7,7,4,4,2,0,3,1
4,0,94.0,11,8,2,1,0,0,3,1
86,0,73.83,3,23,3,4,1,0,0,1
0,0,95.0,10,5,2,1,0,0,0,1
63,3,88.4,11,21,4,4,1,0,0,1
152,1,94.5,7,27,4,2,0,3,0,1
2,1,134.0,3,24,4,2,0,3,0,1
61,1,118.8,9,2,4,2,2,0,0,1
7,3,225.36,7,19,4,3,0,0,6,1
22,3,122.5,9,4,4,4,2,0,0,1
86,1,159.3,8,7,4,2,2,0,3,1
13,1,135.0,10,28,4,2,0,0,0,1
75,1,140.4,5,2,4,2,1,0,3,0
40,0,109.8,4,18,4,0,1,0,3,1
7,1,72.25,12,4,4,2,0,3,0,1
58,2,159.3,6,10,4,2,1,0,3,1
101,2,122.0,12,21,4,5,2,0,0,0
36,1,135.9,8,11,4,1,0,0,0,0
1,1,120.0,10,22,4,1,0,3,0,1
85,0,177.3,8,24,4,1,0,0,3,1
2,0,90.95,6,13,3,5,1,0,3,1
9,2,88.4,12,4,4,2,2,0,0,1
22,0,85.0,7,9,3,1,2,0,0,1
8,1,106.0,2,17,4,4,0,0,3,1
77,0,85.5,4,1,4,2,1,3,0,0
25,1,88.4,12,7,4,4,0,0,0,1
5,1,95.0,4,4,4,1,1,0,0,1
152,1,107.0,4,30,4,1,0,0,0,0
45,1,126.9,6,30,4,3,1,0,0,0
180,1,98.1,10,10,4,0,1,3,0,0
34,0,115.2,3,22,4,3,0,0,0,0
13,0,78.0,12,19,4,1,1,3,0,1
109,0,76.5,7,16,4,1,0,0,0,0
6,1,149.33,4,2,4,1,2,0,3,1
109,1,68.0,7,15,4,7,2,0,0,0
37,1,51.05,12,9,4,3,2,3,0,1
57,0,81.9,4,1,4,2,1,3,0,0
29,0,120.35,4,19,4,4,0,0,3,0
68,0,164.88,11,2,4,4,1,0,1,0
168,0,72.25,8,8,3,3,1,0,0,1
79,0,95.0,6,24,3,2,0,0,0,1
190,1,121.5,8,8,4,2,1,0,0,0
46,1,75.0,3,29,3,5,0,0,0,1
11,2,141.0,8,20,4,1,1,0,0,1
65,1,126.0,12,7,4,2,0,0,3,1
122,1,66.53,4,25,4,5,1,0,0,1
10,0,103.0,5,16,4,0,1,0,0,1
1,0,90.0,1,29,4,1,0,0,0,1
1,1,138.5,8,15,3,1,2,1,0,1
6,1,102.41,10,30,4,3,2,0,0,1
153,1,93.2,7,1,4,2,2,0,0,1
17,0,144.0,2,12,4,2,1,1,3,1
114,2,135.9,9,23,4,2,1,0,0,1
53,1,124.1,3,20,4,2,2,0,3,0
5,0,95.0,4,11,0,8,3,0,0,1
58,2,88.2,12,9,4,1,0,3,0,1
134,0,124.2,11,13,4,1,2,1,0,0
2,1,103.0,3,8,4,1,0,0,0,1
49,1,69.22,1,15,4,2,0,0,0,1
72,0,132.6,5,22,4,3,2,0,3,0
9,3,169.0,9,8,4,1,0,0,0,1
98,2,102.56,8,14,4,1,2,0,3,1
36,0,145.8,6,19,4,0,2,0,3,0
308,1,88.0,11,23,4,3,0,0,0,0
304,0,74.15,10,21,4,2,1,0,0,0
210,0,96.3,10,19,4,4,0,0,0,0
102,0,79.2,12,5,4,1,1,3,0,0
107,0,76.5,8,12,4,1,0,0,0,1
5,2,106.21,11,10,4,4,2,3,0,1
149,0,106.75,7,12,4,6,2,3,0,0
18,0,85.0,7,17,3,1,2,0,0,1
112,2,100.3,12,6,4,4,0,0,0,0
9,1,147.3,8,6,3,1,0,0,3,1
130,0,102.58,3,25,4,2,1,0,1,1
67,0,75.0,11,25,3,2,0,0,0,1
67,1,76.16,3,26,3,1,2,0,0,1
0,1,100.0,1,25,4,3,1,0,0,1
70,0,78.3,3,3,4,2,0,0,0,0
17,1,60.0,12,26,3,2,2,0,0,1
11,2,145.53,9,30,4,2,0,0,3,1
111,1,117.11,6,2,4,3,0,0,3,1
92,2,150.45,5,15,4,2,2,0,3,1
69,1,76.5,3,31,4,2,0,0,0,1
57,2,82.45,3,11,4,2,2,0,3,1
29,0,145.6,4,29,4,2,1,0,3,0
144,0,133.69,7,9,4,5,2,0,3,0
19,1,118.0,9,6,4,2,0,3,0,1
40,0,98.0,10,5,3,1,1,0,0,1
70,0,87.3,3,13,4,1,2,0,3,0
133,0,109.8,6,27,4,2,1,0,3,0
118,2,80.1,10,25,4,3,0,3,0,0
9,1,0.0,12,10,1,1,0,0,6,1
23,0,50.0,12,4,2,2,2,0,0,1
28,0,66.0,2,8,4,3,1,0,0,1
103,0,76.5,4,21,4,1,0,3,0,0
5,0,65.0,8,26,2,2,0,0,0,0
61,0,121.5,7,23,4,4,2,0,0,0
187,0,78.41,10,10,4,2,1,0,0,0
98,1,85.5,6,23,4,1,0,3,0,0
69,1,149.4,9,8,4,3,1,0,3,1
40,1,57.6,11,20,4,2,2,3,0,1
54,1,113.4,6,20,4,3,1,0,3,1
38,1,104.64,9,25,4,0,2,0,0,0
0,1,0.0,1,7,1,1,0,0,0,1
22,0,87.0,3,4,3,2,0,0,0,1
167,0,99.45,7,23,4,5,2,0,0,0
9,1,81.0,1,30,4,1,2,3,0,1
51,1,158.4,10,17,4,1,1,0,3,0
1,0,85.0,10,8,3,1,0,0,0,1
280,1,91.8,11,16,4,3,0,0,3,0
12,1,208.0,3,24,4,3,1,1,3,1
71,0,87.3,4,1,4,2,0,0,0,0
22,0,213.0,10,10,4,3,1,0,3,0
69,1,173.0,11,7,4,3,1,3,0,0
11,0,86.0,12,19,4,2,1,0,0,1
0,0,123.0,10,20,2,1,0,0,0,1
34,2,145.8,9,10,4,3,0,0,0,1
7,2,104.0,12,4,4,0,2,0,0,1
26,2,294.0,10,1,4,2,2,1,5,1
0,0,84.0,7,25,2,1,1,0,0,1
162,1,118.8,7,27,4,1,0,0,3,0
110,1,105.3,7,25,4,2,1,0,0,1
87,2,114.3,7,1,4,2,0,0,0,1
53,1,83.92,3,15,4,5,2,0,0,1
4,0,93.0,2,25,4,2,0,0,0,1
4,0,95.0,5,23,0,2,1,0,0,1
8,0,92.4,10,1,4,1,0,0,0,1
32,2,99.0,9,25,4,0,1,3,0,1
177,1,94.5,8,16,4,2,0,3,0,1
76,3,168.3,9,15,4,3,0,0,3,1
100,0,136.0,5,19,4,3,1,0,0,0
128,1,80.75,5,4,3,3,0,0,0,1
243,0,95.4,9,9,4,2,1,3,0,0
4,2,176.0,3,26,4,1,2,0,3,1
1,1,66.0,2,23,2,2,0,0,0,1
13,1,131.0,6,20,4,3,1,0,0,1
3,0,107.0,3,4,4,2,0,0,0,1
121,0,68.0,11,16,3,4,2,0,0,0
38,1,141.68,6,9,4,2,0,1,3,1
142,0,108.3,8,24,4,3,0,0,0,1
21,1,88.0,11,28,4,0,1,3,0,0
58,1,153.85,3,28,4,2,1,0,5,1
39,0,116.1,5,12,4,2,0,3,0,0
158,1,90.95,6,30,4,3,1,0,0,0
122,1,99.45,5,4,4,4,1,0,0,1
124,0,72.25,7,23,3,1,2,0,0,1
72,0,104.4,10,26,4,2,0,0,3,1
64,0,110.08,4,18,4,3,1,0,3,0
10,0,67.0,8,29,3,1,0,0,0,1
8,1,83.0,1,19,4,4,0,0,0,1
91,0,159.3,8,21,4,0,2,0,3,1
185,0,96.3,8,30,4,1,0,0,0,0
138,1,115.6,7,18,4,4,1,0,3,1
43,1,126.9,5,24,4,2,0,0,0,1
170,2,130.05,8,11,4,3,2,0,3,0
41,0,117.6,3,24,4,3,0,0,0,1
74,2,121.2,4,17,4,3,2,0,3,1
212,1,90.95,8,8,4,3,1,0,0,1
28,0,41.43,11,2,3,5,2,0,0,1
75,0,70.0,3,17,4,3,1,0,0,0
82,1,81.9,4,1,4,2,1,0,0,1
14,0,70.88,12,5,4,3,1,0,3,1
28,0,77.0,10,19,3,2,1,0,0,1
9,1,131.0,4,12,4,1,0,0,0,1
49,0,126.9,5,21,4,1,0,0,0,0
7,1,111.0,12,29,4,2,0,0,0,1
74,0,68.5,10,17,4,2,2,0,0,1
26,1,119.85,6,17,4,1,0,0,0,1
4,0,65.0,11,30,2,0,1,0,0,1
33,1,80.3,2,5,4,2,1,0,0,1
4,2,87.3,1,8,4,1,0,0,0,1
104,1,72.25,4,18,4,3,1,3,0,0
16,0,90.0,1,18,4,1,1,0,0,1
30,1,99.1,9,25,4,0,2,0,0,1
8,0,214.6,3,18,4,3,2,0,5,0
0,0,120.0,10,13,4,1,0,3,0,1
13,0,73.2,2,14,3,3,2,0,0,1
44,0,116.0,4,13,4,4,0,3,0,0
73,1,159.3,4,30,4,1,2,0,3,0
11,0,88.0,12,6,4,1,0,3,0,1
121,0,95.04,8,3,3,3,0,0,3,1
39,1,74.8,11,15,4,5,2,3,0,0
167,2,105.3,7,30,4,1,0,0,0,0
17,1,143.43,11,9,4,4,0,0,3,1
64,0,75.0,11,18,3,2,1,0,0,1
216,0,75.0,4,24,3,3,2,0,3,1
121,1,99.45,5,2,4,3,1,0,0,1
104,2,142.2,7,21,4,3,1,0,3,1
110,1,104.4,10,28,4,2,1,0,3,1
178,1,143.7,8,23,4,3,0,0,3,0
105,0,105.3,6,27,4,1,1,0,0,0
91,0,96.3,4,13,4,3,0,0,0,1
91,1,127.5,5,4,3,4,0,1,0,1
278,1,71.23,12,28,4,4,1,3,0,1
33,0,126.9,5,2,4,1,1,0,0,0
16,1,152.67,6,2,4,3,0,0,3,1
73,0,107.1,4,7,4,3,2,0,3,0
2,1,131.0,4,27,4,1,0,0,0,1
13,0,65.0,11,29,2,1,0,0,0,1
20,0,66.0,1,31,3,1,2,0,0,1
1,2,155.0,5,31,4,1,0,0,3,1
201,2,142.56,10,3,4,2,1,0,3,0
35,2,109.0,10,28,4,2,0,3,0,1
1,2,180.33,9,3,4,3,0,0,5,1
35,0,125.1,8,10,4,2,0,3,0,0
173,0,80.75,7,8,4,5,2,3,0,0
30,0,73.42,2,20,4,4,2,0,0,0
85,0,124.53,4,19,4,4,0,0,3,0
214,1,89.75,7,29,4,2,2,3,0,1
84,1,82.45,3,28,4,4,1,0,0,1
4,0,89.0,4,11,4,0,1,3,0,1
166,0,72.25,7,30,3,1,2,0,0,1
20,1,156.0,6,28,4,2,0,0,3,0
75,0,131.4,7,1,4,2,1,0,3,0
20,1,89.0,4,7,4,2,0,3,0,1
16,3,189.49,10,26,4,5,2,0,5,1
50,0,48.6,3,11,4,2,0,3,0,1
128,0,135.0,10,11,4,5,0,0,3,0
6,0,140.0,3,4,4,1,0,0,0,1
158,3,89.25,7,25,4,3,1,3,0,1
68,1,88.4,12,1,4,3,1,0,0,1
0,0,149.0,9,8,4,1,0,3,0,1
85,0,126.9,6,20,4,2,1,0,0,0
109,0,138.54,5,23,4,7,3,0,0,1
91,1,61.33,10,30,4,2,2,3,0,1
120,0,89.74,4,7,4,5,2,0,0,1
88,0,75.0,5,8,3,3,2,0,0,1
9,1,79.0,11,11,2,2,0,0,0,1
35,1,109.0,10,28,4,2,0,3,0,0
62,0,75.0,11,20,3,3,2,0,0,1
21,0,107.0,10,10,3,2,1,0,3,1
210,1,67.42,8,15,4,5,2,0,0,1
76,1,89.7,11,14,4,3,1,0,0,1
41,1,99.0,3,20,4,0,2,0,0,1
131,1,103.5,7,7,4,1,0,3,0,1
123,2,107.95,5,22,4,2,2,0,3,1
0,1,0.0,10,25,1,1,0,0,0,1
62,1,65.66,2,15,4,3,1,0,1,1
2,0,67.0,12,16,2,1,0,0,0,1
37,1,67.5,2,15,4,3,1,3,0,1
78,0,130.2,7,5,4,5,1,0,3,0
19,2,105.0,9,14,4,2,1,0,0,1
166,0,85.01,7,24,3,2,2,1,0,0
14,0,127.67,4,16,4,1,2,0,0,0
72,0,120.67,12,30,4,3,0,0,3,1
78,1,80.75,4,10,4,2,2,3,0,1
95,2,72.25,12,4,4,2,2,0,0,1
117,0,83.64,5,10,4,4,0,0,0,1
150,0,96.0,6,16,3,3,0,0,0,0
210,2,96.3,7,31,4,0,2,0,0,0
3,0,65.0,7,11,2,0,1,0,0,1
0,0,114.0,3,28,4,4,1,0,0,1
32,2,85.5,9,17,3,1,0,0,0,1
61,1,145.4,9,8,4,3,0,0,3,1
2,2,152.0,9,10,4,2,0,0,0,1
15,0,119.0,12,3,4,1,2,1,0,1
86,1,95.85,3,26,4,3,2,0,0,1
68,0,78.3,2,13,4,1,1,0,0,0
64,2,83.61,12,25,4,2,2,0,3,1
0,0,105.5,9,2,4,2,0,3,3,1
74,1,61.08,10,31,4,5,2,3,0,1
52,1,127.37,11,9,4,3,0,3,0,0
0,0,65.0,9,19,2,0,1,0,0,1
15,1,100.0,2,11,4,1,0,0,0,1
0,0,0.0,12,31,1,1,0,3,2,1
14,1,124.0,8,31,4,1,0,0,0,1
185,0,66.13,7,6,4,0,1,0,0,0
28,2,154.0,9,28,4,2,0,0,3,1
77,1,105.3,4,6,4,2,0,0,3,1
19,1,122.0,12,5,4,1,2,0,0,1
2,0,120.0,6,2,4,2,0,0,0,1
73,0,72.0,4,3,4,1,2,3,0,0
64,0,105.93,8,23,3,8,2,0,0,1
15,2,123.0,12,30,4,4,1,0,3,1
4,0,85.0,2,12,4,2,0,0,0,1
14,1,90.0,8,24,4,3,1,0,0,1
26,1,139.0,10,16,4,4,2,0,0,1
47,2,130.05,4,10,4,2,2,0,3,1
5,0,100.0,6,14,2,1,0,0,0,1
0,1,0.0,9,28,1,1,0,0,3,1
0,1,90.1,12,6,4,5,2,0,0,1
87,2,126.0,12,16,4,2,0,0,3,1
3,1,145.0,9,21,4,3,1,0,0,1
76,1,110.15,3,20,4,3,2,0,3,1
34,1,72.76,10,7,4,3,0,0,0,1
179,1,90.9,10,28,4,2,2,0,0,1
161,0,95.88,9,19,3,3,1,0,0,1
11,1,151.0,7,2,4,2,2,0,0,0
97,0,80.75,5,16,3,1,1,0,0,1
49,0,105.3,7,9,4,1,1,3,0,0
224,1,86.62,8,1,4,2,1,0,1,1
96,0,70.0,12,29,3,3,0,0,0,1
68,0,80.3,2,26,4,2,1,0,0,1
26,0,85.0,7,3,3,3,2,0,0,1
0,1,141.0,5,12,4,1,0,0,0,1
1,0,70.0,8,11,2,2,0,0,0,0
9,2,111.35,5,31,4,2,0,0,0,1
71,0,142.5,10,22,3,1,1,1,3,1
32,2,126.0,4,20,4,2,0,0,0,1
7,0,95.0,3,29,4,2,0,0,0,1
116,0,89.25,5,15,4,3,2,3,0,0
2,2,130.0,2,3,4,4,0,0,3,1
0,0,0.0,10,15,4,0,0,1,3,1
116,1,109.25,7,12,4,5,0,0,0,1
271,0,95.0,9,21,3,3,0,1,0,0
148,0,102.25,7,1,3,7,3,1,0,1
0,0,138.0,3,31,4,1,0,0,0,1
4,0,36.25,8,1,3,1,2,1,0,1
11,3,159.0,5,22,4,0,2,0,0,1
7,1,111.0,11,14,4,2,1,0,0,1
263,0,110.0,10,21,4,2,0,0,0,0
69,1,99.3,4,17,4,1,2,0,0,1
55,0,149.4,9,20,4,3,0,0,3,0
21,1,102.0,11,1,4,4,0,0,0,1
22,1,155.77,9,8,4,6,2,0,6,1
25,2,109.0,5,22,4,1,2,3,0,1
109,3,88.4,12,6,4,5,1,0,0,1
43,2,94.5,10,18,4,0,1,0,0,1
4,0,76.5,6,20,3,0,1,0,0,1
95,1,95.2,4,26,4,4,0,0,0,1
85,0,73.95,3,17,4,3,2,0,0,1
200,0,129.54,9,20,4,8,2,0,0,0
16,1,136.0,4,25,4,2,1,0,3,1
62,0,75.0,11,21,3,2,1,0,0,1
55,1,126.9,6,18,4,2,2,0,3,1
5,0,65.0,10,20,2,2,0,0,0,1
69,2,79.38,10,31,4,4,1,3,0,0
34,1,124.25,9,18,4,0,2,0,1,1
140,0,86.05,8,9,3,5,0,0,3,1
4,0,67.0,6,21,2,1,0,0,0,1
61,1,74.8,12,22,4,3,2,3,0,1
210,1,90.9,8,18,4,1,0,0,0,0
10,0,90.0,10,9,3,0,2,0,0,1
1,1,97.0,3,16,4,3,0,3,0,1
0,0,74.69,11,15,4,0,1,0,0,1
70,0,173.35,4,8,3,2,2,0,4,1
277,2,82.17,10,18,4,5,1,3,0,1
67,0,132.3,10,17,4,2,1,0,3,0
104,0,79.2,11,1,4,5,0,3,0,0
158,1,89.25,10,5,4,1,1,0,0,1
260,1,56.94,11,16,4,4,1,0,0,1
13,0,63.58,3,13,3,3,2,0,0,1
0,2,0.0,12,19,1,1,1,0,6,1
180,2,100.08,10,28,3,2,1,1,0,0
1,0,65.0,1,7,2,1,0,0,0,1
267,0,77.73,12,23,4,7,2,0,0,0
6,2,116.25,9,10,4,3,1,0,0,1
15,0,89.0,7,20,4,1,0,3,0,0
5,1,187.0,7,12,4,3,0,0,3,0
109,0,58.0,3,20,3,1,2,0,0,1
23,0,136.0,3,26,4,2,2,0,0,0
13,3,231.0,7,9,4,1,0,0,5,1
0,0,84.8,7,30,3,1,2,0,0,1
109,1,82.45,4,3,4,2,2,0,0,1
25,0,167.0,4,6,4,3,0,0,3,0
95,2,90.95,4,25,4,3,1,0,0,1
52,0,127.8,4,15,4,1,0,0,3,1
132,1,70.44,6,27,4,2,1,0,0,1
8,1,88.0,2,16,4,2,0,3,0,1
0,2,110.5,1,30,4,1,1,0,0,1
4,0,68.0,7,16,3,2,2,0,0,0
2,0,78.52,1,23,4,1,2,0,1,1
292,0,112.0,7,21,3,2,0,1,0,0
7,1,124.0,4,10,4,0,2,0,3,1
282,0,77.0,11,12,3,1,2,0,0,1
6,0,63.0,2,15,3,2,1,0,0,1
288,0,67.26,12,22,4,5,2,0,1,0
335,0,0.0,10,13,4,3,0,0,0,0
65,1,149.4,9,14,4,4,0,0,3,1
56,0,79.2,3,22,4,3,0,0,0,1
1,0,85.0,2,15,4,1,1,0,0,1
147,0,126.9,9,12,4,5,1,0,0,0
26,0,158.33,5,20,4,2,1,0,3,0
16,0,63.2,2,5,4,6,2,3,0,0
24,0,115.0,10,10,3,3,1,1,0,1
151,0,198.59,8,19,4,3,2,0,1,0
134,0,105.3,5,5,4,2,0,0,0,0
5,0,80.0,2,24,2,2,0,0,0,1
180,1,112.2,8,10,4,4,2,0,3,0
0,0,97.0,1,3,4,0,1,0,3,1
4,1,0.0,2,27,1,0,0,0,0,1
12,1,67.0,2,16,2,2,0,0,0,1
49,0,121.5,3,19,4,1,2,0,3,1
3,0,46.54,8,31,3,3,1,0,0,1
28,0,90.0,5,17,3,2,0,0,0,1
74,3,132.6,5,21,4,3,2,0,3,1
0,0,163.18,5,18,2,1,0,0,0,0
3,2,137.29,9,10,4,5,2,0,0,1
113,1,92.65,6,27,4,4,1,0,0,1
17,1,102.0,12,29,4,3,1,3,0,1
1,0,127.0,2,26,4,1,0,0,3,1
152,0,94.05,10,23,4,2,2,3,0,0
48,0,80.4,4,24,3,0,1,3,0,1
11,1,94.6,12,6,4,0,2,0,0,1
102,1,114.3,7,23,4,5,2,0,0,1
6,2,67.0,12,8,2,1,0,0,0,1
15,1,47.33,12,27,3,3,0,0,0,1
38,0,109.8,9,2,4,1,0,0,0,1
168,1,81.08,7,31,4,1,2,0,0,1
17,0,91.0,2,19,4,2,0,0,0,1
22,1,108.0,2,22,4,2,1,0,3,1
24,0,108.5,4,11,4,3,1,0,0,0
13,3,76.5,12,6,3,0,2,0,0,1
68,2,105.3,3,19,4,1,2,0,3,1
7,2,79.0,2,21,4,0,2,3,0,1
126,1,90.9,6,26,4,0,2,0,0,1
31,1,90.0,10,26,3,2,1,0,3,1
85,0,88.4,11,24,4,3,1,0,0,0
246,1,58.36,12,27,4,5,2,0,0,0
14,1,121.0,6,8,4,1,0,0,0,1
22,0,177.0,12,27,4,0,2,0,5,1
2,1,119.0,12,31,4,3,1,0,0,1
5,0,76.8,9,8,3,4,0,3,0,1
4,0,65.33,2,9,2,3,0,0,0,1
5,2,200.33,10,28,4,2,1,1,0,1
238,2,114.48,6,18,4,1,0,0,1,0
20,0,84.0,10,18,3,1,2,0,3,1
288,0,107.38,12,25,4,4,2,0,3,1
0,1,85.86,8,1,4,1,1,0,0,1
13,0,130.33,4,5,4,5,1,0,3,1
8,0,65.0,9,29,2,3,0,0,0,1
1,0,119.0,5,5,3,3,0,0,4,1
143,0,140.7,8,18,4,3,0,0,3,0
15,0,125.67,4,29,4,2,1,3,0,0
1,2,78.0,12,14,4,1,0,3,0,1
137,0,107.95,7,6,4,4,1,0,0,1
87,0,93.55,6,8,4,5,2,3,0,0
8,2,80.0,8,19,4,5,2,0,0,1
19,1,58.45,11,14,4,3,1,0,0,1
18,0,64.0,2,12,3,2,1,0,0,1
64,1,86.4,11,18,4,2,0,0,0,0
198,1,62.18,7,31,4,2,2,3,0,1
71,0,96.3,3,18,4,2,1,0,3,1
60,0,71.4,9,12,4,2,2,0,0,1
69,0,60.0,12,3,3,3,0,0,3,1
76,1,98.5,4,24,3,3,2,1,0,1
103,1,140.0,12,19,4,2,1,0,3,0
75,1,103.7,4,25,4,3,1,0,3,1
54,1,107.1,7,2,4,1,0,3,0,1
56,0,118.8,4,22,4,2,1,0,3,0
0,0,114.0,12,3,4,1,0,3,0,1
0,0,65.0,12,21,3,1,0,0,0,1
38,0,168.3,8,17,4,1,0,0,3,1
101,0,165.6,8,9,4,2,0,1,3,0
6,1,106.07,9,22,4,3,0,0,0,1
21,1,156.5,6,12,4,2,2,1,0,1
148,1,86.43,5,18,4,4,0,0,3,1
25,1,119.0,10,20,4,3,0,3,0,1
74,0,118.8,10,9,4,1,2,0,0,0
81,0,190.29,7,11,4,5,2,1,3,1
38,0,135.9,8,15,4,0,1,0,0,0
18,1,82.13,10,31,4,2,1,3,0,1
197,0,137.0,12,21,3,4,1,1,0,1
63,1,63.75,3,8,4,4,0,0,0,0
12,1,66.0,1,24,2,1,2,0,0,1
35,2,85.5,11,26,4,3,0,3,0,1
76,0,49.07,11,8,3,1,2,0,0,1
53,2,89.1,9,1,4,2,0,3,0,1
6,1,156.5,7,3,4,2,2,0,3,1
20,1,85.5,9,25,3,0,2,0,0,1
40,1,75.0,11,2,3,4,0,0,0,1
30,1,111.83,8,28,4,2,2,0,0,1
135,2,105.3,5,11,4,3,0,0,0,0
45,1,125.1,9,18,4,1,2,3,0,1
5,1,131.0,4,23,4,1,1,0,3,1
159,0,105.3,8,5,4,1,0,0,0,0
132,0,102.28,7,21,4,4,2,0,0,0
52,1,108.0,10,17,4,2,1,3,0,1
3,0,66.0,1,11,2,0,1,0,0,1
1,0,65.0,8,4,2,2,0,0,0,1
39,1,168.3,9,9,4,2,2,0,3,1
151,1,143.28,12,29,4,3,0,0,0,0
21,0,210.6,5,15,4,0,1,1,3,0
85,0,152.1,8,3,4,3,0,0,3,0
68,1,65.29,10,17,4,4,2,0,0,1
0,0,0.0,6,16,1,1,0,0,0,1
34,0,100.0,10,26,3,3,0,0,0,1
3,2,130.33,9,7,4,2,1,0,0,1
142,1,85.5,7,1,4,2,0,3,0,1
49,0,69.11,9,18,4,2,2,0,0,1
154,2,79.2,12,8,4,2,0,3,0,1
51,2,187.11,9,16,4,2,2,0,5,1
12,1,132.39,12,10,4,2,2,0,3,1
5,0,119.0,5,31,4,2,0,3,0,1
110,1,148.2,8,1,4,5,1,0,3,1
195,0,158.95,7,18,4,3,1,0,5,0
16,2,105.0,9,4,4,1,0,0,0,1
13,2,93.75,10,31,4,3,1,3,0,1
179,2,85.5,10,19,4,3,0,3,0,1
274,1,96.5,7,31,4,1,2,0,1,1
145,1,114.3,7,7,4,3,0,0,0,0
15,1,95.0,6,15,3,1,0,0,0,1
49,3,94.32,9,3,4,3,2,3,0,1
233,0,168.3,10,7,4,1,0,0,3,0
50,2,157.9,7,20,4,2,0,0,3,1
219,0,74.0,9,4,3,3,2,0,0,1
10,0,166.0,7,23,4,1,0,0,3,1
173,2,104.4,10,25,4,3,0,0,3,0
16,2,124.0,9,21,4,3,1,0,0,1
59,0,81.0,1,28,3,2,0,0,0,1
162,0,103.5,8,8,4,2,1,3,0,0
16,0,75.0,3,8,2,3,0,0,3,1
2,0,0.0,1,27,1,1,0,0,0,1
88,1,134.1,6,15,4,3,0,3,0,1
1,2,139.0,6,8,4,1,0,0,3,1
55,2,150.45,5,11,4,4,1,0,3,1
9,2,130.17,9,12,4,4,2,0,0,1
130,0,87.55,4,19,3,4,0,0,0,1
140,2,131.7,7,3,4,1,2,0,3,1
3,2,133.0,10,4,4,4,2,3,0,1
95,1,155.72,12,7,4,4,0,0,1,1
5,1,107.0,3,21,4,4,1,3,0,1
130,0,96.9,7,26,3,3,0,0,0,1
38,2,88.4,11,19,4,2,2,0,0,1
17,0,166.0,7,9,4,1,1,0,3,0
86,2,104.4,10,26,4,2,0,0,3,1
57,1,59.21,2,27,4,4,2,0,0,1
142,0,146.7,8,11,4,3,0,0,3,0
90,1,171.9,11,7,4,1,1,0,0,1
20,3,231.0,7,6,4,1,0,0,5,1
120,4,88.38,8,20,3,5,2,1,0,1
13,1,86.0,2,6,4,1,1,0,0,1
36,1,91.8,11,1,4,4,0,0,0,0
12,0,91.45,11,3,4,4,0,0,3,1
49,1,75.0,11,15,3,3,0,0,0,1
0,0,65.0,4,12,2,1,0,0,0,0
0,0,110.4,9,8,3,2,0,0,0,1
44,2,98.8,11,26,4,1,1,0,0,1
138,2,82.2,11,30,4,3,0,3,0,1
64,0,105.3,7,23,4,2,2,0,0,0
1,0,82.0,1,3,4,0,2,0,0,1
12,0,164.0,9,25,4,0,2,0,3,0
86,1,105.0,9,24,3,2,0,0,0,1
47,1,123.96,4,28,4,3,1,0,0,1
0,0,95.0,10,17,2,1,1,0,0,1
18,0,75.99,12,9,4,7,3,3,0,1
28,0,121.47,10,8,4,1,1,0,3,1
1,2,121.0,4,22,4,2,1,0,0,1
143,0,94.5,8,20,4,1,0,3,0,1
8,2,139.0,8,11,4,2,0,3,0,1
0,0,75.0,12,15,2,1,0,0,0,1
12,0,65.0,12,8,2,2,0,0,0,1
132,0,162.0,9,9,4,3,2,0,3,0
1,1,159.0,9,15,4,1,0,3,0,1
3,1,91.0,5,21,3,1,1,1,0,1
8,0,56.0,3,1,3,2,0,0,0,1
11,1,87.01,9,6,4,3,0,3,0,1
42,0,118.0,12,31,3,3,0,0,0,1
14,1,90.0,2,8,4,0,1,3,0,1
147,0,89.25,10,16,4,2,1,0,0,1
25,0,185.0,9,18,4,0,1,0,3,1
18,1,96.0,9,4,4,2,0,3,0,1
208,0,77.23,5,21,4,5,2,0,0,0
167,2,96.9,8,21,3,5,4,0,0,1
28,1,70.04,2,26,4,2,1,0,0,1
53,2,79.2,11,11,4,2,0,3,0,1
32,0,67.0,7,4,2,1,1,0,0,1
6,0,197.12,5,20,4,4,2,0,6,0
86,1,61.68,10,30,4,0,2,3,0,0
5,0,105.33,10,31,4,1,2,0,0,1
14,2,205.0,9,15,4,1,0,0,3,1
19,2,104.0,9,19,3,0,1,0,0,1
84,0,131.4,8,15,4,3,1,0,3,1
3,0,67.5,12,22,4,7,2,0,0,1
52,1,115.09,10,31,4,5,1,0,3,1
19,1,149.0,9,24,4,1,0,3,0,0
188,0,80.75,9,26,3,3,1,0,0,1
22,1,297.0,8,5,4,1,0,1,5,1
49,0,75.0,11,14,3,2,1,0,0,1
40,0,117.9,6,29,4,3,0,0,0,1
56,1,117.45,9,4,4,2,2,0,3,1
70,2,113.87,12,8,4,3,0,0,0,1
157,1,78.45,7,27,4,5,2,0,0,1
0,0,79.0,3,21,2,1,1,0,0,1
49,0,43.5,3,28,3,3,1,0,0,1
2,0,75.0,1,6,2,1,0,0,0,1
148,1,115.6,12,23,4,2,2,0,3,1
25,1,60.0,12,27,3,3,0,0,0,1
158,2,76.5,8,7,4,5,2,0,0,1
71,0,79.56,7,13,3,4,0,0,0,1
112,1,127.8,8,11,4,3,1,0,3,1
3,0,94.0,1,3,3,0,1,0,0,1
0,0,127.0,6,26,4,0,1,0,0,1
102,1,109.8,12,9,4,2,0,0,0,0
38,1,118.8,4,21,4,3,1,0,3,1
9,0,99.0,9,29,2,2,0,0,3,1
23,0,156.0,5,21,4,1,1,0,3,0
87,1,117.79,2,14,3,1,2,1,0,1
24,2,96.9,12,7,4,4,0,0,3,1
117,2,93.6,12,26,4,2,1,0,0,1
7,0,101.0,4,3,4,1,2,0,0,0
55,2,123.3,3,29,4,3,0,0,3,1
19,0,68.5,9,12,2,0,1,0,0,1
53,0,94.32,9,11,4,0,1,3,0,1
54,0,69.0,11,16,3,2,1,0,3,1
39,1,69.22,1,27,4,3,0,0,3,1
86,1,99.3,4,6,4,3,0,0,3,1
31,0,85.0,10,15,3,1,2,0,0,1
7,2,130.0,8,20,4,1,0,0,0,1
34,0,152.8,9,15,4,3,0,0,4,1
50,0,101.31,4,1,4,3,2,0,0,0
54,1,105.0,4,5,3,3,0,0,0,1
11,0,138.0,3,3,4,3,1,1,0,0
157,1,132.18,7,27,4,4,0,0,3,0
66,0,85.38,3,13,4,5,2,0,0,0
151,0,63.75,8,5,3,2,1,3,0,1
1,1,87.0,12,12,4,1,1,3,0,1
30,0,139.28,10,2,4,2,2,0,0,0
4,0,66.0,1,29,3,2,1,0,0,1
81,0,0.0,4,1,1,2,0,0,0,1
9,1,128.5,9,11,4,2,0,0,0,1
53,0,85.0,3,29,3,5,0,0,0,1
0,1,106.2,9,13,4,3,0,0,0,1
43,1,186.4,3,24,4,3,1,0,5,1
290,0,72.0,6,17,4,2,1,0,0,0
147,2,106.25,6,28,4,5,2,0,0,1
37,3,216.9,7,7,4,1,0,0,5,1
57,1,118.5,3,21,4,2,1,0,3,1
44,0,85.5,4,29,3,1,0,0,0,1
1,1,167.0,6,28,4,2,0,0,0,1
109,0,68.0,8,26,3,2,2,0,0,1
49,0,112.0,11,4,3,2,1,0,0,1
64,0,138.24,11,9,4,4,1,0,3,1
50,0,79.56,7,13,3,4,2,0,0,0
9,1,155.0,10,17,4,3,1,0,0,1
103,0,146.7,8,1,4,4,1,0,3,1
33,2,77.5,3,5,4,1,2,0,0,1
9,1,97.02,6,1,4,1,0,0,0,1
155,2,85.5,8,26,4,2,1,3,0,1
10,0,79.3,1,14,4,3,1,0,0,1
11,0,141.0,5,7,4,1,0,0,0,0
80,1,126.9,5,2,4,1,1,0,0,1
25,1,158.0,9,18,4,0,2,0,0,1
20,0,80.0,1,18,2,1,1,0,0,1
65,0,65.66,2,27,4,2,2,0,1,0
49,0,137.7,6,19,4,3,2,0,3,0
17,0,171.0,2,23,4,4,0,0,5,1
10,2,172.0,4,29,4,2,2,0,3,1
7,1,120.0,10,25,4,1,0,3,0,1
31,1,135.9,7,27,4,2,0,0,0,0
38,1,76.23,9,2,4,1,0,3,0,1
33,1,88.0,12,10,4,1,0,3,0,1
72,0,159.3,5,13,4,1,0,0,0,0
224,0,80.75,8,21,4,2,2,3,0,0
4,2,78.0,12,15,4,1,0,3,0,1
1,1,65.0,2,3,2,1,0,0,0,1
59,1,153.09,6,4,4,1,1,1,3,0
97,1,125.1,9,6,4,4,0,3,0,1
38,1,170.1,9,9,4,2,1,1,0,1
111,1,168.3,9,17,4,4,2,0,3,1
33,2,117.33,9,15,4,2,0,0,0,1
155,1,130.5,8,1,4,1,1,0,0,0
34,0,126.9,5,1,4,1,2,0,0,0
53,1,78.35,7,1,4,2,0,3,0,1
72,1,140.4,5,1,4,1,2,0,3,0
17,1,81.07,2,7,4,0,2,0,0,1
139,0,102.06,10,4,4,5,0,0,0,0
109,1,129.6,9,7,4,3,0,0,0,1
97,0,112.01,5,22,4,2,2,0,1,0
42,0,97.63,3,20,4,2,2,0,0,0
48,2,173.7,10,15,4,2,2,1,3,1
38,0,59.5,11,10,3,3,1,3,0,1
58,1,125.1,6,21,4,1,0,0,0,1
15,0,69.0,12,1,4,2,0,0,0,1
88,0,105.3,7,24,4,0,1,0,0,0
323,0,86.0,5,17,3,4,0,1,0,1
124,2,96.3,6,27,4,2,1,0,0,1
11,0,97.0,12,6,4,1,0,3,0,1
29,0,70.91,2,5,4,14,6,0,0,0
39,0,85.0,7,23,3,2,2,0,0,1
148,0,96.3,8,22,4,4,1,0,0,0
51,0,95.04,10,6,4,1,0,0,0,0
2,0,86.28,8,23,4,5,2,3,0,1
141,0,109.2,6,4,4,1,2,3,0,0
3,0,110.0,4,21,0,1,0,0,3,1
67,0,72.08,3,26,3,1,2,0,0,0
15,1,81.0,11,6,4,2,0,0,0,1
228,1,118.9,8,16,4,3,0,0,0,0
20,3,127.2,9,25,4,4,2,0,3,1
79,0,88.5,4,17,4,1,2,3,0,0
217,2,126.9,9,15,4,2,0,0,0,0
49,1,72.25,6,17,3,3,2,3,0,1
8,0,85.0,2,15,4,2,1,0,0,0
13,1,97.0,12,8,4,1,0,0,3,1
16,0,91.8,12,29,4,3,1,3,0,1
190,1,81.9,11,14,4,2,1,0,0,1
179,1,104.4,10,28,4,2,2,0,3,0
8,1,151.0,7,2,4,1,0,0,0,0
18,2,149.0,9,23,4,2,0,3,0,1
5,2,78.0,12,21,4,1,0,3,0,1
33,0,80.1,4,18,4,1,1,3,0,1
30,0,85.5,6,19,3,2,2,0,0,1
7,1,134.33,6,3,4,2,1,0,0,1
37,1,88.39,12,14,4,5,2,0,0,1
230,0,96.3,10,19,4,3,0,0,0,0
195,2,112.2,8,17,4,5,2,0,3,0
199,0,98.18,12,28,4,4,2,0,3,0
81,0,85.68,3,16,4,3,0,1,0,1
63,1,76.58,4,22,4,3,2,0,0,1
48,1,40.67,3,6,3,1,2,0,0,1
20,0,80.0,11,14,3,2,1,0,0,1
134,1,71.0,4,19,3,4,0,0,0,1
1,1,89.0,1,19,4,3,0,0,0,1
76,0,79.56,7,13,3,4,0,0,0,1
95,1,140.4,5,6,4,2,1,0,3,1
38,0,69.52,2,13,4,1,0,0,1,1
57,2,126.0,12,9,4,2,0,0,3,1
5,0,129.0,3,22,4,5,0,0,0,0
129,3,101.18,12,8,4,2,0,0,3,1
147,2,85.5,10,27,4,1,0,0,0,0
60,1,137.7,7,15,4,1,0,0,3,0
107,0,130.5,9,19,4,1,1,0,0,0
76,1,72.25,11,1,4,2,2,0,0,1
1,1,79.0,12,13,2,1,0,0,0,1
34,2,120.7,12,3,4,6,2,1,0,1
43,0,170.61,3,25,4,10,4,0,5,0
71,0,107.1,6,26,4,3,2,0,0,0
250,1,99.3,9,3,4,1,2,0,0,1
171,0,111.59,8,30,4,5,2,0,0,0
35,0,135.9,7,8,4,1,0,0,0,1
54,0,161.1,7,4,4,3,1,1,0,1
159,1,82.19,7,6,4,5,2,0,0,1
60,1,135.9,8,13,4,1,2,0,0,1
53,1,76.58,4,11,4,3,1,0,0,1
157,0,132.3,10,1,4,5,2,0,3,0
224,1,119.85,9,14,4,4,0,0,0,0
56,2,209.0,11,7,4,2,1,0,3,1
39,0,88.0,11,22,4,2,0,3,0,1
25,0,133.0,10,19,4,3,0,0,0,0
5,1,130.0,2,3,4,1,0,0,3,1
69,1,139.57,10,16,4,3,2,0,5,1
166,1,80.75,7,7,4,3,1,3,0,1
28,1,87.01,10,19,4,1,0,3,0,1
63,2,80.75,10,19,4,4,1,0,0,0
20,1,208.0,12,31,4,1,1,0,5,1
151,0,130.0,9,17,3,1,0,0,0,0
4,0,85.0,2,12,3,2,2,0,0,1
287,2,106.2,9,29,4,3,0,0,0,0
219,0,102.85,10,3,4,3,1,0,0,0
0,1,99.0,3,31,4,3,0,3,0,1
108,0,80.75,9,27,3,3,0,0,0,1
29,2,139.0,9,9,4,1,0,3,0,1
1,1,106.0,2,1,4,0,1,0,3,1
108,2,140.0,12,25,4,2,2,0,3,1
49,1,134.1,6,29,4,4,2,0,0,1
147,0,90.95,4,11,4,5,1,3,0,0
21,1,169.0,10,4,4,2,0,0,0,1
89,1,72.42,7,11,4,1,1,3,0,1
29,1,163.58,10,14,4,4,0,0,5,1
16,1,96.25,12,5,4,1,1,0,1,1
69,1,162.3,8,27,4,1,2,0,3,0
14,1,147.9,2,21,4,2,2,0,5,1
21,1,165.0,5,4,4,1,0,0,3,1
189,1,90.95,7,5,4,4,0,0,0,0
70,0,134.1,7,7,4,1,0,0,0,0
3,0,110.0,10,27,0,2,0,0,3,1
19,1,151.0,7,1,4,2,1,0,0,1
47,0,116.1,5,21,4,1,1,3,0,0
100,0,80.1,4,25,4,2,1,3,0,1
99,1,109.5,7,9,4,1,2,3,0,1
176,0,108.9,10,7,4,2,0,0,0,0
34,0,76.5,10,13,3,3,0,0,0,1
205,0,143.1,9,6,4,1,0,0,0,0
133,0,124.8,8,16,4,3,0,0,3,0
192,1,121.5,8,9,4,3,0,0,0,0
229,0,128.7,10,28,4,2,1,0,3,0
224,1,73.37,6,20,4,3,1,0,0,1
45,0,143.28,11,7,4,2,1,0,0,1
47,1,124.1,3,18,4,2,2,0,3,0
0,1,102.4,9,8,3,2,0,0,0,1
17,3,97.41,4,10,4,0,2,0,0,1
157,0,113.1,6,7,4,3,0,0,0,0
2,2,156.0,8,26,4,1,0,0,5,1
9,1,77.75,1,29,4,2,0,0,1,1
100,0,91.5,4,27,4,3,0,3,0,0
6,0,37.33,11,22,3,1,2,0,0,1
71,1,79.2,12,5,4,2,1,3,0,1
50,0,241.59,5,14,4,4,2,0,1,0
65,0,105.3,4,13,4,1,0,0,0,1
129,1,100.8,3,29,4,5,0,1,0,1
85,2,85.0,10,6,3,3,1,0,0,1
3,0,0.0,6,27,1,0,1,0,0,1
0,1,78.42,3,25,4,2,2,0,5,1
0,0,55.0,3,15,3,4,0,0,3,1
5,0,101.0,4,5,0,3,0,0,0,1
77,1,90.9,4,14,4,1,0,0,0,0
8,0,103.69,8,16,4,3,0,3,0,0
91,3,89.25,10,19,4,2,1,0,0,1
17,1,90.0,8,27,4,3,2,0,0,1
71,1,90.95,3,18,4,2,2,0,0,1
121,4,0.0,8,31,1,1,0,0,6,1
88,1,165.75,11,6,4,2,2,0,0,0
7,1,86.0,2,4,4,1,0,0,0,1
16,0,156.92,11,7,4,5,1,0,0,0
1,0,105.0,8,10,4,0,1,0,0,1
230,4,96.3,10,16,4,1,2,0,0,1
7,0,87.0,2,28,3,2,2,0,0,1
97,2,81.25,7,8,3,2,0,0,0,1
52,1,96.9,12,9,4,2,2,0,3,1
86,0,139.6,7,9,3,4,2,1,3,1
7,0,88.0,3,21,0,0,1,0,0,1
0,2,155.0,10,19,4,0,1,0,3,1
39,1,74.88,10,23,4,2,1,0,0,1
74,3,88.4,12,5,4,4,1,0,0,1
12,1,90.07,11,10,4,3,2,0,0,1
265,1,109.0,6,24,4,2,0,1,0,0
62,0,140.4,5,7,4,1,0,0,3,0
271,0,95.2,10,22,4,2,2,0,0,0
30,1,144.8,10,4,4,4,0,0,3,1
28,1,74.8,12,15,4,3,2,3,0,1
179,2,126.9,9,24,4,1,2,0,0,0
14,2,74.61,9,2,4,5,2,0,3,1
28,2,157.0,5,29,4,0,1,0,3,1
32,1,109.0,10,27,4,3,0,3,0,1
38,0,75.3,2,22,4,2,1,0,0,0
43,1,73.1,3,10,4,3,0,3,0,1
4,1,65.46,11,13,4,0,1,3,0,1
72,0,78.15,3,19,4,1,0,0,1,0
72,1,68.4,3,14,4,3,1,3,0,0
30,1,122.85,8,29,4,1,1,0,0,1
14,1,91.0,2,7,4,2,2,0,0,0
26,1,67.76,12,21,4,1,0,3,0,1
111,1,139.5,7,23,4,3,2,1,0,1
107,0,79.2,11,25,4,1,0,3,0,0
246,2,93.36,12,27,4,5,2,0,0,1
8,1,116.78,8,17,4,3,0,0,3,1
21,1,86.0,3,5,4,1,1,3,0,1
55,2,80.24,12,24,4,3,2,3,0,1
99,2,137.7,5,1,4,1,2,0,0,1
181,0,250.0,10,11,3,2,0,0,0,0
45,0,71.1,3,11,4,2,0,3,0,0
100,0,100.63,11,13,4,2,2,0,3,0
0,0,79.0,2,12,4,2,0,3,0,1
44,1,104.48,10,3,4,3,1,0,3,1
200,3,76.5,8,22,4,1,0,0,0,1
133,0,106.0,6,13,3,4,1,1,0,1
1,1,146.7,7,10,4,0,1,0,3,1
41,0,139.95,9,4,3,2,2,0,4,1
51,0,125.1,8,18,4,2,0,3,0,0
7,1,114.0,10,22,4,1,0,3,0,1
27,0,95.0,5,9,3,2,1,0,0,1
70,0,186.3,4,20,4,1,0,0,5,0
9,0,104.0,6,19,3,3,2,0,0,1
9,0,129.33,4,6,4,3,0,0,3,1
2,0,118.76,5,31,4,4,0,0,0,1
67,0,75.0,11,25,3,2,2,0,0,1
9,0,141.0,3,22,4,3,0,0,0,1
63,1,115.5,12,30,4,4,0,0,3,1
63,2,88.4,12,18,4,5,4,0,0,1
55,0,106.0,12,28,4,1,1,0,0,1
91,0,70.14,10,2,4,2,2,0,0,1
64,1,0.0,10,15,1,1,0,0,0,1
38,0,131.4,3,18,4,2,1,0,3,0
116,0,108.9,5,7,4,1,0,0,0,0
63,1,74.8,11,17,4,3,1,3,0,0
62,0,72.75,3,7,4,4,1,3,0,0
7,1,82.66,6,26,4,0,2,3,0,1
4,1,146.0,3,24,4,2,0,0,0,1
18,1,139.0,6,30,4,3,2,3,0,1
86,1,102.1,5,11,4,5,2,0,3,1
38,1,126.9,5,23,4,2,1,0,0,0
10,0,83.58,12,26,4,1,2,0,1,1
1,0,89.0,5,24,2,1,0,0,0,1
23,0,65.0,11,5,2,1,0,0,0,1
66,1,108.0,10,16,4,2,2,3,0,0
229,0,116.95,7,4,4,3,1,0,3,0
20,1,117.55,7,30,4,1,2,0,3,1
74,0,75.0,4,17,3,2,2,0,0,1
16,0,102.33,6,12,4,1,2,3,0,1
12,1,163.67,4,1,4,2,1,0,3,1
33,0,74.25,12,10,4,3,1,3,0,1
265,0,87.0,6,24,3,2,0,1,0,1
5,0,115.8,10,18,3,3,2,0,0,1
13,0,120.0,4,2,4,2,2,0,0,0
6,1,67.0,7,6,2,2,0,0,0,1
88,0,98.18,4,26,4,4,0,0,0,0
3,1,104.0,4,8,4,2,0,3,0,1
79,0,126.9,5,2,4,2,1,0,0,1
6,1,196.0,4,23,4,1,1,0,5,1
20,0,76.0,1,10,2,0,1,0,0,1
192,0,94.5,8,3,4,2,0,3,0,0
0,0,66.13,10,15,4,1,1,3,0,1
89,1,68.0,7,6,4,4,1,0,0,0
158,0,89.25,7,24,4,2,2,3,0,0
36,1,88.63,1,27,4,3,0,0,3,1
5,1,107.5,12,10,4,1,1,0,0,1
204,0,137.0,10,18,4,2,2,0,3,0
21,2,89.0,9,12,4,0,1,3,0,1
27,0,65.0,11,22,2,1,2,0,0,1
1,1,116.0,4,8,4,2,2,0,0,1
0,0,138.0,8,12,4,3,0,0,0,1
1,1,106.0,2,5,4,4,2,0,3,1
77,2,108.65,8,23,4,5,0,1,0,1
20,0,79.0,2,12,4,2,0,3,0,0
179,0,179.92,8,15,4,5,1,1,3,0
246,1,96.73,7,20,3,3,0,0,0,0
35,0,85.0,10,19,3,3,0,0,0,1
4,1,98.0,3,28,4,0,1,3,0,1
12,1,12.0,8,25,4,2,0,0,0,1
32,1,65.0,7,4,2,1,1,0,0,1
176,2,137.7,8,9,4,3,0,0,3,0
116,0,105.3,4,15,4,2,0,0,3,0
39,2,94.5,10,18,4,2,2,0,0,1
24,0,161.5,11,1,4,4,0,0,5,0
31,1,89.3,2,5,4,1,0,0,0,1
52,0,75.0,9,16,3,2,0,0,0,1
2,0,114.0,10,4,4,1,2,0,0,1
20,0,75.0,6,29,2,1,0,0,0,1
0,2,121.0,7,29,4,1,0,0,0,1
48,1,126.0,9,4,4,0,2,0,1,1
42,1,127.5,10,31,4,1,1,0,0,1
83,1,118.8,7,15,4,2,1,0,3,0
66,1,69.3,7,18,4,0,1,3,0,1
59,0,76.5,7,12,4,4,2,0,0,0
20,0,85.0,3,6,4,1,2,0,0,0
41,0,75.0,11,2,3,3,0,0,0,1
110,2,138.55,7,7,4,3,1,0,3,1
9,1,151.67,8,26,4,2,1,0,3,0
145,0,99.45,5,3,4,4,0,0,0,1
217,1,80.75,9,1,3,3,1,0,0,1
108,0,82.4,4,18,4,4,1,0,0,0
24,0,159.0,3,24,4,1,0,0,0,0
11,1,91.0,2,13,4,1,1,0,0,1
64,0,136.8,9,6,4,5,1,0,3,0
74,0,99.45,4,13,4,4,0,0,0,1
53,0,116.1,5,6,4,2,0,3,0,0
49,0,159.3,7,20,4,2,0,0,3,0
45,0,88.4,11,28,4,3,1,0,0,1
22,1,90.95,11,17,4,3,0,0,0,1
54,1,111.11,6,10,4,2,1,0,3,1
44,1,113.7,10,20,4,3,0,3,0,1
94,1,90.95,4,12,4,4,0,0,0,1
170,2,148.0,8,6,4,5,2,0,0,0
79,2,126.0,12,9,4,2,1,0,3,1
2,2,185.0,8,11,4,1,0,0,3,1
247,1,67.26,12,24,4,3,2,0,1,1
66,1,213.1,10,23,4,2,2,0,6,1
276,3,60.29,11,13,4,1,2,0,0,1
2,1,101.0,4,17,4,0,2,0,0,1
1,1,82.0,3,15,3,3,0,0,0,1
84,3,149.4,9,27,4,3,0,0,3,1
130,0,71.0,4,15,3,2,1,0,0,1
4,1,146.0,6,7,4,4,0,0,3,1
99,0,90.63,4,5,4,3,0,0,0,1
22,0,129.0,6,22,4,1,0,3,0,0
40,0,85.0,3,13,3,1,2,0,0,1
166,0,130.0,11,1,3,3,0,0,4,0
44,2,168.3,8,14,4,2,2,0,3,1
0,1,135.0,3,26,4,1,0,3,0,1
196,1,93.6,10,1,4,1,0,3,0,0
3,0,65.0,10,12,2,0,1,0,0,1
87,1,94.5,7,14,4,3,1,3,0,1
5,0,135.5,9,19,4,1,1,0,0,1
1,0,99.3,8,26,3,3,0,0,0,1
0,0,131.0,9,30,2,2,1,0,0,1
39,1,115.6,12,28,4,4,0,0,0,1
61,0,99.9,7,23,4,1,1,0,0,0
7,0,79.0,12,13,2,1,0,0,0,1
27,1,139.0,10,5,4,2,0,0,0,1
0,0,145.67,7,6,4,3,0,3,0,1
23,2,100.1,9,11,4,0,2,0,0,1
63,0,89.25,10,14,4,2,0,0,0,0
9,0,96.0,12,9,4,3,0,0,0,1
4,1,101.0,4,21,4,1,0,0,0,1
17,1,88.0,3,9,4,2,0,3,0,1
4,0,65.0,10,12,2,0,1,0,0,1
33,1,64.46,3,5,4,6,4,0,0,1
63,1,94.5,7,25,4,3,1,3,0,1
35,1,83.9,3,3,4,3,2,0,0,1
11,1,85.0,11,17,4,1,0,3,0,1
83,0,104.4,10,25,4,3,0,0,3,1
89,0,85.0,9,4,3,4,2,0,0,1
184,3,130.05,8,3,4,5,2,0,3,1
19,2,102.79,12,6,4,4,0,0,0,1
4,2,169.0,9,4,4,3,2,0,0,1
5,0,101.0,3,23,4,1,0,0,0,0
139,2,99.45,5,5,4,3,1,0,0,1
32,1,214.75,8,17,4,2,0,0,6,1
62,2,207.9,9,15,4,3,0,0,5,1
3,1,166.0,8,5,4,2,2,0,3,1
1,1,80.0,1,29,4,2,0,3,0,1
66,0,122.72,6,26,4,3,2,0,3,1
5,0,96.0,9,1,4,3,0,3,0,1
97,1,140.5,11,11,4,2,0,0,0,1
61,1,68.0,11,19,3,3,2,0,0,1
129,2,151.84,8,3,4,5,2,0,3,1
42,1,126.0,3,5,4,1,2,1,3,1
2,1,165.0,9,19,3,1,2,0,3,1
1,2,168.0,6,18,4,1,0,0,0,1
83,0,61.41,3,20,4,4,2,0,0,1
24,0,107.0,9,19,3,2,1,0,3,1
160,2,113.4,10,30,4,0,2,0,3,0
36,1,61.75,2,12,4,2,1,0,3,1
95,2,76.5,12,18,4,3,2,0,0,1
11,0,70.0,3,7,3,3,1,0,0,1
0,0,81.0,1,3,4,0,1,0,0,1
35,0,98.1,5,22,4,2,2,3,0,0
30,1,109.1,9,25,4,0,2,0,0,1
53,0,85.5,9,17,3,1,2,0,0,1
40,1,87.3,9,6,4,2,0,3,0,1
75,0,80.75,6,8,3,4,2,0,0,1
2,1,67.0,5,4,2,1,0,0,0,1
13,0,71.0,1,20,3,1,0,0,0,1
149,1,99.45,7,12,4,5,0,0,0,1
10,1,140.8,8,27,4,3,2,0,0,1
6,0,77.0,12,3,3,2,0,0,0,1
17,0,46.4,2,27,3,3,2,0,0,1
4,1,65.0,9,19,2,2,1,0,0,1
24,0,0.0,5,8,1,2,2,0,0,1
121,0,114.3,5,16,4,2,1,0,3,1
18,0,85.0,10,2,3,1,2,0,0,1
116,0,104.5,5,18,4,1,0,0,0,0
87,1,85.0,9,2,3,7,2,0,0,1
2,0,119.0,4,12,4,1,0,3,0,1
39,1,74.88,12,18,4,0,1,0,0,1
336,0,39.0,9,21,3,4,1,0,0,1
0,1,85.0,9,4,3,4,2,0,0,1
143,0,106.03,7,13,4,1,0,0,0,1
77,0,140.4,5,17,4,3,0,0,3,0
50,0,112.5,4,8,4,2,0,0,0,0
26,0,65.0,7,11,2,0,1,0,0,1
145,0,99.9,8,23,4,5,0,0,0,0
4,0,160.0,9,25,4,0,2,3,0,1
278,0,94.95,7,16,4,1,2,0,1,0
154,0,109.8,8,24,4,2,0,0,0,0
14,1,94.5,9,2,4,1,0,0,0,1
46,2,107.55,10,19,4,2,0,3,0,1
2,1,89.0,4,13,2,2,0,0,0,1
8,1,115.6,11,2,4,4,1,0,0,1
18,1,97.0,8,31,3,2,0,0,3,1
48,2,121.8,4,25,4,2,1,0,0,1
27,3,101.43,11,11,4,4,2,0,3,1
49,4,139.5,10,12,4,2,0,0,3,1
101,0,105.3,7,13,4,3,0,0,0,0
127,0,105.3,5,6,4,2,0,0,0,0
7,1,92.0,2,27,4,1,0,0,0,1
3,2,253.67,3,30,4,3,0,1,5,1
122,2,150.45,6,13,4,4,1,0,3,1
31,1,75.0,10,25,3,1,2,0,3,1
14,1,100.0,11,2,4,1,0,3,0,1
7,0,95.0,4,4,4,0,1,0,0,1
15,2,135.0,3,4,4,2,0,0,3,1
56,0,60.0,11,6,3,2,2,0,3,1
54,2,159.3,7,3,4,0,1,0,3,1
1,0,65.0,12,27,2,1,2,0,0,1
0,0,181.0,11,23,4,1,0,0,5,0
0,1,104.72,10,15,4,1,0,0,3,1
29,0,139.6,5,20,4,2,1,0,3,0
30,0,89.1,9,25,4,0,2,3,0,0
30,0,81.9,2,13,4,1,0,0,0,0
133,0,100.8,8,23,4,4,0,0,0,0
21,1,125.0,8,28,4,1,2,0,0,1
171,2,128.7,8,26,4,1,0,0,3,0
90,1,72.58,3,24,3,3,0,0,0,1
22,1,114.5,9,16,4,4,0,0,0,1
1,1,79.0,1,29,4,1,0,3,0,1
73,0,88.0,11,26,4,1,0,3,0,0
244,1,78.54,9,16,4,5,2,3,0,1
84,0,116.1,6,10,4,2,0,3,0,0
12,0,65.0,6,14,2,2,0,0,0,1
4,2,168.0,8,8,4,1,1,3,0,1
38,2,87.0,12,13,4,1,2,0,0,1
93,1,99.45,4,17,4,3,2,0,3,1
8,1,103.0,3,11,4,2,1,0,1,1
2,1,136.0,6,11,4,1,0,0,3,1
63,0,118.43,9,24,3,4,2,0,0,1
68,0,60.0,11,29,3,2,2,0,3,1
163,0,84.15,8,23,4,5,0,3,0,0
111,1,55.96,7,22,4,2,0,0,0,1
177,1,99.45,8,2,4,5,2,0,0,1
29,1,79.75,1,31,4,4,2,0,0,1
23,2,148.0,12,30,4,2,0,0,3,1
6,0,77.25,12,20,4,0,1,0,1,1
186,1,106.25,8,26,4,2,2,0,0,0
130,1,113.05,5,12,4,3,1,0,3,0
19,0,66.0,2,21,3,1,2,0,0,1
98,0,141.75,7,11,4,3,1,1,0,1
11,2,225.0,4,30,4,1,1,0,5,1
0,0,105.0,1,1,4,1,0,0,0,1
44,3,113.8,10,31,4,1,0,0,0,1
11,2,89.89,11,27,4,2,2,0,0,1
181,1,120.0,10,11,4,2,0,0,0,0
9,0,144.33,3,26,4,1,2,0,0,0
4,1,104.0,4,16,4,1,1,3,0,1
87,2,185.85,6,2,4,3,0,1,0,1
119,1,88.73,8,13,4,2,2,0,0,1
72,2,175.5,11,9,4,2,0,0,0,1
94,0,80.75,5,2,3,3,1,0,0,1
11,0,119.0,9,5,4,2,1,3,0,0
79,1,87.3,3,28,4,2,1,0,0,1
16,1,127.0,3,19,4,1,0,0,0,1
3,0,67.0,7,21,2,1,0,0,0,1
308,2,78.3,11,23,4,3,0,0,0,0
206,1,168.3,8,5,4,1,0,0,5,0
103,1,61.5,3,3,3,3,0,0,0,1
18,0,92.76,4,10,4,1,2,0,0,1
98,0,146.7,6,29,4,4,0,0,3,0
136,0,117.36,8,23,4,8,2,0,0,0
17,1,107.7,2,19,4,7,3,0,3,0
1,1,104.72,7,5,4,1,0,0,0,1
4,0,119.0,3,21,4,1,1,0,0,0
319,0,63.75,11,29,4,4,0,3,0,0
11,1,148.0,12,29,4,3,0,0,3,1
2,2,209.5,9,30,4,2,0,0,3,1
157,1,123.3,7,7,4,3,0,0,0,0
155,1,96.3,6,27,4,1,1,0,0,1
7,1,0.0,7,19,1,7,2,0,0,1
0,0,131.0,9,29,2,3,1,0,0,0
120,0,152.1,9,26,4,1,1,0,0,0
8,1,72.38,12,6,4,1,0,0,0,1
31,0,162.35,6,20,4,1,1,0,5,0
3,0,117.33,8,17,4,2,1,0,0,1
17,0,75.0,3,9,2,2,0,0,3,1
3,0,81.0,2,25,3,3,0,0,0,1
75,0,106.08,11,5,4,5,2,0,0,1
145,1,116.45,7,30,4,2,2,0,3,1
94,0,152.1,8,14,4,2,2,1,0,0
12,1,72.07,2,23,4,3,0,0,0,1
90,0,46.66,7,20,4,1,1,3,0,1
2,1,67.0,5,4,2,1,0,0,0,1
4,1,72.0,3,23,3,1,0,0,0,1
57,1,136.8,11,17,4,2,0,1,3,0
149,1,120.0,6,10,4,2,1,0,0,1
11,1,95.48,3,16,4,3,0,0,3,1
100,1,86.09,4,8,4,5,2,0,0,1
2,0,134.0,10,19,4,4,0,3,0,1
67,1,116.1,6,9,4,3,0,3,0,1
116,0,57.0,3,5,3,5,2,0,0,1
10,2,171.33,9,18,4,1,2,0,0,1
1,1,105.0,8,11,4,1,0,0,0,1
81,0,135.15,5,15,4,3,2,0,0,0
21,0,65.55,9,10,3,3,1,0,0,0
46,0,79.2,12,25,4,1,2,3,0,1
24,1,109.33,2,26,4,2,1,0,3,0
247,1,70.03,10,28,4,2,2,0,0,0
56,0,116.1,5,13,4,2,0,3,0,0
8,2,90.0,8,13,4,3,0,0,0,1
102,0,63.75,8,6,3,1,1,3,0,1
177,0,82.88,8,24,4,4,0,3,0,0
107,0,58.0,3,17,3,3,0,0,0,1
85,0,75.0,12,8,3,3,0,0,0,1
64,0,153.0,10,17,4,3,1,1,0,0
24,1,0.0,11,18,1,2,0,0,0,1
91,0,110.0,9,30,3,2,1,0,0,1
168,2,126.41,7,17,4,5,2,0,3,0
37,0,116.1,6,16,4,1,0,3,0,0
125,1,110.93,8,3,4,6,2,0,0,1
16,0,75.99,12,7,4,8,2,3,0,1
4,0,108.0,2,26,4,2,1,0,3,1
85,1,116.1,6,21,4,2,0,3,0,1
29,0,90.95,4,14,3,3,0,0,3,1
40,0,71.64,10,25,4,1,2,0,0,1
46,0,75.0,11,4,3,2,0,0,0,1
26,1,160.0,10,2,4,0,2,0,0,1
17,1,89.71,10,2,4,2,0,0,0,1
7,0,120.0,12,30,4,2,1,3,0,1
10,1,87.78,10,4,4,0,1,3,0,1
7,2,133.83,4,9,4,1,2,0,0,1
8,0,154.33,7,15,4,2,1,0,0,1
0,0,92.98,8,25,4,1,0,3,0,1
49,0,161.1,11,7,4,2,1,3,0,0
7,0,79.2,11,12,4,1,1,3,0,1
75,0,72.0,3,17,4,2,0,3,0,0
42,2,78.3,11,23,4,3,0,0,0,1
125,0,90.0,12,2,4,1,0,0,0,1
1,0,0.0,5,5,1,1,0,0,3,1
209,1,66.53,7,2,4,4,2,0,0,1
33,1,89.1,8,30,4,2,0,3,0,0
2,1,89.0,5,9,4,0,1,3,0,1
177,2,76.5,8,19,4,4,0,0,0,1
83,0,74.1,6,27,4,2,1,3,0,1
2,2,127.0,4,20,4,2,0,0,0,1
14,0,89.0,4,17,4,1,2,3,0,0
77,2,89.25,10,14,4,4,1,0,0,1
113,1,82.0,3,22,3,3,0,0,0,1
76,1,58.76,10,22,4,3,1,3,0,1
17,0,79.0,3,9,4,2,0,3,0,1
79,0,87.3,3,4,4,2,0,0,3,0
57,0,123.55,8,29,4,8,3,0,3,0
122,2,72.26,8,21,3,5,3,0,0,1
12,0,85.0,11,1,4,4,0,0,0,0
36,1,67.5,8,28,3,1,2,0,0,1
65,0,98.1,9,6,4,1,0,0,0,1
18,2,151.0,8,6,4,2,2,0,0,1
116,0,86.36,8,6,3,1,2,0,0,0
2,1,146.0,4,27,4,2,0,0,3,1
1,2,153.0,8,9,4,0,1,0,5,1
0,0,133.0,9,4,4,2,0,0,0,0
58,2,180.9,6,27,4,1,1,0,5,1
7,0,104.0,6,1,2,2,0,0,0,1
0,0,89.0,4,3,4,0,1,3,0,1
9,1,97.02,5,29,4,0,2,0,0,1
65,0,105.0,11,23,3,4,0,1,0,1
43,1,149.4,5,9,4,2,1,0,3,1
69,2,123.3,7,17,4,0,1,0,0,1
82,1,72.25,11,2,4,3,1,0,0,0
0,1,95.67,11,20,2,5,2,0,0,1
4,1,137.0,5,11,4,1,0,0,0,1
54,0,67.32,3,16,3,4,0,0,0,1
0,1,89.0,4,15,4,2,0,3,0,1
0,0,84.0,11,12,2,1,0,0,0,1
48,1,138.5,3,21,4,3,1,0,0,0
0,2,0.0,7,29,1,1,0,0,4,1
95,0,60.0,12,29,3,3,0,0,3,1
39,0,85.0,10,24,3,3,1,0,0,1
29,3,186.2,10,5,4,2,0,0,3,1
33,0,150.57,8,13,3,2,2,0,4,1
103,1,83.66,3,21,4,5,2,0,0,0
58,1,76.92,6,5,4,0,1,0,0,1
51,1,151.2,10,2,4,0,2,0,3,1
5,0,80.0,10,19,3,2,1,0,0,1
46,1,77.35,3,11,4,4,2,0,0,1
167,0,62.18,6,28,4,4,0,3,0,0
1,1,109.25,8,27,4,2,2,3,0,1
32,0,104.0,12,3,4,2,2,0,0,0
0,0,66.4,5,9,3,0,1,3,0,1
43,0,69.53,2,5,4,2,1,0,1,0
0,1,195.0,9,8,4,4,0,0,5,1
36,0,209.7,6,11,4,1,2,0,5,0
76,0,126.9,5,17,4,3,0,0,0,1
96,0,123.5,9,28,3,1,1,1,4,0
190,0,83.79,6,9,4,8,2,0,0,0
242,0,150.45,10,7,4,3,2,0,3,0
58,1,92.75,10,10,4,1,2,0,0,1
19,0,156.0,4,30,4,1,0,0,3,0
72,1,95.2,4,23,4,2,2,0,0,1
45,0,63.75,3,7,4,3,1,3,0,0
60,0,121.98,12,2,4,2,2,0,3,0
291,2,80.75,12,28,4,4,2,0,0,1
2,1,122.0,6,26,4,0,2,3,0,1
38,0,149.68,5,6,4,3,2,1,0,0
12,1,99.0,10,30,4,3,2,3,0,0
59,1,89.1,6,20,4,1,1,3,0,1
57,0,109.65,5,13,4,3,2,3,0,0
18,2,111.75,10,2,4,2,2,0,0,1
6,1,159.0,9,15,4,2,0,0,0,0
56,0,0.0,5,3,1,1,0,0,3,1
11,1,66.99,12,13,4,0,2,0,0,1
41,2,103.5,10,19,4,2,1,0,0,1
302,1,65.6,8,2,4,8,2,0,1,1
95,0,159.3,5,21,4,1,0,0,3,0
33,1,88.0,11,9,2,1,0,0,0,1
36,1,100.0,10,28,3,2,1,0,0,1
8,1,87.78,9,8,4,3,0,0,3,1
124,0,198.9,5,31,4,3,0,0,5,0
55,2,139.5,10,13,4,3,2,0,3,1
1,1,115.0,4,9,4,1,2,0,0,1
122,0,68.0,12,8,4,3,0,0,0,1
162,0,60.0,9,17,3,3,0,0,0,0
2,0,167.0,5,6,4,1,0,0,3,1
48,1,88.5,4,17,4,1,2,3,0,1
19,2,174.0,9,15,4,2,0,0,3,1
19,2,124.0,9,19,4,1,0,0,0,1
135,3,76.5,8,1,4,3,2,0,0,1
91,0,198.9,5,13,4,2,1,0,5,0
82,1,99.45,4,9,4,4,2,0,3,1
17,0,63.37,1,13,4,4,0,0,0,1
48,0,67.5,3,5,4,1,2,3,0,0
89,1,127.8,7,14,4,2,0,0,3,0
17,0,81.0,1,23,4,1,2,0,0,1
14,2,119.0,4,21,4,2,0,3,0,1
35,0,63.75,12,19,3,3,1,0,0,1
0,1,129.0,6,3,4,1,0,3,0,1
23,0,140.0,10,29,4,1,2,0,0,0
53,1,60.0,1,24,3,1,2,0,0,1
18,0,76.29,12,2,4,2,2,3,0,1
43,2,139.5,10,12,4,2,0,0,3,1
58,0,118.8,4,22,4,2,1,0,3,0
3,0,0.0,4,9,1,1,0,1,0,1
62,1,109.8,9,3,4,1,0,0,0,1
113,0,121.5,8,1,4,1,1,0,0,0
143,0,99.79,5,29,4,3,2,0,0,1
242,1,58.36,12,27,4,5,2,0,0,0
7,2,153.5,9,15,4,2,0,3,0,1
28,1,73.39,2,5,4,2,2,0,1,1
14,0,76.0,11,25,2,1,0,0,0,1
215,1,96.3,8,8,4,2,1,0,0,0
20,0,79.0,1,4,2,2,1,0,0,1
189,4,96.3,10,28,4,2,1,0,0,1
51,0,71.22,3,13,4,7,4,0,3,1
41,2,137.7,7,17,4,1,2,0,0,1
11,1,231.0,7,15,4,1,0,0,5,1
72,2,127.65,10,20,4,4,2,0,3,1
224,1,97.18,9,3,4,4,2,0,0,0
6,0,66.0,2,4,3,3,0,0,0,1
36,0,135.9,7,11,4,1,1,0,0,1
5,1,95.0,4,18,4,1,1,0,0,1
0,0,159.0,5,24,2,1,0,0,4,1
201,2,119.85,9,8,4,3,1,0,0,0
133,0,115.6,11,27,4,3,2,0,3,0
28,3,105.9,11,28,4,5,1,0,0,1
83,0,162.3,8,21,4,1,2,0,3,1
1,0,80.27,12,4,3,2,1,0,0,1
48,0,130.05,4,11,4,3,1,0,3,0
1,0,103.0,3,8,4,2,0,0,0,1
32,0,81.9,3,13,4,2,2,0,0,1
238,0,86.75,8,5,4,2,0,0,1,0
0,0,208.0,7,13,4,1,0,0,3,0
89,1,63.75,11,17,4,3,0,0,0,0
21,2,114.0,5,9,4,3,1,3,0,1
69,0,68.0,11,13,3,1,2,0,0,1
281,2,79.62,12,26,4,5,1,0,0,0
152,1,80.75,7,1,4,2,2,3,0,1
21,2,89.14,12,1,4,6,2,0,0,1
14,2,156.0,8,22,4,1,1,0,3,1
255,0,122.83,9,20,4,4,0,0,3,0
119,0,72.25,8,13,3,6,2,0,0,1
71,1,86.25,6,28,4,3,0,0,0,1
199,1,74.8,12,23,4,2,2,3,0,0
23,2,124.0,9,20,4,2,2,0,0,1
64,2,105.61,12,26,4,3,1,0,3,1
43,1,148.13,3,25,4,2,2,1,0,0
97,2,68.79,10,19,4,2,1,0,1,1
145,2,190.8,8,17,4,2,0,0,5,1
17,1,95.0,10,9,3,3,2,0,0,1
3,1,146.0,8,14,4,2,2,0,0,1
118,1,90.95,4,10,4,3,2,0,0,1
33,1,97.4,11,13,4,2,2,0,0,1
183,1,102.1,9,21,4,4,0,0,3,0
10,1,129.0,10,19,4,0,1,0,0,1
89,0,186.3,7,21,4,2,0,0,5,0
104,0,65.0,12,3,3,3,0,0,0,1
11,2,90.0,8,17,4,4,1,0,0,0
80,0,96.9,6,27,3,3,1,0,0,1
3,0,124.0,6,27,3,1,1,3,0,1
47,1,126.9,6,2,4,1,0,0,0,1
32,1,72.42,9,2,4,1,0,3,0,1
130,2,153.3,10,31,4,2,1,0,5,1
30,0,88.9,3,4,4,2,0,0,0,1
6,3,111.67,10,16,4,1,2,3,0,1
53,0,123.3,4,2,4,1,0,0,3,0
23,0,102.0,1,2,3,1,2,1,0,1
1,0,78.52,1,23,4,1,2,0,1,1
145,1,76.5,8,15,4,2,2,0,0,1
5,2,190.0,12,8,4,2,0,0,5,1
62,0,96.23,9,4,4,2,2,0,1,0
176,1,112.2,8,8,4,5,2,0,3,0
0,0,89.89,12,10,4,2,2,0,0,1
26,0,111.35,6,14,4,3,0,0,0,0
1,0,65.0,3,1,2,1,0,0,0,1
83,0,132.3,10,10,4,3,1,0,3,0
276,0,58.17,9,22,3,3,0,0,0,1
18,0,68.07,12,18,4,2,2,0,0,1
51,0,65.0,5,22,2,0,1,0,0,1
3,4,111.0,11,18,4,2,0,0,0,1
5,0,65.0,9,28,2,0,1,0,0,1
14,0,132.0,4,4,4,10,4,0,3,0
22,2,96.9,11,17,4,3,1,0,3,1
204,0,128.7,8,29,4,2,1,0,3,0
34,1,95.17,9,26,4,3,1,0,3,1
55,0,56.0,2,24,3,2,0,0,0,1
12,2,129.0,10,29,4,1,2,3,0,1
21,1,88.0,11,24,4,1,0,3,0,1
8,1,135.0,10,20,4,2,0,0,0,1
13,0,82.0,1,11,3,2,1,0,0,1
6,0,95.0,4,7,0,1,0,0,0,1
2,1,179.0,8,9,4,2,0,0,0,1
215,1,94.35,12,30,4,2,2,0,0,0
3,1,120.0,10,1,4,1,0,0,0,1
0,1,65.0,2,22,2,1,1,0,0,1
35,0,108.9,5,22,4,2,2,0,0,1
187,1,122.4,10,1,4,2,2,0,3,0
47,1,198.68,10,25,3,4,2,1,5,1
0,2,98.0,12,21,4,1,0,0,0,1
17,1,125.8,12,29,4,3,1,0,3,1
7,1,90.0,8,12,4,4,1,0,0,0
12,2,124.0,9,5,4,1,0,0,0,1
49,0,60.0,1,22,3,2,1,0,0,1
31,1,125.1,9,16,4,1,0,3,0,1
259,3,80.26,12,28,4,5,2,0,0,1
1,0,80.0,8,8,4,1,0,0,0,1
28,1,149.4,8,24,4,2,0,0,3,0
22,0,137.0,3,31,4,3,2,0,0,0
0,0,0.0,9,8,1,1,0,0,0,1
5,1,184.0,9,13,4,3,0,0,3,1
125,0,126.51,7,31,4,5,2,0,3,1
33,1,79.35,10,1,4,2,0,0,0,1
66,3,81.9,11,17,4,4,0,0,3,1
48,1,118.8,4,10,4,0,2,0,3,1
3,0,110.0,9,19,0,2,1,0,3,1
2,0,65.0,3,2,2,1,0,0,0,1
66,3,93.6,11,3,4,3,0,0,0,1
25,1,79.9,12,13,4,4,0,0,0,1
106,1,84.58,7,13,3,4,0,0,0,1
11,1,89.0,1,15,4,2,0,0,0,1
180,0,96.3,8,28,4,0,2,0,0,0
1,0,110.0,9,21,2,1,0,0,3,1
13,3,51.05,12,13,4,4,0,0,0,1
150,1,45.0,6,16,3,3,0,1,0,1
63,2,121.5,7,24,4,1,2,0,0,1
117,1,90.4,12,20,4,7,2,0,0,1
64,1,105.3,4,11,4,2,1,0,0,1
90,1,102.25,7,13,3,3,0,1,0,1
8,2,128.0,3,30,4,1,0,0,0,1
304,1,65.6,8,20,4,3,2,0,1,1
161,1,96.9,7,15,3,2,1,0,0,1
26,2,122.0,9,4,4,0,1,0,0,1
200,1,187.5,8,24,4,4,0,1,3,0
21,0,127.0,3,12,4,1,0,0,0,1
1,1,0.0,9,1,1,1,0,0,0,1
9,0,61.5,1,16,4,6,2,0,3,1
10,1,151.0,6,30,4,3,1,0,0,1
117,1,85.0,12,13,4,5,0,0,0,0
95,0,68.0,10,30,3,4,2,0,0,1
46,1,134.78,10,17,4,3,1,0,0,1
3,0,81.0,2,14,4,0,2,3,0,1
192,0,130.05,8,4,4,3,1,0,0,0
151,0,103.09,7,9,4,5,2,0,0,0
234,1,106.2,9,5,4,2,1,0,0,0
60,0,111.6,8,28,4,2,2,0,3,1
43,0,74.88,12,27,4,1,0,0,0,1
117,0,66.14,3,2,4,1,0,0,0,1
18,0,97.0,3,18,4,2,1,3,0,0
22,0,62.0,11,17,2,1,0,0,0,0
243,0,65.29,9,1,4,3,0,0,0,0
256,2,133.11,10,14,4,3,2,0,3,0
57,3,112.8,12,27,4,3,0,0,0,1
320,1,94.95,8,20,4,1,2,0,1,1
190,1,99.95,7,24,4,2,2,0,0,1
42,1,164.33,10,20,4,3,0,0,0,0
0,0,65.0,12,21,2,0,1,0,0,1
3,1,37.5,12,21,3,1,1,0,1,1
107,1,63.75,8,9,3,4,2,0,0,0
141,1,195.25,7,10,4,2,2,1,0,1
53,0,127.6,5,16,4,1,1,0,1,1
44,1,119.38,4,26,4,4,0,0,3,1
8,1,58.0,12,15,3,3,0,0,0,1
10,3,89.89,11,27,4,2,2,0,0,1
9,0,54.74,3,11,3,2,2,0,0,1
8,1,126.67,10,29,4,1,2,3,0,0
142,0,130.05,7,12,4,5,0,0,3,0
16,1,103.0,3,18,4,1,0,0,0,1
51,0,159.3,5,17,4,3,0,0,3,0
17,0,92.53,3,1,4,4,0,1,0,0
91,0,135.9,6,19,4,1,2,0,0,0
104,1,116.1,5,23,4,1,1,3,0,1
92,1,105.3,4,28,4,1,0,0,0,1
109,0,150.3,8,19,4,2,0,0,3,0
0,0,106.0,8,31,4,0,1,0,0,1
2,3,169.0,3,23,4,2,0,0,3,1
0,0,9.0,10,11,4,0,2,0,0,1
101,1,96.3,4,9,4,1,1,0,0,0
1,2,160.0,10,7,4,2,0,3,0,1
2,0,65.0,10,27,2,1,0,0,0,1
48,0,159.3,5,6,4,2,1,0,3,0
157,1,121.5,7,14,4,2,0,0,0,0
31,1,0.0,4,9,4,1,1,0,0,1
6,1,155.0,5,30,4,2,1,0,3,1
46,1,107.1,7,1,4,2,0,3,0,1
93,1,161.15,11,7,2,3,1,0,0,1
34,0,162.45,3,18,4,2,0,0,5,0
8,1,92.95,1,2,4,1,2,0,3,1
106,0,110.77,3,15,4,9,2,0,3,0
102,0,46.66,7,29,4,5,2,3,0,1
7,1,144.0,5,5,3,3,0,0,0,1
44,0,98.8,12,2,4,2,0,0,0,0
6,2,170.0,8,14,4,2,2,0,3,1
180,0,85.0,11,27,4,2,2,0,0,0
12,0,69.6,1,12,4,1,0,0,0,1
91,2,109.29,9,7,4,4,1,0,3,1
90,1,130.5,7,5,4,3,0,0,0,1
1,1,99.0,1,4,4,0,1,0,3,1
5,2,75.0,7,4,3,2,1,0,0,1
155,0,103.5,7,7,4,3,0,3,0,0
35,1,120.0,12,28,4,2,0,3,0,1
1,0,188.0,9,22,4,1,0,0,4,1
83,1,132.6,5,1,4,3,2,0,3,1
38,0,117.9,7,4,4,0,1,0,0,0
7,0,95.0,10,18,2,1,0,0,0,1
0,0,111.67,10,15,4,1,2,3,0,1
48,0,98.18,3,15,4,5,1,0,3,0
89,0,75.0,5,1,3,1,2,0,0,1
151,1,71.0,1,19,3,3,0,0,0,1
8,0,103.0,3,6,4,2,2,0,0,1
1,0,95.0,11,13,4,0,2,3,0,0
255,0,94.35,9,5,4,3,1,0,0,0
53,1,149.4,5,13,4,2,1,0,3,1
181,0,250.0,10,11,3,1,0,0,4,0
21,1,109.23,6,3,4,2,1,0,3,1
30,1,85.0,3,11,3,2,2,0,0,1
57,0,146.96,9,24,4,5,2,0,3,0
33,0,64.0,1,25,2,3,1,0,0,1
82,0,124.6,7,24,4,1,2,0,0,0
0,0,6.0,4,8,4,1,0,0,5,1
12,2,110.0,9,12,3,13,5,0,0,0
54,2,148.5,6,17,4,3,2,0,3,1
128,2,162.0,9,6,4,4,0,0,3,1
2,1,96.0,1,7,4,3,0,0,0,1
45,2,207.9,8,20,4,1,0,0,5,1
79,0,76.5,3,21,4,2,1,3,0,1
56,1,180.0,3,20,4,0,2,0,5,0
61,1,89.75,4,30,3,1,1,0,0,1
17,1,76.29,12,2,4,2,2,3,0,1
12,1,149.33,7,18,4,2,1,0,3,1
78,1,95.0,9,29,3,3,0,0,0,1
39,1,116.1,3,6,4,3,2,0,0,0
13,2,126.0,10,19,4,1,1,0,0,1
0,0,0.0,8,4,1,2,0,0,0,1
126,0,86.36,8,8,3,2,1,0,0,1
16,1,112.81,8,24,4,1,0,3,0,0
101,0,140.7,7,31,4,1,2,0,3,1
190,1,105.3,10,29,4,1,2,0,0,0
0,1,0.0,12,2,1,1,0,1,3,1
61,0,99.9,6,26,4,0,1,0,0,0
24,0,123.5,4,11,4,3,1,0,3,0
1,2,135.0,10,20,4,2,0,3,0,1
141,0,135.45,8,22,4,3,1,0,3,1
0,0,0.0,10,31,1,1,0,0,5,1
110,0,58.0,3,20,3,1,2,0,0,1
93,2,92.51,12,26,4,3,1,3,0,1
4,0,166.0,3,20,4,0,2,0,3,1
117,0,76.5,8,22,4,1,0,0,0,0
59,0,67.5,3,9,4,2,0,3,0,0
31,0,104.64,10,2,4,1,2,0,0,1
5,0,89.32,4,20,4,1,0,0,3,1
57,1,103.8,10,30,4,1,2,0,0,1
7,2,138.5,10,30,4,2,2,0,0,1
66,1,68.0,12,23,3,5,2,0,0,1
132,1,113.05,5,13,4,2,2,0,3,1
70,0,126.9,6,9,4,3,0,0,0,1
44,0,99.0,8,30,4,3,0,3,0,0
90,1,70.03,4,24,4,3,2,0,0,1
0,0,0.0,4,21,1,1,0,0,6,1
2,0,99.0,4,21,2,1,0,0,3,0
1,0,105.0,9,1,4,1,0,0,0,1
248,0,70.55,12,27,4,5,0,3,0,0
227,0,106.0,10,10,2,2,1,0,4,0
58,2,178.56,12,29,4,3,2,0,3,1
6,1,169.0,9,28,4,3,1,0,0,1
13,0,58.0,12,17,3,3,0,0,0,1
4,2,159.0,9,15,4,1,0,0,0,1
63,2,103.5,7,23,4,1,0,3,0,1
85,1,106.54,7,26,4,3,0,0,1,1
4,0,80.0,8,29,3,1,1,0,0,1
44,0,251.7,6,16,4,3,0,0,3,0
1,2,121.0,11,14,4,0,1,0,0,1
4,3,128.67,11,19,4,1,2,0,0,1
6,1,136.0,6,2,4,2,0,0,0,1
134,2,135.0,10,15,4,1,2,0,3,1
1,1,95.0,10,14,2,1,0,0,0,1
25,0,119.0,9,26,4,0,1,3,0,0
97,1,65.42,3,23,4,4,0,0,0,1
7,1,78.0,12,17,4,1,1,3,0,1
79,0,168.3,9,11,4,0,2,0,3,0
34,1,139.5,10,2,4,2,2,0,3,0
134,1,113.7,10,24,4,2,1,0,3,1
84,0,127.8,10,10,4,2,1,0,0,1
220,0,108.45,8,14,4,2,2,0,3,0
5,0,94.0,12,7,4,1,0,0,0,1
46,0,125.1,8,26,4,1,0,3,0,0
1,1,91.0,2,13,4,1,0,0,0,1
40,0,115.2,12,5,4,1,1,0,0,1
153,0,189.9,6,12,4,1,2,0,5,0
7,2,111.71,9,8,4,5,2,0,0,1
119,2,151.2,10,16,4,3,2,0,3,1
81,0,116.1,5,7,4,1,2,3,0,1
19,1,106.65,4,29,4,2,2,0,0,1
145,0,177.75,10,22,4,1,1,1,0,0
29,0,46.54,10,4,3,2,2,0,0,1
24,0,0.0,8,15,1,0,1,0,0,1
2,1,72.38,4,20,4,3,0,3,0,1
20,0,133.11,12,19,4,5,3,0,5,1
35,0,74.8,12,1,4,3,1,3,0,0
4,2,106.0,8,19,4,2,0,0,0,1
26,1,151.0,5,19,4,3,1,0,3,1
29,1,85.0,12,2,2,2,0,0,0,1
18,0,197.0,4,22,4,1,0,0,5,0
156,0,81.25,8,7,3,2,2,0,0,1
119,2,132.3,10,16,4,3,2,0,3,1
6,1,65.0,6,8,2,1,0,0,0,1
10,2,81.0,8,18,4,3,0,3,0,1
16,2,163.17,11,6,4,1,2,0,0,1
144,1,76.48,8,4,4,3,2,0,0,1
7,0,79.0,2,5,4,2,1,3,0,0
107,0,107.1,8,2,4,5,0,0,0,0
4,0,98.1,9,26,3,0,1,0,0,0
24,0,120.0,6,6,4,2,1,0,0,0
5,1,65.0,8,24,2,1,0,0,0,1
98,0,126.9,5,7,4,1,0,0,0,0
32,1,202.05,9,24,4,1,1,0,5,0
2,0,62.8,12,5,3,1,1,0,0,1
30,1,146.4,6,29,4,3,0,0,3,1
11,0,65.0,11,22,2,1,2,0,0,1
71,2,79.2,11,25,4,2,0,3,0,1
56,0,67.32,12,16,4,2,2,3,0,0
51,0,140.4,5,13,4,2,2,0,3,0
93,1,71.4,7,12,4,5,2,3,0,1
87,0,134.1,8,14,4,2,2,0,0,0
0,2,146.0,8,17,3,1,0,0,0,1
230,1,95.75,7,26,4,3,0,0,1,0
133,0,113.05,5,14,4,2,2,0,3,1
31,0,132.6,6,16,4,1,0,0,3,0
24,1,74.8,2,12,4,2,1,0,0,1
46,2,138.6,12,8,4,3,0,0,3,1
13,0,235.94,10,7,4,3,2,0,6,0
9,0,182.0,2,25,4,3,1,0,5,1
12,1,119.0,5,23,4,2,1,3,0,1
73,1,112.05,10,31,4,1,1,0,0,0
163,3,121.5,8,1,4,0,1,0,0,1
80,0,72.25,3,29,4,4,0,3,0,1
174,1,119.85,9,9,4,3,2,0,0,0
137,0,96.3,8,26,4,2,0,0,0,1
189,2,85.5,10,23,4,0,1,3,0,1
13,1,192.67,3,25,4,2,1,0,3,1
216,3,83.83,10,23,4,3,2,0,1,1
161,1,89.25,7,30,4,2,2,3,0,1
19,0,95.0,6,20,2,1,1,0,0,1
151,0,103.5,8,13,4,1,1,3,0,0
188,1,90.9,7,25,4,2,1,0,0,1
1,0,86.25,12,23,4,3,0,0,1,1
3,1,96.8,5,12,3,3,2,3,0,1
103,2,80.75,6,27,3,1,1,0,0,1
3,0,0.0,8,4,1,1,0,0,0,1
137,1,136.34,8,4,4,3,1,0,3,1
19,1,90.98,9,21,4,3,1,0,3,1
21,0,157.0,6,1,4,2,0,0,3,0
77,0,149.4,9,14,4,3,0,0,3,0
19,1,115.11,10,29,4,5,2,0,3,1
64,0,80.1,4,1,4,1,0,0,0,1
18,1,159.0,9,23,4,1,0,0,0,0
87,1,111.6,4,30,4,1,1,3,0,0
95,2,72.25,12,5,4,1,0,0,0,1
141,1,114.3,8,10,4,2,0,0,0,1
13,0,119.2,9,20,4,1,0,0,0,1
107,1,89.25,9,9,4,2,0,0,0,1
0,0,65.0,9,21,2,1,1,0,0,1
2,0,81.0,1,20,4,2,0,3,0,1
1,0,100.0,2,25,4,3,0,0,5,1
17,1,75.4,11,12,4,3,2,0,0,1
86,1,121.14,10,22,4,3,2,0,3,0
14,2,149.0,4,24,4,0,2,0,0,1
280,2,78.3,12,6,4,3,0,0,0,0
142,1,95.79,8,21,4,3,2,0,1,1
33,0,99.0,4,14,4,3,1,3,0,1
2,1,84.5,2,22,4,3,1,0,0,1
41,1,67.5,2,12,4,2,1,3,0,0
6,0,183.1,9,19,4,0,1,3,0,1
2,0,197.0,5,20,4,1,0,0,3,1
45,1,60.98,12,4,4,1,2,3,0,1
8,0,124.0,3,11,4,2,1,0,3,0
4,1,95.13,8,14,4,6,2,3,0,1
15,1,85.29,8,27,4,5,2,0,1,0
92,2,89.25,7,15,4,4,0,0,3,0
26,0,77.0,10,19,3,2,1,0,0,1
30,0,195.53,9,24,4,2,2,0,5,0
30,0,65.0,9,6,2,1,2,0,0,1
16,0,107.0,5,25,3,1,0,0,3,1
198,1,136.5,7,30,3,2,2,0,5,0
203,2,102.85,12,29,4,3,1,0,3,1
29,0,67.0,4,5,2,3,0,0,0,1
141,0,107.95,7,6,4,4,1,0,0,1
119,0,120.0,6,7,3,3,0,0,0,1
14,1,109.0,6,22,4,2,0,3,0,1
67,1,94.5,7,23,4,1,1,3,0,1
22,1,48.5,11,15,4,5,0,3,0,1
238,0,112.5,10,28,4,2,1,0,0,0
9,2,140.0,8,19,4,1,0,0,0,1
75,0,88.83,3,17,4,3,1,0,3,1
0,1,176.0,5,23,4,0,1,0,3,1
39,0,40.67,3,4,3,2,1,0,0,1
66,2,130.5,7,24,4,0,2,0,0,1
30,1,88.0,11,18,4,1,0,3,0,0
122,1,77.44,12,24,4,5,2,0,3,0
5,0,134.1,9,6,4,1,0,3,0,0
37,0,71.25,10,29,3,3,1,0,3,1
0,0,85.03,9,11,4,0,1,3,0,1
6,1,130.0,3,23,4,3,0,3,0,1
60,0,75.0,11,15,3,3,0,0,0,1
141,1,104.55,5,15,4,2,2,0,0,1
35,0,81.9,3,13,4,1,2,0,0,1
71,0,85.0,7,6,3,3,0,0,0,1
24,0,85.5,9,26,3,0,1,0,0,1
11,0,306.0,9,16,4,2,1,1,5,0
124,0,92.65,11,26,3,1,0,0,0,1
158,2,121.55,6,30,4,3,1,0,3,0
114,0,115.25,5,12,4,4,2,0,0,0
72,2,109.8,12,3,4,1,2,0,0,1
239,1,80.75,10,24,4,3,1,3,0,1
3,2,89.0,4,19,4,1,0,3,0,1
105,1,120.6,7,31,4,3,2,0,3,1
36,0,134.46,9,10,4,1,2,0,3,0
26,2,153.0,10,3,4,2,1,0,0,1
26,0,74.8,12,22,4,3,1,0,0,0
57,0,90.95,9,16,3,2,1,0,3,1
81,0,85.5,4,10,4,0,2,3,0,0
13,0,65.0,11,15,2,0,1,0,0,1
307,0,73.95,12,8,4,8,4,0,0,0
0,0,75.0,12,21,4,0,1,3,0,1
8,4,156.5,9,1,3,3,0,1,0,1
219,0,96.3,8,15,4,1,1,0,0,0
61,0,124.8,4,15,4,2,1,0,3,0
120,0,110.59,5,12,4,3,1,0,0,0
102,2,130.5,7,9,4,1,0,0,0,1
157,2,114.3,5,23,4,2,1,0,3,0
42,1,118.5,10,31,4,1,1,0,0,1
39,0,150.3,2,21,4,1,2,0,5,0
10,3,107.8,10,16,4,1,2,3,0,1
158,1,93.0,2,27,3,2,2,0,3,1
5,2,0.0,8,24,1,1,0,0,0,1
92,0,121.8,7,28,4,3,0,0,3,0
0,2,168.3,8,20,4,1,0,0,3,1
64,3,98.55,9,5,4,1,1,0,0,1
6,1,167.0,4,15,4,1,0,0,3,1
29,0,78.2,3,2,4,4,1,0,0,0
165,2,177.3,7,16,4,1,2,0,5,0
69,1,90.95,3,20,4,3,2,0,0,1
12,0,79.2,5,25,3,1,0,3,0,1
70,0,75.0,12,2,3,2,0,0,0,1
32,0,58.0,1,25,3,2,1,0,0,1
89,0,137.7,7,25,4,2,1,0,3,0
19,2,162.0,7,20,4,2,0,0,3,1
68,1,63.75,3,13,4,2,2,3,0,1
20,1,110.15,5,29,4,3,2,0,0,1
45,2,124.1,3,19,4,2,2,0,3,1
12,0,85.0,12,19,3,2,2,0,5,1
193,2,81.82,7,4,4,10,3,0,1,0
29,2,109.0,5,29,4,0,1,3,0,1
4,0,90.0,5,2,3,1,1,0,0,1
53,0,94.5,10,9,4,2,1,0,0,1
78,0,75.0,4,26,3,4,0,0,0,1
159,1,90.95,6,27,4,3,1,0,0,1
6,1,104.2,12,28,4,4,0,3,0,1
80,0,75.0,12,3,3,1,2,0,0,1
4,0,79.0,8,1,2,1,1,0,0,1
0,0,65.0,11,23,2,0,1,0,0,1
146,1,202.5,10,19,4,4,1,1,3,0
34,1,97.4,3,3,4,3,2,0,3,1
75,0,97.54,7,27,4,1,0,0,1,1
6,1,121.0,11,16,4,1,0,0,3,1
48,1,86.3,2,27,4,1,2,0,0,1
125,1,85.5,6,30,4,1,0,3,0,1
118,1,99.3,4,29,4,2,1,0,0,0
0,0,92.0,8,8,4,0,1,3,0,1
90,1,72.25,11,20,4,2,0,0,0,0
8,1,75.81,10,31,4,5,2,0,0,1
1,0,94.0,7,7,2,1,0,0,3,1
77,2,168.3,9,2,4,2,1,0,3,1
76,1,131.26,5,12,4,3,1,0,0,1
12,1,92.63,3,5,4,6,2,0,0,0
38,2,148.95,4,27,4,4,0,0,3,1
1,1,148.8,9,11,4,3,2,0,0,1
68,0,106.75,9,3,3,3,2,1,0,1
62,2,109.8,9,3,4,1,2,0,0,1
72,2,135.9,8,18,4,3,0,0,0,1
81,1,99.45,3,24,4,3,1,0,3,0
13,0,82.4,8,21,4,3,2,3,0,1
210,0,72.75,10,8,3,3,1,1,0,0
21,0,133.5,9,29,4,4,0,0,0,0
129,1,121.5,5,13,4,2,1,0,3,1
10,2,140.0,8,18,4,1,0,0,0,1
65,1,124.0,3,20,3,3,2,0,0,1
38,1,159.3,7,19,4,2,0,0,3,1
119,0,137.7,7,26,4,3,0,0,3,1
51,2,125.1,8,6,4,1,2,3,0,1
15,0,58.0,12,19,3,2,2,0,0,1
3,1,169.0,8,26,4,2,0,0,0,1
104,0,102.3,4,28,4,3,0,0,0,0
0,1,149.0,11,4,4,2,0,3,0,1
29,1,82.61,5,31,4,3,0,0,0,1
44,0,101.52,9,20,4,4,0,0,0,1
152,0,98.0,11,1,3,4,0,1,0,1
3,0,54.0,1,3,4,4,2,3,0,1
55,0,94.5,4,12,4,1,0,3,0,1
204,2,168.3,9,12,4,1,1,0,3,0
82,2,72.25,11,2,4,2,1,0,0,1
74,0,139.95,7,11,4,3,1,0,3,0
19,0,126.0,10,12,4,2,1,0,0,1
172,1,88.7,5,22,4,1,2,0,3,1
0,0,116.45,6,16,3,3,2,0,0,1
166,0,90.95,7,7,4,3,1,0,0,0
207,1,105.3,8,5,4,2,0,0,3,0
7,1,88.4,12,4,4,3,2,0,0,1
1,0,59.75,1,8,4,3,2,0,3,1
0,2,98.0,8,9,4,0,2,0,0,1
35,1,94.5,4,22,4,2,1,3,0,1
89,1,96.3,3,25,4,2,1,0,0,1
56,0,97.23,11,10,4,3,1,0,0,1
0,0,79.0,1,6,2,2,0,0,0,1
52,2,120.6,10,28,4,2,1,0,3,1
66,1,80.3,3,3,4,3,0,0,0,1
2,1,133.6,2,8,4,4,1,0,3,1
24,0,53.85,9,1,3,6,2,0,0,1
14,0,115.0,9,5,4,1,1,3,0,1
116,2,117.06,6,16,4,5,2,0,0,1
53,0,88.4,11,21,4,3,1,0,0,1
6,0,95.0,4,20,0,2,0,0,0,1
11,1,110.46,7,24,4,2,2,0,0,1
12,1,117.04,10,1,4,2,0,3,0,1
100,1,91.38,5,2,4,3,1,3,0,1
0,0,155.0,9,3,4,1,0,0,5,1
119,0,139.95,7,31,4,2,2,0,3,1
205,0,117.64,12,23,4,7,3,0,3,1
39,3,64.67,11,13,4,5,2,0,0,1
51,2,139.5,10,17,4,5,1,0,3,0
78,1,99.15,3,25,4,2,2,0,4,1
3,0,65.0,11,29,2,2,2,0,0,1
150,1,106.2,6,2,4,3,0,0,0,0
41,0,105.3,4,12,4,3,0,0,0,1
193,1,70.44,7,9,4,1,2,0,0,1
22,0,75.0,9,16,2,2,0,0,0,1
222,2,70.55,12,27,4,5,0,3,0,1
75,1,80.75,6,20,3,3,1,0,0,1
159,2,113.4,9,29,4,3,1,3,0,0
64,1,94.5,4,13,4,2,0,3,0,1
96,1,67.5,2,13,4,1,1,0,0,1
100,0,221.18,10,24,4,3,1,1,5,0
8,0,97.02,10,20,4,4,0,0,0,1
8,1,76.5,8,13,4,5,2,0,1,0
266,2,117.3,10,30,4,2,2,0,3,0
104,2,88.01,7,2,4,1,2,0,0,1
151,0,95.82,5,31,4,3,0,0,1,0
114,1,85.5,6,26,4,0,2,3,0,1
81,2,125.1,8,16,4,1,0,3,0,1
156,1,104.32,10,26,4,9,2,0,3,0
35,2,149.0,10,25,4,4,0,0,0,1
77,1,116.1,5,7,4,1,0,3,0,1
6,0,110.0,6,8,3,1,0,0,0,1
148,2,108.19,5,18,4,4,0,0,3,1
19,0,96.0,12,16,4,2,0,0,0,1
170,2,114.75,8,10,4,4,1,0,0,0
105,0,58.0,3,18,3,2,1,0,0,1
260,1,95.13,10,2,4,4,2,0,0,1
52,0,135.9,7,27,4,3,0,0,0,0
213,0,67.5,12,17,4,1,0,3,0,1
29,0,76.5,9,12,3,1,0,0,0,1
9,2,122.33,9,3,4,4,2,0,0,1
23,3,119.0,10,17,4,2,1,3,0,1
26,0,102.72,12,21,4,4,1,1,0,0
92,2,103.7,12,7,4,4,0,0,0,1
66,0,126.0,7,19,4,3,0,0,3,0
18,1,62.83,2,22,4,5,1,3,0,1
99,0,107.1,8,29,4,1,1,3,0,0
22,3,109.25,9,17,4,3,1,0,0,1
12,0,161.0,3,30,4,4,1,0,3,0
0,2,0.0,5,4,1,1,0,0,3,1
132,0,79.56,7,13,3,4,2,0,0,1
90,0,81.62,4,21,3,3,0,0,0,1
87,1,80.75,4,9,4,2,2,3,0,1
173,2,177.3,7,8,4,1,0,0,5,0
36,0,96.9,12,3,4,2,2,0,3,1
0,0,111.0,6,13,4,1,1,0,0,1
171,0,126.9,9,16,4,2,1,0,0,0
117,1,97.75,6,28,4,4,0,3,1,1
30,0,84.32,12,23,4,2,2,0,0,0
106,2,139.95,7,11,4,3,1,0,3,1
175,1,152.15,9,11,4,2,2,1,0,0
2,1,175.56,10,4,4,4,0,0,5,1
119,1,46.51,12,28,4,5,2,3,0,0
54,0,118.6,5,16,4,1,1,0,1,1
192,0,102.0,9,25,3,3,2,0,0,0
189,0,108.9,10,6,4,3,1,0,0,0
134,0,109.8,7,4,4,1,1,0,0,1
74,0,89.25,10,7,4,4,0,0,0,1
20,0,110.0,5,26,0,1,0,0,3,1
169,0,96.3,6,30,4,2,0,0,0,0
229,0,110.7,12,9,4,2,1,0,3,1
10,1,155.0,9,3,4,1,0,0,5,1
33,1,78.2,11,12,3,2,2,0,3,1
10,1,66.0,3,5,2,2,2,0,0,1
100,0,90.9,10,26,4,1,0,0,0,0
26,1,145.0,10,29,4,1,1,0,3,1
8,2,65.0,12,28,2,2,0,0,0,1
155,2,143.1,9,8,4,1,0,0,0,0
0,0,118.09,9,29,4,1,0,3,0,0
122,1,98.5,8,1,4,6,3,3,0,1
4,2,79.0,8,27,4,2,0,0,0,1
146,1,107.0,4,24,4,0,2,0,0,0
11,2,67.0,12,17,2,1,2,0,0,1
22,0,172.0,4,30,4,1,1,0,3,0
36,1,96.3,10,20,4,1,0,0,0,1
29,0,77.6,1,30,4,1,2,0,3,0
21,3,182.0,6,28,4,4,0,0,3,1
3,2,146.4,11,3,4,3,2,0,0,1
86,0,182.53,9,25,3,3,2,1,3,1
81,0,110.16,4,24,4,3,2,1,3,0
13,0,86.8,2,29,3,3,1,0,3,0
26,1,89.0,4,18,4,1,1,3,0,1
13,1,118.51,5,29,4,2,2,0,3,1
38,0,52.39,3,5,4,3,2,3,0,1
44,0,112.0,11,5,3,2,2,0,0,1
0,0,145.0,10,21,4,1,0,0,0,1
14,2,127.0,3,17,4,3,0,0,0,1
30,1,73.37,11,26,4,1,2,3,0,1
32,1,96.33,8,20,4,1,0,3,0,1
15,1,99.0,4,20,4,3,0,0,3,1
29,3,150.17,8,28,4,1,2,0,3,1
27,0,87.0,3,6,3,3,2,0,0,1
10,0,149.0,10,2,4,1,2,0,0,1
201,3,82.28,11,1,4,4,0,0,0,1
106,0,121.37,7,19,4,5,2,0,3,0
17,0,67.0,11,17,2,1,0,0,0,0
6,1,136.0,10,4,4,1,2,0,3,1
47,1,153.0,10,3,4,2,1,1,0,0
39,1,90.23,12,25,4,2,1,0,0,1
0,1,0.0,4,7,1,1,0,0,0,1
223,2,128.7,10,29,4,1,2,0,3,0
54,0,144.0,8,28,4,3,2,1,0,1
61,0,107.1,8,29,4,3,1,0,0,1
42,0,134.98,4,24,4,3,2,0,3,0
19,0,55.32,2,11,4,3,2,3,0,1
3,0,92.7,5,2,3,2,1,0,0,1
69,1,57.52,10,28,4,1,0,3,0,1
80,1,79.2,11,20,4,1,2,3,0,0
96,0,76.5,8,22,4,5,2,0,0,0
68,0,140.4,5,13,4,2,1,0,3,0
71,2,152.1,9,2,4,2,1,0,0,1
11,1,62.91,2,13,4,1,2,0,0,1
29,0,161.67,12,30,3,2,1,0,0,1
8,0,111.5,12,3,4,1,1,0,0,1
54,0,89.46,3,17,4,3,1,0,0,0
104,1,105.3,7,19,4,1,0,0,0,1
12,0,154.0,9,9,4,1,0,0,3,0
45,1,103.95,3,17,4,2,0,0,3,0
56,0,140.4,5,2,4,2,1,0,3,0
44,1,107.5,3,20,4,3,2,0,3,1
75,3,112.28,11,6,4,2,2,0,3,1
124,2,158.95,6,27,4,3,1,0,5,1
16,1,148.0,12,30,4,2,0,0,3,1
9,0,88.27,1,20,4,9,2,0,0,1
81,1,135.15,5,16,4,3,1,0,0,1
49,1,75.95,3,8,4,4,0,0,0,1
2,0,68.5,8,15,3,1,2,0,0,0
152,1,83.83,6,29,4,4,0,0,1,1
44,0,103.95,3,17,4,2,0,0,3,1
58,1,99.88,4,27,4,4,0,3,0,1
19,1,151.0,7,25,4,0,1,0,0,0
11,1,151.0,8,13,4,1,2,0,0,0
138,0,58.9,7,29,4,3,0,0,0,1
40,3,183.74,8,22,2,5,3,0,4,1
69,0,79.05,3,16,4,4,1,0,0,0
21,2,104.43,9,12,4,5,2,0,0,1
12,0,122.33,4,29,4,2,1,3,0,0
22,1,87.0,11,14,4,1,2,0,0,1
68,0,149.1,7,7,4,3,0,0,3,0
59,0,113.41,4,12,4,5,2,0,3,1
90,2,129.9,8,31,4,3,0,0,0,1
5,0,88.8,12,10,4,1,0,0,0,1
3,0,6.0,9,19,4,2,2,0,0,1
232,1,104.13,8,29,4,10,4,0,3,0
14,2,169.0,7,16,4,1,0,0,0,1
91,0,103.5,7,3,4,2,2,3,0,1
89,2,96.0,12,10,4,1,1,0,0,1
54,2,72.63,12,25,4,3,2,0,0,1
76,0,72.25,7,6,3,4,0,0,0,1
135,0,137.7,8,2,4,2,0,0,3,0
99,2,166.4,8,8,4,2,1,0,3,0
221,0,74.44,12,23,4,4,2,0,0,0
51,1,60.0,11,11,3,4,0,0,3,1
200,4,115.6,10,3,3,4,1,0,3,1
75,0,67.5,3,15,4,2,0,3,0,1
60,1,96.3,12,9,4,4,0,0,0,1
10,0,66.0,2,4,2,1,0,0,0,1
30,1,113.4,11,18,4,3,0,0,0,1
21,0,299.33,7,17,4,1,2,0,6,0
132,1,114.3,5,15,4,1,2,0,3,1
142,1,113.05,5,23,4,3,1,0,3,1
63,1,167.45,4,13,4,4,0,0,5,1
118,0,159.3,6,2,4,3,0,0,3,0
79,0,95.0,9,3,3,5,2,0,0,1
40,1,6.0,1,14,4,3,0,0,1,1
29,0,95.0,5,20,2,1,0,0,0,1
78,0,96.3,4,8,4,2,1,0,0,1
11,0,31.0,3,16,3,3,0,0,1,1
2,1,94.35,11,14,4,3,1,0,0,1
34,0,207.9,9,17,4,1,2,0,5,0
47,1,73.08,3,30,4,3,0,0,0,1
23,1,120.12,5,18,4,1,0,0,3,1
79,2,122.0,11,29,4,4,0,0,0,1
19,1,60.83,3,14,4,2,1,3,0,1
75,0,60.0,12,7,3,2,1,0,3,1
201,1,96.62,8,12,4,4,2,0,0,0
58,1,85.3,3,1,4,8,2,0,3,1
99,0,146.7,7,3,4,2,2,0,3,0
3,0,189.75,2,29,4,3,1,0,5,1
5,1,141.0,6,18,4,1,1,0,0,1
46,2,122.4,11,2,4,4,0,0,3,1
183,1,93.5,9,1,4,3,0,0,0,0
255,0,106.0,11,7,2,2,1,0,4,0
205,1,90.95,7,5,4,8,2,0,0,0
73,2,85.0,4,16,4,2,2,3,0,1
30,2,146.1,7,15,4,4,2,0,0,1
4,1,65.0,11,8,2,3,0,0,0,1
2,0,75.0,9,20,3,1,2,0,3,1
49,0,152.1,8,15,4,2,1,0,0,0
83,1,108.9,7,1,4,3,2,0,0,1
10,2,156.0,8,13,4,1,1,0,0,1
4,0,75.0,8,10,3,1,1,0,0,0
91,0,146.7,7,3,4,5,2,0,3,1
62,1,114.3,7,26,4,3,0,0,0,0
15,0,93.17,5,7,4,1,2,0,0,1
296,0,117.0,9,21,3,4,0,1,0,0
41,2,93.93,11,12,4,2,2,0,0,1
63,0,159.3,6,8,4,3,0,0,3,0
87,1,187.85,5,16,4,10,4,0,5,0
71,0,101.87,10,7,4,2,2,0,3,0
124,1,137.7,11,2,4,4,0,1,3,1
203,0,58.14,8,3,4,4,0,3,0,0
1,1,119.0,6,2,2,2,0,0,0,1
33,2,197.0,11,7,4,2,1,0,0,1
132,1,105.37,7,22,4,4,2,0,0,1
38,0,60.0,1,10,3,3,2,0,0,1
63,0,105.0,11,23,3,4,0,1,0,1
22,2,105.0,9,15,4,3,0,0,0,1
40,0,155.13,12,31,4,2,2,1,0,0
82,0,90.95,5,21,3,3,2,0,3,1
13,1,146.0,6,28,4,1,0,0,3,1
49,0,60.0,11,6,3,2,1,0,3,1
133,1,127.15,5,24,4,5,1,0,3,1
129,0,80.75,10,24,3,3,1,0,0,1
24,1,119.0,9,28,4,1,0,3,0,1
12,0,82.0,1,2,3,1,2,0,0,1
79,1,115.6,4,25,3,1,1,0,3,1
56,1,140.4,6,1,4,3,0,0,3,1
5,0,177.0,10,31,4,1,0,0,5,1
159,1,132.96,7,22,4,5,2,1,0,0
0,1,85.92,8,19,4,9,4,3,0,1
1,0,109.85,9,29,4,3,0,3,0,1
4,1,90.0,10,6,3,3,0,0,0,1
19,1,119.0,6,26,4,1,2,3,0,1
27,2,99.0,6,20,4,0,1,3,0,1
53,2,85.85,3,28,4,4,1,0,0,1
31,0,237.75,12,3,4,2,2,1,5,1
36,1,105.3,4,11,4,1,1,0,0,1
151,0,95.4,6,2,4,3,0,3,0,0
21,0,81.0,2,25,4,2,0,3,0,1
184,2,137.7,8,4,4,3,0,0,3,0
49,2,168.3,7,17,4,0,1,0,3,1
26,0,187.0,7,2,4,1,2,0,3,0
240,1,95.63,9,3,4,2,2,0,0,0
70,2,107.95,4,16,4,2,2,0,3,1
29,0,90.0,5,17,3,3,0,0,0,1
18,0,61.15,3,3,4,5,2,0,0,1
45,0,72.0,12,15,3,3,2,1,0,1
18,2,120.0,2,22,4,2,1,0,0,1
2,1,102.8,8,19,4,4,1,0,0,1
6,0,176.0,2,24,4,2,0,0,5,1
0,0,111.6,8,11,4,1,0,0,0,1
21,1,110.0,10,26,4,2,0,3,0,0
10,2,90.0,8,18,4,5,0,0,0,1
141,1,111.15,6,5,4,0,2,0,0,1
21,1,80.3,1,29,4,2,0,0,0,1
109,2,68.0,8,4,4,2,0,0,0,1
81,0,119.07,10,2,4,1,2,0,3,0
252,1,53.47,12,29,4,3,1,3,0,1
21,1,107.64,11,8,4,7,2,0,3,1
48,1,108.0,10,4,4,3,0,3,0,0
6,1,85.0,2,11,4,1,0,0,0,1
86,0,96.9,7,10,3,2,2,0,0,1
46,0,85.0,3,21,3,3,1,0,0,1
92,1,58.9,7,9,4,3,2,0,0,1
51,1,96.3,9,7,4,1,0,3,0,1
35,1,150.3,12,28,4,0,1,3,5,1
51,2,187.85,5,11,4,4,0,0,5,1
172,1,90.5,7,29,3,3,2,1,0,1
0,0,0.0,11,10,1,2,0,0,0,1
286,0,58.5,9,16,3,2,0,1,0,1
5,2,133.33,11,4,4,2,1,3,0,1
95,0,140.4,5,19,4,3,0,0,3,1
0,0,84.0,3,2,3,1,0,3,0,1
125,0,76.5,7,15,4,4,2,0,0,0
3,0,106.0,2,16,4,4,0,0,3,0
78,0,62.18,4,12,4,4,0,3,0,0
13,2,90.0,8,20,4,3,0,0,0,1
30,1,111.6,6,19,3,2,2,0,0,1
72,2,87.3,4,3,4,1,2,0,0,1
134,1,116.36,10,22,4,5,2,0,3,1
54,0,121.5,4,30,4,1,1,0,0,0
0,0,0.0,7,4,1,1,1,0,0,1
134,0,114.5,8,21,4,1,2,0,0,1
28,0,90.98,8,29,4,3,1,0,0,1
161,3,94.0,11,28,4,4,1,0,0,1
71,0,110.5,10,22,3,1,1,0,3,0
19,3,130.0,2,19,4,3,2,0,3,1
36,2,147.6,9,28,4,3,0,0,3,1
1,0,65.0,5,4,2,1,0,0,0,1
66,2,105.3,4,23,4,1,0,0,0,1
13,0,89.0,6,14,4,1,0,3,0,1
0,0,66.0,1,19,2,3,0,0,0,1
4,0,95.0,10,25,3,3,0,0,0,1
82,1,85.5,4,8,4,2,0,3,0,1
117,1,122.94,10,29,4,3,2,0,3,1
59,2,93.6,12,2,4,2,0,0,0,1
58,3,115.04,9,27,4,2,0,0,3,1
62,0,135.9,9,11,4,1,2,0,0,0
28,1,141.0,5,21,4,1,0,0,0,0
175,2,83.01,11,12,4,2,2,0,0,1
61,0,117.0,3,23,4,2,0,0,0,0
45,0,76.77,10,24,4,2,2,0,1,1
34,1,158.4,10,2,4,1,2,0,3,1
63,1,73.8,11,3,4,3,0,3,0,1
38,1,79.4,1,22,4,2,0,0,0,1
144,0,140.7,8,17,4,4,2,0,3,0
11,0,83.58,1,2,4,1,2,0,1,1
49,2,79.2,11,3,4,2,0,3,0,1
134,0,80.0,4,16,3,1,2,0,0,1
30,2,104.0,11,30,4,3,0,0,0,1
0,0,79.0,11,28,2,1,1,0,0,1
2,0,82.0,2,10,3,3,0,0,0,1
10,1,83.0,11,6,4,2,0,3,0,1
56,1,85.85,3,28,4,5,1,0,0,0
32,2,141.53,9,18,4,2,2,3,0,1
124,2,105.61,12,26,4,3,1,0,3,0
265,0,73.95,12,26,4,3,1,0,0,0
229,2,177.3,8,21,4,1,2,0,5,0
108,1,158.4,12,26,4,4,1,1,0,0
23,1,91.0,2,13,4,1,0,0,0,1
184,2,105.3,8,9,4,3,0,0,0,0
141,1,107.95,7,6,4,4,1,0,0,1
36,0,69.52,2,15,4,1,1,0,1,1
1,0,0.0,8,12,1,2,0,0,0,1
57,0,72.47,12,25,4,5,2,0,0,1
7,0,85.0,7,26,3,4,0,0,0,1
56,0,112.2,4,8,4,5,2,0,3,0
91,0,117.9,8,21,4,0,2,0,0,1
12,0,220.0,8,19,4,1,0,0,5,0
31,1,80.3,2,4,4,3,0,0,0,1
45,0,101.03,8,29,4,3,1,3,0,1
51,0,62.21,10,28,4,4,0,3,0,1
119,1,82.87,8,27,4,6,2,0,0,1
5,1,65.0,6,13,2,0,1,0,0,1
9,2,194.0,6,27,4,3,1,1,3,1
7,1,52.36,12,15,4,1,0,3,0,1
10,2,78.5,1,17,4,5,2,3,0,1
73,0,62.0,10,28,3,1,0,0,0,1
58,2,110.36,10,15,4,3,2,0,1,1
164,0,116.1,9,19,4,6,3,3,0,0
9,1,81.0,8,19,4,3,0,0,0,1
196,0,121.98,9,3,4,6,2,0,3,0
39,0,107.1,7,1,4,2,0,3,0,1
96,0,119.85,5,7,4,3,2,0,0,0
56,0,68.72,10,9,4,4,2,0,1,0
46,1,125.1,9,19,4,0,1,3,0,1
42,0,81.9,3,11,4,2,0,0,0,1
161,1,114.3,5,22,4,1,2,0,3,0
8,0,92.4,10,15,4,1,0,0,0,1
116,1,76.0,5,4,3,4,0,0,0,1
30,0,68.7,2,12,4,2,1,0,0,0
80,1,62.83,9,3,4,3,1,3,0,1
42,1,135.9,7,18,4,3,1,0,0,1
199,0,128.92,8,12,4,4,2,1,0,0
2,0,113.05,5,28,4,3,2,0,0,0
112,1,103.53,5,14,4,3,2,0,0,1
3,0,65.0,12,10,2,1,0,0,0,1
10,0,146.0,7,11,3,3,1,0,0,1
45,2,185.4,10,17,4,0,1,0,3,1
8,1,79.4,1,19,4,5,0,3,0,1
73,0,0.0,11,24,4,3,0,0,0,1
24,2,146.0,6,9,4,2,0,0,3,1
84,2,76.5,7,25,4,1,0,0,0,1
50,1,99.67,12,31,3,3,0,0,0,1
29,1,150.06,11,9,4,4,0,0,0,1
10,2,100.38,11,22,4,5,1,0,0,1
27,1,107.03,9,24,4,1,0,0,3,1
73,0,90.9,4,7,4,2,0,0,0,0
3,1,65.0,4,11,2,0,1,0,0,1
28,0,129.0,10,25,4,3,0,0,0,1
35,1,81.9,3,8,4,5,2,0,0,0
18,2,96.0,9,13,4,2,2,0,0,1
169,1,158.95,7,3,4,3,2,0,5,0
95,0,77.35,4,15,4,3,2,3,0,0
5,0,151.94,11,6,4,2,2,0,0,0
52,0,67.0,10,13,2,1,0,0,0,1
78,0,80.75,5,5,3,3,1,0,0,1
0,1,109.0,10,1,2,1,0,0,0,1
74,2,74.8,11,19,4,4,2,3,0,0
79,0,89.25,9,2,4,3,0,0,0,0
57,1,95.3,2,29,4,2,1,0,3,1
53,0,108.0,10,11,4,1,0,3,0,0
0,0,95.0,5,2,0,3,1,0,0,1
122,0,99.45,5,4,4,4,2,0,0,0
30,1,159.0,10,20,4,3,0,0,0,0
1,2,140.0,12,31,4,1,0,3,0,1
93,0,61.0,12,30,3,4,0,0,3,1
68,2,108.0,10,18,4,3,0,3,0,1
7,0,95.0,10,30,3,1,0,0,0,1
217,2,119.85,9,12,4,3,1,0,0,0
0,2,179.0,9,15,4,1,0,0,0,1
175,1,100.66,8,16,4,5,2,0,0,0
16,1,89.89,12,3,4,2,2,0,0,1
147,1,114.3,8,6,4,1,0,0,0,0
141,1,106.5,8,30,4,3,0,0,0,1
86,1,82.45,3,31,4,3,1,0,0,1
38,0,177.3,4,21,4,3,1,0,5,0
128,1,105.4,5,4,3,3,0,0,0,1
41,0,71.53,2,22,4,2,1,0,1,1
3,0,90.0,9,14,3,5,2,1,0,1
0,2,114.0,9,30,4,1,0,3,0,1
80,0,60.0,2,22,3,3,1,0,0,1
68,0,110.5,4,23,4,2,2,0,0,0
57,1,79.2,11,1,4,3,0,3,0,1
4,0,75.0,12,11,2,0,2,0,0,1
159,0,70.0,4,9,3,1,1,0,0,1
108,1,118.8,10,7,4,2,0,0,0,1
5,2,127.0,8,17,4,1,0,3,0,1
0,0,88.0,3,28,2,0,1,0,0,1
142,0,94.11,7,4,4,5,2,3,0,1
96,1,0.0,8,2,1,3,0,0,0,1
130,1,117.3,8,11,4,4,2,0,0,1
179,0,141.3,10,7,4,2,0,0,3,0
0,0,96.0,10,5,3,0,1,0,0,1
153,0,113.1,6,20,4,2,1,0,0,0
16,1,109.0,3,10,4,2,0,0,0,1
8,0,95.0,5,12,3,2,0,0,0,1
14,0,98.39,12,3,4,2,2,0,3,1
105,1,95.37,12,26,4,1,1,0,0,1
14,0,89.0,6,26,4,0,1,3,0,0
58,1,83.3,3,21,4,3,1,3,0,0
69,0,59.5,3,24,3,3,1,0,0,1
31,1,134.1,10,4,4,1,0,0,0,1
8,1,188.01,10,29,4,1,2,0,5,1
25,1,135.0,9,15,4,3,2,3,0,0
127,1,96.9,7,14,3,3,0,0,0,1
276,0,81.43,12,28,4,4,1,0,0,0
8,0,79.0,2,11,4,1,0,0,0,1
7,0,182.0,6,28,4,5,1,0,3,1
4,1,125.0,12,28,4,4,1,0,0,1
47,1,115.2,12,6,4,0,2,0,0,1
0,0,85.0,4,19,2,1,0,0,0,1
96,2,94.67,11,18,4,2,1,0,0,1
162,0,105.3,7,1,4,2,1,0,0,0
26,0,66.29,12,1,4,10,4,3,0,0
5,2,65.0,7,18,2,1,1,0,0,1
75,1,126.9,6,9,4,3,0,0,0,1
3,1,175.56,10,6,4,3,0,0,5,1
3,1,130.0,1,29,4,2,1,1,0,1
210,0,96.3,8,18,4,1,0,0,0,0
15,0,65.0,10,13,2,1,0,0,0,1
231,1,63.75,12,30,4,3,2,0,0,1
82,0,80.75,10,16,3,4,2,0,0,1
124,0,96.56,8,7,3,3,2,0,3,1
133,0,120.7,7,6,4,4,0,0,3,0
66,1,135.0,10,6,4,3,0,0,0,0
1,1,0.0,6,7,1,1,0,0,0,1
100,0,81.2,4,25,4,2,1,3,0,1
20,0,119.0,9,19,2,3,1,0,0,1
122,2,97.0,6,30,3,3,0,0,3,1
61,0,78.3,3,4,4,2,1,0,0,0
103,1,132.3,10,21,4,2,1,0,3,0
3,0,166.25,9,26,2,1,1,0,4,1
22,1,102.43,5,30,4,3,1,0,0,1
35,3,103.05,10,8,4,2,0,0,0,1
125,0,99.45,4,12,4,5,0,0,3,1
9,0,65.0,12,10,2,1,0,0,0,1
78,0,105.0,4,26,3,4,0,1,0,1
86,1,96.3,4,17,4,1,2,0,0,1
1,1,127.0,6,27,4,0,1,3,0,1
92,0,60.0,12,22,3,4,0,0,3,1
19,0,115.0,3,3,4,1,0,3,0,0
136,1,170.36,5,7,4,5,2,0,5,0
55,0,149.4,7,27,4,4,0,0,3,0
30,1,140.6,3,6,4,1,2,1,3,1
0,0,75.0,11,7,2,1,1,0,0,1
28,2,96.3,10,12,4,2,1,0,0,1
54,2,85.5,9,15,4,1,0,0,0,1
16,2,140.0,10,21,4,2,0,3,0,1
133,1,186.3,8,8,4,1,1,0,5,1
38,0,60.0,11,5,3,3,1,0,3,1
12,0,106.25,5,31,4,1,0,0,0,1
105,2,72.25,11,27,4,2,1,0,0,1
1,0,0.0,8,20,1,2,0,0,0,1
31,2,129.0,10,26,4,3,0,0,0,1
46,1,134.1,6,29,4,2,0,0,0,1
7,1,84.0,7,25,2,0,1,0,0,1
15,1,202.58,7,19,4,4,0,0,6,0
32,0,67.5,10,30,3,2,2,0,3,1
10,1,93.0,2,24,4,4,0,0,0,1
131,0,115.94,6,19,4,3,2,0,0,0
56,1,194.5,11,6,4,0,2,0,3,0
0,0,129.0,8,17,4,0,1,3,3,1
6,0,90.0,5,17,3,1,0,0,0,1
69,0,149.4,9,17,4,1,0,0,3,0
128,1,109.8,6,26,4,1,2,0,3,1
4,0,95.0,10,19,2,1,1,0,0,1
0,0,62.73,5,16,4,0,1,3,0,1
0,1,155.0,5,20,4,1,0,0,0,1
10,0,111.0,4,7,4,3,0,0,0,0
76,1,153.72,11,6,4,3,2,3,0,1
151,2,104.85,10,23,4,2,2,0,0,0
0,0,95.94,5,17,4,1,0,3,0,1
1,0,73.61,2,24,4,3,0,0,0,1
46,0,120.0,9,12,3,3,1,0,3,1
99,0,94.5,7,25,4,3,1,3,0,0
44,0,152.1,9,11,4,1,2,0,0,0
12,1,103.84,10,31,4,2,2,0,3,1
0,0,101.0,3,1,4,1,0,0,0,1
136,0,118.8,10,5,4,4,0,0,0,0
77,0,90.95,3,20,4,2,2,0,3,1
17,2,128.0,9,15,4,2,0,3,0,1
5,0,185.33,12,3,4,1,2,0,5,1
64,0,83.48,3,6,4,2,2,0,0,1
15,1,109.0,9,11,4,0,2,0,0,1
51,0,123.3,3,30,4,3,0,0,3,1
21,0,196.0,4,11,4,1,1,0,5,0
13,0,66.71,12,5,4,2,1,0,3,1
76,1,80.75,5,17,3,3,0,0,0,1
5,2,120.33,9,19,4,1,2,3,0,1
4,1,67.0,11,28,2,0,1,0,0,1
163,1,72.25,8,15,3,5,2,0,0,1
26,0,87.0,3,7,3,4,1,0,0,1
52,0,56.16,12,17,4,1,2,3,0,1
198,0,137.7,8,22,4,2,1,0,3,0
53,0,131.14,9,4,4,5,2,0,3,0
14,1,96.0,7,20,4,1,0,0,0,1
8,2,176.0,4,21,4,3,0,0,3,1
1,0,96.0,8,29,4,1,2,0,0,1
70,1,89.25,10,22,4,3,0,0,0,1
0,0,138.0,8,17,4,1,0,0,0,1
1,0,107.0,9,22,3,1,0,0,3,1
7,0,169.17,3,7,4,5,1,1,0,0
134,0,116.1,6,18,4,1,0,3,0,1
0,2,155.0,9,15,4,1,0,0,3,1
7,1,78.0,11,30,4,2,0,3,0,0
67,1,69.5,3,10,4,3,0,3,0,1
113,1,96.3,4,15,4,2,0,0,0,1
12,2,0.0,8,17,1,1,0,0,0,1
42,1,144.9,8,14,4,2,2,0,0,1
89,1,85.0,9,4,3,5,2,0,0,1
106,0,62.0,1,5,3,4,0,0,3,1
7,1,123.2,10,20,4,3,0,0,0,1
20,1,122.0,8,31,4,2,0,0,0,0
20,1,89.0,1,30,4,1,2,0,0,1
51,1,68.47,12,8,4,3,0,0,0,1
84,1,109.65,5,16,4,3,1,3,0,0
108,0,98.25,9,19,4,1,2,0,0,0
18,2,119.1,12,31,4,1,2,3,0,1
13,1,119.0,6,28,4,1,0,3,0,1
54,0,116.1,5,6,4,2,0,3,0,0
11,0,79.5,11,1,3,6,2,3,0,1
16,1,109.0,3,17,4,3,0,0,0,1
37,1,105.33,8,22,4,4,1,3,0,1
88,0,82.45,7,15,3,2,1,0,3,0
24,2,159.0,5,29,4,0,1,0,3,1
28,0,81.0,2,4,4,1,0,0,0,0
47,1,101.7,6,21,4,1,0,0,0,1
64,1,126.0,11,1,4,4,0,0,3,1
214,1,105.3,8,4,4,2,0,0,3,0
44,1,0.0,5,23,1,1,1,0,0,1
140,0,116.45,7,4,4,5,1,0,3,0
7,0,65.0,12,10,2,1,0,0,0,1
100,0,105.0,12,23,3,2,0,0,0,1
8,1,108.57,5,10,4,2,0,0,3,0
28,2,130.9,12,15,4,3,1,0,3,1
25,0,75.0,10,20,3,3,0,0,0,1
8,1,54.5,3,15,4,2,0,0,0,1
31,1,106.4,3,1,4,1,0,0,3,0
141,0,75.0,6,3,3,2,1,0,0,0
143,0,129.6,9,22,4,3,1,0,0,0
97,1,103.7,12,12,4,5,2,0,0,1
1,1,102.0,2,27,4,1,0,0,0,1
64,2,74.61,12,25,4,2,2,0,3,1
93,0,159.3,6,8,4,3,0,0,0,0
3,1,56.0,3,1,1,3,0,0,0,1
8,1,110.46,6,30,4,3,0,0,0,1
1,2,111.0,2,26,4,2,0,0,0,1
64,1,48.51,3,11,4,2,1,3,0,1
28,2,95.95,10,12,4,1,1,0,0,1
33,1,42.0,11,10,3,4,0,0,0,1
1,0,152.0,9,23,4,1,0,3,0,1
0,1,79.0,1,29,4,2,0,3,0,1
23,2,139.0,9,25,4,3,2,0,0,1
31,1,76.23,12,19,4,1,0,3,0,1
103,0,118.8,8,3,4,3,0,0,3,0
30,1,116.3,3,4,4,2,0,0,3,1
50,0,65.67,12,31,3,3,0,0,0,1
106,1,104.0,12,27,4,2,0,0,0,1
105,0,143.1,6,8,4,3,0,0,0,0
4,1,65.0,11,1,2,3,0,0,0,1
52,1,60.0,11,19,3,3,0,0,3,1
65,1,68.85,7,10,4,2,0,0,0,0
11,0,65.0,9,15,2,3,0,0,0,1
28,1,134.37,8,21,4,1,2,3,0,1
82,1,97.54,7,23,4,1,2,0,1,1
173,0,89.25,10,15,4,4,2,0,0,0
103,2,93.6,12,7,4,1,0,0,0,0
34,1,66.53,10,6,4,2,0,0,0,1
4,3,120.0,9,14,4,0,1,0,0,1
62,0,109.8,9,4,4,0,1,0,0,0
91,0,75.0,5,11,3,3,0,0,0,1
148,0,96.3,8,26,4,2,2,0,0,0
0,0,188.0,8,8,2,0,1,0,4,1
151,1,110.58,7,11,4,3,1,0,0,0
125,2,102.8,6,19,4,1,2,0,3,1
29,1,111.5,5,19,3,2,0,0,3,1
12,1,77.57,9,7,4,3,1,0,3,1
36,1,107.1,7,1,4,2,0,3,0,1
11,1,227.15,8,24,4,3,0,0,6,1
80,0,73.95,3,15,4,4,0,0,0,0
234,0,105.04,9,12,4,5,2,0,0,0
14,0,132.33,3,4,4,7,2,1,0,0
7,0,119.0,3,30,4,1,0,0,0,1
20,2,86.0,2,7,4,1,2,0,0,1
18,2,101.0,11,11,4,1,0,0,0,1
0,0,65.0,4,20,2,1,0,0,0,1
108,3,150.3,8,27,4,1,1,0,3,1
252,1,163.63,8,14,4,3,2,0,1,0
74,0,85.5,4,8,4,1,0,3,0,0
98,1,95.0,5,3,3,4,0,0,0,1
139,0,68.0,11,16,3,4,2,0,0,0
87,1,119.85,5,21,4,3,2,0,0,1
2,0,94.0,11,2,0,2,0,0,3,1
222,2,72.9,12,2,4,2,1,0,0,0
75,1,115.5,7,8,4,2,1,0,0,1
38,0,104.4,3,19,4,1,2,0,3,1
6,1,70.07,2,13,4,1,0,0,0,1
48,0,111.6,10,1,4,3,2,0,0,1
154,2,151.2,10,17,4,3,1,0,3,0
32,0,108.3,4,13,4,3,0,0,0,0
52,1,131.4,3,22,4,3,0,0,3,0
19,0,187.0,7,5,4,4,0,0,3,1
91,1,105.3,7,23,4,3,2,0,0,1
259,2,140.43,12,28,4,4,1,0,0,1
1,2,89.0,4,16,4,1,2,3,0,1
170,2,86.24,7,28,4,3,0,3,0,1
145,0,106.32,8,15,4,2,1,0,1,1
28,0,97.0,1,8,3,2,0,1,0,1
0,1,178.33,8,18,4,3,0,0,3,1
19,0,194.67,1,1,4,2,1,0,5,1
82,0,109.37,4,16,4,4,2,0,3,0
69,2,159.3,5,27,4,2,0,0,3,1
0,0,65.0,10,12,2,0,1,0,0,1
9,0,77.25,1,17,4,0,2,0,1,1
18,1,142.43,8,27,4,5,2,0,3,0
3,1,66.57,2,18,4,1,0,0,0,1
6,1,80.0,8,10,4,5,1,3,0,1
27,1,234.0,9,29,4,2,0,0,5,0
8,0,65.0,3,1,2,5,0,0,0,1
93,0,108.9,7,3,4,5,2,0,0,0
36,1,77.99,12,22,4,1,0,3,0,1
2,1,91.68,12,23,4,4,2,0,0,1
62,1,81.9,11,15,4,2,2,0,3,1
118,0,99.45,7,15,4,3,2,0,0,0
59,2,72.25,10,29,4,3,0,0,0,1
3,1,115.5,10,31,4,0,1,0,0,1
25,1,154.0,10,17,4,1,1,3,0,1
24,1,107.1,6,13,4,3,1,0,0,1
0,0,109.0,3,16,4,1,0,0,0,1
3,0,89.0,12,4,3,0,2,0,0,1
7,1,175.67,8,12,4,2,1,0,0,1
240,2,253.1,12,31,4,1,2,0,3,0
207,1,62.54,10,28,4,2,2,3,0,1
77,0,90.95,10,20,3,3,1,0,3,1
13,1,101.0,11,22,4,0,1,0,3,1
0,0,0.0,8,5,1,1,0,0,0,1
33,0,70.0,9,28,1,2,0,0,0,1
4,1,95.2,12,25,4,2,2,0,3,1
22,0,76.81,9,4,4,2,1,0,0,1
1,0,129.0,3,19,4,1,0,3,0,1
1,2,45.0,2,16,3,1,0,0,3,1
34,0,56.16,12,17,4,1,1,3,0,1
50,2,111.6,12,25,4,0,1,0,0,1
0,2,0.0,4,27,1,0,0,0,3,1
28,0,95.0,4,18,4,0,1,0,0,0
106,2,113.4,10,7,4,2,1,0,0,1
36,0,72.0,11,26,3,1,2,0,0,1
166,0,99.45,6,29,4,4,0,0,3,0
200,0,83.58,8,26,4,4,2,3,0,0
48,1,149.4,8,24,4,4,0,0,3,1
15,2,102.0,12,28,4,4,0,3,0,1
33,1,125.1,7,23,4,1,2,3,0,1
8,0,73.15,9,1,4,2,0,0,0,1
189,1,112.5,7,10,4,0,2,3,0,0
13,1,94.0,2,18,4,2,0,0,0,1
126,1,90.95,6,28,4,4,0,0,0,1
48,0,112.88,10,25,3,3,2,1,1,1
0,0,109.87,4,22,4,1,0,0,0,1
0,0,72.0,1,2,3,1,0,0,0,1
3,0,124.0,9,8,4,4,0,0,0,1
34,1,129.6,3,15,4,5,0,1,3,1
3,1,119.0,4,28,4,1,0,3,0,1
269,0,102.51,10,10,4,4,1,0,0,0
38,1,116.1,5,2,4,2,1,3,0,1
157,1,117.68,11,6,4,2,2,0,0,0
5,0,65.0,9,2,2,1,0,0,0,1
151,2,91.48,10,6,4,3,2,0,0,1
12,1,123.3,10,6,3,4,0,0,3,1
15,4,0.0,8,28,1,1,0,0,1,1
0,0,65.0,9,27,2,0,2,0,0,1
2,1,123.0,8,28,3,1,2,0,0,1
111,1,76.5,7,6,4,2,1,0,0,0
3,0,166.25,9,22,2,1,0,0,3,1
176,1,77.89,8,18,4,3,2,0,0,1
58,0,153.77,9,5,4,5,2,0,3,1
39,1,80.3,2,11,4,3,2,0,0,1
5,1,136.0,10,28,4,3,0,0,3,1
122,1,118.8,8,2,4,3,0,0,3,1
223,1,89.73,9,2,4,12,4,3,0,0
32,0,109.87,9,25,4,3,2,0,3,1
6,0,75.0,11,1,3,3,0,0,0,1
91,0,70.0,3,18,3,1,0,0,3,0
87,0,150.3,8,9,4,4,0,0,3,0
20,2,215.0,3,28,4,4,1,0,5,1
115,0,82.45,8,22,3,5,2,0,3,1
58,1,66.53,10,30,4,2,0,3,0,1
177,1,103.5,8,16,4,2,0,3,0,0
140,0,94.5,7,17,4,0,2,3,0,0
0,2,0.0,4,26,1,2,0,0,3,1
41,1,98.55,3,28,3,4,1,0,0,1
2,0,0.0,12,9,1,1,0,0,0,1
55,2,131.4,3,22,4,3,0,0,3,1
5,0,109.0,7,29,4,1,0,3,0,1
189,1,70.44,10,22,4,2,2,0,0,1
14,1,131.7,5,30,4,5,2,0,3,1
80,2,86.4,12,7,4,3,0,0,0,1
1,1,156.0,10,16,4,3,2,0,0,1
71,1,105.83,4,6,4,4,0,0,3,1
10,3,35.0,7,3,1,0,2,0,4,1
54,0,149.4,6,3,4,1,0,0,3,1
131,2,72.77,8,5,4,2,0,3,0,1
3,0,69.84,1,15,4,3,2,0,0,1
95,0,59.5,11,6,3,3,2,3,0,1
0,1,65.0,3,9,2,1,0,0,0,1
111,1,99.45,6,26,4,2,2,0,0,1
6,0,87.0,12,18,4,2,1,0,0,1
51,1,137.7,7,15,4,1,0,0,3,1
49,3,109.8,9,2,4,1,0,0,0,1
239,2,80.75,6,28,4,5,0,3,0,0
74,0,81.25,7,23,3,2,2,0,0,1
29,0,97.33,4,18,4,3,1,0,0,1
6,2,155.2,11,6,4,3,2,0,0,1
3,1,84.7,10,25,4,1,0,3,0,1
65,0,118.8,4,23,4,1,0,0,3,1
20,1,97.0,12,18,4,0,2,3,0,1
11,0,122.33,4,29,4,2,1,3,0,0
116,2,135.9,9,23,4,1,0,0,0,1
5,2,141.0,4,1,4,3,2,0,3,1
159,2,94.25,9,28,4,2,0,0,0,0
62,2,132.3,10,13,4,3,0,0,3,1
89,1,132.6,5,16,4,3,1,0,3,1
5,1,159.0,9,15,4,1,0,0,0,1
3,0,98.8,9,7,3,1,1,0,0,1
110,0,113.5,12,9,3,4,0,0,6,1
0,1,0.0,12,16,1,1,0,0,6,1
173,1,98.1,10,1,4,1,2,3,0,1
54,2,159.3,6,17,4,2,1,0,3,1
35,1,98.1,5,24,4,1,0,3,0,1
0,0,90.0,8,25,3,1,0,1,0,1
1,1,66.22,2,1,4,0,1,0,0,1
12,0,112.42,5,30,4,2,1,0,3,0
1,1,180.0,1,13,4,4,0,0,5,1
5,0,65.0,9,2,2,2,0,0,0,1
17,1,121.0,5,31,4,2,0,0,0,1
3,1,65.0,3,20,2,0,2,0,0,1
256,0,115.0,6,15,3,2,0,1,0,0
63,1,65.66,2,15,4,3,1,0,1,1
177,1,130.05,8,3,4,4,1,0,0,0
15,0,85.0,4,13,3,3,0,3,0,1
17,0,109.0,12,24,3,3,1,0,5,1
71,1,124.44,12,4,4,2,0,0,4,1
2,0,87.3,1,15,4,2,0,0,3,1
120,1,85.5,6,27,4,2,1,3,0,1
9,0,89.0,6,13,4,0,1,3,0,1
17,2,114.4,9,10,4,3,2,0,0,1
26,1,131.0,9,3,4,1,1,0,0,1
36,2,135.9,7,9,4,1,2,0,0,1
0,0,106.67,8,22,4,1,2,0,0,1
15,0,231.0,8,16,4,2,0,0,5,0
4,1,65.0,7,18,2,1,1,0,0,1
0,2,0.0,3,21,1,1,1,0,5,1
101,1,77.78,4,14,4,3,1,0,1,1
84,1,87.3,3,29,4,3,0,0,0,1
163,1,119.7,5,20,4,2,1,0,0,0
9,1,119.0,4,27,4,1,0,3,0,1
65,2,93.08,10,29,4,3,1,0,0,1
59,2,89.25,10,8,4,3,2,0,0,1
14,1,118.0,9,11,4,0,2,0,0,1
2,0,148.2,12,1,4,2,0,0,5,1
4,0,95.0,9,13,3,3,0,0,0,1
216,0,137.0,11,22,2,1,0,0,0,0
46,0,86.4,11,20,4,0,1,0,0,0
4,1,122.48,12,29,4,3,1,0,0,1
42,1,80.76,3,6,4,2,2,0,0,0
4,0,72.8,2,13,3,1,0,0,0,1
56,0,0.0,9,25,4,0,0,0,0,1
40,1,139.87,3,27,4,1,2,0,3,0
76,0,69.33,4,12,4,3,0,0,0,1
1,0,96.0,8,10,4,0,1,0,0,1
43,1,145.2,10,15,4,4,2,0,3,1
147,0,178.59,10,24,4,5,2,1,3,0
109,0,89.75,6,4,3,1,2,0,0,1
47,1,88.4,12,2,4,6,2,0,0,1
34,1,102.3,12,27,4,1,2,3,0,1
121,1,105.3,7,16,4,1,2,0,0,1
1,1,63.75,12,2,4,2,0,0,0,1
64,1,117.9,6,19,4,1,2,0,0,1
59,1,116.1,5,21,4,3,2,3,0,0
61,2,89.25,10,19,4,4,1,0,0,1
6,0,78.69,11,17,4,5,2,3,0,0
99,0,89.25,5,1,4,2,2,3,0,0
11,1,90.95,11,6,4,2,2,0,0,1
0,1,119.0,6,16,4,1,0,3,0,1
14,1,129.0,9,20,4,1,0,3,0,1
29,2,85.0,12,2,2,2,0,0,0,1
100,1,90.3,3,26,4,1,2,0,0,1
88,0,54.09,12,2,4,2,2,0,0,1
2,2,124.0,8,13,4,1,0,0,0,1
74,1,124.6,11,10,4,3,2,0,0,1
32,0,149.4,9,11,4,1,2,0,3,0
1,1,65.0,8,2,2,1,0,0,0,1
21,3,119.0,9,25,4,0,1,3,0,1
56,0,156.6,12,19,4,0,1,0,5,0
61,1,97.0,11,11,4,2,1,3,0,1
32,1,68.0,10,26,3,4,1,0,3,1
0,1,124.0,9,11,4,1,0,0,0,1
31,2,102.99,10,3,4,5,2,0,0,0
2,1,65.0,3,30,2,3,0,0,0,1
28,1,136.0,10,27,4,2,0,0,3,1
3,0,75.0,12,19,4,1,0,3,0,1
102,0,150.15,6,12,4,3,2,0,3,1
86,1,88.83,3,23,4,4,0,0,0,0
124,1,143.1,5,31,4,3,0,0,0,0
51,2,132.6,5,10,4,5,1,0,3,1
140,1,105.3,5,29,4,1,2,0,0,1
4,1,132.08,5,31,4,4,0,0,3,1
150,2,121.83,6,14,4,5,1,0,3,1
32,2,62.0,2,26,3,2,1,0,0,1
0,0,4.5,11,28,1,1,1,0,0,1
171,1,90.95,6,28,4,4,0,0,0,1
3,0,90.67,6,10,3,2,1,0,0,1
82,0,95.0,9,6,3,5,1,0,0,1
22,0,85.0,10,5,3,3,0,0,0,1
138,1,162.0,9,25,4,1,2,0,3,0
149,0,80.75,8,29,4,2,2,0,0,0
2,1,87.3,1,8,4,2,1,0,0,1
186,0,72.25,8,16,3,3,0,0,0,1
39,0,80.1,2,27,4,1,1,0,0,0
57,2,112.2,11,11,4,2,1,0,0,1
138,1,79.2,11,25,4,2,0,3,0,1
15,1,75.5,1,25,4,10,4,0,0,1
4,0,81.0,2,19,2,2,1,0,0,1
70,1,84.15,3,28,3,3,1,0,0,1
23,2,117.0,10,8,4,2,0,0,3,1
11,0,130.0,10,26,4,2,0,0,0,0
1,0,100.0,10,2,3,2,0,0,0,1
11,1,125.4,10,4,4,3,2,0,0,1
5,2,162.0,8,16,4,3,2,0,5,1
77,1,94.49,3,27,4,4,2,0,3,1
63,2,109.35,4,26,4,2,0,0,0,1
4,1,92.43,12,26,4,5,2,0,3,1
4,0,65.0,10,18,2,1,2,0,0,1
76,2,99.73,7,4,4,3,1,0,0,1
101,0,132.6,6,1,4,4,0,0,3,0
77,0,109.8,12,3,4,1,2,0,0,0
2,1,65.0,11,30,2,2,0,0,0,1
45,0,194.73,5,13,4,2,1,0,6,0
17,0,95.0,6,13,3,3,1,0,0,0
33,1,116.1,5,16,4,0,1,3,0,1
217,1,168.3,8,27,4,1,1,0,5,0
74,0,69.4,7,27,4,7,3,0,0,1
9,1,87.0,2,14,3,2,2,0,0,1
1,0,109.0,7,29,4,1,0,3,0,0
27,0,177.0,4,29,4,2,1,0,3,0
204,0,59.07,10,2,4,2,1,0,0,0
20,0,107.0,10,4,4,4,2,0,0,1
38,1,77.86,12,2,4,2,2,0,1,1
22,2,187.0,6,27,4,1,1,0,3,1
10,0,114.0,9,22,4,2,0,3,0,1
41,1,66.72,3,16,3,7,2,0,3,1
35,2,137.34,9,25,4,3,2,0,3,1
38,0,73.1,3,4,3,2,0,0,1,1
119,0,144.45,8,5,4,2,2,0,3,0
37,1,81.55,2,6,4,1,1,0,1,1
43,1,88.4,12,8,4,3,1,0,0,1
33,1,61.75,2,7,4,2,2,0,3,1
15,1,120.18,6,1,4,4,0,0,0,1
0,0,135.67,7,8,4,2,1,3,0,1
0,0,206.0,7,20,4,2,0,0,5,0
117,1,95.2,4,29,4,2,2,0,0,1
49,0,85.0,5,6,3,2,0,3,0,1
5,2,157.0,4,21,4,3,0,0,3,1
35,2,112.5,4,18,4,1,1,0,0,1
9,0,86.25,1,17,4,0,2,0,1,1
10,0,90.33,12,1,4,3,0,3,0,1
1,2,221.0,5,14,4,1,0,0,5,1
1,1,99.33,7,5,4,2,0,3,0,1
0,0,99.14,8,29,4,5,2,3,0,1
0,0,147.59,9,16,4,1,0,3,3,1
71,1,108.0,10,7,4,1,0,0,1,1
14,2,131.43,10,13,4,5,2,0,0,1
75,0,135.0,10,20,4,1,0,0,0,0
9,0,75.0,1,29,4,1,0,3,0,1
111,1,86.9,9,1,4,3,0,3,0,1
31,0,74.88,12,8,3,3,0,0,0,1
37,0,65.0,5,8,2,0,1,0,0,1
217,2,46.63,12,5,4,7,3,3,0,1
59,0,99.85,4,27,4,4,0,3,0,0
133,1,76.5,8,14,4,2,2,0,0,1
10,0,152.53,9,29,4,3,0,0,3,1
13,1,85.0,11,15,4,1,2,3,0,1
34,1,119.0,10,26,4,4,0,0,0,0
164,0,96.3,8,29,4,2,1,0,0,0
111,1,58.0,3,20,3,0,2,0,0,1
41,0,85.5,10,16,3,2,2,0,0,1
90,0,112.88,9,7,3,3,0,0,3,1
80,1,94.5,7,24,4,0,2,3,0,1
121,0,89.76,9,9,4,4,2,3,0,1
1,0,85.0,2,22,4,0,1,3,0,0
123,0,113.55,5,13,4,2,2,0,0,0
36,2,104.0,12,10,4,2,2,0,0,1
45,1,128.4,6,8,4,3,0,0,3,1
4,0,0.0,4,30,4,0,0,0,0,1
21,0,95.0,4,28,0,8,3,0,0,1
0,1,0.0,9,9,1,1,0,0,6,1
5,0,131.0,10,4,2,5,0,0,0,0
4,1,98.0,6,7,2,1,0,0,0,1
47,0,92.0,11,11,4,1,0,0,0,1
19,1,121.75,10,1,4,3,1,0,3,1
2,0,77.0,9,21,3,2,1,0,0,1
102,0,140.4,6,3,4,1,0,0,3,1
9,1,107.0,11,12,4,3,1,0,3,1
12,1,93.5,11,1,4,4,0,3,0,1
73,1,76.5,4,3,4,1,2,3,0,1
146,1,117.66,7,30,4,10,4,0,3,0
13,0,78.0,12,20,4,3,0,3,0,1
23,0,98.0,4,8,4,1,0,3,0,1
72,0,159.3,8,29,4,1,1,0,3,0
113,1,108.0,10,13,4,1,0,3,0,1
30,0,77.5,3,9,4,3,0,0,1,0
214,1,90.95,8,7,4,3,2,0,0,1
29,2,114.4,10,31,4,4,1,0,0,0
30,0,77.5,3,4,4,2,0,0,0,1
69,1,72.9,3,12,4,1,1,0,0,0
86,1,82.45,3,29,4,4,0,0,0,1
34,0,149.4,8,10,4,1,0,0,3,0
48,1,139.5,10,9,4,0,2,0,3,0
33,1,97.71,5,9,4,4,1,0,0,1
3,1,60.83,2,13,4,1,0,3,0,1
6,0,77.78,11,22,4,6,2,3,0,0
47,0,105.3,4,11,4,1,1,0,0,0
12,2,129.5,5,16,4,0,1,0,0,1
32,0,70.0,12,27,3,5,1,0,0,1
0,0,105.4,6,20,3,2,1,0,0,1
1,0,88.0,3,2,2,1,0,0,0,1
50,1,162.4,10,30,4,3,2,1,3,0
35,0,75.0,10,26,3,3,1,0,3,1
73,1,117.64,7,1,3,5,2,0,3,1
220,2,73.95,11,29,4,5,2,0,0,1
172,0,109.8,8,17,4,2,0,0,0,0
349,0,96.67,10,4,3,5,1,0,0,0
56,0,135.9,9,10,4,1,2,0,0,0
168,1,171.9,11,7,4,3,1,0,0,0
3,0,68.0,3,11,3,2,2,0,0,1
1,0,0.0,9,15,1,1,0,0,0,1
3,3,90.0,8,23,4,0,1,0,0,1
66,0,99.9,4,4,4,1,1,0,0,1
0,1,89.0,3,1,4,2,0,3,0,1
48,0,68.0,12,1,3,3,2,0,0,1
38,0,198.9,5,16,4,3,1,0,5,0
87,1,118.8,10,19,4,2,0,0,0,1
72,1,151.2,10,18,4,3,0,0,3,0
7,2,90.0,8,26,4,4,0,0,0,1
5,0,116.5,8,15,3,1,2,1,0,1
186,1,90.95,7,21,4,3,1,0,0,1
259,2,95.85,7,22,4,2,0,0,1,0
11,0,75.0,9,20,3,3,2,0,3,1
68,1,96.99,5,21,4,3,2,0,3,1
23,0,68.0,3,17,3,4,2,0,0,1
86,0,85.0,8,4,3,5,2,0,0,1
34,0,85.0,8,21,3,3,2,0,0,1
46,0,107.1,4,3,4,1,2,3,0,1
104,1,76.5,4,15,4,2,2,0,0,0
1,0,145.0,10,20,3,1,0,0,0,1
51,0,119.7,4,27,4,1,0,0,3,0
116,0,87.0,2,28,3,1,2,0,0,1
110,2,118.8,10,10,4,2,1,0,0,0
8,1,52.0,12,26,3,2,2,0,0,1
253,0,65.83,10,29,4,1,2,3,0,0
28,2,113.79,9,11,4,5,2,0,0,0
14,0,69.75,3,10,3,3,1,0,3,1
19,1,99.0,7,29,4,1,0,3,0,1
26,0,133.0,10,2,4,1,2,3,0,1
11,1,153.0,8,21,4,2,1,3,5,1
0,1,106.0,11,9,4,3,1,0,0,1
6,1,67.0,11,16,2,1,0,0,0,1
47,3,73.08,3,30,4,3,0,0,0,1
82,2,89.25,9,5,4,1,0,0,0,1
44,1,152.1,8,17,4,4,0,0,0,1
64,1,75.0,11,26,3,1,1,0,0,1
49,1,75.05,12,6,4,3,0,0,3,1
75,0,74.68,3,19,4,5,2,0,0,1
1,1,67.0,8,17,2,2,0,0,0,1
34,0,69.3,10,18,3,0,1,0,0,1
1,0,90.0,10,13,3,1,0,0,0,1
44,0,85.0,4,23,3,1,2,0,0,1
7,0,148.0,3,23,4,3,0,0,3,1
6,1,67.0,12,8,2,1,0,0,0,1
25,0,85.0,7,23,3,3,2,0,0,1
10,1,124.33,6,26,4,1,2,0,0,1
1,1,124.0,8,1,4,1,1,0,0,1
10,1,63.58,3,10,3,3,1,0,0,1
0,1,139.5,10,12,4,2,0,0,3,1
24,1,107.1,10,16,4,1,2,3,0,0
14,0,161.0,3,31,4,3,2,0,3,1
16,1,98.6,12,24,4,2,2,0,3,1
0,1,0.0,9,20,1,0,2,0,0,1
0,0,129.0,8,18,4,1,0,3,3,1
202,0,80.24,6,20,3,5,2,0,0,1
118,2,85.0,11,25,4,3,2,0,0,1
149,0,106.25,6,28,4,5,2,0,0,0
160,2,110.5,7,18,4,3,1,0,0,0
59,1,106.2,11,28,4,4,2,0,0,1
15,1,160.0,3,20,4,2,2,0,0,1
0,0,77.0,11,14,2,0,1,0,0,1
86,0,49.07,11,20,3,2,1,0,0,1
247,0,96.3,8,11,4,2,0,0,0,0
8,0,156.0,6,15,4,2,0,0,3,0
1,0,0.0,9,4,4,2,1,0,0,1
39,0,76.5,3,4,4,2,0,0,0,0
1,1,115.0,9,9,4,2,0,3,0,1
13,0,147.9,11,13,4,4,2,0,5,0
73,3,89.25,10,11,4,5,2,0,0,1
182,0,114.75,7,30,4,2,2,0,0,0
6,0,75.0,12,27,2,0,2,0,0,1
78,0,154.7,3,21,4,5,1,0,5,1
247,0,109.0,6,6,4,1,1,1,0,0
1,0,0.0,10,20,1,2,0,0,0,1
52,2,108.11,5,27,4,2,1,0,3,1
0,0,95.0,3,1,3,1,0,0,0,1
211,1,121.55,10,21,4,2,2,0,3,0
45,1,134.1,6,29,4,2,0,0,0,1
75,1,149.4,8,12,4,3,2,0,3,1
182,1,122.4,10,6,4,3,1,0,3,0
54,1,96.0,11,11,4,2,1,0,0,0
3,1,67.0,12,5,2,0,1,0,0,1
125,2,97.71,6,17,4,2,1,0,0,1
13,0,79.15,3,27,3,2,2,0,0,1
91,1,109.65,5,22,4,2,2,3,0,1
49,2,84.45,2,6,4,2,2,0,3,1
7,1,142.6,9,12,4,3,2,0,0,1
1,0,90.0,8,21,4,2,1,0,0,1
2,0,144.8,11,25,3,2,0,0,5,1
38,0,170.1,5,30,4,1,1,0,0,0
327,1,88.0,9,9,3,4,2,1,0,1
163,2,76.5,8,19,4,4,2,0,0,1
31,1,173.25,10,3,4,5,1,0,3,0
69,1,76.5,7,22,4,5,2,0,0,0
19,2,174.0,9,29,4,2,0,0,3,1
0,0,0.0,8,25,1,7,2,0,0,1
0,0,0.0,9,18,1,0,2,0,0,1
5,1,119.8,12,7,3,3,0,0,4,1
9,2,178.0,10,30,4,0,2,1,0,1
68,1,168.3,9,9,4,2,1,0,3,1
1,0,67.0,3,30,2,3,0,0,0,1
76,0,99.45,3,26,4,3,2,0,3,0
164,1,100.0,10,2,3,1,0,0,0,1
120,0,80.75,6,15,3,3,0,0,0,1
113,1,90.0,12,8,4,1,0,0,0,0
6,0,81.0,2,1,4,0,1,3,0,1
3,0,95.48,5,13,4,1,0,3,0,0
0,0,0.0,1,30,1,1,0,0,0,1
57,1,66.53,9,19,4,3,2,3,0,1
285,1,95.4,7,21,4,3,0,0,0,0
201,3,68.8,11,1,4,4,0,0,0,1
139,1,98.87,8,23,4,5,2,0,0,1
27,1,99.0,4,12,4,2,0,3,0,0
31,0,65.0,12,17,2,2,0,0,0,1
79,1,96.62,4,4,4,5,1,0,3,0
96,2,135.72,10,21,4,3,2,0,3,1
35,2,109.0,10,27,4,3,0,3,0,1
86,0,132.6,5,10,4,4,0,0,3,1
22,2,198.88,12,29,4,3,2,1,3,1
43,0,126.9,5,9,4,2,1,0,0,0
180,0,112.5,7,23,4,1,1,0,1,0
2,0,72.0,2,17,3,3,0,0,0,1
5,1,63.4,1,24,4,1,2,0,3,1
36,1,112.59,9,9,4,1,0,3,0,1
6,1,79.5,3,2,2,2,0,0,0,1
76,1,76.5,3,18,4,2,0,3,0,1
208,0,75.44,12,29,4,4,0,0,0,0
161,1,123.46,6,21,4,4,0,0,3,0
93,2,90.3,10,31,4,2,1,0,0,0
78,3,130.58,10,21,3,2,2,1,0,1
2,0,75.0,9,20,3,3,2,0,3,1
61,0,75.0,11,26,3,1,2,0,0,1
10,0,98.1,4,14,4,1,0,3,0,1
203,1,90.95,7,19,4,5,0,0,0,0
0,1,73.9,1,6,4,1,0,0,0,1
8,2,240.0,8,10,4,2,0,0,5,1
106,0,108.3,7,11,4,2,1,0,0,0
36,0,60.0,11,3,3,5,0,0,3,1
6,1,101.73,8,26,4,3,2,0,3,1
10,0,63.75,10,22,3,3,1,0,3,1
12,1,121.0,6,8,4,2,0,0,0,0
4,0,159.0,10,10,2,2,1,0,0,1
3,0,199.4,4,7,4,8,2,0,5,0
23,2,200.0,8,21,4,1,2,0,3,1
41,0,82.45,2,4,4,3,0,0,3,0
2,2,133.0,8,19,4,2,0,3,0,1
58,0,109.8,12,8,4,2,0,0,0,0
0,1,142.2,8,30,4,4,0,0,3,1
0,2,67.5,3,25,3,2,1,0,0,1
103,0,150.67,12,31,3,1,2,0,0,1
16,1,89.0,11,17,4,2,0,3,0,1
238,1,94.07,9,1,4,4,2,0,0,1
138,0,71.0,4,23,3,1,2,0,0,1
21,3,105.0,9,5,4,2,2,0,0,1
29,1,109.2,4,11,4,2,1,0,0,1
152,2,110.65,8,5,4,2,1,0,0,0
19,2,99.0,5,9,4,1,1,3,0,1
41,2,101.52,5,10,3,4,0,0,0,1
15,0,103.0,3,12,4,1,2,0,0,0
282,1,109.23,12,25,4,5,3,0,3,0
1,2,141.0,6,18,4,1,2,0,0,1
196,3,81.81,7,4,4,10,3,0,1,1
41,1,110.09,10,23,4,2,2,0,3,1
81,1,103.7,4,25,4,3,1,0,3,1
79,1,102.6,11,17,4,3,0,0,3,0
45,1,108.0,10,11,4,3,0,3,0,1
58,2,198.0,10,21,4,2,1,0,5,1
29,1,129.73,8,15,4,2,1,3,0,0
57,2,228.6,9,26,4,1,1,1,3,1
62,1,115.5,9,5,4,2,1,0,3,1
128,1,94.5,8,3,4,3,0,3,0,1
54,0,116.1,5,21,4,1,0,3,0,0
72,1,76.5,7,6,4,6,3,0,0,0
56,0,75.0,11,10,3,3,1,0,0,1
105,0,139.5,7,31,4,3,2,0,3,0
0,2,143.5,6,28,4,2,0,3,0,1
43,2,194.3,11,1,4,3,0,1,3,1
178,0,112.01,9,2,4,5,2,0,1,0
203,0,112.5,12,8,4,3,0,1,0,1
27,0,99.2,9,23,3,1,0,0,0,1
30,2,88.0,12,8,4,3,0,3,0,1
68,0,86.4,11,25,4,2,0,0,0,1
2,1,80.0,1,19,4,4,0,3,0,1
82,2,98.25,9,5,4,1,0,0,0,1
102,0,108.0,10,2,4,1,2,3,0,0
79,0,96.3,3,21,4,2,1,0,3,1
3,1,106.0,3,31,4,1,0,0,0,1
95,0,126.9,5,7,4,1,0,0,0,0
57,1,114.66,4,21,4,7,2,0,3,1
2,2,210.0,9,22,4,1,0,0,3,1
12,1,147.2,9,14,4,4,1,0,3,1
61,1,88.0,11,11,4,2,1,3,0,1
54,1,88.4,11,17,4,3,2,0,0,0
8,2,90.0,8,26,4,4,0,0,0,1
9,2,176.42,8,25,4,3,2,1,3,1
52,0,60.0,11,9,3,3,1,0,3,1
122,0,85.5,7,16,4,2,0,0,0,0
31,1,77.47,6,26,4,1,2,0,0,1
15,1,93.56,6,2,4,3,1,3,0,1
63,0,87.98,4,25,3,4,1,0,0,0
56,1,82.44,12,7,4,3,0,0,1,1
53,1,104.58,4,25,4,4,1,0,3,1
9,1,120.0,11,14,4,3,1,0,0,1
21,0,64.8,3,1,3,1,0,0,0,1
1,0,198.0,9,22,3,3,1,0,3,1
8,2,135.67,10,29,4,1,2,3,0,1
57,0,80.3,2,11,4,3,0,0,0,1
11,1,89.0,1,21,4,3,1,0,0,1
228,0,87.9,10,30,4,1,2,0,0,0
11,2,129.0,2,5,4,2,0,0,3,1
147,0,118.8,8,22,4,2,1,0,3,0
54,0,130.05,4,20,4,3,0,0,0,1
0,1,0.0,2,17,1,1,0,0,5,1
0,0,79.0,3,14,2,2,1,0,0,1
29,1,73.73,3,7,4,3,1,0,3,1
4,2,143.33,10,16,4,1,2,0,0,1
230,1,82.95,12,12,4,3,1,0,0,1
37,2,103.35,6,22,4,1,0,0,0,1
55,0,71.33,12,31,3,3,0,0,0,1
43,1,203.85,8,15,4,2,1,1,0,1
91,2,134.1,8,1,4,3,1,0,0,1
34,0,96.0,12,24,4,1,1,0,0,0
56,2,79.2,12,12,4,0,1,3,0,1
44,1,71.1,3,9,4,3,0,3,0,1
12,1,98.5,9,1,3,3,0,0,0,1
138,0,80.75,9,11,3,1,2,0,0,1
51,0,60.0,11,12,3,3,2,0,3,1
4,0,106.14,8,14,4,5,2,0,0,1
7,1,145.0,7,11,4,0,1,0,0,1
73,1,82.45,3,29,4,4,0,0,0,1
10,0,148.0,6,12,4,6,4,0,3,0
166,2,73.6,4,21,4,3,0,0,1,1
2,1,133.47,10,7,4,2,1,0,0,1
1,1,181.0,8,2,4,1,0,0,3,1
0,0,88.0,8,11,2,1,0,0,0,1
4,1,151.0,7,14,4,1,0,0,0,1
16,1,95.0,10,31,4,1,0,0,0,1
16,2,155.6,11,6,4,3,2,3,0,1
87,1,51.97,3,11,4,2,1,3,0,1
39,0,67.5,2,13,4,1,0,3,0,1
82,1,99.45,4,8,4,2,2,0,3,1
66,1,99.2,10,25,4,4,0,0,3,1
42,0,85.05,11,24,3,2,0,0,0,1
121,0,62.5,11,16,3,4,2,3,0,1
0,1,161.0,10,9,4,1,0,3,0,1
126,0,140.27,8,1,4,5,2,0,3,0
22,1,133.0,9,27,4,2,0,0,0,1
8,1,73.2,1,27,4,4,2,0,0,1
275,0,72.25,12,28,4,4,0,3,0,0
27,0,65.0,11,29,2,0,1,0,0,1
27,0,87.0,3,6,3,2,2,0,0,1
137,1,80.75,4,18,4,3,1,3,0,1
33,0,63.0,11,20,3,1,2,3,0,1
12,0,85.0,7,17,3,0,1,0,0,0
0,0,106.4,6,27,3,0,1,0,0,1
17,1,109.0,3,16,4,1,0,0,0,1
11,2,103.0,11,29,4,1,0,0,0,1
60,1,76.58,4,11,4,3,1,0,0,1
19,1,150.02,9,18,4,4,2,0,5,0
78,0,60.0,12,10,3,3,0,0,3,1
67,0,85.5,3,19,4,1,2,3,0,0
24,0,105.0,9,15,4,3,0,0,0,1
56,0,111.6,4,25,3,3,1,0,0,1
9,1,125.27,8,14,4,1,2,0,0,1
78,0,48.33,3,25,3,4,2,0,0,1
55,0,69.5,3,2,4,3,0,3,0,0
10,2,130.0,2,7,4,0,2,0,3,1
152,0,80.39,10,24,3,10,4,0,3,0
3,0,183.0,3,2,4,3,0,0,5,1
3,0,65.0,12,14,2,0,1,0,0,1
6,1,171.0,8,8,4,1,1,0,0,1
31,1,90.0,4,9,2,1,0,0,3,1
3,1,110.5,12,28,4,4,0,0,0,1
125,5,99.79,9,4,4,6,4,0,0,1
2,1,119.0,4,25,4,0,1,3,0,1
106,1,76.5,8,13,4,7,2,0,0,1
12,2,129.0,9,8,4,1,0,3,0,1
16,0,80.75,5,8,3,2,2,0,0,1
29,1,83.57,4,14,4,3,0,0,0,1
15,1,87.33,12,27,3,5,1,0,3,1
40,1,131.4,3,22,4,1,0,0,3,0
148,1,114.3,8,9,4,3,0,0,0,1
91,0,125.1,5,21,4,1,1,3,0,1
116,1,142.2,8,4,4,3,1,0,3,1
6,1,114.0,9,21,4,3,1,0,0,1
50,2,69.57,2,22,4,4,1,0,0,1
31,2,124.25,9,16,4,2,2,0,1,1
91,1,81.25,4,2,4,4,2,3,0,0
147,1,6.0,4,4,4,3,1,0,1,1
3,0,65.0,10,12,2,0,1,0,0,0
49,2,126.0,11,16,4,3,0,0,3,1
2,0,75.0,6,30,3,1,0,3,0,1
156,0,112.2,8,20,4,2,2,0,3,0
92,2,132.6,6,1,4,4,0,0,3,1
10,0,110.0,9,30,0,2,2,0,3,1
88,0,106.25,10,22,3,4,2,1,0,1
161,1,101.15,7,31,4,3,2,0,0,0
89,0,76.5,7,27,4,1,1,0,0,0
0,1,121.0,8,1,4,0,1,0,0,1
7,0,124.0,8,17,4,1,0,0,0,0
31,2,135.9,9,8,4,2,0,0,0,1
73,1,69.7,3,28,3,3,1,0,3,1
1,2,0.0,10,3,1,1,1,0,0,1
4,2,0.0,11,20,1,1,0,0,6,1
48,1,119.85,5,7,4,4,2,0,0,1
224,1,97.96,9,4,4,2,2,0,0,1
9,0,167.0,4,22,4,2,1,0,3,0
21,0,159.0,8,1,4,3,1,0,0,0
148,2,133.45,7,21,4,3,2,0,0,1
23,3,119.36,12,30,4,3,2,0,3,1
34,1,68.45,11,27,4,5,2,0,0,1
6,1,136.67,5,16,4,2,1,0,0,1
6,0,105.25,12,7,4,0,1,0,1,1
131,0,132.3,10,17,4,1,1,0,3,0
122,0,99.45,5,3,4,4,0,0,0,1
0,0,75.0,3,8,2,1,0,0,3,1
111,0,72.25,7,13,3,3,0,0,0,0
136,1,105.3,5,6,4,2,0,0,0,1
78,1,128.8,7,4,4,6,3,0,3,1
231,0,94.5,8,27,4,1,1,3,0,0
3,0,170.0,9,12,4,1,1,0,3,0
81,1,85.5,4,10,4,0,2,3,0,1
129,2,139.99,7,22,4,2,0,0,5,1
3,0,69.0,2,8,3,3,1,0,0,1
277,0,100.3,9,12,4,4,1,0,0,0
31,2,149.0,10,25,4,3,0,0,0,1
22,0,154.0,9,26,4,3,1,0,3,0
167,1,99.45,8,8,4,3,1,0,0,0
88,0,54.63,10,31,4,5,2,0,0,1
91,0,152.1,8,6,4,1,2,0,3,1
14,0,97.0,3,13,4,0,2,3,0,1
5,0,151.0,7,16,4,1,0,0,0,0
40,0,131.4,3,18,4,2,0,0,3,1
106,0,105.0,5,21,3,3,2,1,0,1
82,1,159.3,5,17,4,3,0,0,3,1
259,1,104.55,12,7,4,4,0,0,3,1
77,0,72.25,4,2,4,2,2,0,0,1
139,1,123.3,8,7,4,1,2,0,0,1
78,1,158.4,9,18,4,1,2,0,3,1
8,2,120.0,11,2,4,1,0,3,0,1
2,0,79.0,11,13,0,1,2,0,0,1
6,0,196.0,4,8,4,2,0,0,5,0
117,0,159.3,8,22,4,4,1,0,3,0
3,0,0.0,5,2,1,0,1,0,0,1
108,1,94.5,5,2,4,2,1,3,0,1
10,2,109.0,2,20,4,1,2,0,0,1
27,1,77.0,1,29,4,2,0,3,0,1
263,0,72.08,8,13,3,1,2,0,0,0
144,2,91.26,10,23,4,3,2,3,0,1
3,0,176.0,5,27,4,2,0,0,3,0
21,0,91.0,3,7,4,0,1,0,0,0
44,1,99.1,6,19,4,0,1,0,0,1
18,0,150.0,6,17,4,2,0,0,0,0
136,1,86.36,8,11,4,3,2,0,0,1
39,2,96.3,11,27,4,2,1,0,0,1
16,0,129.33,4,5,4,3,0,0,3,0
17,0,97.2,11,20,4,14,6,0,0,0
138,0,169.88,8,1,4,5,2,0,5,0
13,2,95.0,6,19,3,0,2,0,0,1
188,1,84.82,8,25,4,3,2,0,1,1
117,1,114.3,5,6,4,2,0,0,3,1
60,1,62.18,10,9,4,2,0,0,0,1
14,0,117.3,11,6,4,2,2,0,0,1
21,1,88.4,12,20,4,5,2,0,0,1
173,1,365.0,7,25,3,2,1,1,0,0
150,1,76.36,10,28,4,2,1,0,3,1
35,0,214.76,8,17,4,3,0,0,6,0
2,1,86.0,12,14,2,3,0,0,0,1
121,0,116.1,6,17,4,2,1,3,0,1
2,0,92.98,10,11,4,1,0,3,0,1
17,0,145.0,4,14,4,2,0,0,0,0
1,1,65.0,1,28,2,1,0,0,0,1
44,2,189.9,7,9,4,1,0,0,5,1
9,1,129.0,6,17,4,2,1,3,0,0
6,1,134.83,9,10,4,4,2,0,0,1
4,0,95.0,6,24,3,2,0,0,0,1
4,2,91.0,11,17,4,1,0,0,0,1
81,0,168.3,9,8,4,3,0,0,3,0
0,0,60.25,12,29,3,4,0,0,3,1
97,1,103.78,6,30,3,3,0,0,3,1
24,1,112.0,1,2,3,1,1,0,5,1
27,1,131.44,6,29,4,4,1,3,0,1
1,1,90.0,2,4,4,4,2,3,0,1
197,2,106.2,4,12,4,3,0,0,0,0
33,1,126.0,4,14,4,3,1,0,0,1
2,1,109.61,12,29,4,2,0,0,0,1
40,1,97.2,10,2,4,0,1,3,0,0
178,1,112.5,7,26,4,3,0,0,0,0
47,2,83.16,10,2,4,0,2,3,0,1
74,3,137.7,7,13,4,4,0,0,3,1
43,0,144.9,8,29,4,2,1,0,3,0
89,0,80.75,10,8,3,2,2,0,0,0
26,1,96.9,11,13,4,2,2,0,3,0
92,0,68.0,7,7,4,4,0,0,0,0
8,1,99.0,5,25,4,1,0,3,0,1
147,0,95.0,6,2,3,3,0,0,0,0
215,0,97.71,9,28,4,2,0,0,0,0
53,1,120.0,4,28,4,3,0,0,0,1
180,0,130.0,10,10,4,2,1,0,2,0
15,1,175.0,8,14,4,0,1,0,3,1
8,2,90.0,8,26,4,2,0,0,0,1
80,2,126.0,11,18,4,2,1,0,3,1
68,2,104.76,4,28,4,3,1,3,0,1
1,1,114.0,9,10,4,1,0,0,0,1
330,1,106.7,10,14,4,2,0,0,1,0
49,0,80.75,6,3,3,2,0,0,0,1
12,0,89.89,12,10,4,2,2,0,0,1
6,1,118.0,3,14,4,4,1,0,0,1
131,0,81.3,4,16,4,1,2,0,0,1
12,1,112.42,8,6,4,1,2,0,0,1
2,0,122.75,6,17,3,3,2,1,3,1
141,1,82.45,7,5,3,5,2,0,3,1
10,2,289.0,9,15,4,3,0,0,6,1
20,0,116.0,11,22,4,1,0,0,0,1
4,2,61.5,12,26,3,2,2,3,0,1
37,1,81.9,3,1,4,2,0,0,0,0
38,0,71.1,3,14,4,3,1,3,0,1
116,0,72.0,2,28,3,2,2,0,0,0
68,1,75.0,4,11,3,2,1,0,0,1
81,1,85.0,11,29,4,0,1,0,0,0
41,3,151.5,10,11,4,3,0,0,3,1
40,0,85.5,10,16,3,2,2,0,0,0
9,1,179.0,5,9,4,3,1,1,3,1
32,1,0.0,12,17,1,1,1,0,0,1
38,0,67.5,2,13,4,1,2,3,0,0
333,0,73.95,12,21,4,4,0,0,0,0
111,0,85.0,12,7,4,4,0,0,0,0
134,1,105.3,5,18,4,2,0,0,0,0
40,0,77.23,2,14,4,5,2,3,0,0
58,0,75.0,11,23,3,4,0,0,0,1
177,2,130.05,8,11,4,3,2,0,3,0
41,0,76.5,7,3,3,1,2,0,0,1
98,1,141.6,5,4,4,4,1,0,3,1
0,0,141.49,10,29,4,1,0,0,3,1
132,1,105.3,5,16,4,2,1,0,0,1
46,0,143.1,5,8,4,3,2,0,0,0
90,0,89.25,9,13,4,1,2,0,0,0
1,0,106.0,8,19,4,1,0,0,0,1
37,1,146.7,7,2,4,2,2,0,0,1
208,0,77.51,8,13,4,5,2,0,3,0
58,1,132.3,10,10,4,3,1,0,3,0
166,0,81.25,7,30,3,1,2,0,0,1
6,2,97.02,10,11,4,1,2,0,0,1
4,1,140.0,10,3,4,2,1,3,0,1
159,1,114.75,5,13,4,2,2,0,0,0
28,1,113.79,9,11,4,5,2,0,0,0
19,2,234.71,9,18,4,5,2,0,5,0
49,0,78.3,3,7,4,2,1,0,0,0
126,1,123.3,7,8,4,1,0,0,0,1
112,1,134.1,9,23,4,2,1,3,0,0
8,1,171.0,8,8,4,0,1,0,0,1
9,1,79.0,2,12,4,2,0,3,0,0
92,0,90.0,11,2,4,4,1,0,0,1
30,1,125.1,7,27,4,1,0,3,0,1
125,2,63.75,7,10,3,5,2,3,0,1
75,2,120.7,12,24,4,2,2,1,0,1
182,1,96.94,3,28,4,5,2,0,0,0
14,1,109.0,6,12,4,0,2,3,0,1
277,0,79.57,9,5,3,5,2,1,0,1
47,0,104.88,9,22,4,3,0,0,0,1
16,0,142.0,4,14,4,1,0,0,3,0
39,1,99.9,6,26,4,0,2,0,0,1
90,1,127.8,4,28,4,2,0,0,0,0
8,1,77.5,1,19,4,2,0,0,0,1
156,0,96.3,6,26,4,0,1,0,0,0
91,0,65.0,9,14,2,3,0,0,0,1
20,0,67.5,1,24,4,2,2,0,0,1
15,0,140.0,12,27,3,5,1,0,4,1
5,1,96.76,8,26,4,2,1,3,0,1
152,1,149.25,8,6,4,3,2,1,0,0
2,0,67.0,10,27,2,1,0,0,0,1
177,0,75.2,3,21,3,5,1,0,0,1
0,0,127.0,6,23,4,1,0,0,0,1
54,0,107.55,7,9,4,2,2,0,0,0
190,0,95.0,6,22,3,4,0,0,0,1
2,0,66.0,1,13,2,2,0,0,0,1
153,1,115.2,6,4,4,1,2,0,0,0
4,0,100.0,12,4,3,0,1,0,0,1
172,1,96.3,6,27,4,2,1,0,0,1
138,1,135.45,8,22,4,3,1,0,3,0
6,2,95.0,12,10,4,1,0,3,0,1
31,2,84.15,11,11,4,2,2,0,0,1
40,1,127.83,4,30,4,3,2,0,1,1
127,2,128.88,6,17,4,2,1,1,0,1
5,0,64.0,2,2,3,3,0,0,0,1
60,1,140.4,6,1,4,3,0,0,3,1
244,0,80.7,12,30,4,2,1,3,0,0
7,2,86.12,11,27,4,2,0,0,0,1
62,1,76.0,4,3,3,3,2,0,0,1
27,0,90.25,9,3,4,3,1,0,0,1
66,3,124.5,11,10,4,3,0,0,0,1
3,2,45.0,5,19,3,1,0,0,0,1
75,1,97.33,4,15,4,2,2,0,0,0
37,1,109.0,10,27,4,2,0,3,0,1
1,0,105.0,5,6,2,2,1,0,0,1
127,1,99.45,5,7,4,5,2,0,0,1
3,2,122.0,8,18,4,2,0,0,0,1
103,0,78.3,3,18,4,2,0,0,0,1
39,0,80.75,9,18,3,2,2,0,0,1
18,4,300.0,10,22,4,1,1,0,6,1
16,1,166.0,7,30,4,1,1,0,3,1
3,1,100.5,11,19,4,1,1,3,0,1
268,0,78.0,4,8,4,3,2,0,0,0
15,0,109.0,5,31,4,3,0,3,0,0
44,0,157.5,8,31,4,3,0,1,3,0
8,0,65.58,2,3,3,4,1,0,0,1
178,2,99.45,8,15,4,3,1,0,0,1
65,1,88.0,11,11,4,1,0,3,0,1
16,1,111.75,10,1,4,3,1,0,0,1
0,1,0.0,2,10,1,1,0,0,5,1
66,0,108.11,6,17,4,1,0,0,3,0
44,0,75.0,7,8,2,1,0,0,0,1
110,1,78.1,11,12,4,2,2,3,0,1
1,0,65.0,9,30,2,1,0,0,0,1
56,1,125.1,8,6,4,1,1,3,0,1
112,1,90.0,11,24,4,3,0,0,0,1
0,0,65.0,8,29,2,2,1,0,0,1
7,3,79.0,12,19,2,3,1,0,0,1
36,0,159.3,6,4,4,1,0,0,3,0
96,0,60.0,3,6,3,3,2,0,0,1
62,2,167.79,4,24,4,3,2,0,5,1
323,1,112.0,5,17,4,4,0,1,0,0
87,2,80.75,4,9,4,2,2,3,0,1
56,0,93.5,3,19,4,4,2,0,0,0
76,1,109.8,6,27,4,3,1,0,0,1
24,1,85.0,8,12,3,2,1,0,0,1
89,0,150.3,8,23,4,5,0,0,3,0
17,1,138.6,11,27,4,3,2,0,3,0
15,0,221.0,5,6,4,1,0,0,5,0
10,1,140.0,4,22,4,2,0,0,0,1
0,0,133.0,9,7,4,0,1,0,0,1
1,0,96.3,8,26,4,2,2,0,0,1
127,3,106.2,12,22,4,2,0,0,0,1
22,0,191.0,8,21,4,3,2,0,3,0
14,0,75.47,1,18,4,10,5,0,0,1
137,0,100.8,8,23,4,4,0,0,0,0
1,0,110.0,9,10,0,3,2,0,3,1
144,1,129.6,9,22,4,3,0,0,0,1
0,0,85.0,1,19,4,1,0,0,0,1
13,0,104.0,4,26,4,2,0,3,0,1
13,2,105.11,5,23,4,2,1,3,0,1
20,1,174.0,9,16,4,2,0,0,3,1
32,0,64.0,1,24,2,1,2,0,0,1
68,0,149.4,9,16,4,1,0,0,3,0
43,1,149.4,5,18,4,1,0,0,3,1
73,0,145.93,7,2,4,10,4,0,3,0
61,1,159.3,5,4,4,1,0,0,0,1
25,0,72.76,10,11,3,2,2,0,0,1
26,2,99.17,11,12,4,4,2,0,3,1
17,0,73.92,9,10,4,2,0,3,0,1
7,1,65.0,11,2,2,5,2,0,0,1
34,1,85.5,10,7,4,3,0,0,0,1
41,0,85.0,10,25,3,3,0,0,0,1
79,0,137.91,12,26,4,3,1,1,3,0
18,0,47.67,2,22,3,5,1,0,0,0
61,1,152.1,9,25,4,1,2,0,0,0
178,0,94.62,8,23,4,3,0,0,1,0
4,0,40.0,9,15,2,2,0,0,0,1
48,1,89.1,6,21,4,1,0,3,0,1
132,1,104.55,3,21,3,5,2,0,4,1
174,1,130.0,7,25,3,2,1,0,0,0
8,1,65.0,10,6,2,1,0,0,0,1
156,1,87.3,8,24,4,4,1,3,0,1
1,0,105.0,5,16,4,0,1,0,0,0
4,1,96.0,9,1,4,2,0,3,0,1
42,0,73.56,2,18,4,3,2,0,0,0
2,0,67.0,4,20,2,1,0,0,0,1
124,0,143.1,9,21,4,4,2,0,3,0
1,1,89.3,1,9,4,1,1,0,3,1
41,2,105.0,10,18,4,3,2,0,0,1
56,1,126.9,5,30,4,2,1,0,0,1
1,2,101.0,4,4,4,0,1,0,0,1
55,0,129.6,10,21,4,2,2,0,4,1
54,1,78.3,3,12,4,1,2,0,0,1
100,0,129.6,9,1,4,3,1,0,0,0
103,0,116.38,6,28,4,11,4,0,0,0
14,1,151.0,7,3,4,2,2,0,0,1
214,1,90.95,10,20,4,5,2,0,0,1
9,0,200.75,4,8,4,6,2,0,5,0
165,0,180.2,8,19,4,3,2,1,0,0
14,1,109.75,9,7,4,3,1,0,0,1
2,0,104.79,6,29,4,2,0,3,3,1
84,0,104.4,10,25,4,5,0,0,3,0
63,1,109.0,6,9,4,1,0,3,0,1
6,0,79.0,7,12,2,1,0,0,0,1
87,1,102.3,6,26,4,1,2,0,0,1
1,2,137.0,8,17,4,1,0,3,0,1
61,1,98.25,9,15,4,1,0,0,0,1
11,1,163.63,11,8,4,4,0,0,3,1
67,0,95.0,7,26,3,1,0,1,0,1
280,2,94.5,12,6,4,3,0,0,0,0
154,0,100.8,8,24,4,2,0,0,0,0
11,0,97.0,11,13,4,5,2,0,0,0
0,0,87.78,9,30,4,1,0,3,0,1
131,3,87.03,8,3,3,3,0,0,0,1
2,0,88.0,3,9,2,1,0,0,0,0
149,0,71.0,1,17,3,2,2,0,0,1
19,0,217.67,4,29,4,2,1,0,5,0
11,0,90.0,2,5,4,1,0,3,0,1
6,0,65.0,12,17,2,2,0,0,0,1
4,1,87.0,2,26,4,2,0,0,0,1
29,0,81.2,1,24,4,1,2,0,0,0
174,0,214.2,10,29,4,2,2,1,5,0
12,0,95.0,2,15,4,3,1,0,0,1
108,0,81.25,7,30,3,3,2,0,0,1
66,0,96.3,3,9,4,3,0,0,3,1
8,0,125.0,5,1,4,0,1,0,0,0
55,1,78.3,3,13,4,1,2,0,0,1
32,1,116.1,5,8,4,0,1,3,0,1
2,1,200.0,9,19,4,1,0,0,3,1
106,2,72.25,7,8,3,6,2,0,0,1
184,2,130.5,8,2,4,3,0,0,0,0
43,2,150.3,7,3,4,2,2,0,3,1
126,1,114.3,7,8,4,1,0,0,0,1
57,0,127.8,11,21,4,2,1,1,0,0
77,1,80.3,2,19,4,2,1,0,0,1
15,0,92.17,10,11,4,4,2,0,0,1
89,3,107.1,6,26,4,3,2,0,0,1
37,1,158.4,10,2,4,1,2,0,3,1
148,0,127.8,8,21,4,2,2,0,3,1
3,1,81.3,12,27,4,1,2,0,0,1
121,1,123.3,5,16,4,2,1,0,3,1
27,0,128.28,9,17,4,2,2,3,0,1
134,1,89.25,7,13,4,4,0,3,0,1
51,0,135.9,5,23,4,0,1,0,0,1
54,1,95.19,1,10,4,2,2,0,3,1
113,0,151.2,10,9,4,3,2,0,3,1
26,0,74.8,12,12,4,10,4,0,0,0
0,1,79.0,5,8,4,0,1,3,0,1
54,0,94.0,11,6,2,3,2,0,3,1
22,1,194.0,5,21,4,2,2,1,3,1
86,2,99.0,11,4,4,2,1,0,0,1
45,0,128.4,6,8,4,3,0,0,3,1
19,1,116.0,8,30,4,2,0,0,0,0
4,1,73.9,1,15,4,1,0,0,0,1
28,1,68.0,9,21,3,4,1,0,3,1
7,0,103.0,3,11,4,4,2,0,0,0
17,0,85.0,10,3,3,2,1,0,0,1
36,3,96.9,11,14,4,4,1,0,3,1
127,1,84.05,12,27,4,3,0,0,3,0
26,2,169.0,8,7,4,2,2,0,0,1
64,1,105.3,7,26,4,3,0,0,0,1
10,1,90.0,8,18,4,5,0,0,0,1
6,0,85.5,6,14,4,1,0,0,0,0
158,0,198.9,5,25,4,4,0,0,5,0
120,0,79.05,3,27,4,3,2,0,0,0
135,0,72.42,8,22,4,5,1,0,0,1
77,1,135.15,5,12,4,3,1,0,0,1
40,1,158.4,10,2,4,0,1,0,3,1
37,1,99.0,9,2,4,1,0,3,0,0
19,0,151.2,9,26,4,1,1,0,4,1
231,0,86.63,8,11,4,2,0,0,1,0
86,1,87.5,9,24,3,2,0,0,0,1
1,0,140.0,10,31,4,0,1,3,0,1
17,0,80.0,12,31,3,1,0,0,0,1
136,0,68.55,3,24,4,3,1,0,0,1
29,0,67.5,8,16,3,2,0,3,0,1
31,1,53.19,3,4,4,2,1,3,0,1
104,1,83.12,7,6,4,4,0,0,0,1
94,0,73.95,3,19,4,2,2,0,0,0
275,1,77.62,11,3,4,2,0,0,0,0
10,2,107.67,11,18,4,2,1,0,0,1
57,1,68.61,6,20,4,2,1,3,0,1
29,1,78.6,10,20,3,5,0,0,3,1
7,3,126.0,9,19,4,2,2,0,0,1
83,1,84.9,4,4,4,2,1,0,0,1
110,0,149.4,9,22,4,3,1,0,3,0
4,1,116.0,9,22,3,3,0,0,0,1
46,1,98.1,9,7,4,1,0,0,0,1
154,1,108.0,10,19,4,4,0,3,0,0
3,2,194.0,9,22,4,1,0,0,3,1
84,0,176.3,10,12,4,2,0,0,3,1
6,1,108.0,12,12,4,0,1,0,0,1
0,1,111.0,6,13,4,1,1,0,0,1
1,0,100.0,6,2,2,2,0,0,0,1
117,2,150.45,5,22,4,2,2,0,3,1
35,3,136.62,4,19,4,5,0,0,3,1
110,0,120.0,10,9,4,0,1,0,0,0
61,1,106.25,9,3,3,2,2,1,0,1
87,1,152.1,8,1,4,6,3,0,3,1
29,0,162.01,5,6,4,2,2,1,0,0
117,1,127.8,12,24,4,1,1,1,0,0
81,2,62.37,1,29,4,2,1,0,1,1
18,0,79.0,3,25,3,2,0,3,0,1
40,1,83.9,3,5,4,3,2,0,0,1
21,2,139.2,9,7,4,4,1,0,0,1
25,0,136.0,3,26,4,2,2,0,0,1
103,0,125.0,12,31,3,2,2,0,0,1
5,3,127.4,10,30,4,3,2,0,0,1
28,0,152.53,2,1,4,10,5,0,5,0
2,2,159.5,2,5,4,2,0,1,0,1
220,1,115.6,9,16,3,2,1,0,3,0
13,0,79.0,2,5,4,4,2,3,0,0
4,0,116.0,9,26,3,1,1,0,0,1
10,2,186.67,10,2,4,2,1,0,3,1
21,0,85.0,10,25,3,3,0,3,0,1
145,1,108.0,10,8,4,1,2,3,0,0
99,1,94.35,6,27,4,4,1,3,0,1
52,0,94.5,7,18,4,2,1,3,0,0
39,0,198.9,7,20,4,2,0,0,5,0
171,0,99.45,8,5,4,2,2,0,0,0
78,2,96.0,11,26,4,1,0,0,0,1
5,1,89.0,3,21,4,1,1,3,0,1
162,0,168.3,7,4,4,0,1,0,5,0
4,3,306.0,7,8,4,2,1,0,6,1
151,0,80.0,1,19,3,2,0,0,0,1
65,0,123.98,9,5,4,3,1,0,3,1
33,0,55.59,1,12,4,4,0,0,0,1
39,0,0.0,8,14,4,2,0,1,0,1
36,1,64.67,11,15,4,5,0,0,0,1
5,2,90.0,8,10,4,5,1,0,0,1
26,1,87.05,10,17,4,1,1,3,0,1
162,1,105.83,8,15,4,3,1,0,0,0
101,1,105.3,7,25,4,1,1,0,0,0
124,1,48.33,3,15,3,5,1,0,0,1
163,1,72.25,8,21,3,6,4,1,0,1
7,1,86.78,12,9,4,2,2,3,0,1
102,2,85.0,11,17,4,3,2,0,0,0
6,3,159.0,9,22,4,1,0,3,0,1
26,0,65.0,8,8,2,0,1,0,0,1
8,2,113.0,9,1,3,3,0,0,0,1
21,0,93.5,3,9,4,4,0,0,0,0
11,0,76.29,12,2,4,2,2,3,0,1
12,0,131.0,4,25,4,0,1,0,0,0
56,0,142.2,8,28,4,1,2,0,3,0
261,0,68.0,11,20,3,1,2,0,0,0
34,0,117.0,9,26,4,0,1,0,0,1
148,0,74.8,11,16,4,4,0,3,0,0
3,0,95.0,3,3,4,1,0,0,0,1
1,1,139.0,7,19,4,1,0,3,0,0
3,1,110.5,12,24,4,2,2,0,4,1
96,1,82.45,4,18,4,3,1,0,0,1
85,2,72.25,3,28,4,5,1,3,0,1
34,3,109.0,10,26,4,3,0,3,0,1
97,0,185.22,10,21,4,3,2,0,5,0
13,2,152.0,9,17,4,1,0,0,0,1
1,2,77.0,10,3,2,1,1,0,4,1
194,1,116.45,9,7,4,4,1,0,0,0
213,0,80.75,8,8,4,3,1,3,0,0
31,0,168.3,7,9,4,1,2,0,3,0
45,1,95.1,6,26,4,1,2,3,0,1
38,1,145.8,9,21,4,2,1,0,0,1
51,1,94.5,10,11,4,0,1,0,0,1
23,2,137.67,4,29,4,2,1,0,0,1
116,1,90.0,11,3,4,3,1,0,0,1
39,1,156.6,10,16,4,2,0,3,5,1
72,1,82.45,3,8,4,4,0,0,3,0
6,1,106.25,5,23,4,2,1,0,0,1
59,0,126.0,12,11,4,1,2,0,3,0
134,2,76.5,8,13,4,3,0,0,0,1
48,1,80.3,3,5,4,1,0,0,0,1
0,0,65.0,4,4,2,0,1,0,0,1
38,0,63.75,6,27,3,3,1,3,0,1
124,0,104.4,10,25,4,3,0,0,3,0
34,0,48.4,3,3,3,3,2,0,0,1
4,0,109.0,1,2,3,1,2,1,0,1
110,0,36.25,7,25,3,1,2,1,0,1
71,0,183.5,10,22,3,1,1,1,3,1
346,0,72.25,12,28,4,4,0,3,0,0
143,0,112.45,8,25,3,3,1,1,3,1
14,0,57.75,12,14,4,0,1,3,0,1
52,0,77.76,11,5,4,1,1,0,0,1
43,0,68.0,11,1,3,5,0,0,0,1
22,0,166.0,8,21,4,2,2,0,3,0
10,2,174.0,12,11,4,0,1,0,5,1
15,3,198.5,4,6,4,4,0,0,5,1
239,0,78.77,12,27,4,10,2,0,0,0
43,2,123.3,9,2,4,2,1,0,3,1
18,1,143.0,9,7,4,5,1,0,0,0
43,3,88.0,11,3,4,1,0,3,0,1
13,2,111.0,5,8,4,1,2,0,0,1
22,1,221.0,5,13,4,2,0,0,5,0
190,2,117.51,8,10,4,5,2,0,4,0
214,0,103.5,10,7,4,2,1,0,0,0
205,0,69.36,12,1,3,3,0,0,3,1
123,1,117.3,5,6,4,2,0,0,3,1
137,1,103.7,6,28,4,4,0,0,3,0
27,0,69.0,12,9,4,4,1,0,0,1
116,2,135.0,12,22,4,3,0,0,3,1
1,1,65.0,4,5,2,1,0,0,0,1
39,0,72.2,2,28,4,2,2,3,0,1
62,2,101.15,3,28,4,3,1,0,0,1
46,1,67.15,3,10,4,3,1,3,0,1
25,2,141.0,5,22,4,1,2,0,0,1
226,1,80.75,9,1,3,3,1,0,0,1
7,0,104.0,4,18,4,0,1,0,0,0
33,1,104.0,11,26,4,1,0,0,0,0
12,0,94.0,12,14,4,1,0,0,0,1
109,0,80.75,10,23,3,1,2,0,0,0
1,0,91.2,9,29,4,2,0,3,0,1
4,1,103.18,4,21,4,3,2,0,3,1
0,1,98.0,8,7,4,0,1,3,0,1
46,1,74.8,12,18,4,6,4,3,0,1
3,0,65.0,10,5,2,2,1,0,0,1
33,0,77.4,10,28,3,4,1,0,3,1
36,1,68.07,12,1,4,3,2,0,0,1
7,0,147.73,8,26,4,2,1,0,4,1
4,1,79.0,11,29,2,1,0,0,0,1
61,1,92.5,12,28,4,3,1,3,0,1
0,1,79.0,12,13,2,1,0,0,0,1
28,1,96.36,9,29,4,4,0,0,0,1
84,0,82.45,3,29,4,5,2,0,0,1
148,3,118.8,10,4,4,3,0,0,0,1
5,0,67.0,2,3,2,1,0,0,0,1
40,2,152.33,3,24,4,3,1,0,3,1
257,1,67.15,12,26,4,4,1,3,0,0
3,0,128.0,10,2,4,2,2,0,0,1
17,3,92.91,12,29,4,5,2,3,0,1
20,1,169.0,7,1,4,1,0,0,0,0
44,1,59.95,3,4,4,6,2,0,0,1
127,0,81.25,7,29,3,2,1,0,0,1
170,1,105.3,6,27,4,1,1,0,3,0
91,1,0.0,11,18,1,2,0,0,0,1
1,0,85.0,1,23,4,1,0,0,0,1
19,2,99.0,9,12,4,0,1,0,0,1
8,1,130.0,2,26,4,2,1,0,3,1
23,1,116.03,9,30,4,4,0,0,3,1
71,2,77.0,11,12,4,4,2,3,0,1
75,2,152.1,9,16,4,1,0,0,0,1
39,1,175.08,9,23,4,4,1,0,0,1
16,2,129.0,8,21,4,1,2,3,0,1
5,0,64.4,2,16,3,3,0,0,0,1
13,0,177.0,6,10,4,1,0,0,3,1
168,0,91.45,7,18,3,1,1,0,3,1
163,1,91.63,10,8,4,1,1,3,0,1
76,1,98.25,10,13,4,2,0,0,0,1
8,3,111.0,2,21,4,1,2,0,0,1
94,0,149.7,7,28,4,3,0,0,3,1
48,0,75.0,11,10,3,3,0,0,0,1
90,0,76.5,8,16,4,4,2,0,0,0
4,0,154.0,3,5,4,1,0,1,3,0
8,1,126.0,10,20,4,2,0,0,0,1
0,0,65.0,10,26,2,0,1,0,0,1
114,0,81.26,7,11,4,3,1,0,0,1
5,1,93.0,2,25,4,3,0,0,0,1
274,1,115.2,9,27,4,2,0,0,3,0
33,0,59.5,12,5,3,3,1,3,0,1
21,0,138.0,8,1,4,3,1,3,0,0
208,1,91.5,8,19,4,2,1,3,0,1
1,1,81.0,2,6,4,1,0,3,0,1
55,0,72.25,10,23,3,3,2,3,0,1
121,1,79.2,11,19,4,1,1,3,0,1
54,1,180.0,3,20,4,1,2,0,5,1
197,1,72.25,8,24,3,3,0,0,0,1
76,1,79.2,11,11,4,2,0,3,0,1
108,0,72.25,7,10,3,2,2,0,0,1
74,2,127.8,12,10,4,1,0,1,0,1
0,0,67.0,4,1,2,1,0,0,0,1
2,0,103.0,11,23,4,1,0,0,0,0
1,0,129.56,9,22,4,1,0,3,0,1
98,0,116.1,5,7,4,1,0,3,0,0
248,0,72.25,8,2,3,6,2,0,0,1
73,1,60.98,12,3,4,1,0,3,0,1
156,1,158.95,8,28,4,2,2,0,5,0
21,0,85.0,10,25,3,3,0,3,0,1
297,1,118.0,9,23,4,2,0,0,0,0
212,0,88.4,12,29,4,4,2,0,0,0
93,0,54.24,3,7,4,3,1,0,0,1
143,1,151.2,10,6,4,3,0,0,3,0
61,2,92.65,11,12,3,3,2,0,0,1
7,0,85.0,2,22,4,0,1,0,0,0
54,0,55.8,3,19,3,1,2,0,0,1
173,1,126.9,9,30,4,2,2,0,3,0
1,0,80.0,11,3,3,3,0,0,0,1
117,0,105.84,4,29,4,2,0,0,4,0
115,2,131.4,8,23,4,5,0,0,3,1
37,1,119.0,10,27,4,3,0,0,0,1
67,0,80.75,4,3,4,4,2,3,0,1
15,0,65.0,12,7,2,1,0,0,0,1
97,2,134.1,8,6,4,1,1,0,0,1
43,0,99.2,11,15,4,1,0,3,0,1
63,2,103.95,9,4,4,2,2,0,0,1
10,2,122.0,9,5,4,3,2,0,0,1
10,0,112.1,12,5,4,1,2,0,0,1
16,1,138.0,10,5,3,2,0,0,0,1
45,2,162.79,9,11,4,2,2,0,0,1
7,1,144.14,9,11,4,2,2,0,5,0
220,1,112.65,10,5,4,4,1,0,0,0
113,0,38.67,3,20,3,1,2,0,0,1
38,0,135.9,5,7,4,1,1,0,0,0
170,1,96.3,6,28,4,3,0,0,0,1
45,1,71.1,3,10,4,2,0,3,0,1
58,0,91.0,1,27,3,2,0,0,0,1
68,1,114.5,4,25,4,0,1,0,0,1
31,0,97.71,5,8,4,2,2,0,0,0
4,1,95.0,1,28,4,3,0,0,0,1
12,0,161.0,12,10,4,1,0,0,3,1
5,0,65.0,11,14,2,0,1,0,0,1
199,0,119.0,12,28,4,4,2,0,3,1
216,0,172.23,11,6,4,5,2,0,0,0
9,1,83.0,1,17,4,4,2,0,0,1
6,1,97.02,5,23,4,2,1,0,0,1
14,1,152.67,6,28,4,3,0,0,3,0
45,2,151.2,8,30,4,3,0,0,3,1
135,2,85.0,11,16,4,4,0,0,0,1
171,0,76.5,8,20,4,5,2,0,0,0
21,1,88.0,11,28,4,0,1,3,0,0
15,0,79.75,11,19,2,3,2,0,0,1
11,0,93.8,2,12,3,2,1,0,3,1
120,0,118.8,9,1,4,3,1,3,0,0
175,0,72.25,8,3,3,9,3,0,0,1
62,1,101.18,9,28,4,1,0,0,0,1
78,0,100.0,5,19,3,3,1,0,0,1
185,1,122.4,10,5,4,2,0,0,3,0
256,1,124.0,6,15,4,2,0,1,0,0
17,1,95.0,6,23,4,1,0,0,0,0
81,0,116.1,5,7,4,1,0,3,0,1
283,0,106.0,12,5,2,2,1,0,4,1
68,0,90.95,4,17,3,3,2,0,3,1
27,1,98.0,2,1,4,0,1,0,0,1
83,2,94.36,11,11,4,3,2,0,0,1
53,1,135.9,9,15,4,1,0,0,0,1
54,2,143.1,5,18,4,2,0,0,0,1
207,0,81.6,8,13,4,6,4,3,0,0
151,0,71.0,1,19,3,4,0,0,0,1
35,2,86.4,9,14,4,0,1,3,0,1
5,0,105.0,9,1,4,2,0,0,0,1
42,2,135.0,8,30,4,5,2,0,0,1
17,0,58.0,12,21,3,4,1,0,0,1
46,1,111.6,12,8,4,3,0,0,0,1
1,1,101.0,3,9,4,1,0,0,0,1
64,1,168.3,9,16,4,2,0,0,3,1
13,0,80.0,3,2,2,3,0,0,0,1
212,1,96.9,8,19,3,2,2,0,0,1
115,1,114.36,9,29,4,5,2,0,1,1
1,1,153.0,8,9,4,3,2,3,5,1
7,0,65.0,3,2,3,2,0,0,0,1
41,1,99.9,4,19,4,1,0,0,0,1
134,0,109.8,8,25,4,3,0,0,3,0
59,0,137.7,7,25,4,2,1,0,3,0
67,1,149.4,9,18,4,1,2,0,3,1
7,1,151.19,10,29,4,1,2,1,0,1
28,1,85.6,11,13,3,2,0,0,0,1
60,1,107.78,4,2,4,3,2,0,3,1
28,0,167.0,3,27,4,0,1,0,0,0
19,1,91.0,2,21,4,0,2,0,0,0
75,3,135.9,9,26,4,2,1,0,0,1
28,0,149.15,5,22,4,2,2,0,3,0
44,1,80.26,3,10,4,3,2,0,0,1
256,0,0.0,9,14,4,0,0,0,0,0
103,0,63.58,3,24,3,3,0,0,0,1
23,0,96.0,3,10,4,3,1,0,0,0
133,0,116.95,5,4,4,4,0,0,3,0
71,1,90.95,3,31,4,3,1,0,3,1
66,1,85.0,2,8,3,2,1,0,0,1
55,0,60.0,11,15,3,3,2,0,3,1
1,1,0.0,8,12,1,2,0,0,0,1
9,0,75.0,8,11,2,1,0,0,0,1
6,0,118.0,3,11,4,2,0,0,0,0
141,0,82.45,7,5,3,5,2,0,3,1
44,0,77.76,11,3,4,2,0,0,0,1
65,2,130.9,9,25,4,3,2,0,0,1
22,0,120.5,1,1,4,2,2,0,3,1
204,0,81.81,7,12,4,4,0,0,1,0
14,0,107.0,12,27,4,2,2,0,0,1
117,0,75.0,2,29,3,1,1,0,0,1
6,1,65.0,11,24,2,1,0,0,0,1
41,0,73.8,3,15,3,5,0,0,3,1
89,2,168.3,9,9,4,2,0,0,3,1
46,1,96.16,3,13,4,5,3,0,3,0
33,0,74.0,9,28,1,2,0,0,0,1
3,1,65.0,11,13,2,1,2,0,0,1
91,1,107.1,8,21,4,0,2,3,0,1
102,1,121.5,7,26,4,2,0,0,0,0
32,2,208.66,5,26,4,3,1,0,6,1
62,0,117.9,6,9,4,3,0,0,0,0
175,0,105.3,8,2,4,3,0,0,0,0
26,0,101.0,6,23,4,1,0,0,0,0
20,2,187.0,2,13,4,1,2,1,3,1
2,1,65.0,11,2,2,2,0,0,0,1
19,0,174.25,10,21,3,1,0,0,5,1
32,0,117.9,5,21,4,1,1,0,0,0
5,0,113.0,8,17,4,1,0,3,0,1
94,1,75.89,4,7,4,5,2,3,0,0
17,0,108.2,12,9,3,7,2,1,3,1
11,1,114.0,10,23,4,2,0,3,0,1
0,2,225.0,8,23,4,1,0,0,3,1
38,2,139.95,4,12,4,4,0,0,0,1
20,1,109.0,6,8,4,1,0,3,0,1
75,0,90.95,4,11,4,4,1,0,0,0
147,0,106.2,6,1,4,3,0,0,0,0
2,0,64.08,3,28,4,0,1,3,0,1
94,0,60.0,12,27,3,3,2,0,3,1
2,1,110.0,10,6,2,1,0,0,3,1
23,2,187.0,7,1,4,2,0,0,3,1
66,0,137.7,7,29,4,1,0,0,3,1
105,5,96.9,9,29,3,3,1,0,0,1
158,0,96.3,8,29,4,2,1,0,0,0
158,1,97.75,7,7,4,3,1,3,0,0
13,2,80.0,8,18,4,2,0,0,0,1
106,0,159.3,6,17,4,2,1,0,0,0
7,1,174.0,8,12,4,2,2,0,0,1
91,1,52.02,4,1,4,2,2,3,0,1
2,2,168.0,6,16,4,1,0,0,0,1
328,0,95.4,9,29,4,3,0,0,0,0
2,0,74.8,2,6,4,1,0,0,0,1
40,0,85.0,10,24,3,3,1,0,0,1
99,0,93.08,4,17,4,2,2,0,3,0
97,0,89.25,9,3,4,3,0,0,0,1
0,0,75.0,1,6,4,1,0,3,0,1
98,0,94.5,7,12,4,1,0,3,0,0
7,0,65.0,11,22,2,2,0,0,0,1
65,0,146.7,7,26,4,3,0,0,3,0
0,3,0.0,6,21,1,2,0,0,0,1
57,1,85.85,3,28,4,3,1,0,0,1
247,0,87.0,6,6,4,1,1,1,0,0
32,1,152.1,8,6,4,2,2,0,0,0
62,0,149.4,8,13,4,1,2,0,3,0
7,1,151.0,6,30,4,2,0,0,0,1
36,2,152.1,7,2,4,1,2,0,0,1
15,0,220.0,10,29,4,1,1,0,5,0
25,0,65.0,12,27,3,1,0,0,0,1
58,2,89.4,5,16,4,2,1,3,0,1
44,1,106.2,4,27,4,2,0,0,0,1
11,0,67.0,8,18,2,2,0,0,0,0
32,1,54.71,11,18,4,2,2,3,0,1
20,0,88.4,12,22,4,3,1,0,0,1
68,0,58.0,9,29,3,2,0,1,0,1
1,1,120.0,1,25,4,1,1,0,0,1
149,0,72.25,7,10,4,4,2,0,0,0
12,0,110.5,10,5,3,4,1,1,0,1
32,0,79.2,11,19,4,1,0,3,0,1
131,1,121.5,7,2,4,1,2,0,3,1
82,1,103.5,7,25,4,3,1,3,0,1
31,0,94.5,4,14,4,1,0,3,0,0
10,1,141.0,5,6,4,2,2,0,3,1
24,1,139.0,7,23,4,1,1,3,0,1
198,3,116.1,9,15,4,1,0,3,0,1
50,1,79.2,11,17,4,1,0,3,0,1
2,3,130.0,10,27,4,2,0,3,0,1
12,3,156.0,6,29,4,2,0,0,3,1
78,1,99.45,4,6,4,4,1,0,3,1
256,0,0.0,9,14,4,2,1,0,0,1
116,0,112.5,5,14,4,1,2,0,0,1
16,1,135.0,10,29,4,1,0,0,0,1
17,0,102.15,5,30,4,2,1,0,3,0
1,1,147.67,7,9,4,1,2,0,0,1
2,0,79.6,1,3,4,0,1,0,3,1
215,1,91.13,7,12,4,4,0,0,1,0
5,2,139.0,7,8,4,1,0,3,0,1
8,0,94.0,10,28,0,2,2,0,3,1
28,2,70.0,3,18,3,2,0,0,0,1
63,0,94.5,4,21,4,3,0,3,0,0
40,3,177.3,8,14,4,0,2,0,3,1
67,0,85.5,4,3,4,1,2,3,0,0
122,3,119.85,5,30,4,5,1,0,0,1
127,2,108.0,10,3,4,5,2,3,0,1
116,1,111.92,5,12,4,3,2,0,0,1
129,3,146.7,8,17,4,1,0,0,3,1
140,0,96.3,7,1,4,2,0,0,0,0
39,1,125.1,9,8,4,1,0,3,0,1
36,2,152.4,4,28,4,3,0,0,3,1
23,1,129.0,4,19,4,2,0,0,3,1
92,1,103.5,6,30,4,3,1,3,0,1
73,2,140.4,8,6,4,1,2,0,3,1
51,0,76.5,3,11,4,2,1,3,0,0
22,0,43.5,11,6,3,2,2,0,0,1
0,2,159.0,6,22,4,1,0,0,0,1
1,3,123.5,8,24,4,0,1,0,3,1
9,2,147.0,5,25,4,1,0,0,3,1
6,0,88.92,3,22,4,5,0,3,0,1
0,0,165.0,9,1,4,3,0,0,0,1
96,1,114.3,7,6,4,3,0,0,0,1
80,0,86.4,11,21,4,1,1,0,0,0
64,0,100.0,10,1,3,4,2,0,0,1
54,1,85.5,12,27,4,0,2,3,0,1
8,1,98.0,6,1,2,1,0,0,0,1
18,0,75.0,1,21,4,2,0,3,0,1
171,1,99.45,8,11,4,4,2,0,0,1
1,0,66.0,1,5,2,3,0,0,0,1
166,1,103.7,8,17,4,4,0,0,0,0
4,1,76.22,2,7,4,2,2,0,0,1
1,0,0.0,9,5,1,0,0,0,0,1
56,2,126.0,11,2,4,3,0,0,0,1
8,1,65.0,7,28,2,1,0,0,0,1
0,1,63.2,2,12,4,2,1,3,0,1
5,0,65.0,11,11,2,2,0,0,0,1
17,0,107.5,11,18,4,2,2,0,0,1
191,0,71.1,11,25,4,1,0,3,0,0
87,1,70.03,3,24,4,3,1,0,0,1
1,0,148.04,5,24,4,5,2,0,3,0
19,1,231.0,8,11,4,3,0,0,5,0
91,1,90.95,4,25,4,3,1,0,0,1
99,0,168.3,9,5,4,4,1,0,3,0
86,1,72.25,11,6,4,3,2,0,0,1
37,3,125.1,8,20,4,3,2,3,0,1
88,0,80.0,10,7,2,2,0,0,0,1
25,0,84.0,7,12,3,4,0,3,0,1
0,0,147.5,9,5,4,1,1,0,0,1
79,2,109.8,12,9,4,2,1,0,0,1
93,2,149.1,9,1,4,3,0,0,0,0
13,1,75.0,1,16,4,1,0,3,0,1
25,0,85.0,7,8,3,2,1,0,0,1
120,0,97.55,6,30,4,2,0,0,1,1
128,0,130.5,7,8,4,2,0,0,0,0
71,0,120.15,11,6,4,0,2,3,0,1
186,1,111.76,7,28,4,3,2,0,3,0
136,1,86.36,8,11,4,3,2,0,0,1
10,0,79.0,2,13,4,1,2,3,0,0
28,0,194.8,8,13,3,3,2,1,0,1
9,1,80.3,1,15,4,2,1,0,0,1
1,1,89.0,4,27,2,1,0,0,0,1
29,1,136.32,5,19,4,3,2,0,3,1
3,0,64.0,11,13,3,2,1,0,0,1
7,1,165.0,8,20,4,1,0,0,0,1
70,0,137.7,7,26,4,3,0,0,3,0
123,2,139.5,8,11,4,3,0,0,0,0
12,2,85.6,10,31,3,1,1,0,0,1
17,1,61.88,2,13,4,2,2,0,0,1
58,1,80.67,1,27,3,3,0,0,0,1
29,0,85.0,9,17,3,1,1,3,0,0
2,0,0.0,10,12,1,2,1,0,0,1
66,2,102.0,9,5,4,2,1,0,0,1
98,0,71.4,9,21,3,3,1,0,0,0
58,0,79.2,12,15,4,3,0,3,0,0
40,0,40.67,2,6,3,1,2,0,0,1
38,0,126.0,10,2,4,2,2,0,0,1
18,1,88.29,11,11,4,2,1,0,0,1
103,3,130.5,7,9,4,1,2,0,0,1
1,1,135.0,5,11,4,1,0,0,0,1
12,1,152.0,4,29,4,3,2,0,3,1
32,2,184.99,5,13,4,2,1,0,6,1
199,0,94.5,10,1,4,7,2,0,0,0
1,3,95.0,3,31,2,1,0,0,0,1
40,1,88.2,3,20,4,1,2,3,0,1
79,0,87.3,4,2,4,1,1,0,0,0
69,2,126.9,5,17,4,3,0,0,0,1
6,0,75.0,8,21,3,0,1,3,0,1
160,0,125.8,7,2,4,4,2,0,0,0
192,0,164.63,10,28,4,3,2,0,5,0
22,1,118.0,9,6,4,2,0,3,0,0
3,2,131.0,12,28,4,2,0,0,0,1
83,0,48.33,3,12,3,4,2,0,0,1
102,2,173.95,6,27,4,3,1,0,5,1
119,1,71.0,4,4,3,3,1,0,0,1
4,0,65.0,12,8,2,2,0,0,0,1
115,1,105.3,5,16,4,2,1,0,0,1
9,3,165.0,8,13,4,1,1,0,0,1
4,1,80.3,1,12,4,3,0,0,0,1
35,1,110.7,6,26,4,3,2,0,0,1
63,2,137.7,7,28,4,1,0,0,3,1
129,1,114.3,8,15,4,2,1,0,0,1
35,2,148.6,10,15,4,1,1,1,0,1
1,1,100.0,11,22,4,3,0,3,3,1
65,1,149.4,9,9,4,1,0,0,3,0
17,0,139.0,7,11,4,1,1,3,0,1
79,0,159.3,5,14,4,1,2,0,3,0
1,0,82.0,1,7,4,1,0,0,0,1
14,0,127.0,5,23,4,2,1,0,0,0
61,0,74.8,11,16,4,4,0,3,0,0
122,1,87.58,7,23,4,7,4,0,3,1
0,0,98.0,8,23,4,0,2,0,0,1
26,0,161.6,6,17,4,4,2,0,3,0
216,1,96.3,8,30,4,2,0,0,0,0
7,1,231.78,10,13,4,2,0,0,6,1
13,0,115.0,6,12,4,0,2,0,0,0
61,0,94.78,4,26,4,4,0,3,0,0
86,1,32.5,5,20,3,2,1,0,0,1
23,1,99.0,10,30,4,3,2,3,0,0
109,4,118.46,7,6,4,4,2,0,3,1
13,0,225.0,8,16,4,2,0,0,5,0
17,1,68.0,2,6,4,5,2,0,0,0
73,1,113.4,10,6,4,1,0,0,0,1
25,0,94.33,3,10,4,3,0,0,0,1
1,1,133.0,8,2,4,2,0,3,0,1
153,1,109.8,7,22,4,2,0,0,0,0
6,0,95.0,5,23,2,0,1,0,0,1
156,0,151.2,10,6,4,3,0,0,3,0
27,2,77.2,3,10,4,5,2,3,0,0
137,0,90.95,6,28,4,4,0,0,0,0
37,0,135.9,8,21,4,1,2,0,0,1
3,0,156.0,8,24,4,1,1,0,5,1
52,1,89.25,4,11,4,3,1,3,0,1
145,0,72.25,7,11,3,4,1,0,0,0
6,1,137.0,3,28,4,0,1,0,3,1
113,0,72.25,7,14,3,3,1,0,0,1
14,0,116.0,8,8,3,5,2,1,0,0
78,0,97.33,4,5,4,4,0,0,3,0
42,0,117.9,4,2,4,1,0,0,0,1
63,2,131.75,7,26,3,5,0,0,4,1
14,2,145.67,9,2,4,2,1,0,0,1
61,0,135.9,9,18,4,1,2,0,0,0
22,2,105.0,9,1,4,3,0,0,0,1
0,0,65.0,3,2,2,1,0,0,0,1
53,0,148.5,7,9,4,1,1,0,3,0
70,0,89.25,4,14,4,3,1,3,0,0
40,1,85.59,10,26,4,5,1,0,3,1
13,1,85.47,5,9,4,1,1,0,0,1
80,1,53.97,3,5,4,1,1,3,0,1
81,0,119.85,5,14,4,2,2,0,0,0
129,0,106.25,5,16,3,3,1,1,0,1
0,0,85.24,8,30,4,1,0,3,0,1
40,0,81.9,3,5,4,3,2,0,0,0
219,1,96.3,10,29,4,1,2,0,0,0
0,2,106.25,10,21,4,2,2,0,0,1
161,0,128.7,5,19,4,3,0,0,3,0
126,0,72.25,8,3,3,3,0,0,0,0
36,0,99.68,9,6,4,3,0,0,0,1
126,2,178.5,7,13,4,4,1,1,3,1
102,1,119.0,12,2,4,2,2,0,3,0
167,1,104.4,10,26,4,5,2,0,3,0
53,2,77.86,11,29,4,4,0,0,1,1
23,1,114.0,10,11,4,0,1,3,0,1
88,1,76.5,7,1,4,4,0,0,0,0
45,0,86.4,11,20,4,0,1,0,0,0
163,0,79.2,12,2,4,2,0,3,0,0
15,0,182.14,10,1,4,1,2,0,5,1
72,1,119.85,5,14,4,2,2,0,0,0
3,0,240.0,10,11,4,1,0,0,5,0
82,1,121.55,4,16,4,2,2,0,3,0
2,1,80.0,2,10,4,2,0,0,0,1
237,0,148.26,12,28,4,5,2,0,5,1
77,0,94.5,7,12,4,2,0,3,0,0
7,0,106.0,7,6,2,2,0,0,4,1
87,0,141.9,10,23,4,1,2,0,3,1
29,1,96.3,10,13,4,4,0,0,0,1
123,2,116.95,5,22,4,2,2,0,0,1
47,0,71.52,2,20,4,1,0,0,1,1
296,0,56.01,10,24,4,4,2,0,1,0
3,1,130.0,2,6,4,1,0,0,3,1
38,1,168.3,3,25,4,2,0,0,3,1
3,0,106.0,9,23,3,1,0,1,0,1
7,0,71.6,1,8,4,3,2,0,0,1
121,0,100.0,4,6,3,4,0,0,5,1
90,1,82.45,4,4,4,3,1,0,0,1
158,0,80.75,9,17,3,1,2,0,0,1
29,1,67.5,11,16,3,3,0,0,0,1
71,4,0.0,10,15,1,1,0,0,6,1
53,2,84.3,2,27,4,1,2,0,0,1
156,1,94.5,8,23,4,2,0,3,0,1
46,0,75.0,11,11,3,2,1,0,0,1
31,1,81.9,3,14,4,1,1,0,1,1
195,1,121.5,8,17,4,3,0,0,0,0
20,0,65.0,8,2,2,2,0,0,0,0
68,0,121.5,7,24,4,1,2,0,0,0
22,3,130.0,11,11,4,2,0,0,3,1
216,2,128.7,8,27,4,1,2,0,3,0
5,0,123.7,9,18,3,0,2,3,0,1
206,0,59.07,10,2,4,2,1,0,0,0
41,0,65.0,3,4,3,2,1,0,0,1
115,0,109.65,5,11,4,4,0,0,0,0
142,0,109.8,6,26,4,1,2,0,3,1
175,1,121.5,8,10,4,2,0,0,0,0
17,0,72.4,3,31,3,1,0,0,0,1
2,0,169.0,9,21,2,1,0,0,0,0
44,1,207.9,9,15,4,3,0,0,5,1
58,1,78.3,3,14,4,2,1,0,0,1
102,0,75.0,5,16,3,2,1,0,0,1
155,1,115.68,8,9,4,4,0,0,0,0
104,0,74.8,11,22,4,5,0,0,0,0
60,0,115.2,7,4,4,1,1,0,0,1
197,1,81.77,4,21,4,1,0,0,0,0
13,1,121.0,6,8,4,2,0,0,0,1
0,0,101.18,7,23,4,1,0,0,0,1
90,1,114.3,4,15,4,2,1,0,3,1
110,0,112.88,9,20,3,3,0,0,3,1
19,1,75.0,1,21,4,1,0,3,0,1
64,1,80.1,3,31,4,3,0,3,0,1
0,2,190.0,9,22,4,1,0,0,0,1
127,1,146.92,10,2,4,3,2,0,5,1
19,0,80.0,11,13,3,3,2,0,0,1
5,1,90.0,8,10,4,5,1,0,0,1
33,2,161.1,7,17,4,3,2,0,3,1
3,1,132.33,10,23,4,2,1,0,0,1
42,1,129.2,11,14,4,4,1,1,3,0
191,0,137.7,8,22,4,2,1,0,3,0
130,2,125.51,6,28,4,5,1,0,0,1
10,1,117.04,9,21,4,2,1,3,0,0
13,1,90.95,11,8,4,2,2,0,0,1
15,0,111.0,5,29,4,0,2,0,0,0
0,0,109.0,6,10,4,1,0,3,0,1
40,2,203.73,5,13,4,2,1,0,6,1
98,1,103.5,7,6,4,4,2,3,0,1
76,1,237.2,6,17,4,2,2,0,1,1
16,0,79.75,11,20,2,4,2,0,0,1
70,2,74.8,12,3,4,2,2,3,0,1
35,1,58.0,1,8,3,2,2,0,0,1
289,0,0.0,10,17,4,1,0,0,0,0
51,1,154.35,7,9,4,2,2,0,3,1
34,1,131.4,4,2,4,1,1,0,3,1
5,1,125.33,12,10,4,1,2,0,3,1
59,1,80.75,9,20,4,1,2,0,0,1
80,1,80.3,3,3,4,3,0,0,0,1
102,1,86.82,4,27,4,5,2,3,0,1
29,1,129.0,10,20,4,2,0,0,0,0
64,2,107.1,9,1,4,3,1,0,0,1
206,2,126.9,9,8,4,3,0,0,0,0
96,0,84.6,11,16,4,3,0,0,0,1
35,1,109.8,8,30,4,4,0,0,0,0
22,1,224.0,9,25,4,4,2,0,5,1
2,0,104.0,10,26,4,1,0,0,0,1
50,2,159.3,6,3,4,2,0,0,3,1
31,0,74.8,11,17,4,3,1,3,0,0
31,0,147.72,8,22,3,2,1,1,0,1
41,0,74.88,10,27,4,4,0,0,0,1
47,2,125.1,9,9,4,2,0,3,0,1
49,0,67.32,3,21,3,3,1,0,0,1
98,0,126.9,5,17,4,3,0,0,0,1
131,0,36.25,8,15,4,1,2,1,0,0
22,1,161.5,9,24,4,2,2,0,3,1
110,1,68.04,5,2,4,2,1,3,0,1
256,0,106.2,6,28,4,3,0,0,0,0
115,0,89.25,5,2,4,3,1,3,0,0
57,2,118.8,10,2,4,1,2,0,0,1
130,1,76.5,8,1,4,1,2,0,0,0
4,2,133.0,2,28,4,2,2,0,3,1
67,1,49.09,3,13,4,2,2,3,0,1
97,1,76.5,4,2,4,1,0,3,0,1
1,0,96.0,10,21,2,1,0,0,0,1
79,1,86.4,12,22,4,1,0,0,0,1
127,1,101.13,7,26,4,6,2,0,3,1
21,1,97.75,12,3,4,5,2,0,3,1
73,1,62.29,3,4,4,2,1,0,0,1
122,1,101.15,7,14,4,8,2,0,0,1
36,0,0.0,12,8,4,0,0,0,0,1
39,1,117.9,3,28,4,0,1,0,0,1
36,1,88.4,12,22,4,3,2,0,0,1
256,1,115.0,6,15,3,1,0,1,0,0
10,0,78.63,11,17,4,3,1,3,0,1
0,0,139.0,6,7,4,1,0,0,3,0
131,2,137.7,8,26,4,2,1,0,3,1
62,2,93.6,11,22,4,3,0,0,0,1
115,0,72.25,7,31,3,1,2,0,0,0
4,1,87.01,3,18,4,2,0,3,0,1
98,0,73.95,3,17,4,3,2,0,0,1
2,1,98.0,8,10,4,1,1,0,0,0
147,1,138.55,7,7,4,3,1,0,3,0
99,1,103.5,7,6,4,3,0,3,0,1
111,0,72.25,7,18,3,6,3,0,0,1
1,0,115.0,8,4,4,1,0,0,0,1
29,3,144.68,9,9,4,2,2,0,0,1
0,2,67.58,12,21,4,3,0,3,0,1
24,2,130.78,10,26,4,5,2,0,3,1
70,0,95.2,4,23,4,2,2,0,0,0
1,0,152.67,6,26,4,1,2,0,3,1
115,0,72.25,8,22,3,3,1,0,0,1
28,0,75.0,10,29,3,2,0,0,0,1
199,0,80.75,8,3,4,5,2,3,0,0
29,2,104.5,9,1,4,2,0,3,0,1
61,1,95.66,9,1,4,5,2,3,0,1
13,0,66.7,2,22,4,0,1,3,0,1
0,0,0.0,12,16,1,1,0,0,0,1
96,1,75.0,12,27,3,3,2,0,3,1
1,1,124.0,8,1,4,1,1,0,0,1
86,1,126.9,6,17,4,3,2,0,0,1
74,2,88.2,12,2,4,2,1,3,0,1
1,1,0.0,1,8,4,0,0,3,0,1
21,0,108.2,3,14,3,3,1,1,3,1
0,0,80.75,6,12,3,0,1,0,0,1
48,3,131.7,7,9,4,1,2,0,0,1
6,1,108.0,2,21,4,0,1,0,3,1
46,1,106.8,3,17,4,3,0,0,3,0
106,2,140.0,12,25,4,1,2,0,3,1
132,0,79.2,11,25,4,2,0,3,0,1
49,0,159.3,5,7,4,1,1,0,3,0
15,2,140.0,10,21,4,2,0,3,0,1
47,0,75.0,10,30,3,5,2,0,0,1
1,0,149.0,7,7,4,1,0,3,0,0
91,0,75.0,5,10,3,2,0,0,0,0
60,0,145.8,6,8,4,2,0,0,3,0
24,1,58.0,12,24,3,3,2,0,0,1
24,0,72.8,2,22,3,2,1,0,0,0
28,1,85.59,11,4,4,4,0,0,3,1
32,1,121.27,10,7,4,2,1,0,3,1
4,1,80.0,8,8,4,1,2,3,0,1
120,0,140.7,7,28,4,3,0,0,3,1
99,0,112.05,7,9,4,2,2,0,0,0
12,1,171.33,9,18,4,1,2,0,0,1
72,1,81.3,3,16,4,3,0,0,0,1
71,0,132.6,5,7,4,4,2,0,3,1
51,1,123.11,6,2,4,2,0,0,3,1
18,1,128.0,6,23,4,1,0,0,3,1
2,1,87.0,3,7,3,2,1,0,0,1
106,1,85.7,4,28,4,3,0,0,3,1
143,1,88.69,12,4,4,0,2,0,3,1
31,1,225.4,8,25,4,1,0,0,5,1
124,0,36.25,8,8,3,1,2,1,0,1
13,1,80.3,1,20,4,4,1,0,0,1
22,2,105.65,9,5,4,5,2,0,3,1
166,1,127.8,8,12,4,2,1,0,3,0
73,1,67.5,3,17,4,1,0,3,0,1
60,1,101.99,9,5,4,5,1,0,3,1
1,1,116.0,4,16,4,2,2,0,3,1
16,0,90.38,12,7,4,4,2,0,0,1
194,1,101.4,9,12,3,3,1,0,0,0
20,0,80.0,3,9,3,3,0,0,0,1
5,2,231.0,7,23,4,1,0,0,5,1
82,1,85.7,7,10,4,1,2,0,0,1
177,1,72.25,8,5,3,2,2,0,0,1
0,2,146.4,9,8,4,5,0,0,0,1
15,0,131.0,4,22,4,1,0,0,0,0
7,2,184.0,9,13,4,1,0,0,3,1
103,0,78.3,3,18,4,2,1,0,0,1
32,0,85.0,3,13,3,2,2,0,0,1
1,1,96.0,3,1,4,1,0,0,0,1
37,0,148.95,4,27,4,4,0,0,3,0
18,3,187.0,7,1,4,2,1,0,3,1
0,2,175.0,9,21,4,1,0,3,0,1
81,0,80.75,10,16,3,3,2,0,0,1
44,3,96.3,10,31,4,1,0,0,0,1
130,0,96.3,6,27,4,2,1,0,0,1
87,3,91.0,11,13,4,2,2,0,0,1
2,0,136.0,4,23,4,1,2,0,3,0
21,0,206.0,6,10,4,4,2,0,5,0
197,2,112.32,8,23,4,5,2,0,0,0
112,1,65.83,4,8,4,2,0,3,0,1
29,0,38.67,2,13,3,1,2,0,0,1
8,1,80.3,1,15,4,1,0,0,0,1
1,0,142.38,12,17,4,4,2,0,5,1
173,1,126.9,9,13,4,5,2,0,0,0
17,1,103.39,2,19,4,15,6,0,3,0
148,0,114.3,5,29,4,1,2,0,0,0
63,0,137.7,7,25,4,3,1,0,3,0
29,1,144.55,7,18,4,3,1,0,3,1
12,1,89.59,12,10,4,3,2,0,0,1
71,0,69.05,3,17,4,2,0,0,1,1
13,0,76.0,4,4,3,1,1,0,0,1
95,1,77.86,12,7,4,4,0,0,1,1
26,0,99.2,3,30,2,2,0,0,0,1
37,0,85.5,9,25,3,0,1,0,0,1
50,0,156.6,12,23,4,2,2,0,5,0
30,1,110.88,10,28,4,1,0,0,3,1
24,1,85.0,10,17,3,3,1,0,0,1
64,0,46.4,3,12,3,3,2,0,0,1
74,0,92.65,12,27,3,3,0,0,0,1
78,2,90.63,11,12,4,5,2,0,0,0
1,1,121.33,9,3,4,3,0,3,3,1
26,2,119.0,10,21,4,2,0,3,0,1
10,0,76.75,3,2,4,4,0,3,0,1
23,0,65.75,3,5,3,3,2,0,0,1
35,1,65.06,3,6,4,2,2,0,0,1
7,0,139.0,7,16,4,1,1,3,0,1
1,2,117.5,12,19,4,2,1,0,0,1
157,2,114.3,8,10,4,3,0,0,0,0
166,1,96.79,7,7,4,3,1,0,0,0
6,0,81.0,8,23,4,0,1,3,0,1
4,1,153.0,5,23,3,0,1,3,0,1
44,1,133.0,4,23,3,1,2,0,0,1
19,1,89.0,1,27,4,3,0,0,0,1
24,1,99.33,5,12,4,3,0,3,0,1
6,0,62.8,2,2,3,3,0,0,0,1
84,2,170.1,6,15,4,4,1,0,3,1
127,1,103.7,6,26,4,2,2,0,3,1
7,1,140.0,8,22,4,1,1,0,0,0
112,0,120.0,10,11,3,2,0,0,0,1
6,1,69.5,1,15,4,2,0,3,0,1
70,3,106.25,4,4,4,3,1,0,0,1
188,0,80.75,6,2,3,3,0,0,0,1
26,2,152.33,9,17,4,1,2,0,0,1
12,2,130.0,8,28,4,0,2,0,0,1
24,0,94.93,12,8,4,3,0,0,3,1
6,1,91.44,4,22,4,3,2,0,0,1
99,2,137.7,7,15,4,2,1,0,3,1
47,0,135.0,10,11,4,2,0,0,0,1
52,2,177.3,4,16,4,1,2,0,5,1
155,1,76.58,5,16,4,3,1,0,0,1
6,0,197.0,11,7,4,0,1,0,0,1
49,0,87.3,3,7,4,2,1,0,3,0
40,0,135.76,4,22,4,5,2,0,3,0
168,0,82.28,10,4,3,4,0,0,0,0
94,1,76.5,7,14,4,3,0,0,0,0
19,0,99.2,8,31,4,1,0,0,0,0
17,0,66.0,2,19,3,2,1,0,0,1
90,2,96.3,4,12,4,3,0,0,0,1
88,1,198.9,8,7,4,0,1,0,5,1
8,1,110.0,10,30,4,0,2,3,0,1
214,0,120.9,9,29,4,3,0,0,0,0
13,1,65.0,6,14,2,3,0,0,0,1
28,0,108.42,6,14,4,3,0,0,3,1
64,1,99.45,4,4,4,3,1,0,0,1
87,0,141.3,6,26,4,3,2,1,0,0
4,0,58.0,12,4,3,2,1,0,0,1
114,0,75.27,5,7,4,2,2,0,0,1
157,2,120.7,7,6,4,4,0,0,3,0
36,0,71.1,3,8,4,5,2,3,0,0
0,0,139.0,8,23,4,1,0,3,0,1
10,0,12.0,11,13,4,2,0,0,0,1
0,0,94.1,9,2,4,1,0,3,0,1
25,4,155.67,9,16,4,2,1,0,0,1
172,1,99.45,8,12,4,4,2,0,0,1
76,1,94.5,4,14,4,3,0,3,0,1
89,0,119.85,5,11,4,4,0,0,0,1
74,0,126.9,6,10,4,1,0,0,0,1
79,4,139.5,7,24,4,4,2,0,3,1
1,0,65.0,8,18,2,2,0,0,0,1
54,2,123.3,10,25,4,1,0,0,0,1
107,0,142.2,8,25,4,2,0,0,3,1
40,1,96.91,12,7,4,4,0,0,3,1
148,0,99.9,5,5,4,3,0,0,0,1
0,2,0.0,8,13,4,0,0,0,0,1
12,1,127.0,4,15,4,2,0,0,0,1
2,1,161.0,5,28,4,1,0,0,0,1
5,2,136.0,6,10,4,2,0,0,3,1
6,0,74.69,12,17,4,2,0,0,3,1
22,2,156.7,4,26,4,4,0,0,5,1
130,2,104.4,10,29,4,1,2,0,3,1
31,1,51.97,12,19,4,1,0,3,0,1
138,1,110.08,6,5,4,2,2,0,0,1
45,0,104.98,4,26,4,4,0,0,0,0
3,1,72.75,11,9,4,5,1,0,3,1
5,0,130.0,1,28,4,3,1,0,0,1
1,0,79.0,2,12,4,1,0,3,0,1
166,0,80.75,7,5,4,5,0,3,0,0
176,1,80.75,7,5,4,6,2,3,0,1
4,0,70.0,1,8,3,2,1,0,0,1
70,0,40.67,1,15,3,2,1,0,0,1
46,0,156.6,11,18,4,2,0,0,5,1
19,2,146.0,7,20,4,1,0,0,3,1
1,1,67.0,4,13,2,1,0,0,0,1
5,0,64.64,1,10,4,2,2,0,0,1
134,1,80.75,4,17,4,2,2,0,0,1
25,0,139.0,9,16,4,1,0,3,0,0
158,0,107.0,4,12,4,3,0,0,0,0
119,0,94.5,5,6,4,2,0,3,0,0
81,0,59.5,3,18,3,2,2,0,0,1
3,0,101.0,3,2,4,2,0,0,0,0
24,1,95.48,9,22,4,3,0,0,0,1
166,1,114.3,8,7,4,1,2,0,0,0
1,0,161.88,11,8,2,1,0,0,0,1
38,2,117.9,6,30,4,3,0,0,0,1
21,1,149.0,10,5,4,2,0,0,0,1
70,0,86.4,3,27,4,4,2,0,4,0
49,0,124.3,5,6,4,2,0,0,3,1
39,1,107.1,7,1,4,1,0,3,0,1
103,1,135.0,10,18,4,3,0,0,0,1
50,1,108.0,10,17,4,0,1,3,0,1
224,0,72.76,8,22,4,5,3,0,0,0
34,0,71.52,1,31,4,5,2,0,1,1
91,2,195.0,7,18,4,2,1,1,3,1
0,2,158.0,9,23,4,2,0,0,0,1
90,0,75.0,5,8,3,1,2,0,0,1
43,1,126.9,7,1,4,2,1,0,0,1
216,1,69.38,5,2,4,3,1,0,0,1
62,0,80.3,3,4,4,2,1,0,0,0
18,0,85.0,10,10,3,3,1,0,0,1
0,0,97.0,2,24,4,1,0,0,0,1
5,0,66.0,3,2,2,1,0,0,0,1
66,1,114.3,3,19,4,1,1,0,3,1
34,0,198.9,4,29,4,2,2,0,5,0
14,0,0.0,4,11,1,1,1,0,0,1
26,0,139.0,9,15,4,2,0,3,0,0
68,0,80.75,6,18,3,1,2,0,0,1
11,1,127.0,2,14,4,0,1,0,3,1
197,0,97.02,8,23,4,5,2,0,0,0
1,1,67.0,4,1,2,1,0,0,0,1
3,1,90.0,8,10,4,1,1,0,0,1
50,0,89.1,10,20,4,1,0,3,0,0
51,1,80.3,2,25,4,3,0,0,0,1
6,0,89.0,10,3,2,0,1,0,0,1
6,1,108.99,9,8,4,3,0,3,0,1
53,3,194.4,12,31,4,3,2,1,3,1
47,1,117.45,9,4,4,2,2,0,3,1
276,0,116.33,9,22,4,3,0,0,0,0
0,1,147.6,10,7,4,2,0,3,0,1
2,0,141.0,6,16,4,2,0,0,0,1
29,3,150.45,11,4,4,4,0,0,5,1
8,1,91.38,11,23,4,4,0,0,0,1
34,0,89.7,2,24,4,3,0,0,0,0
4,1,139.0,2,12,4,2,1,0,3,1
4,1,91.0,5,21,3,1,1,1,0,1
0,0,65.0,10,3,2,0,1,0,0,1
80,0,0.0,9,26,4,2,1,1,0,1
59,1,87.3,8,28,4,3,2,3,0,1
121,1,72.25,12,27,4,2,2,0,0,1
156,0,103.5,8,11,4,1,0,3,0,0
190,0,117.45,12,22,4,8,3,0,3,1
2,1,95.0,4,29,3,2,1,0,0,1
90,1,99.45,4,23,4,5,2,1,0,0
115,0,89.25,9,10,4,3,1,0,0,1
1,0,107.0,1,6,4,1,0,0,0,1
45,1,96.33,9,10,4,1,2,3,0,1
23,1,85.67,3,12,4,1,2,0,0,0
174,0,80.75,7,13,4,4,1,3,0,0
92,0,72.25,11,11,4,3,0,0,0,1
10,2,120.0,10,26,4,1,0,3,0,1
50,2,144.0,10,5,4,2,0,0,0,1
0,0,79.0,2,4,4,1,0,3,0,0
95,1,118.8,7,14,4,4,2,0,3,1
184,1,103.5,8,13,4,1,0,3,0,0
9,0,90.0,2,3,4,1,0,3,0,1
287,2,100.8,9,29,4,3,0,0,0,0
125,4,110.7,10,9,4,2,2,0,1,1
50,1,58.94,1,24,4,3,2,0,0,1
95,2,121.5,7,13,4,3,0,0,0,1
17,2,124.0,9,17,4,2,0,0,0,1
68,0,107.95,7,4,3,1,1,1,3,1
100,2,93.6,12,2,4,2,1,0,0,0
196,1,66.53,7,26,4,5,2,0,0,1
22,1,91.0,3,20,4,0,1,0,0,1
51,1,99.0,9,5,4,0,1,3,0,1
265,2,78.3,11,20,4,1,2,0,0,0
24,1,123.5,12,4,4,2,2,0,0,1
0,0,161.0,5,26,4,1,0,0,0,0
4,1,88.0,8,12,4,2,0,0,0,0
128,0,103.5,8,9,4,5,0,3,0,0
62,1,57.0,1,17,3,3,2,0,0,1
2,1,205.0,9,30,4,1,0,0,3,1
0,1,129.83,8,27,4,2,2,0,3,1
48,0,94.5,10,23,4,2,2,0,0,1
41,1,120.0,4,28,4,3,0,0,0,1
7,0,101.0,3,23,4,1,0,0,0,0
172,1,82.45,8,21,3,1,2,0,3,1
102,0,105.9,7,25,3,4,1,0,0,1
3,1,177.5,9,19,4,1,1,0,3,1
18,0,110.4,9,18,4,2,2,0,0,0
11,1,124.0,9,2,4,2,0,3,0,1
219,0,69.33,8,12,4,2,1,0,0,0
87,1,78.5,2,12,4,2,1,3,0,1
25,1,187.0,8,15,4,2,1,0,3,0
30,1,150.3,1,15,4,2,0,0,5,1
102,0,189.3,7,22,4,2,1,0,5,1
48,0,149.4,9,18,4,2,2,0,3,0
5,1,95.0,10,4,2,13,6,0,0,0
40,2,145.2,10,14,4,2,1,0,3,1
5,1,71.84,2,24,4,1,0,0,0,1
148,1,65.83,11,2,4,3,0,0,0,1
3,0,79.0,3,14,2,1,1,0,0,1
26,0,118.5,10,26,4,1,0,0,0,0
10,1,118.0,8,28,4,0,2,3,0,0
38,0,151.47,8,14,4,1,2,0,3,0
2,1,194.0,9,18,4,1,2,0,3,1
15,0,92.0,2,18,3,3,0,0,0,1
7,2,131.0,4,23,4,1,1,0,0,1
41,0,105.3,10,3,4,2,1,0,0,0
2,1,162.0,1,29,4,2,0,1,0,1
126,0,89.25,5,15,4,2,2,3,0,0
22,2,115.0,10,6,4,4,0,0,0,1
18,0,89.0,6,23,4,1,0,3,0,1
60,0,143.1,4,30,4,1,1,0,0,0
3,0,79.0,3,21,2,0,1,0,0,1
180,2,95.13,8,14,4,5,2,0,0,1
0,0,159.0,7,5,4,1,0,0,0,1
3,0,66.0,2,25,2,1,0,0,0,1
44,0,87.2,12,3,3,2,2,0,3,1
76,1,65.75,3,7,4,3,1,3,0,1
4,2,200.75,9,19,4,2,2,0,5,1
37,1,132.84,9,29,4,2,0,0,3,0
1,1,97.0,3,12,4,1,0,3,0,1
219,0,106.25,10,24,4,5,1,0,0,0
26,0,85.0,8,15,3,2,1,0,0,1
58,1,85.0,8,24,3,4,0,0,0,1
36,0,113.1,4,27,4,3,0,0,0,0
12,2,129.0,2,14,4,3,2,1,0,1
8,1,125.0,3,18,4,2,0,0,0,1
12,1,114.0,7,19,4,2,0,3,0,1
167,0,119.85,9,3,4,10,4,0,0,0
124,0,143.1,9,20,4,5,1,0,3,0
0,0,265.0,7,8,4,2,2,0,6,0
123,0,93.08,4,21,4,3,1,0,0,1
163,0,96.3,8,26,4,2,0,0,0,0
116,0,145.41,8,5,4,5,2,0,3,0
56,2,123.98,9,5,4,3,1,0,3,1
134,2,96.3,4,29,4,2,0,0,0,1
4,1,117.37,11,6,4,2,2,0,0,1
4,1,141.0,5,14,4,1,0,0,0,1
35,1,78.3,2,13,4,4,2,0,0,1
29,0,111.15,4,12,4,2,0,0,0,0
1,1,148.0,8,30,4,2,0,0,0,1
86,1,93.6,12,15,4,2,0,0,0,1
146,0,72.25,7,13,3,4,1,0,0,1
72,1,93.6,12,23,4,2,1,0,0,1
26,0,161.0,10,17,4,1,2,0,0,1
88,0,121.5,5,13,4,2,0,0,0,1
0,1,120.0,10,13,4,1,0,3,0,1
80,2,120.9,11,10,4,3,0,0,0,1
201,1,106.2,5,1,4,1,2,0,0,0
0,0,65.0,4,18,2,0,1,0,0,1
12,3,97.0,11,15,4,4,0,0,0,1
88,0,105.0,5,9,3,4,1,1,0,1
20,2,171.13,11,7,4,3,1,3,0,1
60,1,123.3,9,3,4,1,1,0,3,0
259,3,73.41,12,28,4,5,2,0,1,1
118,0,183.3,7,29,4,2,1,0,5,0
128,0,119.7,8,8,4,4,1,0,0,0
2,2,169.0,10,11,4,1,0,0,0,1
168,0,130.05,8,1,4,4,1,0,3,0
93,1,159.17,9,10,4,5,2,0,3,0
0,0,90.0,5,13,3,2,0,0,0,1
12,0,133.33,3,2,4,3,0,0,3,1
32,1,83.9,2,22,4,2,1,0,0,1
12,0,134.33,7,18,4,2,1,0,0,1
74,3,93.6,11,4,4,2,0,0,0,1
66,0,141.3,7,27,4,4,1,0,3,1
95,1,90.3,4,17,4,1,2,0,0,1
10,0,119.0,10,14,4,2,1,0,0,0
31,1,88.4,11,13,4,2,2,0,0,1
164,1,89.25,8,3,4,4,0,3,0,1
85,0,105.3,7,18,4,0,1,0,0,1
156,0,121.5,8,23,4,2,0,0,0,0
19,0,154.0,4,13,4,1,0,3,0,1
132,1,144.9,5,27,4,2,0,0,3,1
83,2,159.3,8,8,4,2,1,0,3,1
15,2,170.0,10,7,4,2,0,0,3,1
35,3,99.0,9,25,4,0,2,3,0,1
224,1,90.95,8,21,4,3,2,0,0,1
109,1,113.26,7,11,4,5,3,0,3,1
18,0,121.0,6,8,4,2,0,0,0,0
41,2,75.0,11,1,3,3,2,0,3,1
174,1,115.2,3,25,4,2,1,0,0,0
8,1,40.0,9,13,2,1,0,0,0,1
38,0,55.59,1,15,4,2,1,0,0,1
178,1,127.62,7,28,4,5,2,0,3,0
23,1,0.0,12,8,4,0,0,0,3,1
90,0,116.1,5,18,4,1,1,3,0,0
166,0,96.3,7,27,4,1,1,0,0,0
135,1,79.64753393626462,5,9,4,3,0,0,0,0
2,0,108.19199938477024,5,22,1,0,1,1,1,0
46,1,139.5,10,7,4,1,2,0,3,0
86,0,89.83998937683084,10,27,4,1,1,0,0,0
293,0,116.55161487103676,8,20,3,3,0,1,0,0
186,1,84.20720568645254,5,6,4,2,0,0,0,0
6,0,79.14884940185475,10,15,3,6,2,2,0,0
332,0,74.92450862438466,11,13,4,3,1,0,0,0
0,0,95.0,5,21,0,2,0,0,0,0
49,0,111.82997032984301,4,7,4,2,0,0,0,0
49,0,108.0,10,3,4,2,0,3,0,0
27,0,119.0,10,17,4,2,0,3,0,0
4,0,97.93627260938936,8,25,3,0,0,0,0,0
9,0,92.32356082058745,9,25,3,0,0,1,0,0
258,0,89.21258059692666,10,4,3,4,0,0,0,0
39,0,147.6079197358003,11,7,4,3,1,0,0,0
96,0,132.24502410635296,8,26,3,1,0,0,3,0
110,0,108.0,10,12,4,1,0,3,0,0
81,0,168.3,9,7,4,3,0,0,3,0
169,1,112.0848926074424,8,11,3,3,2,0,3,0
238,1,128.1381119154311,9,25,4,2,0,0,0,0
5,0,95.86933060718765,6,13,2,1,0,0,0,0
41,0,116.1,5,9,4,3,1,3,0,0
16,0,101.10346410000616,10,11,4,3,1,0,0,0
267,0,96.99340838455244,10,3,4,1,1,2,0,0
143,0,81.71455631481648,8,28,4,2,0,3,0,0
107,0,130.0,5,9,3,1,0,0,0,0
85,0,92.35834420222938,4,13,4,4,1,0,0,0
261,0,106.18197698155019,11,14,3,3,0,0,1,0
8,0,152.92778461200382,7,16,4,1,1,0,4,0
45,1,128.68918011390815,7,28,4,3,0,0,1,0
47,0,134.08583343490588,6,4,4,1,0,0,0,0
41,0,127.64256176950369,5,28,4,1,0,0,0,0
168,0,137.7,8,9,4,2,0,0,3,0
123,0,114.32880656836508,5,22,4,4,2,0,3,0
51,0,93.44380599436273,10,5,4,1,0,0,0,0
210,0,68.35632184991654,5,30,4,3,0,1,1,0
285,0,91.52664066428365,9,17,3,0,0,0,0,0
63,0,90.27286391413817,10,7,4,2,0,1,0,0
198,1,70.48102788676168,8,2,4,3,0,0,0,0
127,0,89.38385381390869,7,25,4,2,1,2,0,0
59,0,102.04948418397755,6,26,4,2,1,2,0,0
91,0,125.8725264161159,9,22,3,1,2,0,2,0
144,0,100.3,6,1,4,3,0,0,0,0
30,0,83.65792182677275,11,23,4,2,1,0,0,0
55,0,116.82214022770616,5,8,4,2,0,1,0,0
174,1,220.40891240106197,7,19,4,2,0,0,5,0
69,0,149.4,9,16,4,1,0,0,3,0
271,0,99.46689568236889,9,30,3,2,1,0,0,0
8,0,97.86995549486618,4,5,4,1,0,0,0,0
39,0,126.9,5,21,4,1,2,0,0,0
141,0,109.8,7,26,4,2,0,0,3,0
54,0,99.0,9,2,4,1,0,3,0,0
156,0,121.58991002853014,8,22,3,2,0,0,0,0
17,0,156.58398328408362,9,7,4,3,0,0,1,0
229,0,89.33468839115156,9,22,4,2,1,0,0,0
37,0,135.40899115680463,8,13,4,0,1,0,1,0
49,0,100.80866013479331,4,11,4,2,1,0,0,0
18,0,132.61024672595846,4,13,4,3,1,0,3,0
99,0,133.9060203457752,5,21,4,2,0,0,1,0
231,1,133.68775512292706,7,3,4,2,0,0,0,0
187,0,83.55473453897358,6,4,3,2,0,0,0,0
11,0,83.66634152300442,11,2,3,3,0,0,0,0
95,0,100.59210691877271,4,27,4,4,1,0,0,0
30,1,185.03856689360714,10,2,4,7,3,0,5,0
175,1,109.26395629112335,7,27,4,3,1,0,0,0
41,0,81.32491043495652,2,5,4,2,1,0,1,0
143,0,176.80331872806696,9,26,4,1,0,1,0,0
265,0,114.45849521410261,6,24,4,2,0,1,0,0
18,0,63.47028875562822,2,7,4,7,1,3,0,0
55,0,98.82081357290745,3,21,4,2,0,0,0,0
28,0,166.82989726737264,10,10,4,1,0,0,3,0
78,0,92.03175545290219,10,19,4,1,0,0,0,0
5,0,108.96537270854336,3,10,4,2,0,0,0,0
37,0,209.4940169934126,6,9,4,1,2,0,3,0
159,1,131.44880510002892,7,22,4,3,2,0,1,0
198,1,113.77948877184103,8,23,3,4,2,0,1,0
85,0,220.91716928064207,9,22,4,3,1,0,5,0
24,0,106.33103568519834,9,10,4,1,0,3,0,0
81,2,123.0,10,21,4,4,2,0,3,0
115,0,107.35604588183155,9,15,4,1,1,3,0,0
275,0,95.43034941158035,9,21,3,3,0,0,0,0
263,0,78.73148081730123,12,24,4,5,1,0,0,0
87,0,111.06407102523697,4,28,4,2,2,1,0,0
354,0,93.92036226005179,10,4,3,3,0,0,0,0
162,0,139.76132321693177,7,30,4,2,1,0,3,0
31,0,198.53985965739338,4,29,4,1,2,0,5,0
196,1,112.39687444333454,8,24,4,5,2,0,0,0
46,0,198.9,5,14,4,1,0,0,5,0
14,0,137.93781703094464,4,7,4,2,1,0,0,0
39,0,136.3449470830943,4,22,4,4,2,0,3,0
94,0,107.17235388279886,8,1,4,2,0,2,0,0
168,0,137.7,7,22,4,1,0,0,0,0
294,1,162.813894055853,10,23,4,4,1,0,1,0
254,1,137.04432427801314,10,10,4,2,1,0,3,0
114,0,119.85,6,13,4,4,1,0,0,0
35,0,114.21921736350339,3,11,4,2,1,0,2,0
27,0,214.81810153605284,9,18,4,2,0,0,5,0
103,0,115.92051591837478,5,15,3,1,0,2,0,0
210,0,68.6982947785096,5,30,4,3,0,2,0,0
232,1,101.15871260894929,7,12,4,4,0,0,0,0
46,0,76.40478207725876,2,16,4,2,0,0,0,0
177,1,127.54278185031806,8,10,4,2,0,0,0,0
12,0,89.0,6,19,4,1,0,3,0,0
29,0,145.47989577245912,3,28,4,2,0,0,3,0
98,1,212.70228329130913,8,12,4,5,2,1,3,0
89,0,76.5,8,15,4,4,1,0,0,0
52,0,123.3,9,1,4,2,1,0,3,0
11,0,190.0103071787902,3,17,4,2,0,0,5,0
98,0,167.99129091751558,4,19,4,2,0,0,3,0
56,0,93.6,11,18,4,1,0,0,0,0
39,0,86.86976286268087,3,1,4,2,0,0,2,0
170,0,159.3,9,19,4,2,1,0,3,0
143,0,125.8381072161522,8,13,4,5,1,0,1,0
23,0,160.96818029559958,10,1,4,3,0,0,4,0
114,0,106.59530150606965,8,17,4,2,1,2,0,0
59,1,123.3,3,29,4,1,0,0,3,0
39,0,175.28457119037637,9,21,4,2,0,0,3,0
116,0,95.65070769146942,8,3,3,1,2,0,1,0
211,0,77.36878679619167,8,8,3,3,1,2,0,0
52,0,259.7087148809221,7,5,4,1,1,0,6,0
166,0,98.25156011817626,8,4,3,2,1,0,0,0
142,0,140.94112759441416,8,18,4,3,0,0,3,0
116,0,108.25960808615254,5,6,4,1,0,0,0,0
96,0,147.86491167344127,7,2,4,2,1,0,1,0
138,0,174.70841625585146,5,7,4,2,0,0,5,0
132,0,115.81155218451138,7,19,4,3,1,0,1,0
227,0,107.21553356764568,10,14,4,4,3,0,0,0
292,1,76.24820833440873,12,28,4,3,0,3,0,0
67,0,85.64519722288648,4,2,4,1,2,1,0,0
7,0,143.1794079411547,4,11,4,3,0,0,0,0
117,0,143.3456486874396,8,19,4,3,0,0,3,0
260,0,98.34914137283101,9,29,4,2,2,0,0,0
72,0,159.3,4,29,4,1,1,0,3,0
101,0,69.429002306562,4,5,3,2,1,0,0,0
10,0,77.35047090642651,11,17,4,7,2,0,0,0
82,0,67.70074952302505,11,19,4,0,1,3,0,0
28,0,69.92033888559035,10,5,3,1,1,0,0,0
53,0,94.5,6,18,4,2,1,2,0,0
64,0,124.59868076908658,6,28,4,2,0,0,2,0
167,0,80.06746945794829,10,4,3,2,0,0,0,0
43,0,74.8,11,24,4,2,1,3,0,0
233,0,90.25756949085444,9,13,3,2,1,0,0,0
33,0,214.92198837929558,7,11,4,1,0,0,5,0
305,0,75.78452848953965,10,21,4,2,0,0,0,0
184,1,164.25,8,16,4,1,0,1,0,0
87,0,118.8,7,13,4,3,0,0,3,0
211,1,143.251721507211,9,7,4,2,0,0,0,0
119,0,104.55933762400163,12,24,4,1,1,0,2,0
159,1,119.85,5,26,4,3,0,0,0,0
29,0,127.10439121934566,6,21,4,1,0,0,0,0
146,0,114.3,7,7,4,1,0,0,0,0
237,1,106.48483452415363,9,12,4,3,0,0,0,0
206,1,168.13878885453485,8,7,4,2,0,0,3,0
247,0,100.2229985281658,9,26,3,4,1,0,0,0
108,0,72.5929379945929,7,18,4,6,3,0,0,0
48,1,79.2,11,21,4,2,1,3,0,0
62,0,78.52167387298952,11,23,4,1,0,2,0,0
78,0,130.05931167624686,7,5,4,4,1,0,3,0
86,0,94.0545418413861,4,9,4,2,2,3,0,0
61,1,125.04239290103496,3,29,4,1,0,0,1,0
32,0,141.31118977543363,3,24,4,2,0,0,3,0
110,0,119.54760290227729,10,9,4,0,1,0,0,0
71,1,160.53127420986186,5,28,4,1,2,0,3,0
160,0,128.74884992810806,4,26,3,2,0,0,2,0
50,0,77.23007047177944,2,16,4,1,0,0,0,0
49,0,52.25601722197661,2,11,4,1,1,1,0,0
151,0,131.60710476445692,7,16,3,2,1,0,0,0
23,0,164.95742869074567,6,27,4,3,0,0,3,0
111,0,132.6,6,8,4,3,1,0,3,0
11,1,135.20095844075837,4,27,4,3,0,0,0,0
10,0,96.89267240912034,10,27,4,1,0,3,0,0
37,0,128.840370845373,8,27,4,4,0,0,3,0
78,0,131.9439964664306,9,5,4,2,0,0,3,0
116,0,72.18995814288562,2,28,3,1,1,0,0,0
111,0,132.50715423358602,6,9,3,2,1,0,2,0
227,0,80.77131069530837,8,27,4,3,2,2,0,0
88,0,71.63112039834967,3,3,4,2,0,1,0,0
261,0,106.25,11,15,4,4,0,1,0,0
57,0,86.44122052353134,3,18,4,1,0,1,0,0
137,0,139.4991957944454,10,27,4,3,0,0,4,0
124,0,88.32622135036344,4,14,4,2,1,1,0,0
63,0,105.3,7,23,4,4,2,0,0,0
46,0,198.9,5,7,4,1,0,0,5,0
117,0,105.62716523218857,4,28,4,1,0,0,3,0
286,0,117.0,9,16,4,2,0,1,0,0
151,0,94.96119685690952,5,30,4,3,0,0,0,0
176,1,113.58862120618454,5,26,4,2,0,2,0,0
110,0,94.46064482514282,7,24,4,1,2,1,0,0
45,0,181.53767918020114,9,3,4,1,1,0,5,0
161,0,130.58518951010694,7,5,4,3,0,0,3,0
7,0,81.21678295633093,2,19,2,0,0,0,0,0
43,0,82.67436172929283,2,14,4,1,0,0,0,0
129,1,115.33523424539737,4,11,4,1,0,0,3,0
225,1,131.29949837346433,10,30,4,3,1,0,3,0
214,1,87.49617666807771,7,18,4,1,0,0,0,0
60,0,120.6,8,8,4,2,0,0,3,0
175,0,106.00124314667886,8,2,4,3,0,0,0,0
159,0,104.75115415620004,8,5,4,1,0,0,0,0
122,0,161.994560690088,8,20,4,4,1,0,3,0
294,1,78.15119687420125,12,28,4,3,0,3,0,0
100,0,76.74446320482559,6,2,4,2,0,0,0,0
32,0,149.4,7,11,4,1,0,0,3,0
31,0,98.1,5,25,4,1,0,3,0,0
6,0,130.6022912293115,8,14,4,1,2,0,0,0
62,0,63.75,3,8,4,4,0,1,0,0
63,0,139.33292244857742,5,26,4,1,1,0,3,0
27,0,72.641543084761,2,4,4,6,2,0,0,0
26,0,166.2526903437254,6,28,4,2,0,0,3,0
6,0,105.94985694050015,9,1,4,2,0,3,0,0
51,0,144.228066713611,7,11,4,1,1,0,3,0
119,0,164.402552698331,9,21,4,2,1,0,3,0
71,0,132.56435077528187,5,21,4,2,1,0,3,0
105,1,151.6722886323776,10,7,4,2,0,0,1,0
177,1,130.05,8,10,4,3,1,0,3,0
191,0,88.34482155162628,7,24,4,4,0,1,0,0
149,0,127.5,7,20,4,3,0,0,0,0
57,0,109.63638694902642,3,21,4,2,1,0,1,0
49,0,161.98578707177305,9,29,4,2,2,0,3,0
53,0,109.36157293728132,7,28,4,2,0,0,0,0
32,0,196.77338170821824,6,7,4,2,0,0,2,0
185,1,90.89364745143571,6,5,4,4,0,0,0,0
4,0,81.0,2,5,4,3,2,3,0,0
228,0,91.80030308031692,8,28,4,2,2,0,0,0
131,0,94.5,7,14,3,1,1,1,0,0
386,1,90.0,10,23,3,0,2,1,0,0
292,0,88.05018309840794,9,20,3,3,1,0,0,0
274,0,109.85081404938342,4,17,3,0,1,1,0,0
100,0,221.31761489493974,8,20,4,3,1,1,4,0
210,0,86.0,10,8,3,3,1,1,0,0
68,0,67.02144285124626,7,4,4,1,2,0,0,0
124,0,79.17993148875586,8,12,3,2,1,0,0,0
237,0,92.87527878801812,11,22,4,6,1,0,0,0
288,0,67.27432724121817,12,22,4,5,2,0,0,0
10,0,95.0,8,24,4,0,0,1,0,0
205,1,126.9,9,8,4,2,0,0,0,0
113,0,119.07916123483766,8,6,4,3,1,0,0,0
104,0,141.21299823743678,7,15,4,4,1,0,2,0
158,0,130.05,8,1,4,4,1,0,2,0
62,0,98.94961231952009,9,4,4,0,1,2,0,0
191,1,94.36193789662515,7,8,4,3,0,0,0,0
105,0,128.82848175326703,5,8,4,1,1,0,0,0
248,0,112.65911593695427,10,17,4,2,1,0,0,0
60,0,142.41252286520503,4,29,4,1,1,0,0,0
41,0,57.61491628182629,3,10,3,1,1,1,0,0
63,0,94.78,4,26,4,4,0,3,0,0
160,0,119.42701347332478,5,27,4,1,0,0,1,0
41,0,86.40960691224764,10,6,4,1,0,0,0,0
18,1,98.63234219757703,8,29,4,4,1,0,0,0
60,0,92.13826346058602,4,1,4,1,1,0,0,0
38,0,107.02810015483868,7,2,4,2,1,1,0,0
67,0,134.55698166676015,8,6,4,2,0,0,0,0
50,0,125.38690601271507,7,18,4,1,0,2,0,0
6,0,118.14435613805344,3,11,4,1,0,0,0,0
42,0,168.39045302670104,5,15,4,1,0,0,3,0
197,0,96.49800776866995,9,1,4,5,1,0,0,0
152,1,134.64895554403975,7,4,4,3,1,0,0,0
84,1,157.87462226996868,4,24,4,2,2,0,5,0
35,0,93.79455988456328,11,21,4,2,0,0,0,0
115,0,85.96632687306145,4,26,3,8,3,2,0,0
1,0,138.46062904332481,8,9,4,1,0,1,0,0
25,0,181.04512349201792,2,1,4,1,1,0,1,0
29,0,167.71096539363745,9,11,4,2,1,0,2,0
110,0,94.6163906727289,6,25,4,1,2,0,0,0
181,0,96.3,8,28,4,0,1,0,0,0
156,1,121.05063603365203,7,14,4,1,0,0,0,0
22,0,79.92687928170737,10,4,4,1,0,1,1,0
145,1,90.7803878204781,6,25,4,6,2,0,0,0
71,0,85.27730091832503,4,22,4,2,2,3,0,0
102,0,101.5,10,16,3,2,0,1,0,0
2,0,87.99901125689338,2,9,2,1,0,0,0,0
127,0,86.28852049621234,5,27,3,2,1,2,0,0
80,0,74.79168632511734,4,2,4,2,1,3,0,0
64,0,94.65939227265824,5,25,4,3,0,3,0,0
151,1,105.3,7,15,4,1,0,0,0,0
98,1,166.17268137576602,7,8,4,2,0,0,2,0
95,1,73.27485149887006,10,28,4,1,0,0,0,0
271,0,95.0,9,21,3,3,0,0,0,0
37,0,116.1,5,14,4,1,0,3,0,0
70,0,135.14058769369734,8,6,4,2,0,0,0,0
73,0,107.33122467146707,7,5,4,1,0,2,0,0
11,0,143.14423466985193,4,13,4,2,0,0,3,0
2,0,76.24764728314967,11,26,4,5,3,0,0,0
93,0,108.8626005071843,7,2,4,4,1,0,0,0
42,0,144.6852746027792,8,29,4,2,1,0,3,0
87,0,221.18,10,24,4,3,1,1,5,0
161,1,112.35120388530704,6,25,4,0,1,0,3,0
231,1,104.63075275507995,9,5,4,2,0,0,0,0
225,0,75.98835492892712,9,29,4,3,2,3,0,0
27,0,74.90022242090922,2,5,4,1,1,3,0,0
16,0,95.85990939867779,4,12,3,2,1,0,0,0
1,0,92.6549998925615,9,19,4,1,0,1,0,0
21,0,149.4056857884685,6,9,4,2,0,0,2,0
73,0,75.02851566332563,3,19,4,3,2,0,0,0
83,0,94.31881882263187,9,19,4,1,2,0,0,0
203,0,90.0,5,29,3,1,2,0,0,0
155,0,105.05478162579354,7,24,4,1,1,0,0,0
243,1,58.36,12,27,4,5,2,0,0,0
154,0,109.78878485213363,7,24,4,1,0,0,0,0
141,0,141.8431315042198,8,18,4,5,1,0,3,0
111,0,86.74738863286987,12,7,4,2,0,0,0,0
160,1,95.5486625158581,6,16,4,4,1,3,0,0
50,0,158.71307887126406,8,18,4,1,0,0,3,0
271,0,95.70880944087293,9,21,3,3,0,0,0,0
76,0,59.928498424483685,3,24,4,2,0,0,0,0
99,0,93.59300698004832,6,25,4,3,0,3,0,0
67,0,88.35427255625434,5,21,4,2,0,3,0,0
203,1,125.36533077331856,9,8,4,3,0,0,0,0
33,0,125.2323155773777,3,23,4,2,0,0,0,0
157,0,112.16035853728603,7,15,3,1,1,0,0,0
104,0,94.5,7,16,3,1,0,2,0,0
28,0,70.0,2,6,3,4,2,0,0,0
122,0,93.44754320948937,4,28,4,2,0,0,0,0
86,1,89.53967748735913,3,24,4,3,0,0,0,0
106,0,152.83503902986143,8,15,4,2,1,0,0,0
161,0,86.8816266181951,7,14,4,4,2,3,0,0
31,1,135.28541441918745,7,26,4,1,0,0,0,0
164,0,89.57664118900506,7,28,4,4,1,2,0,0
21,1,98.83507636474735,9,29,4,3,2,1,0,0
106,0,151.27826582225245,8,24,4,3,0,0,3,0
42,0,92.80142894162266,11,1,4,5,0,0,0,0
22,0,128.5503804912179,4,21,4,1,0,1,0,0
21,0,83.4430335681432,9,25,4,3,0,2,0,0
81,0,99.12810626588222,3,24,4,3,1,0,3,0
150,0,124.02136367534987,6,30,4,2,2,0,3,0
35,0,98.65078550008775,7,24,4,0,1,3,0,0
58,0,99.9,6,21,4,1,0,0,0,0
194,0,115.41122390840347,8,9,4,1,1,1,0,0
209,0,100.79040803655136,8,19,4,2,0,0,0,0
173,0,142.48812804415283,9,7,4,2,1,0,1,0
215,0,177.1075062743433,10,6,4,4,1,0,0,0
109,0,75.83983785792344,7,15,3,1,0,0,0,0
83,0,66.22723566093478,4,12,4,5,1,0,0,0
214,1,65.61734493211954,11,19,4,2,1,3,0,0
163,0,100.25101647225925,10,2,3,2,0,0,0,0
35,0,125.79266996187604,6,9,4,1,0,1,0,0
33,0,111.73696374949127,6,27,4,2,1,0,0,0
109,0,263.420360404482,7,25,4,2,0,0,6,0
8,0,173.23236539530262,10,6,2,1,0,0,4,0
50,0,126.10805430393431,3,21,4,2,0,0,0,0
148,0,174.79593803188124,8,2,4,2,2,0,3,0
212,1,104.13983979912608,9,7,4,2,1,0,3,0
103,0,74.98869809207133,10,21,4,5,0,0,0,0
0,0,96.86597752722759,8,5,3,1,0,0,0,0
30,0,152.96445823809862,10,3,4,3,0,0,3,0
28,0,114.97084851403235,4,17,4,1,1,0,0,0
265,0,109.0,6,24,3,2,0,1,0,0
420,0,74.14653827079843,9,22,3,2,0,0,0,0
34,0,140.08768243212208,4,22,4,2,1,0,3,0
150,1,162.0,9,22,4,2,1,0,3,0
33,0,98.05665888661954,5,25,4,0,0,2,0,0
105,0,100.88880936949487,4,27,4,7,1,0,0,0
193,0,90.11646354736922,8,14,4,4,2,0,0,0
21,0,129.0,6,22,4,1,0,3,0,0
62,0,98.01897890674799,3,19,3,1,1,0,0,0
51,0,138.32638477427363,8,3,4,2,1,0,2,0
102,1,118.8,10,6,4,1,0,0,0,0
21,0,134.90731968289148,3,30,4,3,1,0,0,0
25,0,152.2657796348089,6,23,4,2,2,0,0,0
221,0,80.0,8,12,3,1,0,0,0,0
23,1,119.0,9,22,4,2,1,3,0,0
133,0,151.2,10,14,4,1,2,0,3,0
31,0,117.09380257928107,5,21,4,1,0,1,0,0
81,0,99.29193314922561,4,5,4,4,1,0,3,0
80,0,96.5251025871896,3,3,4,3,0,0,3,0
52,1,123.3,9,2,4,2,0,0,3,0
62,0,94.69343810736362,4,21,3,2,0,2,0,0
68,0,140.4,5,2,4,1,0,0,3,0
39,0,131.4,3,22,4,1,0,0,3,0
133,0,109.02018959704364,5,27,4,2,1,0,2,0
103,0,132.26155528657426,9,21,4,2,1,0,3,0
80,1,89.76806547274053,3,24,4,2,1,0,0,0
155,0,140.98075413087113,9,21,4,2,0,0,3,0
151,0,199.19797667822232,7,22,4,1,1,0,2,0
82,0,126.9,5,17,4,2,0,0,0,0
194,1,130.70884368411382,8,12,4,1,1,0,0,0
174,0,129.5353801130778,8,14,4,3,1,0,2,0
26,0,114.49174889749801,4,14,4,2,0,2,0,0
101,0,68.44161890725928,7,8,3,1,2,0,0,0
5,0,176.9805315812831,9,10,4,2,1,0,3,0
27,0,219.2766688341609,9,16,4,1,1,0,5,0
18,0,137.08930700226912,3,19,4,1,1,0,0,0
14,0,87.64037054445848,3,18,4,1,0,1,0,0
122,0,79.2,11,4,4,1,1,3,0,0
38,0,126.9,5,21,4,1,1,0,0,0
292,0,114.86418445701236,7,21,3,2,0,1,0,0
74,0,78.18640618586305,2,18,4,1,1,0,0,0
153,0,109.8,7,22,4,2,0,0,0,0
21,0,128.56479722542517,8,18,4,1,1,2,0,0
87,1,76.5,7,8,4,3,0,0,0,0
180,1,108.51276295350988,8,2,4,3,1,0,0,0
114,0,87.66014845898793,6,7,3,1,1,0,0,0
180,0,114.83143956734342,6,23,4,1,1,0,0,0
6,0,126.96528390537333,2,9,4,4,1,0,3,0
39,0,117.63809304076102,6,2,4,1,2,0,0,0
44,0,149.50276423745325,8,27,4,2,0,0,3,0
6,0,153.29261315432623,4,15,4,1,0,0,3,0
167,0,85.0,4,21,4,2,1,0,0,0
122,0,85.45448107562856,4,14,3,2,0,0,0,0
155,0,119.73451023249646,6,14,3,2,0,0,0,0
38,0,67.5,2,15,4,0,1,0,0,0
157,0,126.86834714807318,9,16,4,1,0,0,0,0
166,0,121.53234403036744,7,5,4,3,1,0,0,0
119,0,189.94500663012272,5,25,4,3,0,0,5,0
21,1,88.0,11,28,4,0,1,3,0,0
207,0,127.92742852359552,8,29,4,2,1,0,3,0
61,0,99.9,6,20,4,1,1,0,0,0
60,0,87.3,3,10,4,3,0,0,3,0
20,0,100.0,4,22,2,2,0,0,0,0
130,0,115.88613292801027,5,2,4,3,0,2,0,0
24,0,125.95639776759909,4,10,4,4,1,0,3,0
173,1,137.7,8,10,4,3,0,0,3,0
119,0,96.91860394089275,6,26,4,2,0,0,0,0
210,0,154.26402590988818,8,9,4,7,3,0,3,0
25,0,131.30110327093158,9,2,4,1,1,2,0,0
108,0,116.9142051493214,6,14,4,2,0,1,0,0
32,1,131.06438616098154,7,25,4,1,1,0,0,0
116,0,188.14213137530066,5,21,4,3,0,0,4,0
116,1,76.5,7,20,4,0,0,0,0,0
18,0,156.0077917774279,5,11,4,1,0,0,3,0
140,0,94.45863054474255,7,17,3,0,1,2,0,0
33,0,125.79485505898543,8,13,4,2,1,0,0,0
189,0,113.70297352295232,9,28,4,2,0,0,0,0
6,0,89.0,3,7,4,1,0,3,0,0
186,0,121.79454667489384,8,2,4,2,0,0,0,0
122,0,114.3,6,10,4,3,0,0,0,0
180,0,70.12489570197474,10,16,3,1,0,0,0,0
44,0,152.1,8,11,4,1,1,0,0,0
174,0,92.33708878024768,5,27,4,4,1,0,0,0
70,0,150.14868599385895,8,16,4,1,0,0,3,0
84,1,90.07706621917879,3,26,4,1,1,0,0,0
290,0,73.82402521870983,11,1,4,3,1,0,0,0
132,0,101.62497500779422,9,23,4,2,0,0,0,0
39,0,81.03500817366734,5,19,3,1,1,0,0,0
217,0,80.66580123955859,8,12,4,1,1,2,0,0
43,0,123.98642583060611,5,19,4,2,0,0,1,0
203,0,87.04530060362102,8,17,4,3,0,1,0,0
1,0,67.33539590124616,6,14,2,1,1,0,0,0
87,0,71.73619446502997,4,3,4,2,1,2,0,0
27,0,100.0,4,20,2,2,0,0,0,0
183,1,103.43507914478444,10,4,4,3,0,0,0,0
9,1,118.26633467167818,9,21,4,1,0,1,0,0
7,0,93.0,2,9,4,2,0,1,0,0
178,0,96.3,8,26,4,1,0,0,0,0
236,0,86.52130385677765,8,6,4,2,0,0,1,0
6,0,92.00937035557537,2,22,4,2,0,0,0,0
120,0,88.50842923054803,6,25,4,1,0,0,0,0
10,0,112.44283723758743,4,29,4,2,1,0,3,0
206,1,177.3,8,2,4,2,0,0,5,0
68,0,149.4,9,15,4,1,0,0,3,0
89,0,90.09658845719002,3,24,4,3,0,0,0,0
41,0,125.55,10,5,4,1,0,0,3,0
186,0,129.3721588563586,7,15,4,2,0,0,1,0
131,0,94.5,5,12,4,1,0,2,0,0
295,0,117.0,9,21,3,4,0,1,0,0
105,0,103.12292951567193,4,27,4,9,2,0,0,0
17,0,106.07346746922472,4,11,4,0,1,3,0,0
102,0,112.1512449423937,7,28,4,11,5,2,0,0
56,0,94.5,4,11,4,2,0,3,0,0
146,1,116.33924377238131,8,1,4,5,1,0,0,0
43,1,148.88113239288379,6,26,4,2,0,0,1,0
109,0,80.41499728779415,10,24,3,1,1,0,0,0
98,1,98.1430924973261,11,2,4,2,0,0,0,0
10,0,149.2365281633714,8,10,4,0,1,2,0,0
31,0,150.54751442837858,9,2,4,2,0,0,1,0
50,0,77.28462482536494,3,9,4,2,1,1,0,0
36,0,134.87495912919186,8,10,4,1,1,0,2,0
21,0,136.04317850242782,3,31,4,3,2,0,0,0
198,0,81.86329385359997,8,3,4,4,1,3,0,0
91,1,89.3456811627393,6,15,4,4,0,0,3,0
8,0,103.52209058072258,8,16,4,2,0,2,0,0
90,0,200.15886073547864,5,14,4,1,1,0,5,0
317,0,77.39876285477345,7,15,3,3,0,0,0,0
50,0,122.5688436755317,9,2,4,2,0,0,2,0
59,0,108.37350571694586,5,25,4,1,2,0,0,0
104,0,150.3,8,25,4,2,0,0,3,0
270,0,109.93925496994095,4,19,3,3,0,0,0,0
164,0,107.92787573787666,8,12,3,3,2,0,0,0
191,1,116.44359268191363,8,9,4,4,1,0,2,0
85,0,57.29572249625796,2,6,4,1,1,0,0,0
159,0,129.0720986076947,6,17,4,2,1,0,3,0
72,0,85.87867882262141,9,17,3,2,1,2,0,0
24,0,157.96561457248228,6,20,4,2,0,0,3,0
54,0,79.07886776862131,8,8,2,1,0,1,0,0
60,0,160.21861636859833,5,1,4,1,2,0,0,0
23,0,107.48784134629237,9,26,4,1,0,3,0,0
7,0,105.56165523850142,2,11,4,2,0,0,2,0
38,0,79.92993736689104,6,19,4,1,1,0,0,0
15,0,79.28069883435536,2,13,3,2,0,2,0,0
138,0,135.25033503404148,8,22,4,3,0,0,3,0
248,0,97.24769392749127,9,27,4,2,1,0,0,0
34,0,159.27975399040042,3,24,4,2,0,0,3,0
17,1,98.50003060802855,8,29,4,4,2,0,0,0
295,0,83.30136647368387,9,23,3,3,0,0,0,0
243,1,118.0363973530409,10,29,4,2,1,0,0,0
79,0,93.53941005504582,11,12,4,1,1,0,0,0
55,0,109.1738263872856,8,28,4,1,1,0,0,0
190,0,86.7339592627957,7,25,4,3,0,0,0,0
168,0,62.09955836658479,5,27,4,4,0,2,0,0
183,0,137.33207395510985,8,22,4,2,1,0,3,0
182,1,122.4,10,5,4,2,0,0,3,0
117,0,159.62510449313328,6,3,4,2,0,0,2,0
15,0,83.49219439800214,3,8,4,3,0,2,0,0
226,1,133.94384168107428,11,29,4,3,1,0,4,0
154,0,90.95,6,27,4,3,0,0,0,0
195,0,121.5,8,13,4,1,0,0,0,0
180,0,120.0,10,10,3,2,0,0,0,0
36,0,89.02986709756921,5,18,2,1,0,0,0,0
103,0,94.5,7,17,3,1,1,1,0,0
166,0,99.45,7,23,4,5,2,0,0,0
219,0,110.89671474209197,9,4,3,2,0,0,0,0
91,1,68.0,7,6,4,3,1,0,0,0
42,0,87.07032293563397,3,20,4,2,1,3,0,0
114,0,99.0723064092785,5,1,3,1,1,0,0,0
2,0,100.3757567826053,9,9,3,1,0,0,1,0
110,0,120.0,10,9,4,0,1,0,0,0
130,0,105.61904177938759,7,3,4,3,0,0,0,0
156,0,107.47844508415088,7,16,4,4,1,1,0,0
91,1,65.10592361069543,10,2,4,11,3,0,0,0
132,0,111.47712241386196,6,28,4,3,0,0,1,0
128,0,127.08638170643313,6,2,4,2,0,0,0,0
162,1,118.48558715839489,6,26,4,0,0,0,3,0
99,0,157.23006968591545,4,13,4,2,0,0,3,0
221,1,112.3259443633961,9,29,4,2,1,0,0,0
103,0,74.94788457308898,4,19,4,1,0,3,0,0
150,1,137.27474448253417,7,5,4,4,1,0,3,0
77,0,76.5,7,3,4,10,4,0,0,0
55,0,98.2028185980731,5,19,4,0,1,0,0,0
128,0,137.95252288504335,8,24,4,3,0,0,4,0
52,0,117.89219274783086,6,4,4,1,0,0,0,0
10,1,127.76399885479883,2,9,4,3,0,0,0,0
46,0,99.0,3,23,4,1,0,0,0,0
67,0,73.99241507563232,3,25,3,1,2,0,0,0
152,0,90.87673487193332,5,2,4,2,0,1,1,0
224,1,129.31650260405263,10,30,4,2,1,0,3,0
17,0,141.74514144275042,5,7,4,1,1,0,2,0
16,0,102.54962970115533,4,29,4,2,0,0,2,0
17,0,255.5724000882649,6,25,4,2,0,0,5,0
88,0,49.853243154458205,7,6,4,10,4,2,0,0
280,0,112.99017709120045,9,22,3,1,1,0,1,0
68,0,116.1,5,9,4,2,0,3,0,0
196,0,128.47697027701133,9,28,4,1,2,0,3,0
187,1,103.46289955647596,9,29,4,1,2,2,0,0
249,1,118.50693700168426,9,20,4,1,0,0,0,0
44,0,68.14323044031477,2,11,4,2,0,2,0,0
271,1,94.04260491929612,9,29,4,2,1,2,0,0
53,0,77.70044898333902,11,8,4,2,0,3,0,0
153,0,189.5224637874802,6,12,4,1,2,0,5,0
80,0,109.82085146336023,7,10,4,1,1,1,0,0
49,0,125.42782840447325,8,17,4,2,0,3,0,0
38,0,117.75499786381418,6,4,4,0,1,0,0,0
124,0,86.04723534273627,6,25,4,0,1,0,0,0
8,1,151.0,7,2,4,1,0,0,0,0
169,1,134.08510991445237,8,13,4,3,1,0,0,0
41,0,103.6683789026718,3,27,4,0,2,0,0,0
111,0,138.35409119755982,6,23,4,1,1,0,3,0
15,0,191.3987695708103,4,17,4,2,1,0,4,0
192,0,95.16204382478102,8,25,4,2,1,0,0,0
99,0,121.27509338974086,6,15,3,1,1,0,0,0
35,0,125.24757674516911,3,23,4,2,0,2,0,0
124,0,75.68655809912153,11,6,4,3,0,3,0,0
86,0,69.23467185366052,8,18,4,1,2,1,0,0
197,1,112.20389688055019,8,23,3,4,1,0,0,0
209,0,95.06949492096292,9,1,4,1,0,1,0,0
18,1,166.0,7,9,4,1,0,0,3,0
31,0,78.3,1,16,4,1,0,0,0,0
2,0,95.246538244236,4,12,2,3,0,1,0,0
8,0,100.54895571165194,4,24,4,0,1,0,0,0
94,0,90.76074813203333,10,30,4,1,0,0,0,0
156,0,143.38427424918137,9,19,4,2,0,0,1,0
68,0,119.94965179201725,4,10,4,1,1,0,1,0
279,0,99.06942015970623,9,19,3,2,0,0,0,0
63,0,94.35576460797319,4,11,4,1,0,2,0,0
215,0,104.3664701938513,8,29,4,3,1,1,0,0
195,0,95.49927275050331,9,27,4,2,0,0,0,0
157,1,168.33249119600413,7,1,4,2,1,0,4,0
32,0,191.50429493058544,5,7,4,3,0,0,5,0
82,0,74.70696806358426,4,24,4,0,1,0,0,0
43,0,71.6206899826305,5,13,3,1,1,1,0,0
162,1,112.0,7,14,3,3,0,0,0,0
110,0,119.40727871208472,10,10,4,0,1,0,0,0
176,0,100.65077118121668,6,2,4,2,0,0,0,0
141,0,140.17569447823243,8,17,4,5,1,0,3,0
156,0,130.0894527653995,8,19,4,2,1,0,2,0
31,0,152.1,7,3,4,2,1,0,0,0
187,1,168.05726310858893,7,16,4,1,1,0,4,0
23,0,78.05472996488503,2,11,4,2,0,2,0,0
234,1,159.3,9,22,4,2,0,0,3,0
88,0,83.0204484746544,7,15,3,2,1,0,2,0
152,0,92.35877989759011,8,25,4,2,0,0,0,0
86,0,146.94136436027156,10,6,4,2,2,0,3,0
179,0,124.63451201929583,7,31,4,3,1,0,0,0
51,0,130.42219025112433,9,11,4,0,1,0,0,0
32,0,121.5,2,26,4,1,0,0,1,0
3,0,107.4388101927536,5,23,3,1,0,1,0,0
16,0,152.59941631833274,5,30,4,3,0,0,1,0
0,0,139.0,6,6,4,1,0,0,2,0
38,0,75.3162966350734,2,22,4,2,0,0,0,0
142,1,101.7913307693121,4,23,4,4,1,0,3,0
116,0,192.03108835108222,7,16,4,4,3,1,3,0
46,0,85.6478638638891,3,20,3,2,1,0,0,0
289,0,115.41596063412213,8,18,4,2,0,1,0,0
86,0,121.90779036557369,11,7,4,2,0,0,0,0
95,1,76.5,7,11,4,3,0,0,0,0
261,0,100.36238384055014,9,13,4,3,0,0,0,0
122,0,107.95,5,3,4,3,0,0,1,0
38,0,125.7207831832636,6,21,4,0,1,1,0,0
86,1,111.03643555013298,6,30,4,1,0,2,0,0
0,1,139.67485136540313,5,19,4,1,0,1,0,0
7,0,90.0,7,12,3,3,0,0,0,0
60,0,142.09311427277686,4,30,4,1,1,0,1,0
100,1,219.60725301737102,5,13,4,1,0,0,2,0
80,0,119.07,10,3,4,1,1,0,3,0
63,0,105.3,7,23,4,3,2,0,0,0
28,0,88.74252835154039,9,25,4,0,1,3,0,0
49,1,139.7267170414817,8,16,4,4,1,0,3,0
19,1,130.4476032207939,10,3,4,1,0,0,2,0
69,0,136.86626897299143,4,7,4,2,0,0,0,0
181,0,112.94396292579661,8,13,4,3,1,0,2,0
32,1,172.14214473130454,10,4,4,3,1,0,3,0
97,0,150.99232340443288,9,19,4,3,0,0,3,0
83,0,116.26581181042414,10,22,4,3,2,0,3,0
186,0,121.98010623804838,9,1,4,2,1,0,1,0
14,0,106.85590260223562,5,19,2,2,0,0,0,0
128,0,138.6481707209729,8,26,4,3,0,0,4,0
162,0,94.5,7,22,4,2,0,3,0,0
187,0,105.3,7,8,4,2,0,0,2,0
131,0,100.82947376395728,5,5,4,3,0,0,0,0
17,1,79.33590709527724,2,16,3,3,0,1,0,0
28,0,116.95785476527514,8,29,4,3,1,0,0,0
110,0,143.5010731439248,6,3,4,1,0,0,0,0
318,0,64.63782484366469,11,28,4,4,0,3,0,0
19,0,79.0,2,12,4,2,0,3,0,0
53,0,119.50660475718404,7,2,4,4,1,0,0,0
127,0,86.74669197292074,5,27,3,2,1,2,0,0
214,0,106.63389556928945,10,8,4,2,1,0,0,0
50,0,67.0305412367795,3,5,4,2,2,0,1,0
120,0,101.2711039018466,5,9,4,2,0,0,0,0
11,0,151.0,7,1,4,1,1,0,0,0
54,0,124.76530526605184,6,6,4,1,0,1,1,0
86,0,146.9271672153413,10,6,4,2,2,0,3,0
134,0,268.3000907175168,8,3,4,2,0,0,6,0
343,0,80.0,10,5,3,3,1,0,0,0
32,1,74.8,11,25,4,9,4,0,0,0
92,0,102.04526657265929,9,17,4,2,0,0,0,0
57,0,93.6104557774794,10,18,4,2,0,0,0,0
147,0,97.54189797083856,7,10,4,2,1,3,0,0
73,0,148.76106596223826,7,6,4,3,0,0,3,0
153,1,132.50081793598326,7,2,4,2,1,0,0,0
59,0,104.89524351442228,4,24,4,1,1,0,0,0
8,0,78.56525826545274,11,15,4,7,2,2,0,0
103,0,149.47753749534013,8,8,4,0,1,0,3,0
170,0,100.05275403873068,7,29,4,2,2,0,0,0
106,0,137.7,7,23,4,1,0,0,3,0
45,1,139.78419323684014,9,4,4,3,0,0,2,0
73,0,79.28763306976089,2,17,3,3,0,0,0,0
76,0,106.23011952466727,3,26,4,2,0,0,0,0
8,0,90.0,7,12,3,3,0,0,1,0
231,0,168.3,9,8,4,1,0,0,3,0
91,0,140.38709572907015,5,13,4,2,0,0,3,0
63,0,159.91532075779145,6,10,4,2,0,0,2,0
6,0,138.0,4,9,4,4,2,0,3,0
6,0,117.02404474713902,4,28,4,1,1,0,3,0
1,0,89.0,3,12,4,1,0,3,0,0
18,0,110.23528753573713,4,15,4,1,0,0,0,0
88,1,119.0015425485363,9,9,4,1,0,0,0,0
151,1,133.35276227959878,7,29,4,3,1,0,0,0
78,0,105.5080714833831,11,26,4,2,1,0,2,0
170,0,95.62041623291042,6,26,3,2,0,0,0,0
149,0,80.41815526675657,9,29,4,0,2,1,0,0
47,0,134.44154372263029,6,21,4,2,0,0,2,0
241,0,96.3,10,28,4,2,0,0,0,0
118,0,144.6037428603302,9,17,4,3,1,0,1,0
206,0,82.68084022572783,9,3,4,1,1,1,0,0
174,0,141.3,10,4,4,3,0,0,3,0
13,0,179.47835417767337,3,25,4,1,1,0,3,0
30,0,135.2358811477432,6,27,4,2,0,0,0,0
51,0,66.56206872669208,2,25,4,6,1,0,0,0
157,1,83.82044085725447,10,28,4,2,2,0,0,0
95,0,80.24746322504345,6,18,4,4,2,0,0,0
33,0,97.67575031856961,5,8,4,1,0,2,0,0
131,0,198.9,5,28,4,3,0,0,5,0
24,0,118.78283467696993,9,25,4,1,1,1,0,0
99,0,93.90802531718889,4,17,3,2,1,0,2,0
109,0,165.37261705311917,9,25,4,1,0,0,3,0
70,0,87.58675620752823,3,13,4,1,1,0,2,0
214,1,95.16168334333355,7,11,4,3,0,0,0,0
181,0,98.82850864531483,6,4,4,3,1,2,0,0
14,0,131.0,5,26,4,1,0,0,0,0
152,0,122.1194337718204,7,28,4,1,2,0,3,0
40,0,178.55228917843064,10,24,4,2,0,0,3,0
54,0,87.3,3,2,4,2,0,0,0,0
63,0,105.3,7,23,4,4,2,0,0,0
68,0,77.59915587167986,2,12,4,1,1,0,0,0
42,0,78.27285376916416,2,12,4,2,1,0,0,0
41,0,67.15672959177176,2,22,4,4,0,0,0,0
204,0,143.09301797847553,9,5,4,1,0,0,0,0
116,0,71.55652897355058,2,28,3,1,2,0,0,0
197,1,161.3250974705493,9,23,4,2,0,0,3,0
115,0,59.655898758540026,2,25,3,2,2,0,0,0
29,0,120.28249485903419,4,19,4,3,0,0,2,0
150,0,105.12596380014288,8,27,4,4,2,0,1,0
95,0,133.06855442204372,10,19,4,3,0,0,2,0
29,0,134.22996727324318,5,27,4,4,0,0,0,0
155,1,123.28400895769158,8,9,4,3,0,0,0,0
219,0,156.5903842665365,8,15,3,1,1,0,1,0
106,0,121.12600687025368,10,5,4,2,1,0,0,0
128,0,118.8,9,8,4,1,0,0,0,0
20,0,90.87052782959869,3,6,4,0,1,0,0,0
67,0,85.3467699033997,7,2,3,3,2,0,0,0
68,1,76.5,7,21,4,5,2,0,0,0
47,0,74.8,11,19,4,5,2,3,0,0
2,0,107.28325635021793,5,11,4,11,4,0,1,0
254,0,120.17157794786112,9,22,4,2,0,0,0,0
13,0,182.08228438176144,3,25,4,1,1,0,2,0
69,0,79.36201987880203,3,4,4,2,0,1,0,0
31,0,169.03309822970476,4,29,4,1,0,0,2,0
32,0,59.098927551590066,1,13,4,3,0,1,0,0
16,0,126.35834772692019,8,16,4,2,0,3,0,0
58,0,168.3,9,23,4,1,0,0,3,0
110,0,94.5,7,25,3,1,2,1,0,0
51,0,123.32610382862937,8,30,4,4,1,0,3,0
177,0,58.984821029577475,7,15,4,3,1,1,0,0
139,0,116.52923232245358,6,10,4,3,1,0,1,0
56,0,157.40310043951686,11,18,4,1,1,0,4,0
63,0,149.14661959679174,8,8,4,2,0,0,3,0
19,0,149.69603769316436,10,5,4,1,1,0,0,0
147,0,114.3,8,6,4,0,0,0,0,0
185,1,84.13238768607988,5,6,4,2,0,0,0,0
80,0,93.6,11,12,4,1,1,0,0,0
154,0,107.7922626013423,7,24,4,2,0,0,0,0
258,1,161.91755606527002,9,19,4,1,2,0,0,0
57,0,110.57033246678135,4,10,4,3,1,0,1,0
6,0,96.3166300671105,5,15,3,0,0,0,0,0
79,0,93.6,11,23,4,2,0,0,0,0
90,0,75.70940850010346,5,9,3,2,0,0,0,0
182,1,112.09308165742303,8,9,3,4,0,0,1,0
64,0,149.4,9,16,4,1,0,0,3,0
296,0,117.0,9,21,3,4,0,1,0,0
101,2,86.86127328326121,11,17,4,2,1,0,0,0
349,0,85.69425451007967,10,4,3,5,1,0,0,0
171,1,128.7476769712041,7,25,3,1,0,0,2,0
76,0,81.64614151202225,4,12,4,3,0,3,0,0
40,1,136.67509934753883,9,26,4,1,0,0,0,0
165,0,85.0,6,18,3,2,1,2,0,0
84,0,96.3,6,16,4,3,1,2,0,0
226,0,107.13263103494187,9,17,4,3,1,0,0,0
38,0,126.9,5,22,4,2,1,0,0,0
154,0,104.45522266093923,7,18,4,1,0,3,0,0
142,0,129.6,9,21,4,3,1,0,0,0
25,0,166.46781061455485,4,27,4,0,1,0,1,0
65,0,149.38575171280237,8,8,4,2,0,0,3,0
49,0,107.45881103732137,8,1,4,2,0,3,0,0
34,0,140.4,3,24,4,2,0,0,3,0
81,0,168.3,9,8,4,3,0,0,3,0
3,0,84.13458597495202,2,11,4,3,0,0,1,0
12,0,154.0,9,7,4,1,0,0,3,0
111,0,115.8928187791309,9,22,3,4,0,0,3,0
37,0,118.8,4,21,4,2,1,0,3,0
41,0,172.29641411511858,6,22,4,1,0,0,4,0
213,0,103.54243779152874,10,7,4,2,1,0,0,0
106,0,53.779328214589135,7,19,4,2,0,1,0,0
23,0,119.0,9,26,4,1,1,3,0,0
121,0,90.2453657086792,6,24,4,2,0,0,0,0
252,0,89.60339172333705,5,4,3,3,0,0,0,0
43,0,239.25693975484742,6,14,4,3,1,0,2,0
46,1,74.8,11,21,4,4,0,3,0,0
104,2,135.9,9,18,4,1,1,0,0,0
105,0,138.64337015133222,7,27,4,2,1,0,3,0
184,0,122.4,10,4,4,3,0,0,3,0
119,0,74.68132218217072,11,26,4,4,1,2,0,0
22,0,137.0252405684919,3,21,4,1,0,0,1,0
18,1,166.0,7,9,4,1,0,0,3,0
210,0,90.94361186567957,8,18,4,1,0,0,0,0
114,0,101.47872493093087,5,2,4,1,0,0,0,0
63,0,139.9703385732097,5,26,4,2,0,0,3,0
13,0,136.73306989031553,7,16,4,1,0,0,0,0
13,0,109.75351842127398,3,6,4,1,0,0,0,0
45,0,77.52435102107735,3,13,4,2,1,0,0,0
19,0,117.8658148078299,9,20,3,0,1,0,0,0
62,0,142.1460095431655,5,8,4,1,0,0,1,0
29,1,128.18451451745125,6,15,4,2,1,1,0,0
138,0,169.33302011143036,7,8,4,4,1,0,5,0
102,1,108.0,10,9,4,0,1,3,0,0
11,0,177.42223427395405,3,25,4,2,1,0,1,0
16,0,114.21551661941781,6,12,4,0,2,0,0,0
31,0,168.61150935370276,4,29,4,1,0,0,2,0
87,1,187.85,5,16,4,5,1,0,5,0
70,0,67.53112015844079,3,11,4,1,1,2,0,0
31,1,103.71188263321915,10,2,4,4,2,0,0,0
174,0,104.4,10,27,4,2,1,0,3,0
159,0,144.76272454687623,8,17,3,1,1,0,0,0
97,0,130.21127001501344,6,4,4,4,0,0,0,0
178,0,119.85,9,2,4,2,2,0,0,0
1,0,105.2981546370962,4,16,4,1,0,0,0,0
149,0,105.93184712358489,6,28,4,4,1,0,0,0
6,0,160.96058045124468,3,26,4,2,1,0,2,0
11,0,128.11736955077515,2,8,4,2,1,0,0,0
178,1,128.55481147828513,8,11,4,2,0,0,3,0
93,0,90.4905856101729,11,3,4,2,0,0,0,0
160,1,120.96045568227211,7,14,4,4,1,0,0,0
23,0,198.9,5,6,4,2,1,0,5,0
38,0,131.71163969894155,4,21,4,1,0,0,3,0
59,0,72.61105134509587,11,22,4,1,1,2,0,0
159,1,114.48244473725822,5,23,4,2,1,0,1,0
217,1,168.3,8,26,4,1,0,0,5,0
166,0,122.22805319141939,9,1,4,2,1,0,3,0
60,0,202.38215104744097,9,9,4,1,1,2,4,0
173,0,95.29332765014041,8,13,4,1,1,2,0,0
28,0,132.06530957194,7,14,4,1,1,2,0,0
217,0,96.3,8,6,4,1,0,0,0,0
103,1,63.75,10,8,3,2,0,0,0,0
69,0,106.67896922410361,4,27,4,2,0,0,0,0
314,1,96.37584936867934,11,1,4,3,0,0,2,0
65,0,105.75361253992313,4,26,4,2,0,0,0,0
131,0,126.25401293993608,8,28,4,4,0,0,3,0
60,1,123.72982451123208,9,4,4,2,1,0,3,0
165,0,61.325964298301855,7,23,3,3,0,1,0,0
159,0,197.95916175421684,5,26,4,3,0,0,5,0
155,0,114.92956196391798,7,13,3,3,1,0,0,0
38,0,81.01276761778259,5,19,4,1,1,0,0,0
279,1,107.0,8,11,4,2,0,0,0,0
44,0,107.1,4,2,4,1,1,3,0,0
35,1,111.12722307720044,7,29,4,3,0,0,1,0
36,0,163.9447887696003,8,16,4,1,0,0,0,0
28,0,98.23517478933563,4,18,2,1,0,0,0,0
27,0,176.76215270201865,4,28,4,2,1,0,3,0
10,0,90.0,6,13,2,3,0,0,2,0
131,0,136.99611628193088,7,30,4,5,1,0,3,0
1,0,94.61663840606758,3,12,0,5,1,0,0,0
10,1,140.80145397707537,6,16,4,2,0,0,0,0
374,1,113.65648752958766,9,14,3,2,0,0,0,0
101,0,141.44444232558902,8,20,4,2,0,0,3,0
62,0,98.92442706328072,9,4,4,0,1,2,0,0
95,1,79.81751903544163,10,30,3,1,2,2,0,0
119,1,159.48778983306056,6,2,4,2,0,0,2,0
95,0,121.5,5,20,4,1,0,0,0,0
84,0,76.63919155797578,7,23,4,2,1,0,0,0
6,0,156.0,5,8,4,1,0,0,3,0
21,0,118.0,9,5,4,1,0,3,0,0
4,0,95.07255502040515,5,13,2,1,0,0,0,0
173,0,132.12459231835018,8,15,4,7,2,0,0,0
172,0,104.4,10,28,4,2,2,0,3,0
65,0,126.83028712898458,6,19,4,1,0,0,0,0
52,0,78.04942090365651,5,26,3,1,1,1,0,0
88,0,170.26334905711786,6,13,4,3,0,0,3,0
434,0,69.0412589968926,8,12,3,2,0,0,0,0
57,0,139.5,10,19,4,3,0,0,3,0
136,1,104.8902542591916,5,29,4,2,0,0,1,0
55,0,99.9,6,20,4,1,0,0,0,0
145,0,94.9857640441617,4,24,4,0,2,0,0,0
57,0,110.19706737143876,4,11,4,3,1,0,0,0
64,0,130.65295861187462,5,9,4,3,0,0,1,0
279,0,110.0,10,12,3,3,0,0,0,0
180,0,108.9,10,1,4,1,2,0,0,0
237,1,91.98837172233287,10,19,4,4,1,0,0,0
84,0,132.3,10,6,4,3,0,0,3,0
31,0,69.32946630543285,2,4,2,2,0,0,0,0
74,0,107.1,7,5,4,2,0,3,0,0
118,0,109.8380177221772,8,21,4,2,1,0,0,0
121,0,76.76852570202286,11,24,4,5,2,0,2,0
308,1,95.04765269664848,10,26,4,2,0,0,0,0
76,0,72.58832609810794,3,29,4,6,0,1,0,0
21,0,137.0047667242871,7,10,4,3,1,1,1,0
13,0,132.62677062755148,4,6,4,3,0,0,3,0
31,0,81.2111229643926,2,12,4,1,0,1,0,0
134,0,104.75767498916319,5,4,4,2,0,0,0,0
225,1,92.45624562587048,11,30,4,3,1,0,2,0
19,1,199.9136555843689,7,14,4,2,0,0,2,0
71,0,137.00583742281867,8,5,4,2,0,0,0,0
143,0,176.6180877701068,8,26,4,2,0,1,0,0
33,1,132.32977700009752,8,26,4,1,0,0,0,0
14,0,84.27621975811218,2,4,4,6,2,1,0,0
22,0,110.15299796520046,9,28,4,1,1,3,0,0
18,0,221.0,6,13,4,1,0,0,5,0
62,0,113.45171088400214,8,2,4,2,0,2,0,0
218,0,92.65,10,5,4,3,0,3,0,0
193,0,122.47255885990585,10,27,4,3,0,0,3,0
294,1,71.46866384410595,9,11,3,2,1,2,0,0
136,0,107.94804817106147,7,6,4,4,1,0,0,0
263,0,109.68602852348596,8,21,3,2,0,0,0,0
129,0,79.20891278184284,10,12,3,1,1,2,0,0
87,0,81.32315013786936,6,6,3,3,1,0,1,0
23,0,221.0,5,17,4,1,0,0,5,0
17,1,142.1722343382043,8,27,4,4,2,0,3,0
21,0,140.0,10,29,4,1,2,0,0,0
5,0,98.94049253400817,8,14,4,2,1,0,0,0
55,0,117.74366730180502,4,21,4,1,1,1,1,0
142,0,91.07915142776932,7,15,4,2,2,3,0,0
26,0,110.87292865822366,7,26,4,1,1,0,0,0
206,1,98.63822077125535,8,22,4,3,0,0,0,0
240,0,84.08768094443312,8,18,4,2,0,2,0,0
270,0,108.20937141507295,9,29,4,2,1,0,2,0
122,0,110.81549017861632,3,29,4,2,0,0,2,0
71,0,168.3,8,13,4,1,2,0,3,0
94,0,103.78050286762077,5,5,3,2,0,0,2,0
300,1,115.09236612904505,7,29,4,1,0,1,0,0
31,1,183.99165100966292,9,2,4,5,2,0,5,0
193,1,120.7,12,28,4,4,0,0,3,0
5,0,91.4563401516995,2,11,4,2,0,0,0,0
158,1,133.88291862793997,8,29,4,3,1,0,3,0
28,0,104.06265442500232,10,25,4,1,1,0,0,0
45,0,99.0,9,30,4,0,0,3,0,0
25,0,110.28664255997147,5,12,4,3,0,0,0,0
73,0,149.4,9,26,4,2,0,0,3,0
11,1,134.22747720343645,4,26,4,3,1,0,0,0
3,0,111.31437088389744,7,29,2,2,0,0,0,0
192,0,110.55215321408556,6,24,3,3,0,0,0,0
53,1,208.1694865065516,8,19,4,4,1,0,3,0
173,0,85.4059452209485,7,8,4,2,0,2,0,0
101,0,79.2,11,5,4,1,0,3,0,0
123,1,76.91991739495161,9,24,4,2,1,0,1,0
177,0,139.9244791513235,9,7,4,2,0,0,3,0
77,0,97.01035451980111,3,25,4,4,1,0,2,0
30,0,153.28173513001735,8,3,4,2,0,0,0,0
3,0,152.91932455201334,8,10,4,3,0,2,4,0
443,0,65.0,4,29,3,1,0,0,0,0
113,0,120.10238316689006,6,13,4,5,2,0,0,0
113,0,119.81063047855429,5,12,4,4,2,0,0,0
194,1,107.76376056433762,9,9,4,1,2,0,0,0
167,0,91.18493322644305,7,6,4,3,0,0,0,0
25,1,88.44347955744072,10,20,4,1,0,3,0,0
146,0,117.30115280652275,7,3,4,6,2,0,3,0
16,0,102.5005876644949,4,29,4,2,0,0,2,0
41,0,150.3,6,4,4,1,0,0,3,0
57,0,255.0979827859989,6,11,4,1,1,0,5,0
31,0,140.4,3,22,4,2,0,0,3,0
136,0,131.16548577142288,9,25,4,2,0,0,3,0
44,1,165.71482429658712,9,20,4,3,0,0,1,0
267,1,67.63011788580673,11,15,3,1,1,2,0,0
168,1,114.54535799048274,8,3,4,4,1,0,0,0
322,1,112.85971204687557,5,17,3,3,0,1,0,0
229,0,67.42285267732103,11,8,4,2,0,2,0,0
13,0,136.86508911376205,7,7,4,1,0,3,0,0
112,0,79.06253166750167,11,13,2,3,1,0,0,0
159,0,119.85,5,26,4,2,0,0,0,0
110,0,95.65580958569967,6,25,3,1,2,0,0,0
147,0,197.73205473656236,6,27,4,0,1,0,4,0
7,0,124.70694336624906,3,11,4,2,0,0,2,0
25,0,140.74944659386358,5,21,4,1,0,0,1,0
26,0,100.0,3,20,2,2,0,0,0,0
206,0,64.74447834442145,10,1,4,2,0,0,0,0
103,1,93.6,12,6,4,1,0,0,0,0
108,0,80.19085446420131,10,23,3,1,1,1,0,0
99,0,94.74216697727915,6,16,3,1,1,2,0,0
5,0,110.0,9,12,0,0,1,0,3,0
85,0,76.5,7,6,4,3,0,0,0,0
103,0,141.5012502143785,7,18,4,3,0,0,3,0
151,0,80.82390013220851,9,24,3,10,4,0,2,0
171,0,104.49839096467868,9,27,4,1,1,0,3,0
229,0,90.95,8,27,4,4,1,0,0,0
52,0,78.26028050585332,2,26,3,1,0,0,0,0
223,0,118.65072776631449,5,28,4,3,2,0,0,0
237,0,132.73900136555557,10,4,4,4,1,0,3,0
237,0,79.53621391929909,12,29,4,3,1,1,0,0
71,0,67.5,3,14,4,1,0,3,0,0
153,0,119.36734799186043,7,4,4,5,1,0,2,0
222,0,108.18607168159343,9,14,4,3,1,1,0,0
65,0,85.69752064133833,3,12,4,4,1,0,0,0
140,0,138.63182055895604,9,23,4,2,0,0,3,0
65,0,141.71358155756496,6,19,4,2,0,0,3,0
60,0,120.56625743186402,6,10,4,3,0,0,2,0
104,0,94.5,7,15,4,1,0,3,0,0
62,0,96.57031210472023,9,4,4,1,1,0,0,0
183,2,104.20708495508349,9,5,4,3,0,0,0,0
187,0,105.28415926119231,8,13,4,1,0,0,0,0
88,0,85.5,5,25,4,0,1,3,0,0
145,0,76.43551332247301,7,9,3,1,1,0,0,0
220,0,85.90202265669018,8,11,4,2,0,1,0,0
27,0,74.42509347192595,2,3,4,6,2,0,0,0
45,0,95.82006105945526,10,1,4,7,1,0,0,0
88,0,96.3,6,26,4,0,1,0,0,0
42,0,87.19649060362964,3,20,4,2,1,3,0,0
32,0,150.95870985612328,8,7,4,1,1,0,1,0
166,2,119.92100233026007,9,4,4,3,0,0,0,0
101,0,75.70362667962651,9,21,4,5,1,0,0,0
199,0,97.46206835193135,8,11,4,6,2,0,0,0
33,0,135.73910059210516,8,8,4,1,1,0,0,0
100,0,100.28160975370157,9,27,3,3,0,0,0,0
238,0,112.56972357159393,10,28,4,2,1,0,0,0
6,0,117.10559423564203,3,6,4,1,1,0,1,0
17,0,144.62433687086428,4,14,4,2,0,0,0,0
192,0,113.47519314876116,10,25,4,2,0,0,1,0
103,0,77.43412362823688,4,5,3,1,0,0,0,0
94,0,147.06270460784216,6,30,4,2,0,0,3,0
152,1,126.9,9,3,4,3,1,0,0,0
180,0,90.91452468145592,9,27,4,2,1,0,0,0
68,0,77.34968966612928,2,12,4,1,1,0,0,0
345,0,75.29038042076239,11,6,4,1,0,0,0,0
100,1,121.33995804587914,11,19,4,4,2,0,0,0
170,0,119.08137853306015,9,9,4,2,1,0,0,0
223,0,106.54177722895338,8,12,4,1,1,0,0,0
162,0,112.0,7,14,3,3,0,0,0,0
275,0,62.8,6,4,3,1,1,0,0,0
20,0,65.4235555394791,9,10,2,2,0,0,0,0
59,1,135.60826950829357,9,10,4,2,1,0,0,0
65,0,105.54429787505529,5,24,4,2,1,0,0,0
284,0,81.81855850190777,10,16,4,3,2,0,1,0
56,0,157.8798145595107,9,17,4,3,1,0,3,0
27,0,75.70333746218206,2,6,4,0,1,2,0,0
158,1,114.38861678281086,6,22,4,2,1,0,1,0
101,0,126.9,5,6,4,2,0,0,0,0
4,0,110.72568250601759,4,1,4,1,0,0,0,0
10,0,111.030731573447,7,30,1,1,0,0,3,0
28,0,132.05,8,11,4,2,1,3,0,0
294,0,25.20121382496004,10,17,4,1,0,0,0,0
44,0,89.97795701263692,3,28,3,1,1,0,1,0
121,1,121.8638601083873,10,4,4,2,1,0,2,0
65,1,149.4,9,8,4,2,0,0,3,0
15,0,84.22026641361781,2,6,4,1,0,0,0,0
5,0,216.73455894014867,3,18,4,2,1,0,4,0
5,0,116.00437051368979,4,20,4,2,0,0,2,0
10,0,66.8375753135873,6,17,2,2,0,0,0,0
277,0,96.3,10,16,4,0,1,0,0,0
25,0,230.67936636887293,7,23,4,3,0,0,5,0
88,0,184.41029597509598,6,23,4,2,0,0,5,0
106,1,117.0305105158461,11,21,4,3,1,0,0,0
51,0,145.10256721956105,7,11,4,1,1,0,3,0
151,0,71.98326463978219,6,9,4,3,1,0,0,0
101,0,79.2,12,5,4,1,0,3,0,0
23,0,139.3247715872115,7,21,4,0,0,2,0,0
164,0,94.5,7,19,4,1,0,3,0,0
12,0,228.72863536977482,3,14,4,2,1,0,5,0
20,0,67.11118958712284,9,10,3,1,1,1,0,0
66,0,107.86872672727027,4,24,4,3,1,0,0,0
179,1,104.39376498669698,9,27,4,2,1,0,3,0
152,1,145.399266117037,12,29,4,2,0,0,1,0
184,1,164.25,8,17,4,1,0,1,0,0
74,1,150.0974128467862,9,20,4,2,0,0,3,0
109,0,95.46530465081723,8,24,4,1,2,1,0,0
112,0,135.717548369071,9,23,4,1,1,0,0,0
155,0,92.75924408440402,6,2,4,2,1,0,0,0
77,0,115.70647431223519,6,17,4,2,0,2,0,0
18,0,112.0677988926666,5,29,2,3,0,0,3,0
161,0,73.73248446793205,7,24,4,4,1,0,0,0
202,2,165.48269544052712,9,14,4,1,1,0,1,0
15,0,82.78102574962635,2,17,3,2,0,0,0,0
14,0,88.26810040854777,5,4,4,1,0,0,2,0
31,0,161.15257949947852,9,15,4,1,2,0,3,0
22,0,129.0,5,3,4,1,0,1,0,0
11,0,112.42097391273285,4,29,4,2,1,0,3,0
98,0,83.59158177798987,4,5,4,2,2,3,0,0
95,0,77.58337167241793,3,13,4,1,1,1,0,0
60,0,95.01307387756196,5,26,4,1,1,3,0,0
0,0,141.61505059037722,3,18,4,1,0,0,0,0
137,0,91.44379194227064,7,1,4,2,1,0,0,0
86,0,61.542025088071284,9,29,4,0,2,2,0,0
53,0,156.6,12,20,4,0,1,0,5,0
166,0,90.01887746359498,7,5,4,4,2,1,0,0
220,0,105.74936482807269,9,24,4,5,1,0,0,0
176,1,128.77900314227693,7,23,3,2,1,0,0,0
208,0,89.29832892087627,8,5,3,2,1,0,0,0
180,0,78.60505003528284,9,11,4,1,0,3,0,0
34,0,98.1,5,22,4,1,1,3,0,0
256,0,115.0,6,15,4,2,0,1,0,0
38,0,176.6438687246576,4,21,4,2,0,0,5,0
22,0,197.76071716107396,4,8,4,1,1,0,5,0
94,1,91.6430835417023,9,30,3,2,0,0,0,0
101,0,123.3,7,22,4,2,0,0,3,0
77,1,73.90288137745651,9,14,4,3,1,0,0,0
48,1,168.3,8,22,4,2,1,0,3,0
2,0,107.11614585566784,2,16,2,3,0,0,3,0
90,0,186.02454886461186,5,16,4,2,0,0,1,0
70,0,87.3,4,1,4,1,0,0,0,0
115,1,101.8023195728898,4,28,4,3,1,0,3,0
121,1,135.2871751212873,5,17,4,2,1,0,0,0
22,0,230.54918932897291,3,21,4,3,0,0,5,0
227,0,78.80515638665095,9,28,4,3,2,3,0,0
6,0,85.32712132168034,4,14,4,1,0,0,0,0
261,0,67.26222617736204,11,18,3,1,2,0,0,0
122,0,115.23049148298342,6,8,4,3,0,1,0,0
279,0,110.0,9,16,4,2,0,0,0,0
14,0,145.0,7,8,4,1,0,0,0,0
195,0,104.39335001872956,8,1,4,1,1,0,0,0
72,1,79.10233123085649,3,16,4,3,0,0,0,0
150,0,105.0038130968518,8,27,4,4,2,0,1,0
218,0,103.69506201792296,10,4,4,2,1,0,0,0
69,0,116.1,5,8,4,1,0,3,0,0
56,0,168.3,8,18,4,2,0,0,3,0
155,0,139.08275021735784,8,23,4,2,0,0,3,0
91,0,80.19184238873214,4,3,4,2,1,0,0,0
85,0,89.4007885619844,10,26,4,1,1,0,0,0
38,0,178.06625283267394,4,21,4,2,1,0,4,0
136,0,170.79614284950603,5,7,4,4,1,0,5,0
108,0,154.70085499277462,9,24,4,4,0,0,1,0
235,1,105.25663983840137,9,12,4,4,0,0,0,0
129,0,79.2,11,12,4,1,1,3,0,0
67,0,112.19653654515928,4,14,4,3,1,0,3,0
175,0,104.27757696375357,8,30,4,1,0,2,0,0
15,0,117.41248231407603,8,30,4,2,0,2,0,0
220,0,80.20928156867842,7,12,3,1,0,0,0,0
71,0,204.18541235871157,4,4,4,4,1,0,5,0
62,0,74.8,11,18,4,3,1,2,0,0
96,0,153.24713499070495,6,13,4,2,1,0,2,0
65,0,207.26299001778983,8,12,4,1,1,0,4,0
23,0,96.0,2,8,4,3,0,0,0,0
157,1,101.58,7,11,4,3,1,0,0,0
270,0,103.65410445932,9,21,2,2,0,0,1,0
16,1,79.66046688549824,5,25,4,2,0,1,0,0
108,0,82.71208929938992,4,17,4,3,1,0,0,0
9,1,126.32939736429228,2,10,4,3,0,0,0,0
123,0,106.78376882208046,6,2,4,3,0,0,1,0
85,0,94.5,7,16,4,2,1,3,0,0
67,0,168.23742098339196,11,27,4,2,0,0,4,0
122,0,142.47473020186644,6,30,4,2,1,0,2,0
210,0,91.39524564546348,8,18,4,1,0,0,0,0
154,1,132.90104755109587,8,5,4,3,0,0,0,0
270,0,109.96652553241651,4,19,3,3,0,0,0,0
159,0,84.91042643287808,10,19,4,2,1,0,0,0
99,0,166.2779172961247,8,7,4,1,0,0,3,0
5,0,142.01567561202282,7,3,4,1,2,0,0,0
46,0,110.0207330173035,10,3,4,3,0,1,1,0
150,1,130.4723776715168,8,10,3,2,0,0,0,0
161,0,80.4897747761925,8,27,4,1,1,3,0,0
143,1,101.03717074249779,5,23,4,4,1,0,2,0
35,0,79.23761168697493,1,28,4,1,1,0,1,0
226,0,81.1102322623921,9,27,4,3,2,2,0,0
88,0,116.67749024266892,5,10,4,2,1,2,0,0
203,2,128.17934501608778,9,6,4,3,0,0,0,0
6,0,101.66201852524367,7,24,4,3,0,0,2,0
39,0,106.26380294474322,7,26,4,1,0,1,0,0
120,0,122.51855058715465,6,9,3,1,0,0,0,0
52,1,158.4,10,17,4,1,1,0,3,0
3,0,80.30919619866852,2,5,4,3,2,3,0,0
60,0,123.93090193455154,9,4,4,2,0,0,3,0
101,0,79.71403013006345,10,29,4,2,1,3,0,0
154,0,104.19935900022682,7,27,4,1,0,1,0,0
17,0,108.9080195860619,2,19,4,1,1,0,0,0
56,0,118.8,4,22,4,2,0,0,3,0
384,1,114.52728605295592,10,21,3,0,1,1,0,0
262,0,110.77487389518512,7,23,4,2,0,1,0,0
31,0,117.86567597124962,4,2,4,0,0,0,0,0
315,0,160.0,9,30,3,2,1,1,0,0
255,0,66.56101641825697,11,27,4,2,1,3,0,0
29,0,154.45270087881394,9,14,4,1,1,0,3,0
104,0,143.1,6,8,4,3,0,0,0,0
120,1,79.26470584194608,12,14,4,2,0,2,0,0
52,0,129.5644172255544,9,10,4,0,1,0,0,0
206,0,105.08234569611508,8,19,2,2,0,0,3,0
96,0,78.23988788962178,11,5,3,4,1,0,2,0
94,0,122.10603398714277,8,27,4,3,0,0,1,0
31,0,72.9,2,7,4,2,1,0,0,0
76,0,116.1943568086345,9,22,4,3,0,0,0,0
76,0,76.30900713494165,11,19,4,2,1,3,0,0
62,0,74.8,11,16,4,3,0,3,0,0
15,0,220.08321428436744,9,28,4,1,1,0,5,0
54,1,108.0,9,2,4,1,1,3,0,0
45,0,142.33387804287182,5,8,4,2,1,0,0,0
191,0,71.54329746761542,11,24,4,1,0,3,0,0
4,0,130.86235659096954,5,20,4,1,0,0,2,0
97,0,79.91059223741443,10,28,4,1,1,3,0,0
37,0,88.23956221438534,10,13,3,3,2,0,0,0
93,0,90.40284343924874,10,31,4,1,1,0,0,0
120,0,57.771167894789684,2,27,3,1,2,0,0,0
157,0,107.31828355278869,4,11,4,2,0,0,0,0
241,1,96.3226519099784,7,18,4,1,0,0,0,0
9,0,92.24471823419856,2,5,3,0,1,0,2,0
16,0,84.10282629860902,3,4,4,1,0,3,0,0
83,0,159.8510988291741,4,2,4,2,0,0,5,0
216,0,96.3,8,13,4,1,0,0,0,0
87,0,76.5,5,6,4,2,0,1,0,0
95,2,88.02099719217648,11,20,4,0,2,0,0,0
124,0,143.1,9,20,4,5,1,0,3,0
95,0,77.46054346653833,3,13,4,1,1,1,0,0
112,0,106.56590273879029,8,13,4,2,0,1,0,0
131,0,94.5,7,14,4,1,1,1,0,0
205,0,98.1,10,7,4,1,0,3,0,0
18,0,110.22095610659433,4,15,4,1,0,0,0,0
50,0,159.3,5,6,4,1,1,0,3,0
145,0,117.35556183099534,6,21,4,2,0,0,1,0
111,1,140.36345455143098,5,20,4,1,1,0,2,0
41,0,104.82061991937876,6,27,4,4,1,3,0,0
28,0,117.88092839786849,8,29,4,3,1,0,0,0
161,0,96.14783814562828,7,1,4,2,0,0,0,0
40,0,72.448620898813,2,19,4,2,1,0,0,0
57,0,118.8,4,22,4,2,1,0,3,0
0,0,138.16231872140045,8,11,4,1,0,0,0,0
20,0,129.06346621122242,3,4,4,1,0,0,0,0
223,1,114.37635444372695,9,4,4,4,1,0,0,0
0,0,91.02005183832777,2,25,3,1,0,0,0,0
259,0,90.0,5,5,3,3,0,0,0,0
8,0,101.0620898751764,4,17,4,0,1,0,0,0
55,0,109.59119745792525,6,28,4,1,1,0,0,0
317,0,119.92261698687426,8,15,3,2,0,0,0,0
6,0,170.42219558213122,9,7,2,1,0,0,3,0
65,0,148.89819854847036,7,9,4,1,0,0,3,0
43,1,74.8,11,27,4,9,3,0,0,0
5,0,125.5975530510115,9,10,4,2,0,0,0,0
89,0,62.32728940051004,10,16,4,3,0,0,0,0
34,0,81.0,6,19,3,1,2,0,0,0
311,0,77.87695873503152,11,23,4,5,2,0,0,0
165,0,151.17382812905566,9,6,4,2,1,0,3,0
13,1,91.53094834010378,8,30,4,4,1,0,0,0
101,0,119.29537847441624,6,3,4,3,0,0,1,0
88,0,120.1524975785056,4,28,4,3,1,0,0,0
36,0,150.53424590394314,6,28,4,3,0,0,2,0
127,0,119.9529246742658,6,19,4,1,1,0,0,0
160,0,89.85073431494513,4,27,3,4,2,0,0,0
27,0,79.0530561716276,9,7,3,0,1,0,0,0
12,0,127.62679557425777,2,7,4,1,1,0,1,0
38,0,126.0,9,2,4,0,1,0,0,0
165,2,208.31895920016694,8,16,4,2,0,0,1,0
8,0,150.58471018776564,6,12,4,3,0,0,0,0
92,0,150.3,8,22,4,0,1,0,3,0
178,1,129.96059723148701,8,3,4,4,1,0,0,0
5,0,85.35621265392957,2,20,4,4,1,0,0,0
6,0,101.46639779928616,7,24,4,3,0,0,2,0
316,0,78.27358926595606,11,19,4,1,1,0,0,0
82,0,96.48244369144948,4,1,4,2,0,0,3,0
72,0,106.61965773961165,6,16,4,1,0,1,0,0
87,0,89.9900814541085,9,10,2,1,0,0,0,0
105,0,84.57482157164213,3,25,4,4,0,2,0,0
66,0,128.39276901270057,3,3,4,1,1,0,2,0
158,1,143.30241221978,9,1,4,3,1,0,0,0
14,0,105.0,8,18,2,2,0,0,0,0
305,0,75.58436259746995,10,12,4,5,3,0,0,0
96,0,129.01349845866878,5,27,4,2,0,0,1,0
266,1,126.92327760782632,9,25,4,2,0,0,2,0
5,1,124.0,9,5,4,1,0,0,0,0
34,0,194.85,8,13,4,2,1,1,0,0
116,0,105.32706374338021,5,18,4,1,0,0,0,0
92,2,68.42061676094674,7,6,4,3,0,0,0,0
135,1,106.35052615031613,6,9,4,3,0,0,0,0
18,0,156.26940498651248,4,12,4,2,0,0,3,0
7,0,130.2762904721314,7,13,4,1,1,0,0,0
33,0,111.88043078103209,6,27,4,2,1,0,0,0
4,0,123.9146101033836,8,9,4,1,0,0,0,0
27,1,149.2218858803555,8,23,4,2,0,0,3,0
76,0,120.0,10,10,3,0,1,0,0,0
62,0,106.65844036616294,9,30,4,4,0,0,3,0
116,1,76.5,7,20,4,0,0,0,0,0
159,1,129.61322942374306,6,21,4,3,1,0,3,0
74,0,135.0,10,11,4,4,0,0,0,0
20,0,166.24029360028723,7,9,4,1,0,0,3,0
9,0,101.40186230770581,10,19,4,0,0,0,0,0
322,0,80.0,5,19,3,3,1,0,0,0
59,0,108.3567664725447,5,25,4,1,2,0,0,0
94,0,198.9,5,7,4,2,0,0,5,0
157,0,110.44352986169952,8,30,4,3,0,1,0,0
84,0,90.70767602467174,11,24,4,3,0,0,0,0
113,0,117.98662900144572,5,12,4,4,2,0,0,0
27,0,142.08087201117078,6,10,4,2,0,0,0,0
142,0,118.8,9,20,4,3,1,3,0,0
49,0,141.16540418384463,8,10,4,0,1,0,3,0
291,0,115.0,7,20,3,2,0,1,0,0
202,1,102.34097156733282,8,4,3,2,1,0,0,0
149,0,81.49537565182987,8,28,4,1,2,0,0,0
219,1,166.00004344563177,8,17,3,1,0,0,4,0
68,0,70.1667290898961,9,25,3,2,0,0,0,0
189,1,115.43517853848462,8,2,4,3,0,1,0,0
158,0,121.9473861374318,8,19,3,1,1,0,0,0
179,0,126.4125127042149,7,31,4,2,0,0,0,0
107,0,151.9557031512245,8,15,4,3,1,0,0,0
85,0,127.61279812155084,4,20,4,1,0,0,2,0
165,1,100.3,6,19,4,2,2,0,0,0
171,1,126.76028105711774,8,14,4,5,2,0,0,0
235,0,79.57999493709424,9,31,4,2,0,3,0,0
37,0,135.9,8,20,4,2,1,0,0,0
144,0,213.57207586769064,8,21,4,3,1,1,3,0
21,0,102.20715930704598,10,1,4,3,0,0,0,0
305,0,78.16894406644204,9,21,4,3,0,0,0,0
112,2,127.04041374969214,11,5,4,2,1,0,0,0
33,0,106.94826606660682,10,2,4,1,2,2,0,0
179,0,85.5,7,20,4,0,0,3,0,0
131,0,105.53056465294864,7,3,4,4,0,0,0,0
6,0,103.86144809745264,5,16,4,1,0,3,0,0
266,0,74.84840644797181,12,25,4,3,1,0,0,0
350,1,91.38502968562452,12,26,4,3,1,0,0,0
81,1,76.5,7,25,4,1,2,0,0,0
151,1,120.7,7,6,4,4,0,0,3,0
59,0,82.69715324041766,3,12,4,2,1,0,3,0
32,0,88.877653001111,8,29,4,1,0,3,0,0
55,0,104.38985864942778,5,10,4,0,1,1,0,0
10,0,117.81696900012938,9,5,3,2,1,2,0,0
152,0,138.3810367763111,7,26,4,2,0,0,2,0
59,0,125.9179298302168,11,8,4,2,0,0,2,0
183,0,84.69094978802022,8,26,4,1,2,1,0,0
1,0,79.0,2,8,4,2,0,3,0,0
209,1,128.38699344599743,7,7,3,3,0,0,0,0
31,0,171.06202576480365,8,5,4,3,1,0,3,0
129,1,112.77969580294662,5,11,4,3,1,0,3,0
117,0,95.46404800632956,6,6,3,1,0,1,1,0
6,0,127.0,2,10,4,2,0,0,0,0
20,0,68.29508078088752,9,10,3,0,1,2,0,0
93,0,107.48272355419317,8,3,4,2,0,3,0,0
29,0,103.09642201687178,5,13,4,2,0,1,0,0
68,1,87.32284549224723,9,7,4,1,0,2,0,0
54,1,109.8,8,30,4,3,0,0,0,0
56,0,79.93391402076561,5,19,4,3,0,2,0,0
184,2,137.7,8,5,4,2,0,0,3,0
109,1,119.63316883500056,10,16,4,3,2,0,3,0
79,0,104.89471460282141,7,19,4,1,0,0,0,0
2,0,86.85326207786751,2,9,2,1,0,0,0,0
186,2,125.59515763001349,8,18,4,2,0,0,3,0
34,0,219.66453757752177,8,19,3,3,1,1,2,0
29,0,87.79398542858402,4,17,4,0,2,1,0,0
233,1,108.76232888644658,9,20,4,3,0,2,0,0
97,0,85.44135196938016,6,22,3,1,0,2,0,0
56,0,89.19941597773239,4,17,4,0,1,2,0,0
33,0,70.56012222208193,2,20,4,1,1,3,0,0
15,1,200.58132847195972,6,12,4,1,0,0,4,0
162,1,112.0,7,14,3,3,0,0,0,0
217,0,86.62258367464953,8,3,4,3,0,0,1,0
166,0,63.03909579445076,6,27,4,4,0,2,0,0
82,0,93.6,11,20,4,1,1,0,0,0
219,1,96.3,9,29,4,1,1,0,0,0
101,0,63.331425541675586,11,7,3,1,0,0,0,0
180,1,98.44346369781468,9,28,3,1,1,0,0,0
182,1,112.06434473032026,8,9,4,4,0,0,0,0
160,0,121.05626230672516,7,19,3,2,1,0,0,0
7,0,102.74402927399143,4,16,4,0,1,1,0,0
108,0,149.87557557812104,8,18,4,4,1,0,3,0
68,0,76.09097750570186,2,12,4,1,1,0,0,0
115,0,85.17045442136873,6,29,3,2,0,1,0,0
167,0,82.10166330227446,10,4,3,3,0,0,0,0
31,1,133.8605429392384,7,26,4,1,0,0,0,0
32,0,84.68966612990342,10,11,3,1,2,1,0,0
63,0,87.80456613189023,10,16,4,2,0,0,0,0
51,0,131.33625966323797,3,19,4,1,1,0,2,0
4,0,133.65424837659836,8,27,4,3,0,3,0,0
28,0,112.12169118968497,5,11,4,3,0,0,0,0
83,0,122.05795788446083,11,21,4,1,0,0,0,0
15,0,92.1169184760714,11,17,4,3,2,3,0,0
162,1,119.76167194212711,5,20,4,1,1,0,0,0
100,1,93.17774601164574,7,5,4,3,1,1,0,0
122,0,104.4,10,25,4,2,0,0,3,0
44,0,108.0,10,2,4,1,1,3,0,0
131,0,139.2836892856376,7,7,4,2,0,2,0,0
272,0,94.0643545068275,10,14,4,4,2,0,0,0
58,1,132.3700163925035,9,10,4,2,1,0,2,0
263,0,100.3,10,8,4,3,2,0,0,0
148,0,76.55645209086524,10,29,4,1,1,1,0,0
292,0,162.4003128901874,9,23,4,4,2,0,1,0
29,1,129.32990632134275,9,17,4,2,0,1,0,0
79,0,96.90927115717258,3,25,3,0,1,0,0,0
52,1,77.8058720686775,2,26,4,1,0,0,0,0
44,0,86.16783185866116,3,20,3,2,2,1,0,0
192,1,114.75,8,4,4,3,1,0,0,0
25,0,107.77194880609639,9,11,4,0,0,0,0,0
196,1,112.53301345269057,8,28,4,3,1,0,0,0
112,0,149.1546671108336,8,14,4,3,1,0,2,0
15,1,75.18182646064163,11,13,4,3,2,3,0,0
292,0,93.6202697409388,11,24,4,5,3,0,0,0
108,0,125.19448249440457,11,4,4,2,1,1,0,0
152,1,114.43039805506827,7,5,4,1,0,0,0,0
56,0,118.03699253298882,6,8,4,2,0,0,0,0
62,0,118.8,4,16,4,1,1,0,3,0
103,1,132.57672405850113,9,20,4,2,1,0,2,0
285,0,82.11298115081766,10,16,4,2,1,0,0,0
154,1,173.25,7,7,4,3,1,1,0,0
148,0,97.02095152579699,6,12,3,2,0,2,0,0
175,1,178.44859693564752,7,11,4,2,0,0,4,0
169,1,137.3428218924663,8,12,4,2,1,0,2,0
138,0,145.8074763940934,8,12,4,3,1,0,3,0
53,0,116.1,5,6,4,2,0,3,0,0
75,0,135.0,10,20,4,1,0,0,0,0
155,0,95.68917113130406,8,20,3,4,2,0,0,0
191,0,98.12706572524908,9,4,4,3,1,2,0,0
175,0,76.9011879286895,7,18,4,2,1,0,0,0
68,0,149.4476156762515,8,16,4,1,0,0,3,0
175,0,126.94068552958784,8,10,4,0,0,0,0,0
55,0,114.59671961701578,5,8,4,2,0,1,0,0
48,0,159.3,5,6,4,1,1,0,3,0
30,0,196.81498905023952,9,24,4,1,1,0,5,0
3,0,120.95194769516073,8,19,3,1,0,0,0,0
66,0,117.43778784573757,4,21,4,1,1,1,1,0
97,1,89.02331521433594,4,8,4,1,0,1,0,0
197,1,112.27814071088932,8,22,3,4,1,0,0,0
62,0,149.07598015827222,9,16,4,1,0,0,3,0
132,0,113.64838603047926,7,14,4,1,0,0,3,0
5,0,202.08008726508663,4,20,4,2,0,0,5,0
134,1,222.38940006062998,7,3,4,2,1,0,5,0
64,0,105.3,7,23,4,2,2,0,0,0
131,0,106.11257281053052,8,2,4,3,0,0,0,0
3,0,65.2910019873669,10,20,2,0,1,0,0,0
17,0,77.56982587937449,9,9,4,1,0,0,0,0
55,0,109.31590557814715,5,29,4,2,1,0,0,0
105,0,108.6745532090557,6,11,4,2,1,0,0,0
90,0,89.92721559509924,5,2,3,1,1,0,2,0
8,0,141.40851675480945,8,16,4,5,1,0,0,0
230,1,99.02957886109954,9,29,4,3,2,0,3,0
166,0,99.60215321720958,7,21,4,5,2,0,0,0
48,1,98.60419503533028,3,11,4,3,1,0,0,0
105,0,75.0,10,12,3,3,0,0,0,0
195,0,71.1446212188866,11,2,4,2,0,0,0,0
157,1,162.27181871364425,8,4,4,2,1,0,0,0
122,0,98.92999434201575,5,3,4,3,2,0,0,0
75,0,145.8122409574869,10,5,4,2,2,0,3,0
80,0,90.91675491266457,4,23,4,1,0,0,0,0
326,1,67.95419618220375,10,23,4,3,0,2,0,0
154,0,95.14335903054399,8,20,4,5,2,0,0,0
106,1,72.26083635727412,11,4,4,2,2,0,0,0
36,0,124.54791504966191,9,3,4,1,2,0,3,0
54,0,217.3091742550835,10,29,4,2,0,0,3,0
235,1,135.36177261107716,9,4,4,3,1,0,3,0
181,0,120.0,10,11,3,2,0,0,0,0
180,0,78.51744197759855,9,11,4,1,0,3,0,0
147,0,114.3,7,7,4,0,0,0,0,0
38,0,135.9,8,18,4,3,0,0,0,0
33,0,150.3,4,30,4,3,0,0,1,0
231,1,100.66779400419465,7,11,4,3,0,0,1,0
100,0,222.37290505598233,10,22,4,4,2,1,5,0
31,0,121.0985908807585,3,9,4,0,1,0,0,0
183,1,112.38356494056374,8,9,4,3,0,0,0,0
152,0,89.0877131934296,5,2,4,2,0,0,2,0
144,0,77.69686518933975,10,28,4,2,0,2,0,0
11,0,119.58565469689638,5,30,3,2,0,2,0,0
47,0,73.92895809597,3,5,4,3,0,0,0,0
88,0,118.82922842720853,10,9,4,1,0,0,0,0
18,0,117.66790852907144,9,5,4,0,0,2,0,0
168,1,106.67716049518918,8,12,3,2,1,0,2,0
43,0,82.79787303751023,11,6,4,4,0,0,0,0
34,0,160.44035758103314,5,25,4,2,0,0,3,0
2,0,139.0,6,28,4,1,0,0,0,0
196,1,93.79326760552274,9,1,4,1,0,3,0,0
6,0,101.0,3,23,4,1,0,0,0,0
29,1,127.79948981577839,5,15,4,2,1,0,0,0
207,0,80.75,7,29,4,2,2,3,0,0
207,1,112.5,8,22,4,0,1,0,0,0
66,0,88.48465601073838,9,6,4,1,0,3,0,0
192,0,19.15,9,25,3,3,2,0,0,0
133,0,188.86896211040954,7,22,4,1,0,1,3,0
54,0,176.893809862532,4,28,4,2,1,0,0,0
144,0,130.21878067844014,8,11,3,1,0,0,0,0
247,0,92.01084519252431,9,25,3,3,0,0,0,0
26,0,99.69775692755938,9,26,4,1,0,0,0,0
156,2,172.5527610122556,7,13,4,4,2,0,0,0
128,0,103.8470066348288,11,25,4,1,0,0,3,0
168,0,112.29662656546564,7,17,4,2,0,0,2,0
33,0,98.14631607419238,5,25,4,0,0,3,0,0
81,0,168.3,9,7,4,3,0,0,3,0
157,0,107.16686302496524,7,15,3,2,1,0,1,0
72,0,104.96512357365015,4,5,4,2,2,0,3,0
1,0,128.77654069266438,8,28,2,2,0,0,0,0
64,0,149.86983506731065,8,15,4,1,0,0,3,0
8,0,92.1057040030704,3,5,3,1,1,0,2,0
157,0,90.95,7,25,4,3,1,0,0,0
36,0,153.01194041417622,10,15,4,1,0,0,3,0
24,0,167.3443124921735,4,5,4,2,0,0,2,0
161,0,79.22535771936667,7,26,4,2,2,2,0,0
154,0,111.38334488376599,7,12,3,4,1,0,0,0
220,1,113.50015487082432,10,29,4,2,1,0,1,0
35,0,217.56612484431196,8,19,4,1,1,0,4,0
172,0,126.9,9,13,4,4,1,0,0,0
134,0,103.21545164357858,6,16,3,1,0,0,1,0
96,0,148.12387039958395,6,29,4,4,1,0,3,0
132,0,100.96520954290907,7,23,4,3,0,0,0,0
58,0,79.2,12,12,4,0,0,3,0,0
29,0,128.46105803123874,8,20,4,1,0,0,0,0
302,0,158.4,7,18,4,3,2,0,5,0
113,0,132.47948449940105,7,9,4,2,1,0,3,0
221,0,77.52636358560648,8,11,3,3,0,0,0,0
97,0,118.11501877930772,10,15,4,1,2,0,0,0
72,0,78.27147846159842,3,16,4,3,0,0,0,0
143,0,140.7,8,17,4,3,1,0,3,0
45,0,194.1512790518594,5,12,4,1,0,0,5,0
52,0,88.93995844447022,11,3,4,2,0,1,0,0
18,0,100.3328349298864,5,11,4,0,2,3,0,0
49,0,158.58526811322446,8,15,4,1,1,0,3,0
43,0,116.0177936608444,4,12,4,3,0,3,0,0
275,0,90.0,10,5,3,4,1,0,0,0
92,1,72.25,11,6,4,3,0,0,0,0
33,0,68.21196719438626,2,14,4,0,1,3,0,0
172,1,116.44298347899392,6,20,4,1,1,0,1,0
141,0,117.26017828351101,6,3,3,2,1,0,3,0
159,0,103.21147451783885,6,12,4,2,2,0,1,0
256,1,80.05514134192032,11,23,4,5,2,0,0,0
159,0,106.00496826222383,7,5,4,2,0,0,0,0
30,0,126.85137220045118,2,23,4,1,0,0,0,0
91,0,115.87269174259993,6,17,3,1,1,2,0,0
146,0,95.42861511034936,8,27,3,1,2,0,0,0
63,0,93.72040554203512,10,22,4,2,0,0,0,0
25,0,103.8937579975071,11,23,4,2,0,0,0,0
81,0,160.0465277467269,9,28,4,1,2,0,4,0
86,0,99.89381704193617,8,9,2,2,0,0,0,0
196,0,129.4355889122352,8,8,4,3,0,0,1,0
189,0,108.72539936678533,5,6,4,2,1,0,0,0
110,0,92.35168861616489,5,7,4,2,1,1,0,0
164,0,98.9927548831741,7,27,4,4,1,0,0,0
11,1,140.0,11,9,4,1,0,2,0,0
161,0,146.35357527298493,8,14,4,1,1,0,0,0
161,1,120.76048354400885,6,25,4,0,0,0,0,0
59,1,121.94465506036734,9,2,4,3,1,0,3,0
64,0,132.3,6,21,4,1,0,0,3,0
106,0,99.84382069596056,7,15,4,1,0,0,0,0
23,1,80.13669501694945,2,10,4,3,1,3,0,0
38,0,72.94298978387492,2,1,4,2,0,0,0,0
133,0,165.4836999039047,7,8,4,3,2,0,3,0
67,0,85.51849905375214,4,2,4,1,2,2,0,0
36,0,135.82704160873664,8,10,4,1,0,0,0,0
186,0,84.8047189524721,8,9,4,5,3,2,0,0
29,0,148.73691315860654,10,6,4,5,3,0,3,0
311,1,68.60956774442793,12,26,4,8,2,3,0,0
59,0,81.33144115401909,3,10,4,3,1,0,2,0
33,0,90.02575741997741,2,24,4,2,0,0,0,0
15,0,83.10898468675221,3,7,4,1,0,0,0,0
37,0,93.49727575962766,3,1,4,3,0,0,3,0
249,0,79.55168708893018,12,30,4,4,1,0,0,0
196,0,124.46237407036936,10,28,4,3,0,0,1,0
147,0,114.3,8,6,4,0,0,0,0,0
87,0,75.58930684021354,6,13,4,2,1,0,0,0
14,0,104.2320243851701,11,14,4,4,0,0,0,0
53,0,109.8,8,29,4,2,0,0,0,0
23,0,72.8,2,10,4,3,0,0,0,0
220,0,185.90914249936668,7,2,4,2,2,0,4,0
161,0,114.19578873661652,6,26,4,0,1,0,2,0
275,0,105.97325867898806,10,1,3,1,1,0,0,0
207,0,131.09809113077085,9,22,4,3,2,0,1,0
195,0,121.34622635066424,8,12,4,0,0,0,0,0
20,0,156.0,5,4,4,2,0,0,3,0
7,0,76.40630964374265,11,27,4,4,2,3,0,0
179,1,95.90631238410126,7,1,4,1,0,0,0,0
6,1,124.0,9,7,4,0,0,0,0,0
3,0,145.13743378349545,4,16,4,2,0,0,3,0
9,0,148.85653000636816,3,23,4,2,1,0,0,0
201,0,119.8640979351216,8,25,4,3,0,0,0,0
132,0,94.5,6,15,4,1,1,1,0,0
151,1,144.49998803895465,12,29,4,3,0,0,1,0
68,0,82.29056385118837,3,29,3,3,0,0,0,0
119,0,88.49395945620137,4,15,4,1,0,0,0,0
180,1,95.06386269205483,7,1,4,1,0,0,0,0
35,0,125.1,7,23,4,0,1,3,0,0
181,0,151.5512128536663,9,2,4,3,1,0,1,0
112,0,89.35570601125748,11,6,3,1,0,0,0,0
5,0,109.74923959120461,8,11,0,1,0,0,3,0
77,0,86.05840485118313,4,1,4,1,1,2,0,0
1,0,65.0,8,4,2,1,0,0,0,0
120,0,111.36046884856879,12,24,4,1,1,0,0,0
50,0,159.3,5,7,4,1,1,0,3,0
61,0,74.8,11,16,4,3,0,3,0,0
3,0,169.34981544461687,9,13,4,1,0,0,1,0
6,0,92.49477029372937,6,23,4,1,0,0,0,0
34,0,97.93425819648203,10,25,4,0,1,1,0,0
7,0,92.61065162488296,3,3,3,1,0,0,1,0
57,0,118.8,4,22,4,2,0,0,3,0
63,0,94.88766857117633,6,23,3,1,2,2,0,0
215,0,96.3,7,7,4,1,0,0,0,0
104,0,84.10803761737445,3,19,4,4,2,0,0,0
39,1,71.42934278758763,11,12,4,10,4,3,0,0
88,0,118.35655346931483,9,10,4,1,1,0,0,0
231,0,158.95,8,23,4,3,1,0,5,0
116,0,105.3,5,5,4,2,0,0,0,0
275,0,95.0,9,21,3,3,0,0,0,0
105,0,139.02119781318126,7,28,4,2,1,0,3,0
3,0,79.0,2,6,4,0,1,2,0,0
36,1,137.98295562705198,3,25,4,1,1,0,3,0
78,1,91.35738983687746,11,12,4,3,2,0,0,0
15,0,155.19570915610782,5,2,4,3,0,0,3,0
145,0,80.34522779227505,6,27,4,4,1,0,0,0
183,0,110.60013345252037,8,8,3,3,0,0,0,0
226,0,69.40931192268707,11,25,4,4,1,1,0,0
5,0,161.4564721092843,9,17,4,1,1,0,0,0
60,0,74.8,11,22,4,2,1,2,0,0
228,0,68.08027450187134,12,8,4,2,0,2,0,0
88,0,187.02695542529162,6,18,4,5,1,0,5,0
76,0,116.53185332070879,4,26,4,2,0,0,0,0
207,0,106.08909727102098,8,19,2,3,1,0,2,0
150,0,96.3,8,26,4,2,2,0,0,0
20,0,101.62463936345603,11,1,4,3,0,0,0,0
147,1,136.91922233997911,7,7,4,2,0,0,3,0
37,0,146.94091236589523,6,18,4,0,2,0,3,0
42,0,151.3562251931647,7,9,4,2,1,0,1,0
186,0,120.1140813547303,8,1,4,2,0,0,0,0
213,0,99.90308420918667,8,18,4,5,1,0,2,0
79,0,72.99484075682857,3,29,4,7,1,2,0,0
177,1,127.61760223423016,7,28,4,4,2,0,3,0
84,0,168.3,9,14,4,3,0,0,3,0
52,0,190.35126217745693,8,7,4,2,0,0,5,0
11,0,163.73994228977892,8,24,4,0,1,0,2,0
63,1,149.4,9,8,4,2,0,0,3,0
5,0,149.9401252061689,6,8,4,2,0,0,1,0
136,0,85.35180760434345,8,28,4,3,0,1,0,0
77,0,132.2646643492543,9,5,4,2,0,0,3,0
17,0,103.45183572192371,2,18,3,14,5,0,3,0
78,0,102.71903846786007,3,25,4,2,1,0,1,0
286,0,98.3506348820005,8,25,4,3,0,0,0,0
6,0,129.21600983087052,9,19,4,1,0,2,0,0
55,0,161.92945905266023,6,3,4,1,1,0,0,0
19,0,129.4665278440035,9,24,4,1,1,2,0,0
102,0,105.3,7,13,4,3,0,0,0,0
43,0,75.42568065842339,2,22,4,4,0,0,0,0
178,0,128.7,7,25,4,1,0,0,0,0
172,0,104.4,10,27,4,2,1,0,3,0
65,0,142.46130789859583,7,4,4,0,0,0,1,0
30,0,66.5751723536559,11,3,4,11,5,2,0,0
67,1,169.85265764968932,9,10,4,0,1,0,2,0
100,0,114.3,6,2,4,0,2,0,0,0
221,1,77.45874634142747,10,29,4,3,0,3,0,0
119,0,122.68693172574062,5,28,4,1,0,0,2,0
38,1,78.9383831157906,2,11,4,2,2,0,0,0
135,0,100.21320482095012,7,23,4,3,1,0,0,0
10,0,169.0,6,24,4,0,0,0,0,0
102,0,106.15663316607954,6,27,4,1,1,1,0,0
82,0,133.18032734282514,10,8,4,2,1,1,1,0
64,0,94.5,3,14,4,2,0,3,0,0
159,1,123.3628828106143,5,22,4,4,0,0,3,0
171,0,107.07001336069742,8,2,4,2,0,0,0,0
205,0,90.95,7,23,4,3,1,0,0,0
111,0,223.66061503019688,9,6,4,1,0,0,1,0
11,1,90.32027036902251,8,17,4,4,1,0,0,0
13,0,126.52827469857375,2,27,4,2,0,1,1,0
145,1,114.3,6,6,4,1,0,0,1,0
21,0,62.28461395582701,10,16,2,1,0,0,0,0
192,1,179.97913917985034,7,19,4,1,0,0,4,0
171,0,106.10599041808806,7,19,3,4,1,0,3,0
39,0,138.70455147148468,3,24,4,2,1,0,3,0
16,0,102.72503977599389,4,29,4,1,1,0,3,0
166,1,159.9435965405331,7,3,4,2,1,0,2,0
192,0,102.0,9,25,3,3,2,0,0,0
16,0,105.02486443485382,2,28,4,0,1,0,3,0
12,0,108.05044262029266,10,24,3,2,0,0,0,0
153,0,189.82615698069495,6,12,4,1,1,0,5,0
155,1,159.20688779088735,8,27,4,2,2,0,4,0
54,0,159.3,5,2,4,1,0,0,3,0
70,0,227.66135739322667,9,20,4,3,1,0,5,0
156,0,130.5,8,18,4,2,0,0,0,0
20,0,252.83015944803861,7,25,4,1,0,0,5,0
121,0,113.46590902388787,10,25,4,1,1,0,0,0
182,1,112.2,8,14,4,3,1,0,3,0
307,0,89.95073482316046,11,2,3,3,0,0,1,0
284,0,81.81466333168049,10,16,4,3,2,0,1,0
80,0,128.77791800377233,5,29,4,2,0,0,0,0
89,1,121.26408875403814,9,7,4,1,0,0,0,0
235,0,100.10405742498016,10,17,3,3,1,0,3,0
38,0,198.9,6,20,4,1,0,0,5,0
39,0,115.78555750264117,4,28,4,1,1,0,0,0
22,0,85.0,2,4,4,1,0,0,0,0
151,0,95.86650199426522,5,30,4,2,0,0,0,0
93,0,107.03064059165766,8,3,4,1,0,1,0,0
174,0,69.68254811260955,9,10,4,1,1,0,0,0
177,1,139.29642889333485,8,8,4,2,0,0,3,0
231,0,108.9717343430538,9,5,4,3,0,0,0,0
437,0,67.7779927341884,6,17,3,2,0,0,0,0
78,0,78.1210832242837,11,19,4,1,1,3,0,0
303,0,76.39681540625406,8,19,4,2,1,0,0,0
117,0,159.38709992651343,8,21,4,4,1,0,3,0
348,0,82.8306934491225,9,6,3,4,0,0,0,0
5,0,83.5262293440842,2,12,4,2,0,0,0,0
219,1,96.3,9,29,4,1,1,0,0,0
28,0,99.60973579440535,4,18,2,1,0,0,0,0
33,0,95.47688408815682,10,3,4,2,1,1,0,0
38,0,79.55657861356453,2,23,2,1,0,0,0,0
54,0,96.6520081550813,10,5,4,1,0,2,0,0
96,0,135.7385087311182,8,27,4,1,0,0,3,0
80,1,104.90536971723274,9,15,4,2,1,1,1,0
169,1,106.7462025208429,4,22,4,2,2,0,0,0
30,0,125.10547420878795,8,5,4,1,1,2,0,0
14,1,152.37540705474754,6,28,4,3,0,0,2,0
162,0,115.0,10,14,3,1,1,0,0,0
53,1,122.66890690125362,5,18,4,3,2,0,3,0
56,0,95.39373459513234,3,18,4,1,1,0,0,0
169,0,106.13740622808135,4,21,3,2,2,1,0,0
246,0,110.68131923492027,6,6,3,1,1,0,0,0
201,1,137.4008769837284,7,27,3,1,0,0,3,0
100,1,92.12391183229666,8,5,4,3,1,2,0,0
272,1,106.04444929763643,8,9,4,3,0,0,0,0
180,0,96.3,7,24,4,0,1,0,0,0
92,1,76.5,6,31,4,1,0,0,0,0
213,0,105.4,10,24,3,2,0,0,0,0
40,1,145.3788442962874,3,23,4,3,0,0,2,0
2,0,95.0,11,10,0,0,0,0,2,0
96,0,102.00590931368752,9,17,4,2,0,0,2,0
31,0,115.07619005084176,4,17,4,0,1,3,0,0
24,0,165.2429246815581,6,27,4,3,0,0,3,0
318,0,7.852615073242102,8,19,3,2,0,0,0,0
68,0,109.8,11,25,4,1,1,0,0,0
2,0,89.0,4,8,4,1,0,3,0,0
95,0,123.8422444117726,9,26,3,1,1,0,3,0
121,0,162.0,9,20,4,5,1,0,3,0
7,1,85.96,3,4,4,2,2,0,1,0
115,0,76.5,7,22,4,1,0,0,0,0
50,0,157.86733992043565,10,22,4,3,2,0,4,0
354,0,87.64164278720503,12,26,4,4,1,0,2,0
7,0,119.22179241771839,4,20,4,2,0,1,0,0
87,0,150.25433213599814,8,8,4,4,0,0,3,0
50,0,159.5033862794137,7,23,4,4,2,0,3,0
24,0,78.76159509737697,9,19,4,3,1,0,0,0
65,0,118.1936346369086,4,7,4,3,0,0,2,0
186,0,67.11469741475821,6,6,3,0,1,0,0,0
127,0,104.38213230709123,6,6,4,2,0,1,0,0
149,0,99.70695373767028,5,6,4,2,2,0,0,0
38,0,117.9,7,2,4,0,1,0,0,0
259,0,89.07671830467079,9,5,3,3,0,0,0,0
111,0,90.75777363336445,5,8,4,2,1,0,0,0
271,0,100.55145637918764,9,21,3,3,0,0,0,0
119,0,110.56585240132236,5,11,4,3,0,0,0,0
203,0,98.1,10,2,4,1,0,3,0,0
13,0,109.87791302342129,5,31,4,3,0,1,0,0
225,1,119.85,9,15,4,3,0,0,0,0
128,0,119.34738218965887,8,7,4,4,1,0,0,0
100,0,92.37816738111293,4,26,4,2,0,3,0,0
162,1,119.33953557825463,7,26,4,0,0,0,2,0
99,0,91.09959478887627,8,26,4,1,0,0,0,0
113,0,121.16364653231827,8,5,4,1,1,0,2,0
30,1,135.9,7,26,4,2,0,0,0,0
19,0,146.60148500453076,8,24,4,1,1,0,0,0
36,0,153.73485165215308,11,15,4,1,0,0,3,0
123,0,98.96401674220854,4,29,4,1,1,0,0,0
92,0,103.3174695397974,5,27,3,1,0,2,0,0
210,0,77.17423994694609,6,30,4,1,0,0,0,0
59,0,121.52469017837898,3,29,4,0,1,0,0,0
134,0,188.7481768380235,7,22,4,1,0,1,3,0
5,0,186.193995167944,7,12,4,2,0,0,3,0
148,0,119.02660028624562,8,18,4,2,2,0,3,0
122,0,117.7292613844862,7,6,4,3,0,3,0,0
159,0,117.5608586076002,8,5,4,1,0,0,0,0
219,1,177.3,8,9,4,1,2,0,5,0
15,0,127.912686165723,3,24,4,5,2,0,1,0
73,0,116.76439578512418,5,16,4,2,0,2,0,0
189,1,121.72806276611679,6,18,4,2,1,0,1,0
66,0,119.08448791944423,7,4,4,3,1,0,3,0
3,0,66.45074924800682,9,18,2,0,1,0,0,0
94,0,131.67650723196226,8,22,4,3,0,0,3,0
21,0,118.51809136068006,8,5,4,1,0,2,0,0
67,0,149.4,9,15,4,5,1,0,3,0
39,0,128.48469142379878,7,27,4,2,0,0,1,0
142,0,102.16401490097465,6,2,4,4,2,0,0,0
110,0,94.89670131340768,6,25,3,1,2,0,0,0
6,0,125.94894410461431,9,28,4,1,1,3,0,0
53,0,125.09009431039368,8,26,4,1,0,2,0,0
73,0,82.45,3,30,4,4,0,0,0,0
238,1,106.96646165943427,8,20,3,3,0,0,2,0
216,0,172.221783852429,10,6,3,4,2,0,0,0
44,0,212.21790864520398,3,18,4,3,1,0,5,0
63,0,140.09973110705198,5,17,2,2,0,0,0,0
86,0,134.1,8,14,4,1,1,0,0,0
252,0,103.91207380962484,7,8,4,1,0,0,0,0
99,0,91.5,4,26,4,2,0,3,0,0
74,1,135.0,10,13,4,4,1,0,0,0
104,0,150.3,8,24,4,4,0,0,3,0
166,1,103.55157131896324,7,17,4,3,0,0,0,0
9,0,98.4177113204612,5,27,3,0,0,0,0,0
94,0,74.69954228738597,3,18,4,2,2,0,0,0
172,0,107.3817666653422,9,3,4,2,0,0,0,0
211,1,67.5,11,18,4,2,0,3,0,0
48,0,79.2,11,11,4,1,1,3,0,0
30,0,77.34053315600019,1,16,4,1,0,0,0,0
6,0,153.98804856050475,4,15,4,1,0,0,3,0
67,0,166.66958023324716,10,27,4,2,0,0,4,0
167,1,107.904431628485,9,2,4,2,1,0,0,0
44,0,209.66522834728755,6,16,4,3,0,0,5,0
116,0,71.44708969858809,2,28,3,1,2,0,0,0
68,0,118.15381801358313,5,10,4,3,0,1,0,0
132,0,61.77769601243213,2,22,4,1,0,0,0,0
6,0,159.2201816475454,4,9,4,3,2,0,3,0
170,1,148.14682723211274,8,5,4,4,1,0,0,0
125,0,85.5,6,26,4,0,1,0,0,0
16,0,83.35516929849967,3,8,4,3,0,2,0,0
95,2,85.76201647545795,11,20,4,0,2,0,0,0
144,0,176.93613739987018,8,27,4,3,0,1,1,0
104,1,133.7321641924397,9,20,4,3,1,0,1,0
87,0,90.95,4,13,4,5,2,0,0,0
37,0,140.9441996175106,4,26,4,1,0,0,2,0
203,1,93.13678085137576,7,18,4,5,1,0,0,0
152,0,122.89785409427442,5,28,4,3,2,0,3,0
38,0,120.5799023388659,3,19,4,3,1,0,3,0
221,0,113.23556466847755,8,30,4,1,0,0,0,0
273,1,99.54676442869354,9,19,3,3,0,0,2,0
77,0,149.4,9,14,4,3,0,0,3,0
119,0,144.43250524616283,8,4,4,2,1,0,3,0
176,1,90.9,10,28,4,3,1,0,0,0
166,0,99.89100295824801,6,20,4,3,2,0,0,0
169,0,106.4295740321777,4,22,4,2,2,0,0,0
20,0,156.0,5,5,4,1,0,0,3,0
262,1,137.93800430845639,11,25,4,3,1,0,3,0
130,0,113.93894075077262,8,6,4,3,2,0,0,0
63,1,149.4,9,8,4,2,0,0,3,0
196,1,93.90421215650703,9,1,4,1,0,3,0,0
57,0,79.2,11,3,4,2,0,3,0,0
46,0,207.9,6,23,4,2,1,0,5,0
230,0,114.45341501140317,6,7,4,4,0,0,2,0
32,0,169.34476107436413,8,8,4,1,2,0,3,0
93,0,147.39756886146037,6,28,4,2,0,0,3,0
46,1,139.5,10,8,4,0,2,0,3,0
28,0,92.93341050988555,8,30,4,3,0,3,0,0
165,0,96.81035289849372,7,7,4,3,1,0,0,0
159,0,114.607699602596,6,23,4,2,0,0,0,0
156,0,105.3,7,24,4,0,1,0,0,0
146,0,72.25,7,10,3,4,1,0,0,0
109,1,75.02286842080288,9,5,4,2,2,0,0,0
151,0,200.0,6,27,3,0,1,0,4,0
44,0,76.81616566529914,11,9,4,2,0,3,0,0
170,2,114.16203266267506,8,3,4,4,1,0,0,0
46,0,240.28060872921583,6,14,4,3,1,0,1,0
38,0,124.77240297539313,11,10,4,3,2,0,2,0
112,0,138.30929195046167,7,1,4,5,1,0,3,0
108,1,76.5,7,17,4,3,1,0,0,0
5,0,95.0,8,4,1,10,4,0,0,0
99,0,150.3,8,24,4,4,0,0,3,0
13,0,180.43733368035225,3,26,4,1,1,0,3,0
38,0,164.2698290315632,8,17,4,1,0,0,0,0
8,0,156.0,5,9,4,1,0,0,3,0
236,0,90.95,7,12,4,3,1,0,0,0
174,0,93.56939035514989,5,28,4,2,1,1,0,0
28,0,76.95464801481184,2,4,4,2,1,0,0,0
76,0,134.5999602337536,5,30,4,4,0,0,0,0
98,0,134.56289687628518,5,18,4,1,0,0,0,0
227,0,78.01257348826368,9,28,4,3,2,3,0,0
45,0,86.04615043830027,12,6,4,3,0,0,0,0
194,1,132.16733858293148,8,18,4,1,1,0,2,0
103,0,126.9,6,10,4,1,0,0,0,0
154,1,134.8847217055279,7,1,4,8,2,0,0,0
306,1,76.48138609133517,10,22,4,2,0,0,0,0
302,0,52.0,11,19,3,2,0,0,0,0
182,1,112.2,8,12,4,5,1,0,3,0
109,0,143.16963706511626,6,3,3,1,0,0,0,0
186,1,112.04931375191751,8,3,4,2,2,0,1,0
22,0,128.67028886555053,4,21,4,2,1,1,0,0
16,0,155.3239375455468,4,13,4,1,0,0,3,0
188,1,168.3,7,14,4,1,1,0,5,0
121,0,113.22543436552968,5,13,4,2,2,0,1,0
166,2,121.32756731307563,8,2,4,3,0,0,0,0
64,0,161.24837253274765,3,18,4,1,1,0,4,0
91,0,80.0,4,4,3,2,1,0,0,0
7,0,216.93293760008982,6,11,4,4,2,0,5,0
191,0,131.9197279312434,6,3,3,2,1,0,0,0
115,0,190.0171790153298,6,19,4,4,2,0,3,0
161,0,143.3450258405276,8,18,4,1,1,0,1,0
17,0,98.039159098919,8,29,4,3,1,0,0,0
35,0,109.8878268900385,8,29,4,3,0,0,0,0
178,0,110.16997682590666,8,2,4,4,1,0,0,0
160,0,90.0,4,27,3,4,2,0,0,0
25,0,137.13015479745624,9,15,4,2,0,3,0,0
185,1,121.46470853878716,6,30,4,1,1,0,2,0
57,0,105.35402610076449,4,12,4,2,0,0,0,0
234,0,103.47552911797551,9,12,4,4,0,0,0,0
178,0,120.67450664530298,9,3,4,3,1,0,0,0
9,0,93.92640881078124,2,27,3,2,0,0,0,0
6,0,96.7045942168259,5,15,3,0,0,0,0,0
129,0,192.78216128854663,7,19,4,2,0,1,3,0
174,1,112.24691707696161,7,24,4,1,1,0,0,0
64,0,161.8194616825074,3,19,4,2,1,0,5,0
6,0,96.93167007884264,5,15,3,0,0,0,0,0
89,0,166.4633887200918,10,5,4,1,1,0,0,0
44,0,198.9,5,15,4,1,0,0,5,0
108,0,83.27615514429804,4,17,4,3,1,0,0,0
8,0,141.072523338272,7,16,4,3,1,0,0,0
136,0,92.31473787032743,7,1,4,2,1,0,0,0
4,0,130.01813520905196,9,18,4,1,1,0,0,0
42,1,129.66852766409616,10,15,4,2,1,0,1,0
135,0,92.63138741896408,7,2,4,2,1,0,0,0
193,1,105.33645866393445,9,10,3,1,1,0,0,0
247,1,115.0,6,6,3,1,1,1,0,0
7,0,149.93436532511296,6,6,4,1,2,0,1,0
303,0,78.0,8,19,3,3,2,0,0,0
80,0,119.07,10,9,4,3,0,0,3,0
158,0,115.66711309466729,9,6,4,1,2,0,0,0
101,0,97.0243443337823,5,8,4,1,0,0,0,0
226,0,81.39950861166838,9,27,4,3,2,1,0,0
110,0,150.42439849176907,8,13,4,3,1,0,3,0
3,0,65.0,8,5,2,1,0,0,0,0
26,0,81.95521235763196,9,7,3,0,1,0,0,0
9,0,169.0,7,23,4,0,0,0,0,0
107,1,122.52248265534355,10,4,4,2,1,1,0,0
55,0,124.49061581309084,7,6,4,2,0,0,2,0
11,0,66.9608845696536,8,17,2,2,0,0,0,0
97,0,69.90378650816729,8,21,3,2,0,0,0,0
109,0,149.88045477027936,8,22,4,3,0,0,3,0
35,0,116.98787990743327,7,26,4,2,1,0,0,0
97,1,78.83585806493508,10,4,4,1,0,2,0,0
175,1,90.37968809768799,9,28,4,3,1,0,0,0
170,1,114.7282823357567,8,10,3,4,0,0,0,0
51,0,88.18410897744289,10,14,3,4,1,0,0,0
93,1,104.29308256806277,6,6,3,1,0,0,2,0
72,0,70.57901458386914,9,10,4,2,0,0,0,0
174,0,140.4939030322201,9,3,4,4,0,0,3,0
145,1,106.58030684513626,4,23,4,0,2,0,0,0
57,0,68.254674506129,3,12,4,3,0,3,0,0
305,0,74.07310677202379,11,8,3,7,3,0,0,0
25,0,66.14229783228517,11,1,3,9,3,2,0,0
3,0,110.561714536049,4,1,4,1,0,0,0,0
196,1,106.11132336489871,6,13,4,1,1,0,0,0
64,1,168.3,8,9,4,0,1,0,3,0
13,0,18.185745923261713,6,22,3,2,2,0,1,0
32,0,198.9,4,28,4,1,1,0,5,0
121,1,135.30778808430998,5,17,4,2,1,0,0,0
43,0,75.32441564989355,11,8,4,2,0,3,0,0
7,0,151.0,8,7,4,2,1,0,0,0
102,0,205.0642976294777,11,30,3,1,2,0,0,0
155,0,134.78906675934584,9,4,3,1,0,0,1,0
377,0,90.0,10,14,3,2,0,1,0,0
0,0,74.81137743922791,8,10,4,0,1,2,0,0
118,0,141.73147192029793,6,23,4,2,0,0,3,0
349,0,82.93815236161109,10,4,3,5,1,0,0,0
116,1,100.4727470904359,4,28,4,2,1,0,1,0
186,0,112.48806693732638,8,28,4,0,1,0,0,0
194,0,86.68067296332315,7,15,4,0,0,0,1,0
35,0,89.02901592412893,6,20,4,1,0,2,0,0
40,0,69.95105326005019,2,11,4,1,2,3,0,0
147,1,137.08669721641306,7,7,4,2,0,0,3,0
288,0,166.5815609707867,7,22,4,5,2,0,5,0
240,0,92.2385609629457,7,13,4,3,0,0,0,0
13,0,118.90876209503121,9,7,4,1,0,2,0,0
82,0,99.40396645835068,3,24,4,3,1,0,3,0
37,0,115.88569881531551,5,16,4,0,0,2,0,0
22,0,79.0,2,12,4,2,1,3,0,0
0,0,201.361731293226,9,15,4,1,0,0,3,0
80,0,98.9257102250655,3,24,4,2,1,0,2,0
113,0,119.42978844675109,8,6,4,3,1,0,0,0
36,1,99.0,9,2,4,1,0,3,0,0
18,1,111.171561556765,9,25,4,1,0,3,0,0
51,0,158.69100390922696,8,17,4,1,0,0,3,0
180,2,127.68753236651108,8,25,4,1,1,0,0,0
115,0,189.90880099103816,6,19,4,4,2,0,3,0
46,1,78.52590765902082,2,6,4,0,2,0,0,0
40,0,105.48218570559361,9,3,4,2,1,0,0,0
180,0,85.24212403336652,9,26,4,2,1,1,0,0
175,0,112.04554747174232,7,30,4,4,0,0,0,0
3,0,94.36565558444309,11,3,0,2,0,0,3,0
172,0,94.28660396797629,5,24,3,2,0,0,0,0
169,1,105.3,6,27,4,1,0,0,2,0
145,0,119.06077314820645,8,16,4,2,2,2,0,0
92,0,119.7716090155638,5,20,4,2,1,0,0,0
3,0,100.09328258092886,2,8,4,3,0,0,0,0
193,0,102.24898469593063,8,22,3,2,1,0,0,0
238,0,106.2,8,12,4,3,0,0,0,0
142,0,147.73308034748817,8,9,4,3,0,0,3,0
0,0,96.00274780670858,5,18,1,2,1,0,0,0
24,0,291.6070947701472,7,21,4,3,1,0,5,0
29,0,202.87780177282517,9,4,4,2,0,0,2,0
2,1,99.35701068593656,3,9,4,2,0,0,0,0
12,0,136.88492817076843,6,7,4,1,0,2,0,0
145,0,96.71856016541085,6,1,4,3,0,0,0,0
134,0,93.79704731386751,5,16,4,3,0,2,0,0
3,0,170.9869932714578,9,12,4,1,1,0,3,0
35,0,115.66937669702536,3,15,4,1,0,0,0,0
102,0,95.00687423915949,5,3,4,3,0,0,0,0
38,0,125.1,8,20,4,0,1,3,0,0
93,1,148.75118717442243,8,1,4,2,0,0,0,0
39,0,137.29289544040412,4,23,4,3,2,0,3,0
160,0,119.60189634220612,5,27,4,1,0,0,0,0
18,0,101.8726883143571,8,23,2,2,0,0,0,0
210,0,145.31534112402457,7,26,2,1,0,0,4,0
240,0,106.2,6,9,4,2,0,0,0,0
5,0,101.0,3,6,4,2,0,0,0,0
72,0,135.9,8,12,4,0,2,0,0,0
29,0,78.71788622360283,2,17,4,1,0,1,0,0
248,1,86.6213007848073,8,27,4,1,1,0,1,0
24,0,107.33001328157602,9,14,4,0,1,2,0,0
44,0,72.47987608573548,2,18,4,2,0,2,0,0
5,0,124.18192418794955,8,14,4,1,0,0,1,0
42,0,172.26924771469567,7,3,4,1,1,0,4,0
10,1,76.66850334124935,11,27,4,2,1,3,0,0
54,0,107.14380924426189,7,9,4,1,2,0,0,0
253,1,117.81344793981097,9,19,4,1,0,0,3,0
5,1,90.6525034238909,4,12,4,2,0,0,0,0
194,0,102.0609375091379,8,1,4,3,0,0,0,0
74,1,95.55352825605252,3,22,4,3,0,0,0,0
11,0,128.3205134043075,4,16,4,1,1,1,0,0
193,1,106.1074902912623,9,6,4,3,1,1,0,0
105,0,75.0,4,6,3,1,0,0,0,0
131,0,116.09066328904672,6,19,4,3,2,0,0,0
246,0,128.7,10,25,4,2,0,0,2,0
274,0,112.7637033402205,8,19,3,2,0,0,0,0
117,0,75.38970464463675,8,22,3,1,0,0,0,0
79,1,72.11452065699076,11,12,4,1,1,0,0,0
37,1,127.59428267436388,3,23,4,3,1,0,0,0
164,0,99.49238504830119,7,26,4,4,1,0,0,0
186,0,83.93611957332057,8,26,4,2,2,0,0,0
9,0,111.093102479831,9,30,1,1,0,0,3,0
46,0,111.99421960799084,9,25,4,2,0,2,0,0
127,0,85.90885725046962,5,26,4,2,1,3,0,0
183,0,84.98281926684984,9,19,4,2,0,2,0,0
256,0,90.0,5,4,3,3,0,0,0,0
26,0,119.747084908743,9,18,4,3,1,0,0,0
113,0,109.65,5,11,4,4,0,1,0,0
18,0,156.03248530649014,4,13,4,1,0,0,3,0
185,1,113.03665389769313,7,28,4,3,2,0,2,0
210,0,73.4176796396217,10,8,3,2,1,0,0,0
56,0,94.36115881512082,6,19,4,2,0,0,0,0
299,1,115.50452753282383,7,27,4,1,0,1,0,0
94,0,132.04367269125703,8,26,4,2,1,0,2,0
170,2,117.77315792207169,6,20,4,2,1,0,0,0
97,1,128.09109518605302,4,28,4,1,0,0,0,0
84,0,95.60662045348303,7,15,4,3,1,3,0,0
59,0,82.47063737672143,3,12,4,2,1,0,3,0
167,0,98.21297932549993,9,1,4,1,1,2,0,0
320,0,79.63731464893328,6,19,4,2,1,0,0,0
175,1,127.23833678321472,8,29,4,3,2,0,3,0
218,0,87.26791716679196,8,3,4,2,0,0,0,0
194,0,101.4,9,12,3,3,1,0,0,0
147,0,176.17911915849598,8,4,4,1,1,0,2,0
196,0,84.91463924401035,8,5,4,1,1,3,0,0
34,0,81.03479394684422,2,6,4,1,0,0,0,0
155,0,137.7,7,23,4,2,0,0,3,0
104,0,91.17630953504924,4,7,4,2,2,0,2,0
6,0,102.63013873073695,3,13,4,0,1,0,0,0
316,0,34.96889699535371,10,21,3,2,0,0,0,0
122,0,115.67626565304823,6,8,4,3,0,2,0,0
63,0,87.38561930363579,10,16,4,2,0,0,0,0
30,0,97.84179305629088,4,8,4,2,1,0,0,0
23,0,225.31210360877796,7,9,4,2,0,0,4,0
232,0,70.71356816863532,11,27,4,4,1,0,0,0
70,0,76.5,7,22,4,5,2,0,0,0
305,0,89.0,11,4,3,2,1,0,0,0
226,0,106.46062089358401,9,13,4,2,2,0,0,0
177,0,83.57645531378115,8,24,4,3,0,3,0,0
160,0,106.4918840775088,5,23,4,2,1,0,0,0
61,0,119.3394510749903,4,22,4,2,1,0,2,0
45,0,72.33737983355083,1,19,4,1,0,1,0,0
40,0,116.1,5,9,4,3,1,3,0,0
102,0,150.3,8,24,4,4,0,0,3,0
24,1,129.0523269634774,10,3,4,1,0,2,0,0
40,0,102.76375724794012,3,24,4,4,0,3,0,0
165,0,179.8233538979358,7,18,4,2,2,0,0,0
29,0,97.85214368616458,4,12,4,2,0,3,0,0
183,0,110.0,9,8,3,3,0,0,0,0
9,0,167.05072929998897,7,22,4,0,0,0,1,0
90,0,76.5,7,28,4,1,0,0,0,0
41,0,91.828738284327,10,1,4,4,0,0,0,0
3,0,94.61145984592719,11,5,0,2,0,0,3,0
164,0,180.5182281693395,8,19,4,3,1,0,3,0
67,0,90.24010591914977,9,4,4,2,1,1,0,0
22,0,149.07830669497343,6,17,4,1,1,0,0,0
37,0,127.0225115324816,4,21,4,2,2,0,0,0
104,0,98.22410107989184,4,28,4,3,0,0,0,0
199,0,86.2459601736649,7,28,4,0,1,2,0,0
153,0,16.30349837286808,3,22,4,3,0,0,0,0
180,0,85.5,8,25,4,1,0,3,0,0
6,0,123.26735152789598,8,7,4,0,0,0,0,0
14,0,150.0,11,5,4,1,0,0,0,0
6,0,90.41757647566456,5,23,4,1,0,0,0,0
32,1,93.64100482860074,10,4,4,3,1,0,0,0
159,0,94.5,8,4,4,1,0,3,0,0
84,0,61.91156004520289,5,25,3,2,2,0,0,0
150,0,217.22942321785303,7,12,4,4,2,1,5,0
44,0,209.99413532762273,6,16,4,3,0,0,5,0
60,1,136.09280676111607,8,10,4,1,1,0,0,0
15,0,111.3655344911663,4,7,4,1,1,0,0,0
30,0,119.15998030544485,4,19,4,2,0,0,1,0
153,1,137.24378411363753,7,16,3,2,2,0,3,0
146,0,116.66056726580702,7,30,4,4,2,0,0,0
101,0,159.3,5,14,4,2,1,0,2,0
14,1,88.19541549534897,6,3,4,0,1,1,0,0
32,0,211.68084003501815,7,17,4,3,0,0,3,0
224,0,78.34914007273926,10,29,4,3,1,3,0,0
162,1,118.80108982661864,7,27,4,1,0,0,2,0
131,0,114.57252021866047,6,13,4,3,1,0,0,0
107,0,82.72925190344279,3,27,4,2,1,3,0,0
162,0,113.07533513289673,8,14,3,2,0,0,0,0
11,0,183.2959168854894,4,21,4,2,0,0,3,0
101,0,68.79005871024528,7,8,3,1,2,0,0,0
209,0,75.13837579121929,7,21,4,3,2,0,0,0
217,1,79.30071443956659,7,11,4,4,0,0,0,0
217,1,168.3,7,18,4,1,0,0,5,0
6,0,118.64445063709289,4,11,4,0,0,1,0,0
26,1,119.65037659731817,9,18,4,3,1,0,0,0
97,0,159.3,5,11,4,2,0,0,2,0
111,1,177.59370528776762,8,27,4,2,1,0,2,0
26,0,138.47355743250793,6,26,4,1,1,0,0,0
87,1,85.55336134086932,3,25,4,2,0,2,0,0
126,0,88.99924907161791,5,8,4,2,1,3,0,0
62,0,159.3,5,9,4,1,0,0,1,0
21,0,91.0,2,12,4,1,1,0,0,0
25,0,104.0,12,16,4,2,0,0,0,0
23,0,161.96660202273182,10,1,4,3,0,0,4,0
99,2,94.69955244603048,11,2,4,2,0,0,0,0
92,0,129.07162506149592,9,21,4,4,1,0,3,0
28,1,78.85357990423782,11,22,4,4,0,0,0,0
147,0,94.12247387917687,5,9,4,4,1,3,0,0
82,1,74.4988515394125,8,4,4,4,1,0,0,0
211,0,69.86626375015473,10,19,4,2,2,0,0,0
87,0,104.67540033063835,9,25,4,2,0,0,2,0
101,0,96.7957274842913,7,25,3,3,1,0,0,0
4,0,162.62925989371342,6,10,4,1,0,0,3,0
40,0,150.3,4,2,4,1,1,0,3,0
156,1,113.33572591813665,6,21,4,2,1,0,3,0
271,0,94.9887928099341,8,22,4,2,1,0,0,0
47,1,123.93907555047589,8,2,4,1,1,1,1,0
40,0,80.72876798012274,4,21,4,1,0,0,0,0
34,0,80.53186740293205,3,10,4,2,1,2,0,0
93,0,106.57959016149778,7,14,4,3,0,0,0,0
158,1,123.25501180522852,5,24,4,4,0,0,3,0
12,0,89.0,6,19,4,1,0,3,0,0
216,1,96.3,8,5,4,1,0,0,0,0
94,1,84.73893143954828,10,19,4,0,2,0,0,0
31,0,168.3,7,9,4,1,1,0,3,0
134,1,131.86865166218573,11,28,4,1,0,0,3,0
305,1,78.17666897415428,9,21,3,3,0,0,0,0
213,0,81.4766236300299,7,11,4,3,0,0,0,0
112,0,107.48901979000411,7,17,4,3,0,0,0,0
12,0,79.92044276749824,8,19,4,3,0,0,0,0
60,0,122.60262199052754,10,2,4,2,1,0,3,0
196,0,112.07831938778327,8,25,3,2,0,0,0,0
193,0,98.1,9,3,4,1,1,3,0,0
43,0,69.28723411263154,2,5,4,2,1,0,1,0
90,0,114.94597034956782,6,22,4,1,1,1,0,0
40,0,83.05613179504569,2,3,4,3,0,0,3,0
56,0,140.5187518988124,5,27,4,1,1,0,2,0
42,0,115.31078309335321,4,9,4,3,1,2,0,0
75,0,168.3,7,13,4,1,1,0,3,0
33,0,224.84425340557007,9,23,4,3,0,0,0,0
58,0,115.6043207374709,5,17,4,2,0,2,0,0
4,0,163.66907683347702,6,14,4,1,0,0,0,0
82,0,125.06569037971153,9,9,4,1,0,2,0,0
90,0,115.68901917475846,5,21,4,1,1,2,0,0
30,0,114.51587701595348,4,18,4,0,1,3,0,0
39,0,159.3,3,25,4,2,0,0,3,0
64,0,114.97049080980878,4,19,4,3,0,1,1,0
34,0,161.41910233033124,7,24,4,3,0,0,3,0
4,0,139.0,6,29,4,1,0,1,0,0
100,0,80.09201644876069,4,3,3,2,1,0,0,0
418,0,105.5827830895922,9,26,3,2,1,1,0,0
71,0,106.10171824070734,4,24,4,3,2,0,1,0
256,0,73.2330760346591,11,16,4,4,1,0,0,0
8,0,214.79363294448999,3,15,4,3,2,0,5,0
229,0,90.92475179868306,8,24,4,3,0,0,0,0
15,0,118.43912860512808,9,5,4,0,0,3,0,0
158,1,90.20469663980344,10,25,4,2,0,0,0,0
5,0,141.94746764835872,6,2,4,1,1,0,0,0
214,1,90.44152979527425,5,27,4,3,0,0,0,0
30,0,149.0178094300578,8,15,4,3,0,0,3,0
50,0,79.20555600371661,11,12,3,1,1,2,0,0
1,0,203.36921584741634,4,12,4,2,0,0,5,0
120,0,75.00893631732774,11,26,4,5,2,2,0,0
72,0,156.37253298752776,3,27,4,1,2,0,4,0
72,0,116.9695562290476,9,17,4,2,0,3,0,0
186,0,121.99482596853963,8,2,4,1,0,0,0,0
52,0,128.4528837050328,9,10,4,1,1,0,0,0
205,0,86.65697444438761,7,21,4,2,0,0,0,0
11,0,76.24439742030185,9,18,3,5,1,0,0,0
205,0,91.87718819739037,7,21,4,2,2,0,0,0
195,0,158.95,7,18,4,3,1,0,5,0
147,0,106.37223093401542,5,22,4,0,2,0,0,0
18,0,190.20652078061025,7,13,4,1,1,0,3,0
3,1,124.73984152300223,9,5,4,0,0,0,0,0
121,0,164.1248591472927,9,20,4,3,1,0,3,0
146,0,127.15526014591877,8,11,4,4,0,0,0,0
231,0,121.1669698989892,9,17,4,2,1,0,0,0
305,0,93.69216998127469,11,26,4,2,0,0,1,0
102,0,106.13476284252188,7,23,4,1,1,1,0,0
193,0,120.63670727661345,6,18,4,2,0,0,0,0
197,1,159.37898138973244,9,22,4,2,0,0,3,0
84,0,76.5,7,14,4,4,2,0,0,0
185,0,78.42303436531914,10,10,4,1,0,0,0,0
45,0,89.6210159125531,4,29,2,2,1,0,0,0
164,0,100.0,10,2,3,2,0,0,0,0
176,1,114.65160207777068,4,26,4,2,0,1,0,0
26,0,115.62111185382712,5,15,4,2,0,2,0,0
6,0,314.26360964274613,8,13,4,1,0,1,5,0
107,0,143.74180234946166,6,10,3,2,0,0,0,0
64,0,105.8408728663238,4,25,4,2,0,0,0,0
38,0,68.84752064004239,2,22,4,2,0,2,0,0
56,0,88.29054429481594,11,13,4,4,0,0,0,0
268,0,95.25141939280066,9,30,3,2,1,1,0,0
54,0,73.76086656238338,10,12,4,3,2,1,0,0
113,0,85.0,12,2,4,3,0,0,0,0
102,0,71.7022077607428,6,18,3,3,1,0,0,0
43,0,107.42860945325445,6,2,4,0,1,3,0,0
109,0,171.98615039674849,9,25,4,2,0,0,3,0
177,0,83.9245314888605,7,23,4,3,0,3,0,0
121,0,121.5,7,27,4,1,0,0,0,0
59,0,159.3,5,5,4,1,1,0,0,0
209,0,76.39382016696477,7,29,4,1,0,0,0,0
53,0,117.7055924114718,8,9,4,1,1,0,1,0
99,0,119.85,5,4,4,3,0,0,0,0
57,0,118.8,4,22,4,2,0,0,3,0
185,0,121.83321592120355,8,3,4,2,0,0,1,0
16,0,83.5696856236361,3,7,4,3,0,3,0,0
177,0,76.39266229231843,7,18,3,2,1,0,0,0
273,0,95.0,5,13,3,2,1,0,0,0
122,1,74.89854008820663,12,26,4,4,1,0,1,0
115,0,72.1713719048883,5,30,3,1,2,0,0,0
52,0,78.89326565154286,10,25,3,1,1,2,0,0
46,0,79.2,11,24,4,1,0,3,0,0
10,0,145.0,7,5,4,5,1,0,0,0
11,0,174.7648686636074,4,26,4,3,0,0,0,0
22,0,119.0,9,26,4,2,1,3,0,0
47,0,76.5,3,16,4,1,0,0,0,0
155,0,118.82401104535562,7,17,3,1,0,0,2,0
146,1,115.8950207926083,7,1,4,4,1,0,0,0
75,0,135.63636973510805,8,13,4,1,2,0,0,0
9,0,117.75157381485329,3,18,4,2,0,0,0,0
68,0,21.981326240626302,6,11,3,1,1,0,0,0
232,1,109.0847730145116,9,20,4,4,0,2,0,0
129,0,131.90598814830133,7,25,4,4,1,0,0,0
2,0,120.79451616223446,8,19,2,1,1,0,0,0
160,0,120.81097134956786,6,25,4,1,0,0,0,0
1,0,65.11262239459222,10,18,2,1,0,0,0,0
198,0,114.39506731147027,8,24,3,3,1,0,1,0
276,0,73.33765780723537,12,24,4,4,1,1,0,0
25,0,83.49045095453725,10,7,3,2,2,0,0,0
156,0,93.64335416634714,7,2,4,1,1,1,0,0
5,0,126.81029669138421,3,5,4,4,2,0,3,0
207,0,96.20475123739472,9,21,4,3,2,0,0,0
255,0,123.93741732516654,6,15,4,2,0,0,0,0
91,0,74.79875111770903,3,7,4,4,1,1,0,0
104,0,105.25817451898254,6,27,4,1,0,0,0,0
98,0,133.63848321005403,5,18,4,2,0,1,0,0
16,0,112.96254291852502,6,12,4,1,1,0,0,0
0,0,138.41287535511813,7,14,4,1,0,1,0,0
130,0,113.51032417953397,5,12,4,3,1,0,2,0
233,0,97.09963549764934,10,17,3,3,0,0,1,0
181,0,98.1,10,11,4,1,0,3,0,0
28,0,115.18911222625755,4,17,4,1,2,0,0,0
245,0,97.3739623713943,8,10,4,2,0,0,0,0
87,0,91.93354052151672,4,26,4,2,0,0,0,0
134,0,99.9681740080089,7,23,4,2,1,0,0,0
2,0,68.17644372585926,8,9,2,1,0,0,0,0
119,0,127.92720757662698,8,15,4,2,0,0,2,0
181,0,89.25,9,11,4,3,0,1,0,0
280,0,170.45858456947983,9,7,4,3,1,0,5,0
7,0,103.88848338336997,3,18,4,0,0,0,0,0
315,1,113.28677810047067,12,29,4,2,0,0,1,0
72,0,132.1589279176002,5,1,4,2,1,0,3,0
73,0,127.6089405096011,6,9,4,1,0,0,2,0
229,0,80.91357512242008,9,21,4,2,1,0,0,0
104,0,117.06482469992942,5,4,4,2,0,0,0,0
208,0,82.85476159810744,7,30,4,2,1,3,0,0
255,0,93.68018530417532,8,5,4,3,0,0,0,0
115,0,86.62561077420774,8,6,3,1,1,0,0,0
253,0,91.37157014546827,9,25,4,4,0,0,0,0
33,0,195.58825152979378,8,6,4,1,0,0,0,0
2,0,102.55877467527803,10,23,3,1,0,0,0,0
97,0,95.49789756651633,5,12,4,1,0,0,0,0
5,0,122.70379931910495,8,18,4,1,0,0,0,0
87,0,99.73640758352884,8,10,2,1,0,0,0,0
201,0,111.60187229148951,9,22,3,1,2,0,3,0
95,0,131.4,8,26,4,2,0,0,3,0
1,0,139.08876778813325,7,19,4,1,0,2,0,0
96,0,146.7,6,29,4,3,0,0,3,0
7,0,108.61749834949586,4,10,4,2,0,0,2,0
29,0,145.29896960118185,3,26,4,2,0,0,3,0
249,0,95.63524035108934,9,26,3,2,1,0,0,0
42,1,74.8,11,28,4,10,4,0,0,0
281,1,80.02091520669426,12,26,4,4,1,0,0,0
233,1,104.55108207113781,10,24,4,4,0,0,1,0
62,0,87.3,3,6,4,1,1,0,3,0
61,0,79.2,11,23,4,1,0,3,0,0
101,0,96.35863591144815,4,8,4,1,0,0,0,0
201,0,121.02413111184097,8,25,4,3,0,0,0,0
73,0,109.65229707953044,10,4,4,2,0,0,0,0
172,1,103.97065855878851,9,24,4,3,0,0,2,0
196,0,86.8708996141498,7,10,4,1,0,0,2,0
42,0,170.19808717844603,7,14,4,1,0,0,3,0
56,0,116.1,5,14,4,2,0,3,0,0
102,0,123.3,7,23,4,2,0,0,3,0
81,0,131.62527656232405,8,4,4,2,0,0,2,0
15,0,217.46209814395607,5,29,4,4,1,0,3,0
27,0,113.47471334387347,8,11,4,4,1,0,0,0
68,0,149.4,9,15,4,1,0,0,3,0
12,1,126.52490934444164,2,26,4,1,0,0,2,0
194,0,162.9892974427186,8,25,4,2,1,0,4,0
218,0,106.25,9,25,4,4,1,0,0,0
81,0,75.44068669408144,8,25,3,2,1,0,0,0
144,0,212.64500795130928,9,21,4,3,1,1,3,0
82,1,72.31774707120042,10,2,4,3,0,0,0,0
6,0,104.367015636967,2,12,4,0,1,0,1,0
104,0,76.5,4,15,4,2,2,0,0,0
102,0,113.63069014459226,7,28,4,11,5,1,0,0
37,0,140.4,5,27,4,1,0,0,3,0
166,0,116.26471218034675,6,16,4,4,1,0,3,0
122,0,113.34591929618477,5,13,4,2,2,0,1,0
11,0,122.33,4,29,4,2,1,3,0,0
250,0,81.31561302629419,10,21,4,2,2,0,0,0
194,0,193.61874954677802,8,23,4,1,1,1,3,0
104,0,72.69289133364556,4,17,4,2,1,2,0,0
30,0,77.67567285622248,2,8,4,2,0,0,0,0
17,0,63.94411089501885,4,3,3,4,1,1,0,0
49,0,74.8,11,19,4,5,2,3,0,0
123,0,86.94854894782664,6,25,4,0,1,0,0,0
102,0,77.17220886404517,12,5,4,1,1,2,0,0
177,1,129.07429219065222,8,3,4,3,1,0,0,0
222,1,129.1948190587973,9,29,4,1,1,0,3,0
222,0,73.48125924510083,9,22,4,4,2,0,0,0
22,0,109.43221240514582,9,27,4,2,1,1,0,0
126,1,104.99648257989112,12,26,4,2,1,0,3,0
28,0,166.9434028777738,3,27,4,0,0,0,0,0
197,0,72.51463863408345,8,2,4,2,0,1,0,0
10,0,115.9060524977532,5,26,4,0,1,0,0,0
210,1,96.51036061044414,7,30,4,0,1,0,0,0
5,0,83.66010044665572,2,12,2,1,0,0,0,0
93,0,70.36004381962371,5,6,4,3,0,0,0,0
151,0,98.26937487995363,8,22,4,4,1,0,0,0
283,0,81.40368160408482,10,14,4,3,1,0,0,0
168,0,99.45,8,6,4,2,1,0,0,0
78,0,105.70967681455394,3,24,4,2,1,0,3,0
290,0,55.74148760455309,10,19,4,3,2,0,0,0
152,0,143.13129016922747,9,24,4,3,1,0,2,0
76,0,126.9,5,15,4,2,0,0,0,0
91,0,79.9493842867704,8,30,4,1,0,0,0,0
150,1,128.53143674572217,11,29,4,3,1,0,0,0
162,1,146.1279744899765,8,23,4,2,0,0,1,0
95,0,68.29308221949739,6,22,3,1,0,0,0,0
155,1,120.24065235459737,7,5,4,4,0,0,3,0
283,0,67.19850732663996,11,11,3,0,1,2,0,0
75,0,158.41254769056292,4,15,4,3,0,0,2,0
58,1,86.4,11,18,4,2,1,0,0,0
44,0,90.78822510910264,11,19,4,1,1,0,0,0
48,0,50.6734391284618,4,9,4,2,1,0,0,0
48,0,76.5,3,16,4,1,0,0,0,0
3,0,130.01206037603515,8,17,2,2,1,0,0,0
89,0,88.75812344292893,4,2,3,1,1,0,1,0
18,0,78.48448244050562,2,1,4,5,1,0,1,0
32,0,201.72461380712696,8,24,4,1,1,0,5,0
125,0,115.15613882104907,6,21,4,4,1,0,2,0
108,0,158.172235631603,9,8,4,2,2,0,3,0
294,1,117.0,9,21,3,4,0,1,0,0
182,2,130.00363281542536,8,3,4,4,1,0,1,0
187,0,168.3,7,7,4,2,0,0,5,0
155,0,102.37287960012691,7,17,4,3,1,0,0,0
189,0,99.74153112242837,6,7,4,4,1,0,0,0
6,0,85.42454496502084,5,14,4,1,0,0,0,0
249,0,111.66222870568946,10,18,4,2,1,0,0,0
112,1,214.8881504539549,10,6,3,3,0,0,4,0
66,0,168.3,9,11,4,0,0,0,3,0
4,1,137.5971813604717,8,27,4,1,0,3,0,0
96,0,110.74910906982448,9,7,4,2,0,0,0,0
112,0,89.85130611167426,10,7,4,1,0,0,0,0
4,0,156.32850268050464,4,6,4,1,0,0,3,0
80,0,64.76458971763788,3,25,3,2,1,0,0,0
19,0,157.64229376469734,4,8,4,2,1,0,3,0
91,0,60.5557673034542,10,2,4,15,4,0,0,0
68,0,172.80812781069315,10,7,4,2,0,2,0,0
320,1,114.14138051253444,7,17,3,2,0,1,0,0
275,0,61.28552639075011,4,14,3,3,1,0,0,0
123,0,114.66222290370244,4,22,4,3,1,0,3,0
112,1,210.2897544673323,8,24,4,3,1,0,5,0
12,0,87.7036951156372,7,19,3,0,0,2,0,0
36,0,135.1147651112232,7,10,4,1,0,0,0,0
349,0,101.09251255269842,10,4,3,5,1,0,0,0
50,0,63.75,3,10,4,2,1,3,0,0
100,0,158.65088427657918,10,29,4,2,2,0,5,0
191,1,176.99711752828244,7,16,4,1,1,0,5,0
18,0,115.80765164432042,8,24,4,1,1,0,0,0
195,0,159.7074059179351,7,24,4,4,2,0,5,0
198,1,187.85942981047074,8,23,4,3,0,1,3,0
95,0,107.18116021094193,8,1,4,1,1,3,0,0
1,0,89.0,4,10,4,1,0,3,0,0
21,0,198.9,5,8,4,2,1,0,5,0
223,1,120.99154078500578,10,28,4,2,1,1,0,0
227,1,102.85,10,4,4,4,0,0,0,0
64,0,75.00360823065115,4,11,4,1,2,0,0,0
268,0,105.97104544937245,10,21,2,2,1,0,3,0
178,0,128.3398586905081,8,27,4,1,0,0,0,0
155,0,105.3,7,25,4,1,1,0,0,0
33,1,74.8,11,28,4,10,4,1,0,0
164,0,77.43214535528391,7,24,4,3,0,0,0,0
71,0,206.75310272853437,9,4,4,0,1,0,4,0
100,1,91.69283281617747,8,5,4,3,1,2,0,0
228,0,89.46099234246448,7,24,4,3,0,0,0,0
76,0,116.0916780172282,4,28,4,3,0,0,0,0
46,0,71.5931664558976,2,17,4,1,0,3,0,0
4,0,89.0,3,7,4,1,0,3,0,0
328,1,107.6104621618761,9,14,3,2,0,0,0,0
121,0,119.03074016816336,5,9,3,1,0,0,0,0
112,0,194.82162405379216,10,24,4,2,1,0,5,0
197,0,128.7,9,29,4,1,1,0,3,0
96,0,98.54504879589508,10,24,4,3,1,0,0,0
138,0,198.08220223643474,8,9,4,3,1,0,2,0
350,1,86.78894663027941,12,26,4,3,1,0,0,0
1,0,94.84606517929112,4,25,0,1,0,0,0,0
24,0,220.0156620007566,7,14,4,1,0,0,5,0
238,0,96.38996618471027,8,20,4,1,1,0,0,0
101,0,142.1394733877582,7,21,4,2,0,0,3,0
31,0,105.42044911855209,11,2,4,1,1,0,0,0
303,0,78.0,8,19,3,3,2,0,0,0
349,0,127.37942166443239,10,4,3,3,0,0,0,0
272,0,94.73630592875423,10,15,4,3,2,0,0,0
169,1,118.0604611220307,4,22,4,1,2,0,0,0
33,0,86.67282682707328,4,17,3,1,1,0,0,0
25,0,150.17762183491928,7,20,4,1,1,0,0,0
163,0,115.94822339954068,7,29,3,2,0,0,3,0
204,0,125.85013317323403,5,29,3,1,1,0,0,0
84,0,74.57401454713897,10,5,3,3,1,0,0,0
127,1,94.04424084866689,8,26,3,1,1,0,2,0
33,0,140.4,3,23,4,1,0,0,3,0
22,0,135.39861456076832,3,23,4,1,0,0,0,0
161,0,95.98934245110367,6,19,4,4,0,3,0,0
160,0,106.82408468763109,5,23,4,2,1,0,0,0
15,0,130.7447872775009,3,3,4,4,0,0,3,0
10,0,104.07345385913733,10,2,3,2,0,0,0,0
244,1,58.36,12,27,4,5,2,0,0,0
158,1,120.91386782822494,5,25,4,3,0,0,0,0
46,0,98.69494803367704,10,29,4,0,1,2,0,0
17,1,97.5344603990236,8,29,4,4,2,0,0,0
30,1,132.03640925836865,7,26,4,1,0,0,0,0
100,0,76.55215365076377,6,2,3,2,0,0,0,0
35,0,152.2964587442113,5,27,4,2,0,0,3,0
17,0,96.7352035497423,6,22,3,1,0,0,0,0
90,0,73.77219178696656,3,6,4,3,0,0,0,0
32,0,84.35878851627533,10,11,3,1,2,2,0,0
156,1,103.51630971175784,9,22,4,4,1,0,0,0
94,0,76.5,5,14,4,2,0,1,0,0
91,0,85.47411940965348,6,25,3,0,0,2,0,0
17,1,140.0,10,29,4,1,1,0,0,0
347,0,73.70657592325534,11,6,4,1,0,0,0,0
147,1,85.5,9,26,4,1,0,0,0,0
122,0,107.95738820261501,5,4,4,3,0,0,2,0
36,0,115.01909083172919,3,24,4,1,0,0,0,0
106,0,82.8236260612631,3,19,4,4,1,0,0,0
316,0,78.05233387678331,10,18,3,1,0,0,0,0
301,0,52.0,11,18,3,2,0,0,0,0
43,0,93.49999915971443,4,30,4,1,0,2,0,0
154,0,110.07456950114977,8,24,4,2,0,0,0,0
31,0,157.5,10,5,4,3,0,0,3,0
33,1,110.47073186925009,9,30,4,2,0,0,0,0
5,0,146.05829817679216,3,26,4,4,2,0,3,0
258,0,67.44898467332216,11,23,3,2,1,1,0,0
295,0,116.5640995467447,8,21,4,3,0,1,0,0
135,0,170.8853424302205,5,7,4,4,1,0,5,0
182,0,98.1,10,11,4,1,0,3,0,0
25,0,139.0,9,15,4,1,0,3,0,0
86,0,59.894323802968806,6,25,3,2,2,0,0,0
20,0,120.87867447509996,6,2,4,1,0,0,0,0
31,0,70.34872246477916,2,21,4,1,1,3,0,0
181,0,111.6792580555088,7,1,3,4,1,0,0,0
206,0,80.7389993211252,8,11,3,2,1,2,0,0
51,1,80.81464438510403,2,24,4,2,1,2,0,0
159,0,118.19504271237051,8,5,4,1,0,0,0,0
51,0,140.51651229468862,5,12,4,1,1,0,3,0
55,0,67.96373434842046,11,15,4,1,2,3,0,0
208,0,151.03666102298055,9,9,4,8,3,0,1,0
256,1,80.06714944930725,11,22,4,5,2,0,0,0
234,0,73.6652325086455,11,28,4,4,0,0,0,0
110,0,119.45321803371704,9,9,3,0,1,1,0,0
9,0,116.75243590764595,9,6,3,3,1,1,0,0
124,0,95.16979084208079,7,2,4,3,0,3,0,0
131,0,114.4864228025875,6,13,4,3,1,0,0,0
52,0,79.35006278024014,10,3,4,1,0,2,0,0
57,0,93.6,11,19,4,2,0,0,0,0
132,0,175.77611928933615,6,13,4,1,0,0,5,0
81,0,168.3,9,7,4,3,0,0,3,0
15,0,84.12675033479124,3,4,4,0,1,3,0,0
166,0,99.85951897285628,6,21,4,3,2,0,0,0
202,1,119.85,9,7,4,5,2,0,0,0
60,0,41.66568441473546,9,12,3,0,1,0,0,0
2,0,85.17759406655107,2,10,4,2,0,0,0,0
57,1,86.4,11,18,4,2,1,0,0,0
280,1,79.12549388059357,12,25,4,5,1,0,0,0
162,1,105.3,7,1,4,0,1,0,0,0
235,1,106.6290346376955,9,20,4,3,1,0,0,0
165,0,128.41508804946403,8,28,4,0,1,0,3,0
62,0,87.9359468357769,3,25,3,4,1,0,0,0
225,1,119.85,9,20,4,4,1,0,0,0
51,0,145.5681771823158,7,11,4,1,1,0,3,0
164,0,96.3,7,29,4,2,0,0,0,0
30,0,103.40371063792632,4,15,4,2,0,2,0,0
108,0,108.30660627492598,10,11,3,1,0,2,0,0
24,0,152.25135533320983,7,23,4,3,1,0,0,0
189,0,99.45,8,5,4,4,1,0,0,0
54,0,111.53844925757724,4,7,3,5,2,0,3,0
103,1,77.9869030588975,5,26,3,1,2,0,0,0
27,0,166.30171426659956,5,28,4,1,0,0,3,0
123,2,136.52280427108124,6,15,4,2,1,0,0,0
178,1,132.9829515243613,7,23,4,3,1,0,0,0
12,0,79.0,2,4,4,3,1,3,0,0
174,0,115.4004419968835,8,8,3,3,0,0,1,0
108,0,150.3,8,18,4,2,0,0,3,0
153,0,142.46783960214043,8,24,4,2,1,0,3,0
62,0,150.3832521970648,8,25,4,1,1,0,0,0
294,0,88.4163321546743,10,22,3,4,1,0,0,0
102,0,79.74603788937736,9,29,3,1,2,2,0,0
116,0,83.07933670900194,4,27,4,3,1,2,0,0
10,0,154.86032543512962,9,4,4,1,1,0,3,0
78,0,62.34803020849361,4,12,4,3,0,3,0,0
152,0,102.46910815700892,6,8,4,3,0,0,0,0
66,0,94.64083055335173,4,26,4,3,0,3,0,0
103,0,79.2,11,2,4,3,0,3,0,0
68,0,109.8,11,26,4,1,1,0,0,0
28,0,132.05,8,11,4,2,0,3,0,0
7,0,101.19570012203978,7,24,4,3,0,0,2,0
26,1,96.9,11,13,4,2,1,0,3,0
14,0,117.60900801326062,9,8,4,2,0,1,0,0
270,0,108.48435309192318,9,28,3,2,1,0,3,0
202,0,138.55583959311096,9,17,4,1,0,0,3,0
45,1,108.0,10,2,4,1,1,3,0,0
70,0,101.53316818893073,9,6,4,2,1,0,2,0
8,0,79.0,2,21,4,1,1,3,0,0
0,0,264.9715286737356,6,8,4,1,1,0,5,0
182,1,112.0592098094415,8,9,3,3,0,0,0,0
16,0,84.62450961329014,2,4,4,2,0,1,0,0
57,0,79.65236587418157,8,21,4,3,0,3,0,0
24,0,84.99010101375889,10,8,3,1,1,0,0,0
391,0,113.5688774549712,9,23,4,0,1,1,0,0
26,0,103.15104053010926,11,22,4,3,1,0,0,0
250,1,103.75674431971373,9,4,4,4,2,0,1,0
2,0,181.48939585207282,7,24,4,1,0,2,0,0
74,1,135.0,10,13,4,4,1,0,0,0
92,1,76.5,7,6,4,3,2,0,0,0
160,2,114.71140836222388,7,27,4,3,0,0,0,0
104,0,109.59926432981023,10,11,3,1,1,1,0,0
24,0,230.64260362174667,6,23,4,3,0,0,5,0
32,0,126.21708072849579,6,15,4,2,0,1,0,0
0,1,158.33529459912322,8,17,4,1,0,2,0,0
138,0,142.16514685886983,8,17,4,2,0,0,3,0
35,0,132.14859359233373,5,20,4,1,0,0,3,0
92,0,99.52473400284981,3,26,3,0,1,0,0,0
150,0,124.302576611562,6,30,4,3,2,0,3,0
24,0,75.20972144584938,4,20,3,2,1,0,0,0
30,0,126.75655409527683,5,15,4,2,1,0,0,0
173,0,115.2,3,23,4,1,1,0,1,0
175,0,146.5064744390634,9,2,4,3,0,0,3,0
120,0,68.0105623135533,10,16,3,4,2,0,0,0
104,0,112.28575933627756,6,4,4,3,0,0,0,0
151,0,130.24182148603552,8,16,3,1,0,0,0,0
4,0,101.0,3,3,4,1,1,0,0,0
221,0,82.90030868366006,8,11,3,1,0,0,0,0
91,1,89.25,7,14,4,2,0,0,1,0
54,0,133.65217372058984,5,10,4,3,0,0,3,0
55,0,159.32778426613956,6,2,4,1,0,0,2,0
418,0,91.0797286840446,9,26,3,2,1,1,0,0
0,0,76.17424426807703,7,22,2,1,0,0,0,0
122,0,97.03449365104038,7,1,4,1,2,0,0,0
33,0,95.36112457250607,10,3,4,2,1,0,0,0
5,0,138.33548089984643,8,3,4,2,2,0,0,0
6,0,127.0,2,10,4,2,0,0,0,0
115,0,108.91855351363417,5,7,4,1,0,0,0,0
253,1,83.52678511533107,9,12,4,3,0,2,0,0
123,0,74.47471550878934,7,16,3,7,3,0,0,0
21,0,135.4343023527434,3,21,4,1,0,0,0,0
87,0,103.22226375729534,10,20,4,2,0,0,3,0
18,1,158.29069156547672,8,24,4,1,0,0,0,0
27,0,186.5969343537113,9,2,4,5,2,0,4,0
165,0,130.05,8,1,4,4,1,0,3,0
247,0,117.76174771176952,5,26,4,2,0,0,0,0
185,0,121.63647375825737,8,2,4,2,0,0,0,0
277,0,94.95023693329297,6,15,4,1,1,0,0,0
228,0,116.6812211084916,7,4,4,3,1,0,3,0
64,0,116.3335105231253,4,16,4,2,0,0,0,0
158,1,119.2453408359751,5,25,4,3,0,0,0,0
15,0,135.05601669922828,5,13,4,3,1,0,3,0
193,1,101.73897289810095,9,11,3,2,1,0,0,0
5,0,134.87826928174076,6,29,4,3,0,3,0,0
230,0,103.74945322208112,9,6,4,2,0,0,0,0
31,1,130.5,7,25,4,1,0,0,0,0
34,1,100.7707877277992,9,27,4,3,1,2,0,0
94,0,137.0340753485127,6,3,4,2,1,0,2,0
152,0,119.62681604177905,6,15,3,3,1,0,1,0
64,0,131.41472502312797,8,4,4,4,1,0,3,0
100,0,135.9852750201625,5,18,4,2,1,0,0,0
109,0,95.5757865911721,7,25,3,1,0,1,0,0
18,0,112.90307919027747,6,12,4,0,1,0,0,0
115,0,63.777692213855715,2,27,3,4,2,0,0,0
222,0,102.85,10,2,4,3,1,0,0,0
106,0,105.28050393181262,5,8,4,4,1,0,0,0
207,0,112.5,8,17,4,2,0,0,0,0
246,0,86.1795827840216,9,28,4,2,1,0,0,0
19,0,85.0,3,6,4,1,1,0,0,0
69,0,73.39970858286506,2,25,3,2,0,0,0,0
181,1,104.40110407073607,8,20,4,1,0,0,0,0
175,1,109.99175465992182,7,26,4,3,1,0,0,0
10,0,155.13452551223452,9,2,4,0,2,0,0,0
272,0,94.74397145273522,6,13,4,2,1,0,0,0
64,0,153.0,7,14,4,2,0,1,2,0
187,1,87.64036354578198,7,6,4,2,0,0,0,0
48,0,92.82352652162383,6,10,4,0,0,2,0,0
36,0,120.40915113368537,4,19,4,1,2,0,3,0
71,0,119.01933707444685,4,13,3,3,0,0,2,0
156,0,143.3455572188475,9,19,3,2,0,0,1,0
254,0,71.65974519886177,11,12,4,4,1,0,0,0
63,0,177.3,6,17,4,2,0,0,5,0
90,0,90.92437203089642,4,16,4,3,1,0,0,0
157,0,132.3,10,1,4,4,1,0,3,0
63,1,105.46663429435928,10,3,4,2,1,0,2,0
111,0,76.5,7,21,4,3,0,0,0,0
78,0,149.4,9,14,4,3,0,0,3,0
161,2,124.48047907751483,10,28,4,2,2,0,1,0
195,0,116.22262331511533,9,9,4,1,1,1,0,0
35,0,126.27403991782164,7,1,4,1,0,0,0,0
8,0,99.65190418637751,6,16,4,0,1,0,0,0
70,0,79.01724418329478,3,2,3,2,0,0,0,0
33,0,109.62073835255809,9,28,4,2,2,2,0,0
249,0,80.57142665431806,11,30,4,4,2,0,0,0
14,1,87.46080161434816,9,3,4,0,0,0,0,0
5,0,115.89309436659099,3,2,4,2,0,0,2,0
191,1,104.28907364725711,8,8,4,2,1,3,0,0
203,0,126.95935545355209,8,9,4,1,2,0,0,0
14,0,100.8611160696127,8,13,4,1,1,3,0,0
1,0,90.07912546801734,8,21,4,2,0,0,0,0
104,0,125.32458664310114,11,5,4,1,0,0,1,0
80,0,99.6152148472599,3,24,4,2,1,0,2,0
78,0,156.6229650376708,5,14,4,1,2,0,2,0
164,2,143.07366479036057,7,17,4,1,1,0,3,0
28,0,75.99934377103138,2,6,4,0,1,2,0,0
54,1,88.30705781600788,11,14,4,2,2,1,0,0
172,0,141.38976016542443,8,10,4,1,1,0,0,0
29,1,127.51037390110545,5,15,4,2,1,0,0,0
287,1,99.3780469052385,9,29,4,3,0,0,0,0
15,0,89.0,6,24,4,0,0,3,0,0
12,0,117.1339624642184,7,28,4,1,0,1,0,0
159,0,95.3733159454267,7,4,4,2,0,3,0,0
27,0,108.56649581792122,6,14,4,3,0,0,2,0
133,0,135.72829721482816,8,1,4,2,0,0,3,0
129,0,79.2,11,26,4,1,0,3,0,0
115,0,60.19658832110837,2,27,3,2,2,0,0,0
142,0,142.76982619872942,8,19,4,4,1,0,3,0
187,0,103.7876734207594,8,6,4,0,1,0,1,0
195,0,128.83142415841527,8,5,4,1,1,0,0,0
37,0,116.1,5,14,4,1,0,3,0,0
101,0,79.67539085490952,10,30,4,1,2,3,0,0
80,0,130.82744335713988,6,6,4,3,1,0,3,0
148,0,119.66340032485192,8,16,4,4,2,0,3,0
187,0,111.32425700712639,8,28,4,0,1,0,1,0
9,1,139.25343927745317,7,16,4,1,0,3,0,0
69,0,72.88891037564832,2,26,3,1,0,0,0,0
90,1,90.59509999258162,10,30,4,1,1,0,0,0
35,0,67.5,2,10,4,3,0,3,0,0
171,0,85.38764017179989,5,25,4,0,1,2,0,0
65,1,149.4,9,9,4,1,0,0,3,0
38,0,80.83836775859865,6,19,3,1,1,0,0,0
206,1,103.16984606828424,9,5,4,4,1,0,0,0
168,0,105.61241745000014,6,20,4,1,1,0,0,0
14,1,85.29,8,27,4,5,2,0,1,0
103,0,124.44372889522674,5,4,4,3,1,0,2,0
145,0,94.92140258624711,4,24,3,0,2,0,0,0
61,0,68.85,7,8,4,8,2,0,0,0
89,0,97.67951590607466,4,26,4,2,0,0,0,0
132,0,137.3998663363996,7,29,4,4,1,0,3,0
94,1,130.44774567438634,8,26,4,1,1,0,3,0
18,0,147.5239300653987,3,17,4,2,0,0,0,0
8,0,185.4114558312042,3,24,4,2,0,0,0,0
192,1,106.91112141915436,8,4,4,2,1,0,0,0
182,0,118.92266733161092,9,12,4,1,0,0,0,0
85,0,140.4,5,26,4,2,0,0,3,0
2,0,135.49907268250575,3,23,4,1,1,0,2,0
213,1,102.55562242637335,9,4,4,4,1,0,0,0
158,0,87.82055928908201,7,24,4,1,1,3,0,0
202,1,104.9988129382648,8,9,4,2,0,0,0,0
163,0,94.83297767908407,6,19,4,3,0,3,0,0
30,0,72.34174780760951,2,21,4,3,1,0,0,0
15,0,92.40549720869397,11,17,4,3,2,3,0,0
144,1,90.94945754212051,6,26,4,3,1,0,0,0
114,0,123.51091402921952,6,17,4,3,1,0,1,0
62,0,63.75,3,8,4,4,0,2,0,0
66,0,137.44199500463657,9,6,4,4,1,0,2,0
263,0,96.83860880500139,9,28,4,2,1,0,0,0
181,1,117.81584229946353,4,22,3,2,1,0,0,0
123,0,95.79510263053102,4,29,4,2,0,0,0,0
78,0,130.12955369194674,7,5,4,4,1,0,3,0
36,0,126.0,9,3,4,0,0,0,0,0
226,0,94.59572179383088,10,29,4,1,2,0,0,0
52,0,67.5,2,24,4,2,0,3,0,0
105,0,124.84816723454101,8,26,4,2,0,0,1,0
94,0,107.51606172193753,8,18,4,3,2,3,0,0
10,0,155.898640298976,9,3,4,2,1,0,3,0
98,0,131.19138630961208,6,3,4,4,1,0,0,0
184,0,150.40415409569005,9,2,3,4,2,0,0,0
36,0,103.9613188479163,10,13,4,0,0,2,0,0
188,1,105.71164873171138,9,18,4,2,0,0,0,0
31,0,191.62266768364367,6,7,4,3,0,0,4,0
60,0,94.94372524836041,6,26,4,1,1,3,0,0
29,0,198.9,5,6,4,2,0,0,5,0
100,0,101.97239638546742,11,26,4,4,0,0,0,0
4,0,118.60115450853094,3,20,4,1,0,0,0,0
418,0,83.33488057575941,9,26,3,2,1,0,0,0
21,0,119.01269472659243,9,26,4,2,1,3,0,0
63,0,159.3,6,8,4,2,0,0,3,0
234,0,90.66469974172641,8,12,4,2,1,0,0,0
16,0,125.74810975743166,8,15,4,2,0,3,0,0
185,0,122.66162333373208,8,3,4,3,0,0,0,0
285,0,85.50649735489593,10,16,4,1,1,0,0,0
64,0,140.41411499839575,5,26,4,2,0,0,3,0
44,0,99.0,8,30,4,2,0,3,0,0
16,0,83.78352660047673,3,6,4,2,0,3,0,0
28,0,74.23460611940693,2,2,4,4,1,3,0,0
53,0,168.3,7,28,4,1,1,0,3,0
246,0,96.3,10,28,4,2,0,0,0,0
103,0,77.38692679011756,8,17,4,2,0,0,0,0
10,1,201.6064990061549,5,19,4,3,0,0,5,0
184,2,151.56827806133467,9,10,4,3,0,0,1,0
77,1,96.22546499115803,3,23,4,4,0,0,1,0
197,0,89.66931454507136,8,8,4,1,1,0,0,0
237,0,79.35445629007705,12,29,4,3,1,1,0,0
129,0,158.34080775081162,6,9,4,2,0,0,3,0
115,0,61.0,2,27,3,1,2,0,0,0
268,1,66.57910679343775,10,16,4,2,0,2,0,0
35,1,111.41807187666393,7,29,4,3,0,0,0,0
181,0,108.73350331582587,7,2,4,4,1,0,0,0
184,2,128.7,10,17,4,3,1,0,3,0
33,0,127.00151091053812,7,13,4,1,0,0,0,0
44,0,86.30188266518162,10,19,3,0,1,0,0,0
72,0,115.07315843958482,5,24,4,1,1,0,0,0
137,0,134.9018907177676,8,22,4,3,0,0,3,0
199,0,72.6482013478539,6,3,4,2,0,2,0,0
182,1,71.50290624338825,7,6,4,1,0,0,0,0
187,0,105.30829413367749,7,18,4,2,0,0,2,0
272,0,94.68425365452897,7,13,4,2,1,0,0,0
203,0,96.88882755730022,7,8,3,3,0,0,0,0
75,0,85.5,4,8,4,1,0,3,0,0
2,0,177.59274999845655,5,27,4,2,0,0,3,0
26,0,77.55483681889628,11,14,2,2,0,0,1,0
35,1,124.99613491136664,3,23,4,3,1,0,2,0
227,0,91.14247417217378,8,23,4,3,0,0,0,0
120,0,125.79980137544456,8,14,4,3,1,0,2,0
130,0,104.84779726033713,6,23,4,0,1,0,0,0
88,0,149.5312782417384,8,16,4,0,0,0,3,0
41,1,124.05130843923371,10,10,4,0,1,0,0,0
354,0,86.7076952796948,12,26,4,4,1,0,2,0
108,0,152.1,8,24,4,4,0,0,3,0
131,0,113.19097610118284,9,7,4,2,1,0,0,0
6,0,126.68132348826795,9,10,4,1,1,0,0,0
32,0,112.63383056578068,5,13,4,3,1,0,0,0
84,0,79.2,11,22,4,1,0,3,0,0
3,1,124.60793533462486,9,8,4,1,0,0,0,0
7,0,170.14854344262616,7,6,2,2,0,0,2,0
209,0,78.32319092354159,7,12,4,4,1,0,2,0
153,1,117.93270882456072,9,16,4,3,1,0,0,0
201,1,127.669666405852,8,8,4,3,0,0,0,0
74,0,133.751325372023,6,14,4,1,2,0,1,0
33,0,126.37507812576379,5,11,4,1,0,0,0,0
146,0,97.60711562400797,7,8,4,2,0,3,0,0
133,0,105.70071042301883,4,5,4,2,0,0,0,0
83,0,107.9887303565865,6,13,4,2,1,3,0,0
12,0,108.77659101428735,11,17,4,2,0,0,0,0
169,1,118.73762601793855,8,20,4,0,1,0,0,0
80,1,103.30365993493271,6,15,4,3,0,0,3,0
3,0,100.04439396339174,2,9,4,3,0,0,0,0
179,0,83.62997863220157,8,25,4,2,1,1,0,0
192,0,110.0,6,24,3,2,0,0,0,0
116,1,68.0,7,11,4,3,2,0,0,0
85,0,109.5403854719994,10,29,4,2,0,0,0,0
65,0,208.04700513228897,7,14,4,1,1,0,4,0
111,0,105.8352238389533,8,11,4,0,0,3,0,0
1,0,79.0,2,13,4,0,0,3,0,0
59,0,107.68983874107577,5,25,4,1,2,0,0,0
149,0,85.5,6,27,4,0,1,3,0,0
29,0,167.51550958006632,10,11,4,2,1,0,2,0
68,0,137.7,4,7,4,2,0,0,0,0
228,0,125.15940377397764,10,28,4,3,1,0,3,0
205,1,168.3,8,5,4,1,0,0,4,0
112,0,199.076986250928,5,18,4,2,0,0,5,0
112,0,89.83566968756831,10,7,4,1,0,0,0,0
60,0,200.08951199819305,5,14,4,1,1,0,4,0
222,0,118.5658235072238,5,28,4,2,2,0,0,0
136,0,100.08825483014152,4,20,4,8,1,0,0,0
25,0,124.4867661152346,4,10,4,3,2,2,0,0
97,0,80.05974752848509,10,26,4,1,0,3,0,0
88,0,220.8297362113892,9,22,4,3,1,0,5,0
155,0,142.88952940144316,9,19,3,2,0,0,2,0
101,0,105.25369894033385,6,25,4,1,1,0,0,0
22,0,93.45810831225836,8,5,4,0,1,0,0,0
81,0,168.83178852524236,3,24,4,2,1,0,5,0
102,0,143.52448402438526,6,8,4,3,0,0,0,0
193,1,114.39830776252379,7,8,4,2,1,0,0,0
191,0,99.92628581366057,7,4,4,2,1,0,0,0
60,0,160.16854303342475,5,1,4,1,2,0,0,0
14,0,176.72255944639926,5,19,4,1,0,0,2,0
154,0,111.78275655811836,7,14,3,3,1,0,0,0
18,0,156.0,6,9,4,1,0,0,3,0
82,0,107.1,8,14,4,1,0,3,0,0
234,0,97.36466404711652,8,27,4,2,0,0,0,0
102,0,62.391269691847995,4,29,3,4,1,0,0,0
244,0,82.84569211096799,11,30,4,2,1,1,0,0
103,1,108.0,10,9,4,0,1,3,0,0
20,0,85.14289700729412,3,4,4,1,0,0,0,0
207,0,78.45566428112741,8,10,3,2,1,2,0,0
184,0,101.10125220636425,9,4,4,2,0,0,0,0
18,0,156.42846437787162,5,1,4,2,0,0,3,0
38,1,116.10906761452506,3,19,4,0,2,0,3,0
34,0,121.67656690276135,5,19,4,1,2,0,3,0
286,1,117.0,9,16,3,2,0,1,0,0
102,0,141.7558814550495,7,20,4,2,0,0,3,0
6,0,79.63682939569203,2,5,4,2,1,3,0,0
45,0,110.83396716031592,10,3,4,3,0,0,2,0
78,1,160.30802771090316,8,28,4,1,2,0,4,0
38,0,198.9,6,18,4,2,0,0,5,0
161,0,122.53342066255505,6,22,4,2,0,0,1,0
223,2,125.5436719094437,10,29,4,1,2,0,1,0
23,0,128.55834141527757,4,21,4,3,1,0,0,0
277,1,139.04210471460343,7,22,3,1,1,0,0,0
138,0,94.83334480064995,7,1,4,2,0,0,0,0
29,0,74.34843744184016,2,19,4,2,0,1,0,0
227,0,106.20260043127588,5,21,4,0,1,0,0,0
151,0,199.2208508500961,7,22,3,1,1,0,2,0
5,0,124.90829734057542,8,28,4,1,0,3,0,0
294,1,70.55357572041646,10,11,3,2,1,2,0,0
54,0,108.0,9,2,4,2,1,3,0,0
48,0,110.85465113966406,9,5,4,3,0,0,0,0
348,0,128.5991993757101,9,4,3,2,0,0,0,0
193,0,165.52690173356152,10,28,4,2,1,0,5,0
77,0,155.26257780194675,5,16,4,3,0,0,0,0
30,0,109.35510162686273,4,12,4,2,0,0,0,0
103,0,115.0,4,19,3,2,0,0,0,0
3,0,79.92927200368673,2,6,4,0,2,3,0,0
19,0,129.0,8,23,4,1,1,3,0,0
25,0,125.37067871101088,5,11,4,2,2,1,1,0
42,0,146.28999492354978,8,28,4,2,0,0,3,0
19,1,120.72114062507481,8,30,4,2,0,0,0,0
84,0,134.78184432612193,5,22,4,3,1,0,0,0
279,0,111.2989192722079,9,19,3,2,0,0,0,0
79,0,96.60987146674677,3,25,4,0,1,0,0,0
34,0,98.1,5,22,4,1,1,3,0,0
18,0,111.2677411148199,3,4,4,2,0,0,2,0
89,0,135.9,8,3,4,3,1,0,0,0
43,0,61.063855391861935,3,7,4,3,1,3,0,0
91,0,135.47904601336083,8,3,4,1,0,0,0,0
32,0,98.1,5,25,4,1,0,3,0,0
169,1,103.6150471718984,7,12,4,2,0,2,0,0
85,0,95.37430174378744,5,13,4,3,0,1,0,0
180,2,150.84958626269153,9,8,4,3,0,0,2,0
41,0,126.53531373097935,4,16,4,0,1,0,0,0
59,0,80.56493478199977,3,10,4,3,1,0,2,0
26,0,94.18511017599998,5,12,4,0,1,0,0,0
27,0,175.10823685828316,5,27,4,2,1,0,3,0
63,0,39.5542806527363,9,4,4,0,2,1,0,0
106,1,118.02127107756117,9,21,4,2,1,0,0,0
168,1,114.52773413744036,8,3,4,4,1,0,0,0
195,1,90.80860186797447,10,17,4,3,0,0,0,0
100,1,93.68640577965238,4,25,4,2,0,0,0,0
10,0,101.7271342113277,9,2,4,3,0,2,0,0
91,1,89.82208845689908,5,16,4,3,0,0,1,0
87,1,149.4,9,15,4,1,0,0,3,0
176,0,126.2215972749092,8,8,3,3,0,0,0,0
44,0,159.26766718728584,4,30,4,1,0,0,3,0
49,0,107.1,5,5,4,1,0,3,0,0
46,0,163.07411603844537,5,1,4,1,2,0,3,0
37,1,134.91885840703077,9,26,4,1,0,0,0,0
162,1,138.10604591959392,8,20,4,2,2,0,2,0
212,1,104.12828602799983,9,8,4,2,1,0,3,0
7,0,138.564486058771,6,7,4,4,2,1,1,0
189,0,109.92215401228901,10,28,4,2,1,0,2,0
162,1,116.30665551588285,6,26,4,0,1,0,3,0
173,0,85.5,7,7,4,2,0,3,0,0
160,0,300.0,7,14,3,3,2,1,0,0
208,0,90.50385051796978,6,29,3,2,2,0,0,0
103,0,72.34237073744534,7,18,3,3,0,0,0,0
105,0,85.93825147390389,3,25,4,5,2,2,0,0
181,0,77.73019770472624,9,9,4,1,0,1,0,0
141,0,118.8,9,18,4,4,2,3,0,0
23,0,79.03957708847136,10,23,4,3,1,2,0,0
216,0,213.765114245976,10,11,4,4,1,0,1,0
100,0,82.74808571723285,9,26,3,1,0,3,0,0
242,0,80.72203149377975,11,28,4,2,1,3,0,0
4,0,154.43510200559524,3,6,4,1,0,0,3,0
6,0,170.4355838759645,9,7,2,1,0,0,3,0
219,0,105.75395873403292,6,2,4,3,0,0,0,0
113,1,89.268811013743,11,19,4,2,0,0,0,0
195,1,169.51774632219218,9,28,4,1,0,0,5,0
144,0,113.21424390942178,7,22,4,4,1,0,3,0
231,1,136.2920548052349,9,5,4,5,0,0,0,0
58,0,92.76641779523389,12,23,4,2,0,0,0,0
20,0,65.04500162737625,8,2,2,2,0,0,0,0
202,1,114.79114931606694,8,14,4,2,1,0,0,0
170,0,121.5,8,3,4,3,0,0,0,0
136,1,105.37548639666291,5,29,4,2,0,0,0,0
19,0,151.0418991210283,7,25,4,0,1,0,0,0
68,0,119.94088567634928,5,11,4,3,2,0,0,0
215,0,177.18068543397032,9,6,4,3,2,0,2,0
141,0,151.2,10,6,4,2,0,0,3,0
205,0,136.21359442790245,8,20,4,1,0,0,2,0
11,0,151.0,8,11,4,1,1,0,0,0
264,1,78.47498548339573,11,20,4,1,1,0,0,0
186,0,112.09656071185157,7,28,4,1,1,0,1,0
204,1,94.55701226818434,8,19,4,3,2,1,0,0
27,0,103.52682629195725,9,26,4,2,0,0,0,0
94,0,74.32881137505032,3,19,4,2,2,0,0,0
5,0,78.80518127718753,11,18,4,4,2,3,0,0
7,0,140.12230986995937,9,16,4,5,1,2,0,0
30,0,81.12485087063855,4,8,4,0,0,0,0,0
185,0,90.92440462631833,9,27,4,1,2,0,0,0
229,0,95.57933499781498,7,26,4,3,0,0,0,0
29,0,79.614982717447,2,5,4,0,1,0,0,0
159,0,116.57392970308064,8,5,4,1,0,0,0,0
106,0,65.15370172477013,5,4,3,3,1,2,0,0
68,0,119.5023225472573,4,22,4,1,1,0,2,0
21,0,136.89143952241656,6,9,4,1,1,0,3,0
188,1,105.3,7,9,4,1,0,0,0,0
103,0,114.00988226681983,9,5,3,2,0,0,0,0
134,0,194.9911196126466,7,13,4,2,0,1,3,0
30,0,116.1,3,23,4,1,0,3,0,0
196,0,139.05165578092712,8,21,4,0,1,0,0,0
128,0,115.92770281017366,8,6,4,4,1,0,0,0
27,0,120.91908678644161,9,18,4,1,2,0,0,0
16,0,153.15288187972024,4,15,4,2,1,0,3,0
137,0,102.6612177852709,7,19,3,2,1,0,1,0
238,0,90.55437438474179,6,14,3,2,0,0,0,0
65,0,149.03747501020092,4,22,4,0,1,0,0,0
89,0,137.62361309604688,7,25,4,1,0,0,2,0
43,0,65.81423203912432,2,21,4,4,0,0,0,0
191,1,130.0319472330758,7,14,4,2,1,0,1,0
89,1,131.6976814707409,6,14,4,4,2,0,0,0
4,0,121.46606618327408,6,9,4,1,0,0,0,0
22,0,99.01395859213791,9,30,4,2,1,2,0,0
241,1,97.244386135803,9,28,4,1,0,1,0,0
5,1,124.0,9,5,4,0,0,0,0,0
94,0,131.187816806797,7,26,4,2,1,0,3,0
114,0,79.60842578879951,9,12,2,2,1,0,0,0
29,0,75.40804360457189,1,18,4,1,0,2,0,0
216,0,136.88246465589089,10,20,2,1,0,0,0,0
149,1,114.3,7,4,4,1,0,0,2,0
32,0,109.5994755793802,10,2,4,1,1,1,0,0
68,0,86.5528813362097,4,2,4,1,2,0,0,0
35,0,82.44869680776615,2,6,4,2,0,0,0,0
37,0,211.02410331586722,6,10,4,2,1,0,5,0
9,1,100.74023184301846,10,19,4,0,1,0,0,0
25,0,118.73262032282585,9,26,4,0,0,1,0,0
256,0,73.89545828438601,11,16,4,5,2,0,0,0
109,1,75.56932006155171,8,5,4,2,1,0,0,0
16,0,146.57174146663624,8,7,4,1,1,0,0,0
56,0,134.6824340093958,9,11,4,1,1,0,1,0
26,0,170.5886552157218,2,9,4,3,2,0,4,0
135,0,96.49871958107443,7,23,4,4,0,0,0,0
152,1,114.732888010573,7,20,4,3,2,0,0,0
233,0,84.29708545825679,8,13,4,2,0,0,1,0
303,0,77.16775429353967,11,5,4,3,0,0,0,0
81,1,76.5,7,4,4,2,0,0,0,0
219,1,107.49315391683446,9,8,4,2,1,1,0,0
51,0,118.78319439359029,4,27,4,1,0,0,2,0
194,0,105.7068949019241,8,12,4,1,1,0,0,0
32,0,168.3,7,9,4,1,1,0,3,0
154,1,118.55292124152184,10,6,4,2,0,0,0,0
143,0,89.52464518720734,8,13,4,2,2,1,0,0
24,0,294.9814959625934,7,19,4,1,1,0,6,0
169,0,105.3,8,1,4,1,0,0,0,0
64,0,146.8543493228416,7,25,4,2,0,0,3,0
180,2,162.263838885436,8,23,4,4,0,0,0,0
149,0,82.7921254109772,8,27,4,2,2,1,0,0
154,0,119.20949410245163,6,13,3,1,0,0,0,0
8,0,90.15488066799597,8,24,3,0,0,0,0,0
81,0,88.94421712336175,3,24,4,1,1,0,0,0
110,2,118.93004550887481,10,14,4,2,2,1,1,0
181,1,120.0,10,11,3,1,0,0,0,0
66,0,92.67008650890767,9,6,4,1,0,0,0,0
132,0,102.25126559854274,6,20,4,4,2,0,0,0
68,0,70.94232548146724,6,25,3,2,0,0,0,0
102,1,108.7030264730874,10,9,4,0,0,1,0,0
120,1,100.08631950322024,4,29,4,1,1,0,0,0
55,0,139.76402562380264,9,11,4,2,0,0,3,0
61,0,152.1,8,23,4,0,1,0,0,0
159,1,114.75,5,25,4,4,0,0,0,0
55,0,151.77808424912251,7,20,4,3,0,0,3,0
23,0,84.06720415338357,8,24,4,3,1,0,0,0
110,1,130.7552881004117,8,9,3,2,1,0,0,0
318,0,163.15338586851738,8,30,3,2,0,0,1,0
174,1,139.69666692980417,8,9,4,2,0,0,1,0
119,0,111.02008641727247,12,24,4,1,1,0,0,0
79,0,140.4,5,21,4,1,1,0,3,0
72,0,107.75395520867015,7,5,4,1,0,2,0,0
136,1,106.07909670969438,5,29,4,2,0,0,0,0
29,0,139.5130723136952,5,20,4,2,0,0,2,0
180,0,178.4633671938117,6,7,4,4,1,0,5,0
200,0,83.5306601467621,7,26,4,4,2,3,0,0
89,0,150.3,8,22,4,4,0,0,3,0
10,1,79.52950012717714,7,21,4,2,0,1,0,0
34,0,94.70312988031624,4,17,4,1,2,0,0,0
161,0,83.17697951153599,8,13,4,4,2,3,0,0
91,0,89.45006989665183,11,28,4,2,1,1,0,0
20,0,80.44301219334324,10,4,3,1,0,2,0,0
76,0,116.1,5,21,4,0,0,3,0,0
45,0,107.1,4,3,4,1,1,3,0,0
2,0,107.59172717453644,11,23,4,1,0,0,2,0
120,0,86.88405180026334,3,29,4,2,2,2,0,0
69,0,82.96370409395887,4,2,3,3,1,0,0,0
47,0,92.59381645629166,3,10,4,2,0,0,2,0
60,0,76.64580275151076,3,10,4,3,1,0,0,0
15,0,113.42190601115286,10,2,4,1,0,1,0,0
2,0,105.87721180807415,5,23,3,1,0,2,0,0
68,0,185.6883549849683,4,23,4,2,0,0,5,0
5,1,159.44935214520217,9,15,4,2,0,0,0,0
185,0,104.25939791007087,8,13,4,1,0,1,0,0
143,0,134.92003320725885,7,7,4,4,1,0,3,0
41,0,107.1,6,28,4,2,0,3,0,0
34,0,98.58132931518759,9,25,4,0,1,2,0,0
30,0,168.1994105620509,4,29,4,1,0,0,3,0
183,0,110.0,9,8,4,3,0,0,0,0
99,0,130.09561546722455,6,26,4,1,1,0,2,0
4,0,151.09905261755847,8,9,4,3,0,0,0,0
67,0,73.69656110920133,10,30,4,0,1,1,0,0
224,1,91.62823288626086,9,30,4,3,0,0,1,0
64,0,105.3,7,23,4,2,2,0,0,0
54,0,149.3281222951517,6,27,4,3,0,0,3,0
159,1,81.88106235977553,10,29,4,1,1,1,0,0
203,0,123.52086855923443,6,27,3,1,1,0,0,0
96,1,127.24751127448272,4,28,4,1,0,0,0,0
110,2,118.8,9,10,4,2,1,2,0,0
145,1,76.5,7,7,4,1,2,0,0,0
73,0,131.96415859048778,6,1,4,2,1,0,3,0
129,0,131.948622359533,7,24,4,4,0,0,0,0
4,0,90.4854206964056,11,22,4,2,0,3,0,0
145,0,72.27657581858365,7,11,3,4,0,0,0,0
178,0,106.52210822111111,7,22,2,2,1,0,3,0
24,1,129.0113196980758,10,3,4,1,0,2,0,0
70,0,204.37717400007554,4,4,4,4,2,0,5,0
89,0,79.08923566954142,5,12,4,4,0,1,0,0
217,1,164.3845093282069,8,25,4,1,1,0,4,0
45,0,65.0,4,10,2,0,1,0,0,0
248,1,81.60827272582628,8,11,4,3,1,0,1,0
39,0,139.5,10,4,4,2,0,0,3,0
180,1,108.68418949917799,9,1,4,2,1,0,0,0
245,0,109.52694308200452,6,6,3,2,1,0,0,0
28,0,210.7396244376055,9,21,4,2,0,0,5,0
78,0,126.9,5,14,4,1,1,0,0,0
14,1,139.5570693015964,10,28,4,1,0,0,0,0
262,0,63.75038460073038,11,26,4,3,1,2,0,0
64,0,91.2,9,5,4,2,1,3,0,0
188,0,83.34172623480767,8,7,4,7,3,1,0,0
32,0,84.75657641053625,4,17,4,1,2,0,0,0
349,0,92.94574979800782,10,4,3,5,1,0,0,0
42,0,74.93262375126395,2,18,4,2,1,0,0,0
107,0,151.92787227035816,8,14,4,3,1,0,0,0
137,0,118.8,10,6,4,2,1,0,0,0
176,1,121.01610923775975,8,10,3,2,0,0,0,0
49,0,93.31602387994675,3,11,4,3,0,1,1,0
175,0,78.98816711734322,8,4,3,2,0,0,0,0
110,0,149.4,9,22,4,2,0,0,3,0
257,1,97.49970182887974,8,19,4,2,0,0,0,0
0,0,98.0,8,7,4,1,0,0,0,0
20,0,91.0,2,5,4,1,0,0,0,0
201,1,119.93063372376889,9,11,4,1,1,0,1,0
61,0,99.9,6,20,4,1,1,0,0,0
21,0,192.05759055008292,7,21,4,2,1,0,3,0
6,0,145.90362426043944,7,24,4,2,0,0,3,0
160,0,142.09490507276067,8,19,3,2,1,0,1,0
113,0,120.11649675995696,6,3,3,2,0,0,0,0
31,0,72.9,2,6,4,2,1,0,0,0
262,0,100.3,9,11,4,3,0,0,0,0
81,1,77.44917919958621,8,19,4,1,2,1,0,0
10,1,93.0,2,9,4,2,0,0,0,0
181,0,98.1,10,11,4,1,0,3,0,0
93,0,127.43588080588464,9,22,4,2,1,0,3,0
99,0,81.78988670767727,4,9,4,2,1,0,0,0
23,0,95.51800849224225,2,10,4,3,1,0,0,0
8,0,160.45996096006473,5,25,4,1,1,0,1,0
214,0,107.95500734690495,10,7,4,2,1,0,0,0
35,0,125.1,4,24,4,2,0,3,0,0
276,0,94.78427594722423,9,21,4,3,0,0,0,0
119,0,125.53341579094243,8,15,3,2,1,0,2,0
51,0,126.9,5,19,4,1,0,0,0,0
84,0,91.75947745484568,4,8,4,1,2,0,0,0
100,1,93.14596574474743,7,5,4,3,1,1,0,0
218,0,92.65,10,5,4,3,0,3,0,0
159,0,91.13095491228533,6,30,4,2,1,1,0,0
99,2,93.7148593845279,11,2,4,2,0,0,0,0
224,1,119.85,9,14,4,4,0,0,0,0
277,0,83.20135733602822,9,21,4,3,2,3,0,0
271,0,95.0,9,21,3,3,0,0,0,0
11,0,121.32446699215494,4,29,4,2,0,3,0,0
40,1,148.924197056399,8,18,4,0,1,0,2,0
39,0,87.21142686588367,11,8,4,1,0,1,0,0
51,0,90.27822736381216,2,19,3,3,1,0,1,0
16,0,150.0,11,6,4,1,0,0,0,0
28,0,211.01776907013914,9,21,4,2,0,0,5,0
3,0,121.60811534722039,8,19,3,1,0,0,0,0
277,0,96.3,10,17,4,0,1,0,0,0
152,1,106.47097990607706,7,20,4,1,0,0,0,0
46,0,79.2,11,24,4,1,0,3,0,0
32,0,121.03234560099935,2,25,4,2,0,0,3,0
120,0,101.89174512353674,5,9,4,2,0,0,0,0
26,0,119.0,7,27,4,0,0,1,0,0
229,1,103.71497267919628,9,5,4,3,0,0,0,0
25,0,97.43190309116152,10,25,4,1,1,0,2,0
35,0,98.1,5,22,4,1,2,3,0,0
160,1,114.75,6,26,4,4,0,0,0,0
197,0,105.64228000962135,6,28,4,1,1,0,0,0
272,0,94.40319986561444,9,14,3,3,1,0,0,0
25,1,129.8921421805951,10,2,4,1,1,3,0,0
41,0,150.3,5,1,4,2,0,0,3,0
239,0,85.26487009403374,9,28,4,2,0,3,0,0
48,0,132.4376696016298,6,3,4,1,0,0,1,0
152,1,111.02085958217529,8,4,4,1,1,0,0,0
132,0,129.73201298099082,8,1,4,1,1,0,1,0
65,0,73.655039276536,2,14,4,2,0,1,0,0
93,0,134.67753799430716,8,4,4,1,0,0,0,0
66,0,135.0452646411061,9,6,4,3,0,0,0,0
186,1,105.52056618851518,7,17,4,2,1,0,0,0
109,0,119.43552033661287,7,15,4,3,1,0,1,0
182,0,98.1,10,11,4,1,0,3,0,0
178,1,127.35684523114585,7,27,4,6,2,0,3,0
93,0,131.47425892303028,8,23,4,3,0,0,3,0
44,0,209.45940231208883,3,25,4,2,1,0,5,0
31,0,68.85244958198197,2,4,3,2,0,1,0,0
59,0,140.51534450285203,5,27,4,1,1,0,3,0
5,0,109.6913015946626,8,11,0,0,0,0,3,0
14,0,63.88270222948717,2,3,4,14,5,3,0,0
142,1,129.6,9,20,4,4,1,0,0,0
55,0,118.95143744084433,4,23,4,2,1,0,3,0
23,0,97.0349436051749,3,10,4,2,1,1,0,0
80,0,168.3,9,7,4,2,0,0,3,0
326,1,68.20181996023565,11,23,4,3,0,2,0,0
233,1,137.38929394136557,9,4,4,2,1,0,3,0
61,0,159.3,5,8,4,1,1,0,1,0
7,0,79.0,2,12,4,1,0,3,0,0
56,0,94.2455914190974,7,19,4,2,0,0,0,0
186,0,129.61101230039887,7,15,3,2,0,0,0,0
87,0,58.9462648416987,7,25,4,3,1,0,0,0
61,0,88.92529724765701,10,13,4,2,0,0,0,0
190,0,18.88996990028301,8,24,3,3,1,0,0,0
109,0,149.5754037972104,8,20,4,3,0,0,3,0
162,0,113.41980430779171,8,14,3,2,0,0,0,0
215,0,97.3811648913877,7,8,4,2,0,0,0,0
220,1,113.54683738785297,10,29,4,2,1,0,1,0
33,0,205.36122242187864,9,23,3,1,0,1,0,0
112,1,108.0,10,12,4,1,0,3,0,0
256,0,115.0,6,15,3,2,0,1,0,0
193,0,86.5,7,15,4,0,0,0,1,0
71,0,109.36909213185218,5,28,4,2,2,2,0,0
166,0,114.15569570094551,8,2,3,3,0,0,0,0
120,0,67.52453985067851,10,16,3,3,1,0,0,0
13,0,136.7155421422759,7,7,4,1,0,3,0,0
30,1,136.70908422788708,7,27,4,1,0,0,0,0
215,1,96.3,8,6,4,1,0,0,0,0
133,0,115.04697376629242,10,26,4,3,1,0,3,0
97,0,94.3115615724295,8,25,4,2,0,1,1,0
62,0,151.0245564337063,7,13,4,1,1,0,3,0
7,0,151.0,7,12,4,3,0,0,0,0
30,0,80.42690355673484,11,4,4,1,0,3,0,0
42,0,63.89403595213708,2,21,3,2,0,0,0,0
132,0,114.30611957078226,7,9,4,4,0,0,0,0
142,0,90.0,11,12,4,1,1,0,0,0
130,0,113.98912453152566,8,6,4,3,2,0,0,0
282,1,83.59732340149792,11,29,4,2,1,0,0,0
92,0,107.72971073440536,7,19,4,2,1,2,0,0
11,0,71.99051279519439,8,18,2,2,0,0,0,0
66,0,108.0689023288779,7,16,4,1,0,1,1,0
56,0,141.15412961700352,9,28,4,1,1,0,0,0
222,0,102.85,10,2,4,3,1,0,0,0
129,0,132.61384302610753,7,25,4,4,1,0,2,0
174,0,129.7139402190707,8,14,4,3,1,0,2,0
146,0,88.29065898738624,5,12,4,2,2,3,0,0
103,0,147.2231741512133,7,7,4,2,0,0,2,0
8,0,65.5443351509674,11,26,4,3,2,0,0,0
44,1,125.50755019046514,9,5,4,2,0,0,2,0
305,0,52.0,11,22,4,2,0,0,0,0
261,0,106.0028040389819,11,14,2,2,0,0,3,0
18,0,98.89811654996377,8,30,4,1,0,0,0,0
62,0,99.79680160888498,5,19,4,1,1,0,0,0
223,0,72.85337781042168,8,22,4,4,2,0,0,0
145,0,115.71533775088736,6,4,4,3,0,0,3,0
133,0,86.55149556323313,8,15,3,2,0,0,0,0
39,0,126.9,5,21,4,2,2,0,0,0
104,0,87.89605469784635,10,4,4,2,0,0,0,0
51,0,67.5,2,25,4,2,0,3,0,0
78,0,146.52353832594298,7,8,4,1,2,0,3,0
11,0,149.0,8,24,4,0,1,0,0,0
171,1,123.68485817214174,9,30,4,0,2,0,3,0
20,0,118.67821347162862,7,21,4,0,0,0,0,0
222,0,112.39198315668547,9,3,4,3,1,1,0,0
12,0,112.12912446312005,5,30,4,2,0,0,2,0
151,0,119.40232337313017,7,5,4,4,0,0,3,0
185,0,115.48804651812684,4,22,3,2,1,0,0,0
80,0,168.3,9,8,4,2,0,0,3,0
55,0,162.15125100717475,6,2,4,1,1,0,0,0
4,0,112.66532678147578,5,1,4,4,0,0,0,0
172,1,116.63695041088765,7,19,4,1,1,0,0,0
121,0,86.00332388874622,4,15,3,1,0,0,0,0
6,0,109.53931114232402,8,30,2,2,0,0,0,0
189,2,176.67189038159216,7,17,4,1,1,0,5,0
109,1,120.01055677794146,9,16,4,3,2,0,3,0
51,0,109.8,8,29,4,2,0,0,0,0
50,0,158.76810208454205,5,5,4,1,2,0,3,0
150,0,79.4211669180767,10,25,4,2,0,2,0,0
137,0,169.94207481120858,7,1,4,5,2,0,5,0
175,0,103.84454279618554,7,2,4,2,0,0,0,0
54,0,90.5407084930272,3,17,4,2,1,0,0,0
35,0,71.32119008504898,2,13,4,1,1,2,0,0
157,0,114.43980518672427,7,6,4,3,0,0,0,0
136,0,198.0,8,8,4,3,1,1,3,0
34,0,89.35469733888132,4,22,4,1,0,1,0,0
63,1,85.17499482628695,10,18,4,2,0,0,0,0
42,0,208.64011048424223,9,7,4,3,1,0,2,0
28,0,140.99590521349444,5,20,4,1,0,0,0,0
88,0,121.79700078068677,11,7,4,2,0,0,0,0
53,0,147.3743498019293,9,21,4,3,0,0,3,0
91,0,79.99900114329945,9,30,4,1,1,0,0,0
55,0,151.1923016224765,5,29,4,2,2,0,3,0
148,0,96.3,8,24,4,2,1,0,0,0
158,0,129.55351889447297,7,17,4,2,1,0,1,0
34,0,220.0043115745381,8,19,3,3,1,1,2,0
167,0,97.72062981313617,10,1,3,1,1,2,0,0
159,2,113.4,9,29,4,2,1,2,0,0
160,0,128.57309370923932,4,26,3,2,0,0,2,0
35,0,99.0,9,26,4,0,1,3,0,0
18,0,129.0,9,24,4,0,1,3,0,0
134,0,133.8597140332316,7,25,4,3,0,0,3,0
1,0,107.52153567605542,11,24,3,2,0,0,1,0
83,0,103.66143490328918,10,26,4,2,0,0,3,0
48,0,75.5398953878858,3,7,4,2,1,0,0,0
44,0,71.1,3,11,4,1,1,3,0,0
360,0,91.38440948027392,10,5,4,1,0,0,0,0
228,0,72.585989567365,5,5,4,1,0,0,0,0
170,0,80.75,7,6,4,5,1,3,0,0
168,1,133.85286417698214,8,13,4,2,2,0,0,0
10,1,136.1383117319294,8,12,4,4,1,0,0,0
65,0,148.5463737560997,4,23,4,1,1,0,0,0
96,1,76.6702210006915,7,7,3,4,1,0,0,0
180,0,103.81273754029921,7,25,3,3,0,0,3,0
174,1,112.27099857672448,7,23,4,1,1,0,0,0
148,0,97.06279917137388,8,20,3,1,2,0,0,0
1,0,101.0,3,2,4,2,0,0,0,0
192,0,107.92635339693855,9,3,3,1,0,0,1,0
76,0,121.47065792581867,6,11,4,3,0,0,0,0
176,1,156.0841828403005,9,1,4,1,0,0,3,0
68,0,120.21059967657375,5,11,3,3,1,0,0,0
144,1,132.68363218383544,7,29,4,3,1,0,3,0
168,0,105.49666223840248,6,20,3,1,1,0,0,0
211,0,69.82341327899395,10,19,4,2,0,1,0,0
162,1,121.31853929891014,7,27,4,1,0,0,0,0
219,0,102.85,10,3,4,3,1,0,0,0
19,0,79.80004674832611,2,1,4,4,1,0,0,0
154,0,102.90620831751188,7,24,4,1,0,0,0,0
48,0,168.3,7,26,4,1,0,0,3,0
286,0,117.0,9,16,3,2,0,1,0,0
73,0,107.17001578829098,9,18,4,1,0,2,0,0
62,0,98.61408581970737,9,4,4,1,1,0,0,0
95,1,72.65978291058477,11,27,4,2,0,0,0,0
233,0,86.12896885675397,8,11,4,2,0,0,0,0
96,0,79.0711640213944,7,20,4,5,2,0,0,0
34,0,111.84914361546909,7,27,4,2,1,0,0,0
89,0,80.75,4,12,3,4,0,2,0,0
79,0,76.5,4,2,4,1,1,2,0,0
92,1,88.85773846644582,7,15,4,3,0,0,2,0
162,0,60.35273552328071,8,18,3,3,0,0,0,0
20,0,118.74776402169043,6,23,4,1,0,0,0,0
115,0,126.61564106374139,7,27,4,1,0,0,0,0
85,0,95.03218395241409,6,13,4,3,0,2,0,0
105,1,137.02656497292597,9,19,4,4,1,0,0,0
82,0,137.6070281525075,6,23,4,2,1,0,1,0
72,0,107.94877754307385,4,8,4,1,1,0,2,0
4,0,144.02483242313588,4,18,4,2,0,0,3,0
20,1,140.18868808090164,8,28,4,2,1,0,3,0
117,0,143.23664324732331,7,4,4,2,1,0,3,0
60,0,123.3,9,2,4,1,0,0,3,0
89,0,76.5,6,27,4,1,1,0,0,0
51,0,88.49136601345694,11,2,4,3,1,2,0,0
85,0,91.96356277324814,4,11,4,5,2,1,0,0
94,0,178.89287821812732,6,27,4,3,0,0,4,0
55,0,71.11481669111676,10,12,4,1,2,2,0,0
104,0,85.241681083664,3,24,4,5,2,1,0,0
84,0,122.86911216407665,11,22,4,1,0,0,0,0
30,0,196.17423381412982,8,24,4,2,2,0,5,0
34,1,100.03757638936852,8,27,4,3,1,3,0,0
8,1,78.17011080192967,7,24,4,1,0,3,0,0
329,0,102.4360206272128,9,19,4,2,0,0,0,0
152,0,113.26701955649598,6,20,4,2,1,0,0,0
162,0,115.0,10,14,4,1,2,0,0,0
4,0,122.87123523062837,7,9,4,1,0,0,0,0
97,0,169.5901557043397,5,17,4,2,0,0,3,0
51,1,123.3,9,2,4,2,0,0,3,0
143,0,114.51396823740522,5,5,4,2,0,0,3,0
39,0,67.5,2,12,4,1,1,3,0,0
204,0,90.07000132903823,5,5,3,3,0,0,0,0
11,0,143.07480382079518,4,13,4,2,0,0,2,0
104,0,108.7843716613288,10,10,4,0,1,2,0,0
26,0,118.73905937392009,8,27,4,1,0,0,0,0
116,0,84.7979555050463,11,13,3,4,0,0,0,0
81,0,130.5708861053587,5,20,4,1,1,0,1,0
64,0,152.60841477802316,9,16,4,2,0,0,0,0
258,0,89.00338570644267,5,4,4,2,0,0,0,0
246,0,109.28018631430017,6,6,4,1,1,0,0,0
79,1,88.23383160767888,10,25,4,2,0,2,0,0
32,0,88.91348916377382,8,29,4,1,0,3,0,0
166,2,121.5,8,2,4,3,0,0,0,0
31,0,90.40493726038542,8,30,4,2,0,3,0,0
172,0,105.3,8,3,4,1,0,0,0,0
69,0,89.40786834712428,7,17,4,1,1,0,0,0
52,1,78.97525277530053,2,26,4,2,0,1,0,0
114,0,64.74070299698302,2,27,3,5,1,0,0,0
158,0,90.55514109614536,5,28,4,3,1,0,0,0
58,0,82.3983093786831,3,20,4,3,1,3,0,0
194,0,108.9,9,4,4,1,0,0,0,0
15,0,100.34105430818136,8,13,4,1,1,3,0,0
112,0,119.17313099043392,9,7,4,2,1,0,0,0
183,0,114.67490181531383,8,15,4,3,0,1,1,0
110,0,94.5,7,25,3,1,2,1,0,0
153,1,123.25074075947646,7,8,4,4,0,0,0,0
98,0,88.90324925709727,10,16,3,2,0,0,0,0
99,0,147.5204710754771,7,4,4,1,1,0,3,0
144,0,213.49472507852715,8,21,4,3,1,1,3,0
132,0,93.48674882476652,8,20,4,1,0,3,0,0
278,0,98.50966019849893,9,19,3,2,0,0,0,0
333,0,73.95,12,12,4,3,1,0,0,0
50,0,99.0,9,2,4,1,0,3,0,0
16,0,156.05831147979515,5,1,4,2,0,0,3,0
84,0,189.28080861215153,7,15,4,4,1,0,5,0
14,0,89.0,4,17,4,1,1,3,0,0
95,0,134.06847901570103,5,12,4,3,1,0,3,0
106,0,151.77151228729795,8,24,4,4,0,0,3,0
179,0,84.97295387275655,8,26,4,2,0,2,0,0
26,0,74.8,12,14,4,8,2,0,0,0
26,0,133.03561962049272,8,14,4,2,2,3,0,0
34,0,157.46454950208172,4,29,4,1,1,0,3,0
82,0,93.6,11,24,4,2,0,0,0,0
94,2,174.77975737864048,9,27,4,3,0,0,3,0
156,1,105.73386016561571,5,25,4,1,0,0,0,0
87,0,76.5,7,1,4,3,0,0,0,0
206,0,90.41692102441758,7,5,4,6,2,0,0,0
39,1,146.17105862717852,8,20,4,0,1,0,0,0
216,0,123.3024750688255,6,25,4,2,0,0,0,0
54,0,147.9819927807612,7,4,4,5,2,0,1,0
49,0,197.42438323527148,7,3,4,7,2,0,5,0
17,0,142.16972484005174,4,14,4,2,0,0,2,0
68,0,137.01045243713472,4,7,4,3,0,0,0,0
40,0,158.64476086048754,4,25,4,2,0,0,3,0
74,0,110.57358124548142,4,27,4,3,0,0,1,0
212,1,67.28264018284098,11,18,4,2,0,3,0,0
21,1,90.02217860918938,9,29,4,1,1,1,0,0
90,0,136.07297737538278,8,27,3,1,0,0,0,0
148,0,81.51568232166214,8,28,4,1,1,0,0,0
87,0,104.95584861550931,8,24,4,1,0,0,1,0
11,0,122.02785586212391,4,29,3,2,1,2,0,0
221,0,77.20395846999406,8,11,3,4,0,0,0,0
162,0,115.0,10,14,3,1,1,0,0,0
4,0,80.47239552332154,2,5,4,2,1,3,0,0
18,1,234.8266596068558,9,18,4,5,2,0,5,0
151,0,199.5434131265187,6,24,4,0,1,0,3,0
112,0,141.27952624930043,6,2,4,2,0,0,2,0
139,0,117.03952507536157,7,10,4,3,1,0,0,0
239,0,106.2,7,10,4,3,0,0,0,0
37,0,113.59171422909692,5,20,4,2,1,0,3,0
110,0,149.4,9,22,4,2,0,0,3,0
51,0,126.9,5,19,4,1,0,0,0,0
7,0,106.69341354842865,2,11,4,2,0,0,3,0
114,0,112.75141959956335,5,11,4,4,1,0,0,0
68,0,120.90767637421807,5,10,3,3,0,0,0,0
133,0,110.4725194487639,7,26,4,3,0,0,2,0
31,0,118.85904102886852,3,4,4,2,1,0,2,0
51,1,158.4,10,17,4,1,1,0,3,0
85,0,142.82241697725183,4,27,4,3,0,0,3,0
74,0,135.81771226187013,5,29,4,4,0,0,0,0
62,0,142.4023661162884,7,27,4,1,1,0,3,0
208,0,112.27882888794794,9,23,4,3,1,0,0,0
103,0,93.61814477240542,4,5,4,2,0,0,1,0
60,0,132.3,8,29,4,1,0,0,3,0
51,0,109.7662590021427,5,6,3,5,2,2,0,0
63,0,150.67493232633802,8,22,4,1,1,0,1,0
1,1,109.0,8,1,4,0,1,3,0,0
72,0,72.10926238779668,3,17,3,3,1,2,0,0
206,1,172.47540551920122,8,3,4,1,0,0,5,0
36,0,71.1,3,3,4,2,1,3,0,0
194,0,75.0991346573735,4,21,4,2,0,2,0,0
245,0,86.16696868398701,7,4,4,1,0,2,0,0
31,0,97.08241067708558,4,8,4,2,1,0,0,0
112,0,79.99377217940668,4,9,4,4,2,0,0,0
14,0,85.99355040889121,8,4,4,1,0,1,0,0
74,0,116.41685347789996,4,29,4,2,0,1,0,0
50,0,99.9240159160586,6,1,4,1,0,1,0,0
54,0,86.69429151456086,4,17,4,0,1,3,0,0
36,0,131.9628947837977,3,24,4,1,0,0,2,0
146,0,116.01672264016221,7,4,4,4,1,0,3,0
62,0,98.88468186189746,9,4,4,0,1,2,0,0
39,0,85.71656007926849,10,15,3,2,1,0,0,0
11,0,119.62728997249846,4,30,4,2,0,3,0,0
181,0,90.92940213555423,8,27,4,2,1,0,0,0
35,0,97.97283565164442,9,2,4,1,0,3,0,0
77,0,105.3,6,17,4,1,0,0,0,0
158,0,126.452997251747,5,3,4,3,0,0,1,0
173,0,84.4777817644539,9,7,3,3,0,0,0,0
167,0,115.17459435460157,7,30,3,2,1,0,1,0
31,0,140.72510610889552,4,13,4,3,0,0,3,0
70,0,77.70974921435777,3,3,4,1,0,0,0,0
45,0,72.3641266394979,2,18,4,2,0,2,0,0
154,1,126.9,9,2,4,2,1,0,0,0
339,0,80.0,10,6,4,2,1,0,0,0
19,0,79.0,2,28,2,2,0,1,0,0
34,0,67.5,2,13,4,1,0,3,0,0
113,0,121.39120960670081,8,2,4,1,1,0,1,0
90,0,99.07213416799385,4,22,4,4,1,0,0,0
18,0,120.8382965963779,6,7,4,2,0,0,0,0
4,0,108.83658424460259,6,9,4,2,0,0,2,0
2,0,103.1483836194231,11,23,4,1,0,0,0,0
177,0,74.51638963982597,7,18,3,3,1,0,0,0
94,0,73.36974431983955,4,5,4,2,0,0,0,0
57,0,116.1,5,18,4,2,0,3,0,0
205,0,90.95,7,3,4,9,3,0,0,0
38,1,144.70050841778698,7,22,4,0,0,0,0,0
52,0,79.2,11,11,4,1,1,2,0,0
30,0,157.5,10,5,4,3,0,0,3,0
25,0,144.86681931126984,4,28,4,2,0,0,3,0
151,0,200.0,6,27,3,0,1,0,4,0
259,0,67.58005084508764,11,22,3,2,1,1,0,0
14,0,89.0,6,21,4,0,0,3,0,0
63,0,137.8514259680617,6,25,4,2,0,0,3,0
112,1,99.84754081512453,12,6,4,4,0,0,0,0
221,1,96.71931706181473,9,2,4,2,0,0,0,0
32,0,115.36704267981652,3,16,4,0,0,2,0,0
112,0,132.5960288665728,6,9,4,2,1,0,3,0
79,0,137.71338310606254,7,2,4,7,3,0,2,0
289,0,90.91488096862058,10,19,3,2,1,0,0,0
185,0,70.18157005793492,11,24,4,2,0,3,0,0
44,0,90.79398827475245,11,19,4,0,1,0,0,0
54,0,88.83707823704192,3,17,4,2,1,0,0,0
14,0,163.31796381641496,9,25,4,2,0,0,2,0
275,0,91.69,10,9,4,5,3,3,0,0
59,0,77.99047548126529,2,29,4,2,0,1,0,0
163,1,126.4879038540189,9,29,4,2,1,0,3,0
48,0,95.37060402478569,4,11,4,1,1,2,0,0
35,0,96.7262038124344,9,28,4,1,1,3,0,0
254,0,70.38484116602255,11,15,4,3,0,1,0,0
43,1,148.23416092447528,3,25,4,2,1,0,0,0
215,0,96.3,8,8,4,2,0,0,0,0
154,0,113.4,10,4,4,1,1,0,0,0
65,0,126.88167993977486,5,16,4,2,1,0,0,0
159,0,117.21208635237244,8,6,3,1,0,0,0,0
31,0,79.14180854322234,10,16,4,2,0,0,0,0
93,0,151.11281336619686,8,12,4,2,2,0,1,0
1,0,79.0,2,13,4,0,0,3,0,0
33,1,67.5,2,6,4,1,1,1,0,0
194,0,85.17316114507776,8,30,4,3,0,2,0,0
221,0,88.7320500974966,8,10,4,2,0,0,0,0
48,0,134.76879455696252,7,6,4,1,0,0,0,0
128,0,153.7376299929842,8,10,4,2,0,0,3,0
209,0,96.3,8,18,4,1,0,0,0,0
76,0,72.5835064356661,3,16,4,2,0,2,0,0
63,0,149.4,8,15,4,1,0,0,3,0
146,0,95.606784711222,5,23,3,0,2,0,0,0
81,1,76.86729960368922,7,26,4,1,1,0,0,0
99,0,150.89867141532113,9,20,4,3,0,0,3,0
93,0,107.17530103819492,5,14,4,3,0,0,1,0
66,0,138.53272582276875,9,6,4,4,1,0,2,0
237,0,90.95,7,12,4,3,1,0,0,0
43,0,72.93825416561664,2,18,4,2,1,1,0,0
68,0,121.5,7,25,4,1,1,0,0,0
78,0,103.22891888567037,10,17,4,2,0,0,2,0
100,0,150.3,8,24,4,4,0,0,3,0
63,0,181.63444983377934,4,26,4,3,0,0,5,0
78,0,97.10158631043534,4,4,4,3,0,0,3,0
68,0,120.53219543010076,5,11,3,3,1,0,0,0
51,1,125.37042126182253,3,20,4,2,1,0,0,0
158,0,94.27329842980039,7,5,4,1,0,3,0,0
6,0,99.32812862655945,8,15,4,0,1,0,0,0
61,0,141.75049027785244,5,7,4,1,0,0,3,0
131,0,115.16085768559323,6,17,4,2,1,0,0,0
0,0,180.6185842684461,10,23,4,1,0,1,3,0
77,1,96.00809085757055,3,22,4,3,0,0,0,0
208,0,90.95,7,30,4,4,2,0,0,0
31,0,168.3,7,14,4,1,1,0,3,0
6,0,127.85572145953942,7,10,4,2,0,1,0,0
50,0,100.70744304712973,4,3,4,2,1,0,0,0
166,0,92.65696513701015,8,26,4,1,1,0,0,0
77,0,134.67103568603702,8,2,4,2,1,0,0,0
61,0,94.59280508678582,6,26,4,2,0,3,0,0
46,0,108.5846930485354,7,28,4,0,0,1,0,0
219,0,216.78773667487587,10,20,4,2,0,0,3,0
15,0,221.0,5,11,4,1,0,0,5,0
131,0,137.71689700035333,8,1,4,3,0,0,3,0
215,0,177.18219889948077,9,5,4,3,1,0,2,0
32,0,142.76537999618736,5,9,4,3,0,0,0,0
221,0,89.12520236029751,8,17,4,1,0,0,0,0
31,0,113.49747824885304,6,12,4,3,1,0,0,0
5,0,94.54500816474238,3,18,2,0,1,0,0,0
239,0,79.05377334877521,12,30,4,1,1,3,0,0
211,0,90.93957521600532,8,21,4,3,0,0,0,0
239,0,83.44339448242472,8,28,4,3,0,3,0,0
230,0,137.0,9,6,3,5,0,0,0,0
160,0,120.1573812793936,5,26,4,1,0,0,0,0
251,0,26.85314122694475,10,19,4,2,0,0,0,0
94,0,83.18341180444858,8,20,3,3,1,0,0,0
68,0,109.84636512559229,4,23,4,2,2,0,0,0
70,0,99.36454427305307,6,3,4,2,2,0,1,0
14,0,126.38222037113067,3,29,4,5,2,2,0,0
117,0,186.49261451702444,5,24,4,3,0,0,3,0
7,0,91.25038004751386,3,9,4,1,0,3,0,0
81,0,134.9256899237313,9,21,4,2,1,0,0,0
242,0,106.71707518519601,9,23,2,3,1,0,2,0
158,0,132.60359355631292,7,21,4,4,1,0,0,0
34,0,159.2818644300975,3,29,4,1,0,0,3,0
179,0,90.9,10,27,4,2,0,0,0,0
32,1,129.79136099660724,8,25,4,2,0,0,0,0
173,1,129.18348404977144,7,17,4,2,0,0,3,0
243,0,78.28019409863712,7,18,4,2,1,0,0,0
258,0,97.11562388232763,10,2,4,3,2,0,0,0
26,0,99.45515507381005,9,26,4,1,0,0,0,0
157,1,123.3,7,7,4,3,0,0,0,0
23,0,136.84753090236978,3,26,4,2,1,0,0,0
262,0,64.21339957857496,10,26,4,3,1,2,0,0
32,1,101.00643107424281,9,2,4,3,1,1,0,0
38,0,198.9,5,17,4,2,0,0,5,0
43,0,157.31853151933404,8,31,4,2,0,1,2,0
232,0,110.27855987884286,10,24,4,3,0,0,3,0
7,0,79.08148031409358,6,23,4,1,0,2,0,0
74,0,110.85275395232297,4,28,4,2,0,0,0,0
275,0,66.98496289924053,7,3,4,1,0,0,0,0
49,0,93.29021933918773,6,11,4,0,0,3,0,0
251,1,163.57895105852407,8,13,4,3,2,0,1,0
183,0,66.99709910275763,7,8,3,0,0,0,0,0
48,0,132.0102046871867,6,3,4,1,0,0,2,0
51,0,125.3431143262183,5,28,4,1,1,0,3,0
65,0,149.80154204027693,9,7,4,2,0,0,1,0
90,1,121.57229462710323,10,7,4,1,0,0,0,0
283,1,95.58743482303858,7,21,4,2,0,0,0,0
264,0,96.15561134342192,9,28,3,2,1,0,0,0
143,1,125.84579249803762,6,2,3,3,1,0,2,0
45,0,48.306717018334254,2,12,4,1,0,2,0,0
75,0,87.11073050763626,11,24,4,1,0,1,0,0
254,1,93.78400161747194,10,12,4,3,0,0,0,0
13,0,124.76139762140114,6,26,4,0,2,0,0,0
243,0,111.6227796665283,9,11,4,2,2,0,1,0
80,0,74.81612443938398,7,25,3,1,1,0,0,0
23,0,139.0,9,15,4,1,0,3,0,0
111,1,119.20502701530413,9,10,4,1,1,1,0,0
203,0,99.51676894977183,8,7,3,3,1,0,2,0
125,0,72.25,7,20,3,2,0,0,1,0
28,0,103.85136927819548,10,25,4,2,0,0,0,0
131,0,114.03433494909693,8,28,4,3,0,0,1,0
31,0,140.4,3,22,4,2,0,0,3,0
7,0,156.0,6,17,4,2,1,0,3,0
6,0,90.34212487882623,5,22,4,1,0,0,0,0
63,0,94.61478017400479,4,23,4,3,0,3,0,0
173,0,92.8405925951927,9,6,4,2,1,0,0,0
5,0,94.69840545774697,3,17,2,0,0,0,0,0
257,0,87.17621184874454,5,4,3,2,0,0,0,0
76,0,146.00651153473106,6,15,4,3,1,0,3,0
167,0,96.3,7,28,4,1,1,0,0,0
18,0,94.88486499912085,3,18,4,0,1,0,0,0
133,0,138.43977400714815,7,4,4,2,0,1,1,0
43,0,106.34945268360177,6,29,4,3,0,3,0,0
23,0,83.14625025334374,9,24,4,3,1,1,0,0
51,0,47.86154178255944,2,5,4,2,0,3,0,0
58,0,116.1,5,12,4,2,0,3,0,0
29,0,158.1539926386407,10,4,4,3,0,0,3,0
63,1,89.52210644740175,10,10,4,2,0,0,0,0
184,0,69.59272677500759,9,24,4,3,0,2,0,0
156,0,151.2,10,7,4,2,0,0,3,0
14,0,89.0,6,23,4,0,0,3,0,0
35,0,81.0,6,19,3,1,2,0,0,0
101,2,209.97388896043228,5,15,4,0,2,0,3,0
33,0,149.4,7,10,4,1,0,0,3,0
1,0,89.0,3,10,4,1,0,3,0,0
69,0,117.27281250185851,4,8,4,0,1,1,1,0
170,0,113.75191373838683,7,30,4,2,2,0,0,0
104,0,104.53508374845714,4,27,4,3,0,0,3,0
14,1,202.5732733078529,7,17,4,3,0,0,5,0
353,0,80.41023708153371,12,27,4,3,1,0,1,0
109,0,130.3186393276505,8,1,4,3,0,0,0,0
181,1,120.0,10,11,3,1,0,0,0,0
95,2,90.0,11,19,4,0,1,0,0,0
23,0,127.6776679079474,4,10,4,3,2,0,3,0
191,0,96.3,10,20,4,2,0,0,0,0
233,0,103.48552943316633,9,11,4,4,2,0,0,0
83,0,91.00370510208671,11,24,4,3,0,0,0,0
25,0,140.68625075872447,5,21,4,1,0,0,1,0
247,0,73.68503632600633,10,28,4,1,2,0,0,0
130,0,127.44533862314736,8,27,4,4,0,0,2,0
220,0,109.05548730235657,8,12,4,2,1,1,1,0
305,0,78.15035267594826,9,21,3,3,0,0,0,0
40,0,85.50032187894503,2,2,4,3,0,0,3,0
91,0,80.02842044902886,4,3,3,2,1,0,0,0
113,0,133.7474295877514,8,24,4,1,1,0,1,0
120,0,112.2560354725184,12,24,4,1,1,0,0,0
51,0,190.98985826503127,7,8,4,0,0,0,4,0
229,0,93.97504402349583,10,19,4,2,0,0,0,0
155,1,115.391160581282,8,14,4,3,1,0,0,0
56,0,87.32508043906591,11,16,4,3,1,0,0,0
54,0,130.65327123052816,6,4,4,4,1,0,3,0
220,0,128.14792027559128,9,18,3,1,2,0,0,0
105,0,120.00000507441183,5,21,4,2,2,0,0,0
56,0,135.9,9,10,4,1,2,0,0,0
200,1,65.62384625445874,8,3,4,9,3,0,0,0
34,0,140.4,4,22,4,1,0,0,3,0
83,0,118.8,7,14,4,2,0,0,3,0
203,1,93.38899527639268,8,14,4,9,4,0,0,0
58,0,78.13834932713713,4,27,4,2,1,2,0,0
240,0,96.64356138432557,8,18,3,2,0,0,0,0
99,0,137.1215620147415,5,1,4,1,1,0,0,0
94,0,74.16509612416203,3,18,4,2,2,0,0,0
22,0,189.83990154901085,8,19,4,2,1,0,3,0
30,0,194.55437063220816,8,24,4,2,2,0,4,0
185,1,119.65054700873445,7,29,4,1,2,0,1,0
6,0,138.0161841502706,8,5,4,4,2,1,0,0
28,0,75.3300513010638,2,2,4,6,1,0,0,0
0,0,132.0896534383552,8,28,2,2,0,0,0,0
152,1,134.28162644238355,7,4,4,3,1,0,0,0
110,0,120.0,10,9,3,0,1,0,0,0
85,0,103.90734922233362,5,30,4,3,0,3,0,0
7,0,101.0,3,22,4,1,0,0,0,0
4,0,155.12038404898843,3,5,4,1,0,0,3,0
55,0,75.57765018043277,2,28,4,2,0,3,0,0
302,0,100.0,9,16,3,2,1,0,0,0
142,0,185.8291806178679,10,21,4,6,1,1,2,0
64,0,73.95,2,10,4,3,1,0,0,0
208,0,77.3186661755815,8,12,4,4,2,0,2,0
26,0,132.35063754998222,6,11,4,5,3,0,3,0
74,0,85.5,4,10,4,1,0,3,0,0
45,0,86.4,11,20,4,0,1,0,0,0
28,0,74.86595983643997,2,19,3,2,0,2,0,0
26,1,232.22634810983428,9,26,4,2,0,0,5,0
32,0,159.3,3,25,4,1,0,0,3,0
301,0,109.0,7,30,3,1,1,1,0,0
16,0,180.1933192113725,6,16,4,2,1,0,2,0
177,0,162.63506183755482,9,26,4,3,1,0,3,0
1,0,65.86169092091231,10,18,2,1,0,0,0,0
166,1,101.46375286860463,6,18,4,2,1,0,0,0
27,0,118.69564725713657,9,18,4,0,1,0,0,0
220,0,76.22008922451137,8,11,4,4,0,0,0,0
79,0,76.3769470646561,4,2,4,1,1,3,0,0
166,0,85.00969948535455,6,23,3,2,1,0,0,0
42,0,176.83866963821438,9,5,4,2,0,0,5,0
155,0,142.9595582172188,9,19,4,1,0,0,3,0
17,1,137.6998843978409,7,21,4,1,0,1,0,0
57,1,137.3802227692788,10,17,4,2,0,0,3,0
147,0,95.9403540407609,6,25,3,1,2,0,0,0
213,0,80.95802606877001,7,9,4,3,0,2,0,0
78,0,140.4,5,22,4,1,1,0,3,0
134,0,92.4967980609908,5,14,4,3,0,0,0,0
72,0,73.06397144655493,10,13,4,2,0,0,0,0
155,0,100.7825289035029,6,7,4,3,0,2,0,0
23,0,99.05581707843224,10,28,4,2,1,2,0,0
202,0,90.69006956602456,7,29,3,2,1,0,0,0
195,0,129.12958306433546,8,6,4,2,1,0,0,0
30,0,187.58164153572304,9,3,4,7,3,0,5,0
2,1,99.06934674321042,4,9,4,2,0,0,0,0
42,0,129.68364748902465,5,14,4,4,1,1,3,0
94,0,137.51833832608347,8,27,4,1,0,0,3,0
36,0,98.18096496964863,9,2,4,1,0,3,0,0
39,1,138.49386521421178,3,24,4,2,2,0,3,0
175,1,159.2990036878023,8,1,4,1,0,0,3,0
43,0,86.20988077456639,3,20,3,2,1,1,0,0
158,1,122.20614345727952,6,27,4,3,0,0,3,0
133,0,120.39437184174072,6,5,4,4,0,0,3,0
176,0,103.83165867797278,8,30,4,2,0,1,0,0
25,0,98.55628504131236,4,11,4,2,0,3,0,0
26,0,118.06804189382717,9,18,4,0,0,0,0,0
38,0,176.3006299397834,6,21,4,2,0,0,4,0
6,0,96.66417904679248,5,15,3,0,0,0,0,0
148,0,137.69948235061827,8,19,4,1,1,0,3,0
100,0,100.41393270698117,9,27,3,3,0,0,0,0
7,0,79.0,2,4,4,0,0,1,0,0
133,0,117.92104139785636,5,4,4,4,0,0,3,0
60,1,120.69008567268746,9,5,4,1,0,0,3,0
169,0,105.59247109461158,6,22,3,1,1,0,0,0
177,0,94.66267556995147,7,23,3,2,0,0,0,0
48,0,78.3,2,7,4,1,1,0,0,0
39,0,125.94991226553267,10,2,4,1,1,0,0,0
111,0,120.0,10,10,3,0,1,0,3,0
291,0,71.29720089270367,8,14,4,2,1,1,0,0
49,0,126.00564695859599,10,25,4,2,1,0,3,0
69,0,124.03219350676042,5,9,4,2,0,0,0,0
128,0,119.78837458519348,7,7,4,4,0,0,0,0
193,1,110.76951497943931,7,24,3,4,1,0,0,0
180,0,137.7,7,23,4,2,0,0,3,0
35,1,109.06201163631765,9,28,4,2,0,2,0,0
23,0,166.24541092805978,5,27,4,0,1,0,3,0
216,0,159.65354813600482,8,22,4,1,0,0,3,0
177,0,100.20083781736228,6,3,4,2,1,0,0,0
63,0,92.02366484210444,4,25,3,4,0,1,0,0
213,1,102.85,10,1,4,2,2,0,0,0
108,1,76.5,7,18,4,6,3,0,0,0
163,0,108.60209205155029,8,11,3,3,1,0,0,0
5,0,137.19688195708198,9,2,4,2,1,0,0,0
196,0,83.36035306496343,9,30,4,1,1,3,0,0
56,0,195.270304930848,9,7,4,0,1,0,3,0
121,0,92.68856618769651,5,27,4,2,0,0,1,0
65,1,119.34350199052304,9,3,4,1,0,0,3,0
181,0,111.59316719799402,7,1,3,4,1,0,0,0
135,0,134.0635044146778,9,1,4,1,1,0,3,0
10,0,129.05142713104922,5,16,4,3,0,2,0,0
120,0,82.9324446708468,3,27,4,3,2,0,0,0
169,0,105.69988780169045,5,22,4,1,1,0,0,0
8,0,147.53077731732094,3,26,4,3,2,0,3,0
19,1,140.81582973696928,8,28,4,3,1,0,3,0
148,0,111.40216648287215,5,28,4,2,2,0,0,0
26,0,147.60806041174564,10,2,4,2,2,0,0,0
161,1,114.49782766886176,6,26,4,1,1,0,1,0
5,0,167.34328672738988,7,21,4,0,0,0,0,0
48,0,78.23663751330511,11,13,3,5,2,1,0,0
91,1,89.62634886562684,10,28,4,2,1,1,0,0
144,0,76.31273861261775,7,8,3,1,1,0,0,0
322,0,73.03327905719226,5,17,3,3,0,0,0,0
15,0,168.3651682188478,6,27,4,1,0,0,0,0
149,0,85.10892495827719,6,27,4,0,1,2,0,0
270,1,109.49914242482872,9,28,4,2,0,0,3,0
120,0,143.1,9,20,4,4,1,0,3,0
32,0,168.71808136725767,4,30,4,1,0,0,2,0
0,0,212.92209890269646,7,14,4,0,0,0,1,0
33,0,107.1,8,17,4,0,1,0,1,0
51,0,107.62283407246241,6,6,4,1,0,3,0,0
102,0,74.35273826158682,10,18,4,3,1,0,0,0
2,0,222.44675978291065,5,16,4,1,0,0,3,0
60,0,117.08299060833284,3,22,4,2,0,0,0,0
210,0,73.22083844315131,10,8,3,2,1,0,0,0
114,0,198.91087072843663,5,20,4,1,0,0,5,0
149,0,70.12417017991761,6,15,4,3,0,0,0,0
80,1,89.25914242709621,3,24,4,2,1,0,0,0
183,0,98.1,10,11,4,1,0,3,0,0
119,0,84.77133812114425,5,27,4,1,0,2,0,0
173,1,120.11294104519182,8,2,4,2,1,0,0,0
319,1,114.76156426336776,8,20,3,2,0,0,0,0
18,0,150.31355076993836,6,16,4,2,0,0,0,0
28,1,98.22280602864218,4,16,4,2,2,0,0,0
85,0,142.7528684837458,4,27,4,2,0,0,3,0
160,0,126.89420897154942,9,15,4,3,1,0,0,0
92,0,116.70348527194787,8,14,4,1,1,0,1,0
156,0,84.81437738859866,9,16,4,3,0,0,0,0
18,0,99.53917468806765,6,22,2,1,0,0,0,0
24,0,77.31168161176593,8,19,4,3,1,0,0,0
41,0,112.88744693490533,8,18,4,0,1,2,0,0
21,0,65.20414501976725,11,19,2,0,0,0,0,0
64,1,74.48031658643966,3,9,4,3,1,0,0,0
63,0,93.2313409910397,4,25,3,4,0,2,0,0
138,0,96.1460688772286,8,25,4,2,0,0,0,0
180,1,161.00545528878573,7,23,4,4,0,1,0,0
155,1,127.79928245469812,8,1,4,1,1,0,0,0
27,0,145.22482352575807,4,28,4,2,0,0,3,0
128,0,132.3,10,10,4,5,0,0,3,0
125,0,80.69348582499732,9,11,3,2,0,0,0,0
99,0,126.9,5,6,4,1,0,0,0,0
158,0,105.82048859437153,7,1,2,2,1,0,2,0
94,0,105.3,5,14,4,3,0,0,1,0
11,0,113.22909007778688,5,29,4,1,1,0,2,0
158,2,151.1248141552795,9,8,4,1,1,0,3,0
159,0,97.85125655298364,7,5,4,4,0,2,0,0
180,0,120.0,10,10,3,2,1,0,0,0
15,0,141.90633713629126,5,14,4,1,0,0,3,0
156,1,84.07319363474483,10,28,4,2,2,0,0,0
83,0,134.8304492857216,8,13,4,2,1,0,0,0
28,0,166.95900292629966,10,11,4,2,1,0,2,0
101,0,122.83129636406915,8,21,4,3,0,0,1,0
51,0,131.7856882366625,3,22,4,2,0,0,3,0
12,0,127.49931128915405,2,27,4,8,2,0,3,0
127,0,79.2,11,26,4,1,1,3,0,0
172,0,95.0,6,24,3,2,0,0,0,0
80,0,85.5,4,11,4,2,0,3,0,0
96,0,95.12912134917015,4,17,4,2,1,0,1,0
211,0,83.6670966663183,5,29,4,3,1,0,0,0
35,0,89.00337816538259,6,20,4,1,0,2,0,0
354,0,82.86356791584056,12,26,4,4,1,0,2,0
122,0,94.5,5,6,4,2,0,3,0,0
28,0,149.24461582871032,6,22,4,2,1,0,3,0
73,0,79.48513877835387,2,17,4,3,0,0,0,0
81,0,133.66215500966408,7,21,4,2,1,0,1,0
17,0,105.554152834015,3,10,4,0,2,2,0,0
152,1,146.79180508881174,8,13,4,1,1,0,3,0
157,0,137.7,7,15,4,2,0,0,3,0
17,0,89.30356837933564,5,22,4,0,0,2,0,0
213,0,67.47679732476195,9,30,4,3,0,0,1,0
50,0,119.61845500283634,4,26,4,1,0,0,3,0
93,0,109.40011101993959,9,4,4,3,0,0,0,0
41,0,150.3,6,7,4,1,0,0,3,0
76,0,158.9051899186691,4,16,4,3,0,0,1,0
44,0,75.45777828079736,11,9,4,3,1,3,0,0
228,1,74.7767806354614,7,3,4,1,0,0,0,0
25,0,186.8731937580915,7,2,4,2,1,0,3,0
105,0,123.53704333495602,8,4,4,3,1,0,0,0
81,0,121.45536722466923,4,15,4,2,2,0,2,0
79,0,104.47199802383541,8,19,4,1,0,0,0,0
6,0,240.38229419899383,9,12,4,2,0,0,5,0
4,0,133.4651073754287,3,23,4,2,0,2,0,0
57,0,110.37146789964898,11,8,4,2,0,0,0,0
2,0,99.41425609268036,8,17,2,2,0,0,0,0
28,0,117.76770069635081,5,21,4,2,1,0,0,0
221,0,96.3,8,13,4,1,0,0,0,0
29,0,132.3561376555391,8,8,4,1,0,2,0,0
131,0,114.95408922454226,6,14,4,3,2,0,0,0
100,0,102.26375747256445,12,26,4,3,1,0,0,0
234,0,90.51852308759216,8,12,3,2,1,0,0,0
240,1,105.60778991376702,7,22,4,4,1,0,0,0
65,0,168.3,8,8,4,1,0,0,3,0
164,1,145.7810208643759,7,23,4,1,0,0,0,0
157,1,114.69754331577812,5,24,4,3,0,0,0,0
225,1,119.70359517896355,9,21,4,4,1,0,0,0
158,0,121.87194994508444,8,17,3,2,0,0,0,0
130,0,117.42289480509518,7,18,4,1,1,1,0,0
138,1,162.51384765303467,8,25,4,1,1,0,3,0
36,0,124.53958865163787,9,4,4,1,2,0,1,0
7,0,170.50595924684396,9,7,2,1,0,0,3,0
167,0,122.30833704627392,9,1,4,2,1,0,2,0
10,0,155.9998041476795,9,2,4,1,2,0,1,0
33,1,146.56518724026918,10,20,4,4,1,0,4,0
15,0,97.88327816836585,5,12,4,0,1,0,0,0
152,1,145.00829616250422,12,29,4,2,0,0,1,0
184,0,124.09599366587555,9,3,4,2,0,0,0,0
99,0,119.85,5,4,4,3,0,0,0,0
72,0,167.73424859937046,8,13,4,1,1,0,3,0
233,0,71.93023510646374,11,28,4,4,0,0,0,0
145,0,130.19578698679567,8,11,3,1,0,0,0,0
126,0,87.08479824545785,8,26,4,0,1,0,0,0
184,0,116.74109937249182,9,14,3,2,0,2,0,0
68,0,185.86894985283305,4,22,4,1,0,0,5,0
152,1,114.3,8,9,4,1,0,0,0,0
78,0,72.3551899162282,3,28,4,3,0,3,0,0
27,0,140.5650274429329,5,9,4,2,0,0,0,0
48,1,125.43428762156933,9,9,4,2,0,1,0,0
49,0,152.1,8,15,4,2,0,0,0,0
6,0,153.54781071278225,4,15,4,1,0,0,3,0
193,0,120.41842403952359,6,19,4,2,0,0,0,0
37,0,116.1,5,15,4,1,0,3,0,0
19,0,79.0,2,27,3,2,0,1,0,0
69,0,129.10802306517223,6,30,4,0,0,0,3,0
5,1,124.0,9,5,4,0,0,0,0,0
221,0,86.7631128145849,8,10,4,1,0,0,0,0
34,0,98.84681724444972,8,25,4,0,0,3,0,0
133,0,160.09329001440557,7,27,4,1,1,0,1,0
207,1,112.5,8,20,4,0,1,0,0,0
129,0,132.89850928469968,7,25,4,4,0,0,3,0
243,0,88.63214215571362,9,3,4,5,3,0,0,0
131,2,161.42147905446325,12,26,4,4,1,0,5,0
24,0,119.0,9,25,4,1,1,3,0,0
4,0,120.10667908602626,5,9,4,1,0,0,0,0
103,0,72.91354002270704,4,18,4,2,0,0,0,0
150,1,167.6903430969039,7,1,4,6,2,0,4,0
46,0,113.56764163731829,3,18,4,1,0,0,2,0
210,0,90.65703441230184,8,18,4,1,0,0,0,0
67,0,68.0,7,3,4,1,1,0,0,0
62,0,72.91513964874422,3,7,4,4,1,2,0,0
224,0,68.07346737566549,11,25,4,3,1,3,0,0
110,0,120.0,10,9,3,0,1,0,0,0
71,0,156.88881445613268,4,27,4,2,1,0,4,0
436,0,67.43401866270759,5,28,4,1,0,0,0,0
35,0,94.95758182758719,5,26,4,0,1,0,0,0
99,2,90.0,11,18,4,1,0,0,0,0
169,0,105.91263353477656,4,22,3,1,1,0,0,0
24,0,116.65931151689567,9,4,4,3,1,0,0,0
32,0,124.30394265281382,8,11,4,3,0,0,0,0
30,0,111.36855241549895,8,3,4,0,2,0,2,0
64,0,94.5,3,17,4,2,0,3,0,0
41,0,81.30482436528823,2,5,4,2,1,0,0,0
50,0,126.30678769274877,5,20,4,1,0,0,0,0
108,0,159.1511428432451,10,27,4,2,1,0,2,0
41,0,158.6345531380479,4,27,4,2,0,0,3,0
195,0,137.78584641161413,8,6,4,1,0,0,0,0
61,0,140.50576860344867,6,17,4,2,0,0,3,0
73,0,149.36236922416177,8,19,4,2,1,0,3,0
73,0,73.11416098823965,4,3,4,1,2,3,0,0
121,1,76.04043456211413,11,14,4,2,0,3,0,0
11,0,118.32676535545376,8,5,3,2,1,2,0,0
53,0,149.4,9,10,4,2,2,0,3,0
197,0,97.42953904046846,9,24,4,4,2,0,1,0
17,1,129.9912278751438,8,26,4,0,0,1,0,0
258,0,97.10707586277906,9,1,4,2,1,0,0,0
21,0,83.17428977311047,10,24,4,3,0,3,0,0
131,0,94.5,7,14,3,1,1,1,0,0
176,1,128.56301486623678,7,22,3,2,1,0,0,0
18,0,119.06791951396599,7,5,4,0,0,1,0,0
217,0,168.59086095284522,8,26,3,1,1,0,4,0
11,0,142.27157457731948,5,6,4,2,0,0,0,0
2,0,62.995959909835776,9,9,2,1,0,0,0,0
25,0,139.0,9,15,4,1,0,3,0,0
224,0,156.8964948312896,9,18,3,1,1,0,0,0
179,0,123.14359701216902,7,31,4,3,1,0,0,0
330,1,110.88021148882393,11,26,3,4,0,0,2,0
122,0,115.38923655491908,6,8,4,2,0,1,0,0
19,0,112.28486393164364,3,3,4,1,0,0,2,0
207,0,95.19366793451594,8,1,4,1,0,0,0,0
33,1,110.52350792986319,9,30,4,2,0,0,0,0
0,0,138.43653696061742,7,9,4,1,0,0,1,0
240,1,67.70688359639462,11,10,4,1,1,2,0,0
56,0,139.5,10,17,4,3,0,0,3,0
31,0,117.9,5,21,4,1,1,0,0,0
217,1,129.85807446867798,9,14,4,2,0,0,0,0
50,0,151.1936970399598,8,13,4,2,1,0,1,0
0,0,213.81383141635007,7,14,4,0,0,0,0,0
130,1,139.51240757050326,8,29,4,3,0,0,3,0
86,0,59.72313379694539,7,27,4,2,2,0,0,0
153,0,119.40820759698916,7,5,4,4,0,0,3,0
74,0,168.05693643357344,8,13,4,1,1,0,3,0
29,1,128.42746069022883,6,15,4,2,1,1,0,0
308,1,78.3,11,23,4,3,0,2,0,0
89,0,140.1273741874093,6,18,4,3,1,0,3,0
80,0,171.74638837777812,3,24,4,2,1,0,5,0
103,0,139.54519111448866,7,22,4,1,0,0,3,0
56,0,140.41573641222334,4,27,4,1,1,0,2,0
184,0,89.7123615158461,9,12,4,3,0,0,0,0
36,0,135.9964190081203,8,1,4,2,1,0,0,0
78,0,90.39988318820382,10,29,4,0,1,0,0,0
134,1,118.70940115048606,11,21,4,2,0,0,3,0
2,0,110.0,5,19,0,1,0,0,3,0
172,1,133.90240678487837,7,26,3,2,0,0,1,0
163,0,115.0,10,15,3,0,0,0,0,0
159,0,145.07786377583625,8,20,4,2,1,0,1,0
301,0,112.4997462424531,7,30,4,1,1,1,0,0
86,0,76.5,7,13,4,3,2,0,0,0
172,1,113.02638783478513,7,26,4,2,1,0,0,0
88,1,66.75473875247151,8,17,4,2,1,0,0,0
214,0,96.3,8,10,4,2,0,0,0,0
15,0,99.13665326443054,3,3,4,1,1,0,0,0
76,0,120.0,10,10,3,0,1,0,0,0
7,0,183.84190400929745,8,14,4,2,0,0,3,0
26,0,103.80201587295387,10,24,4,2,0,0,0,0
231,2,81.30211476873751,8,1,4,6,2,0,0,0
55,0,77.04717735188194,11,3,4,2,0,3,0,0
82,0,132.77924447439966,5,7,4,2,1,0,2,0
198,0,80.75995301909391,7,3,4,5,2,2,0,0
96,0,94.7802102141006,10,25,4,2,0,0,2,0
152,1,109.87449859701077,7,10,4,1,1,0,0,0
44,0,190.12882427336407,7,14,4,2,1,0,5,0
14,0,223.29952361662873,7,13,4,1,0,0,5,0
11,0,182.95509507115443,5,18,4,2,0,0,3,0
142,1,101.73166656875868,4,22,4,3,1,0,2,0
108,0,76.5,7,21,4,2,0,0,0,0
43,0,105.42438186884482,7,21,4,3,2,0,1,0
36,0,113.53382540557536,3,24,4,2,0,0,0,0
23,1,148.29949205022226,10,22,4,3,0,0,4,0
94,0,121.3768800695567,5,21,4,1,1,0,0,0
8,0,145.7344609524913,3,21,4,1,0,0,2,0
4,0,124.11527725866259,7,28,4,1,0,3,0,0
61,0,140.4,5,27,4,1,1,0,3,0
263,0,110.0,10,21,3,2,0,0,0,0
76,0,106.1548188465921,3,26,4,2,0,0,0,0
79,0,86.67590211841969,3,24,4,2,1,2,0,0
44,0,163.00219081156203,10,30,4,1,0,0,3,0
73,0,80.98047786454919,6,30,4,2,1,1,0,0
19,0,144.4810853126158,8,25,4,3,2,0,1,0
9,1,76.75407430558516,9,15,4,6,2,0,0,0
66,0,93.66928146381998,9,6,4,1,0,0,0,0
56,0,87.57885310069211,3,28,4,3,1,0,0,0
68,0,88.23554263542215,9,5,4,2,1,1,0,0
178,0,96.60580828582955,6,1,3,1,0,0,0,0
154,2,224.05318409452164,8,26,4,2,1,0,4,0
139,0,124.01475286183157,5,20,4,1,1,0,3,0
0,0,100.76643521492082,3,3,4,1,0,0,0,0
157,0,113.66946417355148,7,13,3,1,1,0,0,0
92,0,76.5,5,16,4,2,2,2,0,0
165,0,84.64559857665631,5,22,4,3,0,1,0,0
108,0,150.3,8,16,4,4,1,0,3,0
79,0,119.07,10,8,4,2,0,0,3,0
7,1,185.38913283966536,6,13,4,2,0,0,3,0
220,1,88.01882766266468,9,3,4,1,1,0,0,0
18,0,156.0,5,2,4,3,0,0,3,0
214,0,106.20530106484887,8,28,3,2,0,0,0,0
150,0,162.0,9,22,4,2,1,0,3,0
76,1,72.25,11,15,4,3,0,0,0,0
80,0,168.3,9,11,4,2,0,0,3,0
12,0,180.67202566335405,3,25,4,2,1,0,3,0
112,0,121.14058478106747,8,6,3,0,1,0,3,0
50,0,123.3,9,2,4,2,1,0,3,0
130,0,37.49329584157283,7,15,4,1,1,0,0,0
3,0,65.45471388351092,2,15,2,0,1,0,0,0
35,0,99.36582969757896,12,25,4,2,1,0,0,0
9,1,110.05625860638935,6,31,4,2,0,0,0,0
134,0,96.3,6,28,4,3,0,0,0,0
161,0,130.0,3,25,3,2,1,1,0,0
178,0,112.10937172444947,7,28,4,2,0,0,0,0
190,0,91.02371737717371,10,3,4,2,0,0,0,0
225,1,128.7,10,24,4,1,1,0,3,0
58,0,109.13038175974788,6,26,4,1,2,0,0,0
179,0,137.7,8,22,4,1,0,0,3,0
220,0,115.7281440166568,9,15,3,2,0,0,2,0
46,0,125.15745813117962,8,25,4,1,0,2,0,0
33,0,111.92639399658025,3,22,4,1,0,0,3,0
182,0,98.1,10,11,4,1,0,3,0,0
172,0,94.39258051443602,5,24,3,2,0,0,0,0
383,1,114.15261212429346,10,20,4,0,1,1,0,0
6,0,84.18933375218297,3,13,2,0,0,0,0,0
214,1,90.99412159242358,7,11,4,3,0,0,0,0
151,1,110.88330893398302,7,10,4,2,0,0,0,0
80,0,93.73008080593054,10,25,4,1,0,0,0,0
144,0,97.44042679050938,6,5,4,3,0,2,0,0
16,1,140.738344247632,9,28,4,2,1,0,0,0
84,0,134.17256603263465,8,13,4,2,1,0,0,0
15,0,83.874246693915,2,7,4,1,0,0,0,0
0,0,138.072910697496,7,11,4,1,0,0,0,0
135,0,98.0288762037103,6,25,4,3,1,0,0,0
38,0,151.47,8,18,4,1,2,0,3,0
4,0,110.0,5,22,1,2,0,0,0,0
260,0,98.1833091162078,9,29,4,2,2,0,0,0
30,0,98.0582497727337,3,9,4,2,0,0,0,0
93,1,177.46164539343187,8,27,4,3,0,0,3,0
243,0,86.45921330395288,9,3,4,2,1,2,0,0
164,0,94.5,7,17,4,0,0,3,0,0
156,1,103.16118537486089,9,21,4,3,2,1,0,0
74,0,85.5,4,8,4,1,0,3,0,0
166,0,96.3,7,29,4,2,0,0,0,0
166,0,99.45,8,8,4,3,1,0,0,0
174,0,104.4,10,28,4,2,2,0,3,0
119,0,160.92840162092983,8,20,4,4,1,0,3,0
103,1,92.55419124569418,11,6,4,1,0,0,0,0
72,0,132.6,5,21,4,3,2,0,3,0
177,0,181.35960442805526,6,8,4,4,1,0,5,0
2,0,86.61743655105087,2,22,4,0,0,3,0,0
27,0,211.5487401493705,9,20,4,2,0,0,5,0
6,0,110.0,6,10,1,11,5,0,1,0
65,0,72.0863056105674,7,28,3,0,1,1,0,0
10,0,74.14129399584591,11,12,4,6,2,3,0,0
116,0,109.8,12,25,4,2,1,0,0,0
89,0,119.09755312135962,5,11,4,2,1,0,0,0
9,0,214.85740200137553,4,14,4,3,2,0,5,0
112,0,106.23929147500695,7,15,4,3,0,0,0,0
229,0,88.89962490300401,9,22,4,2,1,0,0,0
20,0,138.4324468504725,6,1,4,1,2,1,0,0
194,0,127.61278920951554,8,27,4,2,0,0,0,0
101,0,142.18747559284796,7,21,4,2,0,0,3,0
90,0,119.11507824102286,6,13,4,3,1,0,2,0
279,0,85.14638516425345,10,28,4,2,1,0,0,0
107,0,155.46622330749955,10,25,4,4,0,0,1,0
28,0,169.7076520094347,4,9,4,2,2,0,4,0
16,0,97.17307581904782,11,19,4,12,5,0,0,0
72,0,119.63268839137392,4,14,4,2,1,0,0,0
74,0,63.05916044378965,3,12,4,3,1,3,0,0
77,1,95.39832612054626,3,22,4,3,0,0,0,0
16,0,84.16549294999105,3,3,4,3,0,3,0,0
134,0,79.30948007388724,9,11,4,1,1,2,0,0
65,0,88.80806589380904,4,1,4,1,0,0,0,0
186,0,124.54419311799498,9,2,4,4,1,0,0,0
192,1,114.75,8,4,4,3,1,0,0,0
136,0,118.8,10,8,4,1,1,0,0,0
182,0,101.10265230806264,8,22,4,3,0,0,1,0
120,0,122.15854454971748,6,27,4,1,0,0,1,0
34,0,159.5700371640729,3,25,4,2,0,0,3,0
12,0,85.0,2,6,4,2,1,0,0,0
12,0,79.0,2,3,4,4,2,3,0,0
39,0,147.61018010189844,11,7,4,3,1,0,0,0
35,0,149.4,8,10,4,1,0,0,3,0
218,0,100.9850547582444,8,28,4,3,1,2,0,0
19,1,234.6888933484144,8,17,4,4,1,0,5,0
288,0,58.01803875146521,10,18,4,3,2,0,0,0
32,0,152.1,7,3,4,2,2,0,0,0
140,0,85.93991522879746,9,15,4,5,2,0,0,0
148,0,136.46247964653472,8,15,3,3,1,0,3,0
34,0,75.55461293133658,11,1,4,2,0,3,0,0
7,0,142.84815580462075,5,9,4,3,0,0,1,0
32,0,148.41276534358124,9,10,4,2,0,0,3,0
46,0,71.8647276774885,3,9,4,2,0,0,0,0
2,0,104.47441632675822,11,23,4,1,0,0,0,0
161,0,122.47582572400994,8,14,4,4,1,0,0,0
196,0,93.67506608237088,10,1,4,1,0,2,0,0
84,0,94.60777232388628,7,17,4,2,2,3,0,0
181,0,137.58609779337402,8,22,4,2,0,0,3,0
14,1,86.44946449818433,8,27,4,4,2,0,0,0
86,0,76.5,4,4,4,1,1,3,0,0
64,1,74.16748668762028,3,9,4,3,1,0,0,0
154,0,101.82819061505661,7,24,4,1,0,0,0,0
93,0,56.05257604576672,7,14,4,6,1,0,0,0
6,0,167.36741086166182,3,7,4,4,0,0,0,0
153,0,100.87769567576397,7,23,4,2,0,0,0,0
94,1,90.455534985804,4,6,3,2,0,0,0,0
121,0,98.47993209159469,5,8,3,1,2,0,0,0
40,0,74.8,11,12,4,4,1,3,0,0
65,1,149.4,9,8,4,2,0,0,3,0
105,0,125.14283771184682,8,26,4,2,0,0,1,0
41,0,97.85565193999699,3,20,4,1,2,0,0,0
181,0,93.64166636489603,8,23,4,3,0,0,0,0
104,0,94.5,7,15,4,1,0,3,0,0
101,0,87.29072267042282,10,16,3,2,0,0,0,0
105,0,108.20512871713305,5,3,4,3,0,0,0,0
82,1,107.1,8,13,4,1,1,3,0,0
131,0,112.26981075976174,10,8,4,2,1,0,0,0
101,0,132.44114932905174,7,27,4,1,1,0,1,0
132,0,100.13300529982978,9,5,4,3,0,0,0,0
200,0,192.55593736873612,8,25,4,3,0,1,3,0
156,1,105.9779101003354,3,24,4,2,0,0,0,0
79,0,105.42507452409868,7,3,4,1,1,3,0,0
104,0,76.5,7,17,4,2,0,0,0,0
85,0,140.18176539149974,5,26,4,2,0,0,3,0
11,1,138.55901949298809,5,29,4,3,0,2,0,0
50,0,159.55703647927044,7,22,4,5,2,0,3,0
86,0,67.43079390076835,5,15,4,3,2,0,0,0
162,0,82.44722479420743,7,28,4,1,1,3,0,0
163,0,115.0,10,15,3,0,1,0,0,0
267,0,105.86537170939513,10,23,3,2,1,0,3,0
49,0,124.62133867860842,9,2,4,1,1,0,1,0
160,0,131.5379574751557,8,4,4,3,0,0,3,0
11,0,121.78611876573163,4,29,3,2,1,1,0,0
92,0,150.34291031741665,8,22,4,3,1,0,3,0
15,0,113.90864141629606,6,12,4,1,1,0,0,0
76,0,125.10245176206826,5,16,4,3,0,2,0,0
43,0,69.2319364296718,2,5,4,2,1,0,0,0
247,0,110.02075066285352,6,6,3,1,1,1,0,0
20,1,129.42084158319784,9,17,4,1,1,3,0,0
256,2,78.55958124454035,12,25,4,5,2,0,0,0
194,0,100.00197933766806,7,22,4,3,0,0,0,0
183,1,112.93374037514117,8,2,4,4,1,0,0,0
180,1,98.48161813053407,9,10,4,0,1,2,0,0
53,0,87.3,3,2,4,2,0,0,0,0
18,0,116.16878965064132,9,2,4,0,1,3,0,0
39,0,135.42185813859248,5,26,4,2,0,0,0,0
155,0,103.1046448841123,8,21,4,1,1,2,0,0
143,0,141.39385558722225,8,17,4,4,1,0,3,0
28,0,66.29,12,2,4,10,4,3,0,0
119,0,126.82803694235511,8,15,4,2,0,0,3,0
13,0,149.57023714905318,8,26,4,2,1,0,3,0
90,0,86.01800724234334,11,8,3,2,0,2,0,0
132,1,115.19440862752549,6,2,4,4,1,0,0,0
4,0,66.15503318646549,8,8,2,0,0,0,0,0
90,1,72.60382951954053,10,19,4,2,0,0,0,0
20,0,169.36584294909352,4,28,4,1,0,0,3,0
34,0,125.54962746832415,3,24,4,3,0,2,0,0
25,0,122.0327700730316,9,18,4,2,1,0,0,0
170,0,117.6910552047899,9,9,4,2,1,0,0,0
54,0,123.3,9,2,4,2,0,0,3,0
92,1,76.5,7,5,4,2,2,0,0,0
359,0,100.77829593135101,9,16,4,2,2,0,0,0
124,0,95.79756761443483,7,2,4,3,0,3,0,0
38,0,140.4,5,12,4,2,1,0,3,0
11,0,139.2457683890005,8,11,4,4,1,3,0,0
54,0,116.1,5,8,4,2,0,3,0,0
262,0,100.3,9,11,4,3,0,0,0,0
90,0,186.15701517645184,5,13,4,3,0,0,0,0
91,0,142.26276679772687,6,19,4,3,1,0,3,0
36,0,69.64561068155861,2,22,3,2,1,2,0,0
166,1,108.60588877077008,9,1,4,1,1,0,0,0
248,0,96.06709401598533,8,12,4,1,0,0,0,0
122,0,76.24451725986762,8,13,4,3,1,1,0,0
200,1,96.70868222535195,8,11,3,3,1,0,0,0
65,0,126.54105586571806,6,19,4,1,0,0,0,0
32,1,108.05666491635203,8,16,4,3,1,0,0,0
1,0,77.57491834615733,11,17,4,11,5,0,0,0
76,0,119.89947397414389,10,10,4,0,0,0,0,0
104,0,107.93133030846263,5,9,4,5,2,1,0,0
21,0,166.45675870310896,5,27,4,0,0,0,3,0
8,0,125.86572731235329,3,2,4,1,0,0,0,0
5,0,172.79291425600488,9,9,4,1,1,0,3,0
88,0,169.28906125014407,6,14,4,3,0,0,3,0
59,0,139.58544661586856,9,18,4,2,0,0,3,0
180,0,85.5,8,25,4,2,0,3,0,0
154,0,107.99964343932915,9,18,4,4,0,2,0,0
211,1,122.0401049309124,8,22,4,4,1,0,2,0
144,0,89.3874080054133,6,14,4,4,1,3,0,0
27,0,119.46534773317657,9,17,4,2,1,2,0,0
173,2,167.6475261486417,10,8,4,2,1,0,3,0
13,0,117.55069136287793,7,29,4,1,0,2,0,0
137,0,90.94012406143395,6,27,4,3,0,0,0,0
21,0,101.90281272568731,2,28,4,3,0,0,0,0
16,1,129.0,8,22,4,0,1,3,0,0
47,0,79.58043875932368,11,12,3,3,1,1,0,0
64,0,168.3,8,8,4,1,0,0,3,0
266,1,128.29933768091848,10,26,4,2,0,0,3,0
96,1,74.06063260056418,11,27,4,2,1,2,0,0
150,0,136.59017758067526,8,15,3,3,1,0,3,0
27,0,71.49574088974505,2,5,4,5,3,0,0,0
188,1,104.8445520912948,8,3,4,2,0,0,0,0
289,0,55.7138669265132,10,18,4,3,2,0,0,0
118,0,121.874910865641,7,27,4,3,0,0,0,0
154,0,94.79915759578822,8,22,4,2,0,2,0,0
31,0,139.83405258571688,4,22,4,3,2,0,4,0
51,0,67.46769150262257,2,25,4,3,0,2,0,0
123,1,78.16462495547097,12,24,4,3,1,1,1,0
154,0,113.4,10,3,4,1,1,0,0,0
170,0,98.49133192146809,4,30,4,2,0,0,0,0
67,1,101.67345739764798,10,8,4,2,0,0,0,0
216,1,177.3,8,6,4,1,1,0,5,0
115,0,107.60986315079931,9,14,4,1,0,3,0,0
139,0,113.15012859261307,6,30,4,3,1,0,3,0
138,0,140.25286738226816,12,26,4,3,0,0,4,0
59,0,86.57116779379079,3,3,4,3,0,0,3,0
9,0,110.82525462553083,4,7,4,2,0,0,0,0
63,0,140.14157981850255,5,27,4,1,1,0,3,0
150,0,120.71591170324653,7,6,4,4,1,0,2,0
70,0,131.91067015379488,4,1,4,1,2,0,3,0
270,0,93.95410585325884,8,29,4,2,1,2,0,0
98,0,85.43242239392742,6,23,3,1,0,3,0,0
18,0,89.25697764233921,3,8,4,1,0,2,0,0
187,1,112.07182392768844,8,3,4,2,2,0,1,0
85,0,104.96701505937187,4,25,4,4,2,0,0,0
178,1,127.02448885168307,8,24,3,1,1,0,0,0
84,0,59.01010095366049,6,25,4,2,1,0,0,0
0,0,90.6360564406252,2,24,4,1,0,0,0,0
248,1,144.06830733447583,10,7,4,2,1,0,3,0
92,0,76.5,7,14,4,3,0,0,0,0
46,1,125.13237711652407,9,9,4,1,0,2,0,0
3,0,140.01063900149674,7,20,4,1,1,0,0,0
2,0,110.15112915527399,4,19,0,2,0,0,3,0
70,0,84.06021858241373,4,23,3,2,2,2,0,0
7,0,156.3423663718025,5,9,4,2,0,0,3,0
237,0,108.21585111899368,9,12,3,3,0,0,0,0
3,0,104.51539026536409,5,24,4,1,1,1,0,0
291,0,71.5858139458352,7,15,4,2,1,0,0,0
99,0,83.07811904881208,4,6,4,2,0,1,0,0
108,1,118.8,10,9,4,2,1,0,0,0
245,0,75.0,6,17,3,2,0,0,0,0
85,0,85.56691348910417,4,4,4,3,0,0,0,0
51,1,158.4,10,17,4,1,1,0,3,0
148,0,201.4169283630482,8,22,4,2,1,0,3,0
92,1,77.40030847708594,6,4,4,1,1,0,0,0
25,0,100.96347438340291,6,23,4,1,0,0,0,0
48,1,74.8,11,20,4,5,2,3,0,0
243,0,85.61904888812715,9,3,4,1,0,2,0,0
218,0,80.56232126890944,7,12,3,2,0,0,0,0
76,0,168.3,5,13,4,2,0,0,4,0
95,0,131.07857572776513,7,26,4,2,1,0,3,0
36,0,126.0,9,4,4,0,1,0,0,0
9,0,167.75374051258308,5,22,4,1,0,0,1,0
69,0,118.3492085132115,11,19,4,3,0,0,3,0
112,0,104.03155987863646,6,9,4,0,1,2,0,0
203,0,86.93677358259112,7,16,4,3,0,0,0,0
169,0,99.45,6,29,4,2,1,0,1,0
151,0,98.7968739239224,8,22,4,4,1,0,0,0
174,0,61.83117440045624,4,20,4,3,1,0,0,0
178,0,97.01899971195648,6,1,3,1,0,0,0,0
197,0,88.21342808127935,8,10,3,1,0,0,1,0
60,0,168.39292915357794,9,24,4,1,0,0,3,0
19,0,159.7086938663217,9,24,3,1,0,0,0,0
125,0,96.24778899237499,7,6,3,2,0,2,0,0
237,1,126.352845809829,9,20,4,2,0,0,0,0
261,0,64.64434194981366,9,26,4,4,1,1,0,0
48,0,198.48671966778707,6,19,4,2,0,0,5,0
49,0,125.6857746580676,9,17,4,2,0,3,0,0
73,0,87.8127152789729,11,25,4,0,0,2,0,0
82,0,132.70660799261753,10,6,4,2,1,0,2,0
42,0,157.90692228000609,7,30,4,2,0,0,3,0
186,1,119.53105697306347,8,10,4,2,0,0,2,0
36,0,134.73645724447334,8,9,4,1,1,0,2,0
279,1,94.20294575685075,11,6,4,3,0,0,0,0
183,0,101.67702129202686,10,4,4,3,0,0,0,0
97,0,166.08611155531645,4,22,4,3,1,0,4,0
256,1,113.37420200641446,6,15,4,2,0,1,0,0
38,0,67.5,2,12,4,1,1,3,0,0
9,0,85.0,2,20,4,1,1,0,0,0
42,0,116.04753725611104,4,11,4,4,0,3,0,0
18,0,100.94305507926519,4,3,4,0,1,0,0,0
110,0,149.4,9,21,4,3,1,0,3,0
261,0,64.58598434935759,12,26,4,3,1,3,0,0
31,0,169.06318680310795,8,11,4,2,1,0,0,0
9,0,128.9209180799142,6,16,4,2,0,2,0,0
131,0,160.93344095009888,7,9,4,2,1,0,3,0
26,1,170.6007373898946,8,27,4,3,1,0,5,0
83,0,139.86834602206025,6,25,4,2,0,0,3,0
100,1,89.77897223792425,10,18,4,2,0,0,0,0
56,0,140.4,5,2,4,1,0,0,3,0
184,0,122.00590519979875,9,3,4,2,0,0,1,0
112,1,100.16899907036728,9,4,4,3,0,0,0,0
65,0,94.69822147578087,4,26,4,3,0,3,0,0
160,0,115.5143683135568,8,7,3,2,0,0,0,0
143,0,108.32491470421644,8,6,4,1,2,3,0,0
273,0,61.65627240466997,4,15,3,3,1,0,0,0
152,1,140.21322727004343,8,3,4,2,0,0,0,0
73,0,110.70740391723852,4,6,4,3,0,0,0,0
121,0,141.79053545786329,6,29,4,2,1,0,3,0
58,0,128.8822384504998,11,21,4,2,1,0,1,0
210,0,100.1639113568174,5,19,3,2,0,0,0,0
74,0,135.9,8,14,4,0,1,0,0,0
60,0,119.73432570116127,6,10,4,3,0,0,2,0
50,0,159.04293189403268,6,16,4,2,0,0,3,0
195,1,121.5,8,15,4,2,0,0,0,0
41,0,150.3,6,5,4,2,0,0,3,0
56,0,88.4,12,26,4,3,1,3,0,0
28,0,141.4705900446786,4,17,4,2,2,0,3,0
274,0,103.20839030439953,9,29,3,2,1,0,1,0
112,0,135.15115998860117,9,24,4,1,0,0,0,0
97,0,159.25976847766063,6,12,4,2,1,0,3,0
73,0,90.60346353504102,4,11,4,3,1,0,0,0
28,0,78.78234324256982,2,17,4,1,0,2,0,0
101,0,125.75594670129809,5,5,4,2,0,0,1,0
191,0,131.6470642727591,6,3,3,2,1,0,0,0
50,0,91.09651826132597,6,19,4,2,0,3,0,0
68,0,77.21494608887656,6,22,3,4,2,0,0,0
75,0,168.3,8,12,4,0,2,0,3,0
100,0,108.0,10,16,3,1,0,1,0,0
162,0,106.80419364477407,8,15,4,2,1,1,0,0
142,0,140.47366855395498,8,13,4,5,2,0,3,0
53,0,140.87875196572998,5,10,4,1,0,0,3,0
185,1,113.17862136510523,9,10,4,2,1,0,0,0
111,0,150.00301379131204,8,22,4,3,0,0,3,0
21,0,132.78145740565063,4,29,4,2,2,0,1,0
71,1,115.08734464379148,4,6,4,1,0,2,0,0
185,0,113.29855473449307,8,14,3,1,1,0,0,0
110,0,60.5201788825715,2,27,3,3,1,0,0,0
168,0,91.00457405011873,7,6,4,3,1,0,0,0
206,1,103.63502395097481,9,5,4,4,1,0,0,0
61,0,94.04432172862877,4,25,3,4,0,2,0,0
84,0,57.44957993187391,2,6,4,1,1,0,0,0
7,0,143.07218102675253,4,11,4,3,0,0,0,0
124,0,114.8514708751548,8,8,4,4,0,0,0,0
147,1,138.2027461115516,7,7,4,2,0,0,3,0
91,0,114.5158778281778,6,23,4,1,2,0,0,0
52,1,79.34977015055769,2,26,4,2,0,2,0,0
138,0,145.36560102251838,8,12,4,3,1,0,3,0
195,0,109.24441075827802,8,30,4,2,0,0,2,0
190,1,90.7988535545027,6,8,4,3,0,0,2,0
9,0,107.46320642346204,3,10,4,2,0,0,3,0
30,0,78.57918760897567,1,16,4,1,0,1,0,0
126,0,89.25,5,10,4,2,1,3,0,0
41,1,122.44463213803752,10,10,4,1,1,0,0,0
92,0,150.54291204798633,9,21,4,4,2,0,3,0
31,0,99.84928867367421,8,29,4,3,0,3,0,0
167,0,62.38054074244122,6,25,4,3,0,3,0,0
114,1,137.10524032582822,5,19,4,2,1,0,0,0
175,0,79.2351962912941,8,4,3,2,0,0,0,0
19,0,118.15,9,19,3,0,1,0,0,0
102,0,106.39789117882255,7,22,4,1,1,1,0,0
100,0,221.2298083739469,8,19,4,3,1,1,4,0
9,0,221.0,5,9,4,2,0,0,5,0
9,1,138.44823604690225,7,16,4,1,0,3,0,0
202,0,90.39886932947344,6,29,3,1,1,0,0,0
106,0,104.74931519759944,4,9,4,4,1,0,0,0
168,0,105.3,8,20,4,1,1,0,0,0
58,0,94.70412864537779,4,24,4,0,1,3,0,0
35,0,63.0,3,24,3,2,1,0,0,0
102,0,97.34585699808375,7,24,3,4,1,0,0,0
3,0,79.0,2,6,4,5,2,3,0,0
77,0,152.38340002197498,5,14,4,1,2,0,0,0
55,0,79.05789488272684,8,7,2,1,0,0,0,0
8,0,116.07235390262805,8,7,3,3,1,0,0,0
160,0,130.05,7,1,4,4,0,0,3,0
49,0,110.32926711040854,9,5,4,2,0,0,0,0
161,0,78.3452297079605,10,3,4,2,0,2,0,0
226,0,120.6918804155495,10,29,4,3,2,0,1,0
16,0,137.91558646712838,4,7,4,3,2,0,2,0
441,0,61.01547672396346,4,26,3,1,0,0,0,0
225,0,111.35744681379438,9,2,4,2,1,2,0,0
82,0,132.71382950633708,9,9,4,3,1,0,2,0
43,0,198.9,5,14,4,1,1,0,5,0
244,1,88.74348536196193,9,29,4,1,0,2,0,0
418,0,100.85455848137408,9,26,3,2,1,1,0,0
86,0,58.94580901774512,6,25,4,2,1,0,0,0
38,0,81.9,3,2,4,2,0,0,0,0
136,2,106.13187989062494,6,11,4,3,0,0,0,0
134,0,119.60403775771009,6,8,4,4,1,0,0,0
8,0,108.94407592772167,4,9,4,2,0,0,2,0
26,0,76.63451583114477,11,16,2,3,0,0,0,0
208,0,72.37000212272993,11,2,3,3,0,0,0,0
156,0,84.24,5,18,4,1,0,0,0,0
177,1,130.0379672403366,8,10,4,2,1,0,2,0
75,0,187.402399614797,6,15,4,2,0,0,3,0
22,0,116.1,10,3,4,2,0,3,0,0
79,0,119.07,10,11,4,2,0,0,3,0
191,0,69.42200282803607,8,26,4,2,0,1,0,0
22,0,128.5721244987386,6,21,4,1,0,2,0,0
12,0,153.37757485523528,8,1,4,0,1,0,0,0
12,0,162.3166517433558,9,23,4,0,1,0,1,0
85,0,103.60444518570644,6,29,4,2,0,2,0,0
182,0,78.79724657319463,10,13,4,1,0,3,0,0
178,0,71.89229762989429,8,18,3,4,1,0,0,0
164,0,97.38792334814504,7,28,4,3,1,0,0,0
25,0,124.56419198228015,4,11,4,3,1,2,0,0
49,1,108.0,10,3,4,3,0,0,0,0
39,0,71.49897668003365,11,11,4,9,4,3,0,0
33,0,69.378616314252,2,12,4,2,1,3,0,0
122,0,104.78577195329338,7,1,4,3,0,0,0,0
20,0,205.9985504502601,6,9,4,4,2,0,5,0
70,0,134.43819393227417,7,6,4,1,0,0,0,0
156,1,105.90910526011403,4,24,4,2,0,0,0,0
204,0,99.48704683852606,7,7,3,3,0,0,2,0
159,1,119.98665788856883,5,25,4,2,0,0,0,0
161,0,115.0,9,13,3,2,1,0,0,0
12,0,84.94297829729013,2,4,4,2,0,0,0,0
98,0,92.38394396017338,4,25,4,1,1,1,0,0
101,0,88.06907677498917,10,16,3,2,0,0,0,0
14,0,204.2569585003344,5,7,4,5,2,0,5,0
57,0,109.65,5,12,4,3,1,0,0,0
309,1,95.88789708785777,10,26,4,2,0,0,0,0
85,0,88.97141181547175,2,13,4,2,0,0,0,0
195,0,96.24317735949097,9,27,4,2,0,0,0,0
178,1,128.07331744129758,8,22,4,2,0,0,0,0
52,0,116.89328536297907,5,5,4,1,0,1,0,0
61,0,148.0176502697156,7,8,4,2,0,0,3,0
183,2,130.29836152492496,8,2,4,3,0,0,0,0
122,0,113.71727233563811,11,24,4,2,2,0,0,0
311,0,77.93041846388252,11,23,4,5,1,0,0,0
10,0,112.09274878287559,3,3,4,4,1,0,3,0
96,0,110.98547420037528,9,25,4,2,0,0,2,0
385,0,90.0,10,22,3,0,1,1,0,0
161,1,120.8278414941348,7,14,4,4,1,0,0,0
21,0,211.40283765267657,9,10,4,3,1,0,3,0
265,0,108.13417588985851,7,24,3,2,0,0,0,0
160,2,114.39793201630357,7,27,4,3,0,0,0,0
69,1,75.08148055718857,10,22,4,4,0,0,0,0
125,0,267.4554956391412,8,2,4,2,0,0,6,0
43,0,65.69721806599078,2,6,3,0,1,0,0,0
66,0,118.8,4,8,4,1,0,0,3,0
123,0,71.3342112037901,11,16,4,3,0,0,0,0
141,0,140.212587167695,8,17,4,4,1,0,3,0
23,0,67.28416762937353,11,21,2,1,0,0,0,0
8,0,120.53106008689731,5,17,4,1,0,0,0,0
119,0,99.45,5,10,4,3,1,0,0,0
160,0,129.29170656683837,5,20,4,3,0,0,3,0
115,0,76.5,8,22,4,1,0,0,0,0
148,0,91.56079001175218,7,24,4,4,1,3,0,0
148,0,100.31728744198038,5,5,4,2,1,0,0,0
170,1,104.1216168938568,7,25,4,2,1,0,3,0
9,1,109.23205704370847,8,30,3,3,0,0,0,0
12,0,122.06769980102708,7,26,4,2,1,3,0,0
36,0,97.75281903770673,9,2,4,1,0,3,0,0
4,0,108.35136738634172,2,12,4,2,0,0,0,0
172,1,126.09969914994858,9,30,4,1,2,0,3,0
39,0,77.77988081255884,4,22,4,1,0,0,0,0
158,0,106.35730899709688,4,12,4,2,0,0,0,0
49,0,94.32615135021666,10,18,4,2,1,0,0,0
128,0,79.36482027099753,10,26,4,1,1,3,0,0
253,0,89.87039500833025,5,4,3,4,0,0,0,0
52,0,133.78817264608824,7,6,4,2,1,0,0,0
251,2,115.99388165430474,9,19,4,0,0,0,2,0
34,0,115.77412672738097,3,16,4,1,0,1,0,0
77,0,99.136224957022,3,25,4,2,1,0,0,0
30,0,155.79127811157625,9,4,4,2,0,0,2,0
68,0,80.13681545336055,3,15,4,4,1,0,0,0
199,0,136.1586919180224,8,20,4,2,0,0,3,0
156,0,100.55992029254067,7,6,4,3,0,2,0,0
65,1,168.3,8,10,4,0,1,0,3,0
63,0,158.76992795573327,6,11,4,1,0,0,3,0
9,0,114.55022099091741,2,27,4,1,1,0,3,0
107,1,121.57375066057004,7,5,4,4,1,1,0,0
99,0,58.57107538785252,9,8,3,3,1,2,0,0
234,0,73.57537569967435,11,28,4,4,0,0,0,0
5,0,78.85969835530327,11,17,4,4,2,3,0,0
156,0,131.7186296414315,10,7,3,4,0,0,0,0
291,0,70.1776307780347,8,20,3,3,2,1,0,0
91,0,79.44250852557427,4,13,4,3,0,3,0,0
111,0,150.49160452283104,8,22,4,4,0,0,3,0
122,0,113.90692779666998,5,12,4,2,1,0,0,0
47,1,76.7801917420233,11,12,4,3,1,3,0,0
7,0,102.04022426836852,6,26,4,1,1,0,0,0
184,0,79.52954686663848,11,16,4,1,0,2,0,0
154,1,135.2243073044561,8,2,4,2,1,0,0,0
106,0,118.78559682322542,8,5,4,3,0,2,0,0
160,1,110.53599155431473,7,17,4,3,0,0,0,0
132,0,100.3,12,7,4,4,1,0,0,0
120,0,72.25,7,18,3,9,3,0,0,0
179,0,108.64130712187557,9,2,4,1,1,0,0,0
135,0,64.95154417134466,3,29,4,4,2,1,0,0
92,0,90.47907228641003,8,3,3,2,1,0,1,0
194,0,86.66695895657062,7,11,4,1,1,0,1,0
83,0,95.16765735865934,3,24,4,3,1,0,3,0
177,0,119.85,9,2,4,2,2,0,0,0
114,0,120.69254600357526,8,5,4,1,1,0,1,0
82,0,145.4454050223653,7,14,4,1,0,1,1,0
159,0,102.61896681170417,7,17,4,1,1,0,0,0
118,0,96.45282452872479,6,27,4,2,0,0,0,0
319,0,3.8126079308967187,8,18,3,2,0,0,0,0
30,0,70.76331821642216,2,10,4,2,1,0,0,0
276,0,79.93373747422474,8,5,3,4,2,0,0,0
189,1,140.12360889794402,8,15,4,2,0,0,2,0
43,0,67.99178611836182,2,5,3,1,1,0,0,0
197,0,108.59227601025044,8,8,4,3,0,0,0,0
38,0,133.92999891840077,3,24,4,2,0,0,0,0
52,0,88.90886307200482,9,4,4,4,0,1,0,0
44,0,111.9686731053968,10,2,4,2,1,0,2,0
137,0,101.94761711727037,7,22,4,3,1,0,0,0
205,1,111.24197857547884,8,21,4,0,2,0,1,0
17,1,79.0,2,14,4,3,0,3,0,0
239,0,93.97259848694515,8,14,4,2,0,2,0,0
40,1,116.1,4,7,4,3,1,1,0,0
276,0,81.35672951245795,12,27,4,4,1,0,0,0
68,0,121.29262545970639,5,10,4,2,0,0,0,0
184,0,151.30221797360338,9,3,3,3,2,1,0,0
168,0,129.96117083633294,7,25,4,4,1,0,3,0
9,0,122.79760275666112,6,11,4,1,1,0,0,0
40,0,140.4,4,21,4,2,0,0,3,0
183,0,110.56337244033641,8,8,3,3,0,0,0,0
23,1,136.87749455845798,9,15,4,2,1,3,0,0
157,0,114.52170297685362,7,6,4,3,0,0,0,0
149,1,141.44857036891344,6,4,4,5,1,0,3,0
122,0,162.0,9,20,4,5,1,0,3,0
31,0,81.9,3,8,4,1,0,0,0,0
59,1,119.19046317210648,9,2,4,1,2,0,0,0
1,0,49.36223750789267,3,6,3,0,1,0,2,0
178,0,72.10407691017801,8,18,3,4,1,0,0,0
39,0,77.49088701391459,6,20,3,1,0,0,0,0
95,0,131.7999997036447,5,12,4,3,1,0,2,0
130,0,86.80490630473479,5,27,4,2,1,3,0,0
170,1,114.75,7,30,4,2,2,0,0,0
3,0,120.39858782759529,8,17,2,1,0,0,0,0
230,0,86.518604965093,8,10,4,1,0,0,0,0
0,0,222.789338122818,5,18,4,1,0,0,3,0
42,0,102.27913656321829,10,2,4,2,0,0,0,0
26,0,108.68617104601927,8,28,4,1,1,3,0,0
246,1,69.04582756029185,10,27,4,2,2,0,0,0
90,0,185.94991885842313,5,14,4,2,0,0,1,0
126,0,72.60819776860876,7,6,3,2,0,1,0,0
195,0,108.14028645267594,8,29,4,1,0,0,1,0
82,0,127.06442096712176,5,20,4,1,0,0,0,0
17,0,147.00422766194686,4,15,4,2,0,0,0,0
109,0,149.62345885755883,8,21,4,2,0,0,3,0
90,0,76.5,7,15,4,3,1,0,0,0
217,1,120.93950297054216,9,9,4,3,0,0,1,0
61,0,126.61574426221132,5,16,4,2,1,0,0,0
46,0,71.470062343111,2,17,4,1,0,3,0,0
6,0,127.42764801141878,7,11,4,1,1,0,1,0
158,0,105.25186503492696,7,18,4,1,0,0,0,0
247,0,115.0,6,6,3,1,1,1,0,0
56,0,118.8,4,22,4,2,0,0,3,0
7,0,221.0,5,10,4,1,0,0,5,0
39,0,116.1,3,6,4,3,1,0,0,0
29,0,156.5330122964501,10,15,4,1,1,0,3,0
111,0,233.67566609951555,8,6,4,2,1,0,4,0
47,1,79.2,11,23,4,2,1,3,0,0
297,1,161.6968102617896,9,19,4,3,2,0,2,0
6,0,160.53539895341612,8,15,4,0,0,0,2,0
231,1,82.05975228877945,8,1,4,6,2,0,1,0
83,0,76.05972738079458,7,24,3,2,1,0,0,0
61,0,135.3743398488418,9,10,4,1,1,0,0,0
4,1,98.0,8,12,4,2,0,0,0,0
59,0,94.65539986618083,4,25,4,2,0,3,0,0
4,0,125.4818468342339,8,12,4,1,0,0,3,0
169,1,126.63736856805879,7,16,4,3,1,0,1,0
52,1,77.17171833418237,2,26,4,1,0,0,0,0
24,1,81.26504119907341,2,8,4,4,1,3,0,0
176,2,90.9,10,29,4,3,1,0,0,0
11,0,97.49572116695278,10,28,4,2,1,3,0,0
67,0,85.5,4,3,4,1,1,3,0,0
113,0,135.9126613362638,8,23,4,1,1,0,0,0
57,0,108.14027055285902,3,30,4,2,0,0,0,0
14,0,132.31931239085412,3,4,4,7,2,0,0,0
152,1,148.95578864627691,7,6,4,3,1,0,0,0
23,1,118.9052159517337,9,19,4,2,0,2,0,0
274,0,91.74758086628506,10,9,4,4,2,2,0,0
15,0,114.0,3,4,4,1,0,0,0,0
25,0,95.0,4,18,4,0,0,0,0,0
205,0,90.95,7,22,4,3,1,0,0,0
93,0,118.8,10,7,4,1,1,0,0,0
173,1,114.50821784894471,7,31,4,2,1,0,0,0
213,1,143.83841688118727,9,9,4,2,0,0,0,0
29,0,135.44719299247217,6,26,4,4,0,0,0,0
21,0,129.0,6,22,4,1,0,3,0,0
172,0,120.44339827562463,8,2,4,2,1,0,0,0
171,0,111.78751104458733,7,30,4,4,2,0,0,0
256,1,131.98490871162906,9,14,4,2,1,0,2,0
11,0,154.0,9,6,4,1,0,0,3,0
75,1,76.5,7,6,4,2,0,0,0,0
40,1,148.89229038577142,8,18,4,0,1,0,2,0
40,0,100.26549976792755,3,21,4,3,0,1,0,0
103,0,141.2053671655114,7,18,4,3,1,0,3,0
2,0,95.64480848759636,4,13,3,1,0,2,0,0
65,0,107.6612305171394,6,17,4,1,0,0,2,0
164,1,102.02387615962326,8,30,4,2,2,1,0,0
229,0,119.5982411396909,9,17,4,2,1,0,0,0
48,0,126.58855893863465,8,27,4,4,1,0,3,0
109,0,151.58674692718867,8,23,4,3,0,0,3,0
115,0,107.58167576088594,6,19,4,2,1,0,0,0
52,0,94.5922213600647,10,6,4,1,0,0,0,0
151,0,119.45219312074857,7,5,4,4,1,0,3,0
5,0,130.99906058350516,9,3,2,4,0,0,0,0
134,0,134.69001595437837,7,28,4,3,1,0,3,0
110,0,263.1714910144695,7,25,4,2,0,0,6,0
138,0,102.3651556973336,7,22,4,3,1,0,0,0
197,0,80.58589914837317,10,29,4,2,2,1,1,0
68,0,159.8731908537285,8,28,4,2,1,0,3,0
95,0,99.4977937941969,3,26,3,3,2,0,0,0
1,0,95.0,11,15,4,0,1,3,0,0
107,0,97.75604299113112,8,19,3,1,2,0,0,0
10,0,169.0,5,24,4,1,0,0,0,0
56,0,90.51211735700961,3,17,4,0,2,2,0,0
34,0,80.55200019154715,3,10,4,2,1,2,0,0
133,0,118.8,9,3,4,1,1,2,0,0
51,0,207.21157783156872,8,14,4,2,0,0,5,0
192,1,108.48660998076495,9,3,4,1,0,0,0,0
255,0,90.0,5,4,3,3,0,0,0,0
0,0,205.8507937169272,6,20,4,2,0,0,5,0
5,0,161.9164772578564,9,17,4,1,1,0,0,0
132,0,113.77099921244734,7,14,4,1,0,0,3,0
226,0,157.03012901915278,8,26,4,2,0,0,5,0
54,1,90.0,7,6,4,3,0,0,0,0
117,0,128.6431959662238,10,3,4,4,2,1,0,0
177,1,104.09713950030273,9,29,4,1,1,0,2,0
83,0,93.6,11,23,4,2,0,0,0,0
143,0,118.8,9,17,4,3,2,3,0,0
11,0,112.42949892910181,4,29,4,2,1,0,3,0
124,0,114.3,8,7,4,2,1,0,0,0
48,0,158.30848941998087,7,3,4,2,1,0,2,0
22,0,118.42147267882548,9,25,4,2,1,2,0,0
11,0,153.09920955335775,8,10,4,1,0,0,2,0
28,0,66.29,12,2,4,10,4,3,0,0
2,0,75.0,8,10,3,0,1,0,0,0
110,0,119.65799680428661,10,10,4,0,1,0,0,0
210,0,93.09010612061334,7,30,4,1,2,0,0,0
93,0,119.46926094326963,5,21,4,2,1,0,0,0
35,0,81.9,3,7,4,2,1,0,0,0
168,1,132.64728646125508,8,13,4,2,2,0,0,0
94,0,131.4,8,24,4,3,0,0,3,0
53,0,136.0390404890924,7,3,4,2,1,0,0,0
18,0,156.0,5,11,4,1,0,0,3,0
97,0,96.3,4,15,4,2,0,0,0,0
37,0,125.42510180885924,8,18,4,0,2,2,0,0
146,0,100.47541394199622,5,1,4,4,0,0,0,0
51,0,117.46290302154125,4,26,4,2,1,0,1,0
191,0,115.9634376277079,6,3,3,2,1,0,0,0
49,0,84.59064650514988,3,9,4,2,1,0,3,0
60,1,123.53870738486995,9,3,4,1,1,0,3,0
205,0,82.62150347852297,6,20,3,3,1,0,0,0
51,0,126.9,5,19,4,1,0,0,0,0
111,0,265.94278726569087,7,14,4,0,1,0,5,0
102,0,150.3,8,24,4,4,0,0,3,0
162,0,105.3,7,26,4,0,0,0,0,0
69,0,118.0481882512898,4,22,4,1,1,0,2,0
177,1,123.15899362801375,9,6,3,3,0,0,2,0
218,0,85.91596192971109,8,2,4,2,0,1,0,0
44,0,88.76467497789118,11,19,4,1,1,0,0,0
162,0,166.14772397658365,8,22,4,2,2,0,5,0
17,0,159.3102485792816,9,22,4,1,0,0,0,0
114,0,195.9175352077309,5,18,4,2,0,0,4,0
28,1,138.9966573610349,8,28,4,1,0,0,0,0
89,0,77.00420845807865,7,11,4,4,0,0,0,0
72,0,100.5271902323652,4,3,4,1,1,0,3,0
115,0,60.153261562612,2,27,3,2,2,0,0,0
19,0,114.91010799537592,10,1,4,1,1,2,0,0
34,0,98.1,2,28,4,4,0,0,0,0
152,0,98.92077350592075,8,23,4,4,1,0,0,0
111,1,150.41108702223,6,13,4,4,2,0,3,0
88,0,75.43633738829988,3,7,4,2,0,1,0,0
6,0,153.9971180348682,4,15,4,1,0,0,3,0
122,0,119.78618224576279,7,15,4,1,1,0,1,0
36,0,89.20365884332068,5,21,4,1,0,3,0,0
79,0,104.78438610098297,7,19,4,1,0,0,0,0
274,1,99.1299154157401,10,19,4,3,0,0,2,0
33,0,126.16676586468895,3,24,4,3,0,1,0,0
110,0,149.80777599141118,8,21,4,4,1,0,3,0
230,1,76.77036885970156,10,2,4,1,0,0,0,0
152,0,133.2162177381261,7,16,4,4,2,1,0,0
103,0,151.6340281789464,10,6,4,0,0,0,2,0
132,0,107.82547257964657,10,1,4,1,1,2,0,0
11,0,148.99309775491693,8,25,4,0,2,0,0,0
59,0,126.9,5,13,4,2,0,0,0,0
17,0,136.01311825575624,7,19,4,1,0,0,0,0
6,0,126.10959981650014,8,11,4,1,1,0,0,0
123,0,115.02984698544232,7,7,4,1,1,1,0,0
266,0,77.32237490634256,12,23,4,6,1,0,0,0
44,0,96.75477796290905,6,30,4,2,0,3,0,0
93,0,116.65964469474568,5,2,4,0,1,2,0,0
68,0,87.86203836359523,9,5,4,2,0,1,0,0
193,0,98.87960837645362,8,3,4,2,1,1,0,0
31,0,161.2727905212859,4,21,4,1,0,0,4,0
118,0,90.9,4,15,4,1,0,0,0,0
34,0,93.73708061793903,12,20,4,1,0,0,0,0
103,0,126.9,5,8,4,2,0,0,0,0
289,0,96.0792649918766,10,29,4,3,1,0,0,0
35,1,129.0,10,26,4,4,0,0,0,0
44,0,96.70829445679892,6,18,3,1,1,0,2,0
48,0,107.1,6,28,4,2,0,3,0,0
103,0,245.8193963046917,9,22,4,2,1,0,5,0
72,0,75.8008814031051,10,30,4,0,1,0,0,0
38,0,115.73805770325747,4,11,4,2,1,2,0,0
199,0,80.75,8,3,4,4,1,3,0,0
230,0,137.0,9,6,3,5,0,0,0,0
1,1,158.62906426299193,9,17,4,2,0,1,1,0
66,0,110.36613660019685,11,26,4,2,1,0,1,0
200,0,112.98918244391668,9,23,3,2,2,0,3,0
28,1,118.91083540232935,9,19,3,3,0,2,0,0
92,0,107.97784248889947,7,19,4,1,1,1,0,0
126,0,83.87397003742244,6,26,4,1,1,1,0,0
190,0,98.35711265030866,9,5,4,4,1,2,0,0
155,0,162.88060645051996,8,1,4,2,1,0,1,0
91,1,64.11679057152796,11,1,4,14,3,0,0,0
29,0,131.14563520749462,5,27,4,3,1,0,0,0
13,0,332.8446206672862,8,17,3,1,0,0,4,0
37,0,133.31928415799555,7,1,4,1,0,0,1,0
123,0,143.03854722920272,8,21,4,4,2,0,3,0
230,1,82.22858971179957,8,1,4,6,2,0,0,0
143,0,108.0,10,6,4,2,0,3,0,0
74,0,85.5,4,8,4,1,0,3,0,0
16,0,83.86552046416175,3,4,4,2,1,3,0,0
76,0,132.06698189235598,7,2,4,1,0,0,2,0
126,0,142.20300665690823,5,31,4,3,0,0,0,0
95,0,156.0359480634869,9,29,4,4,2,0,4,0
61,0,97.15104141522315,5,21,3,1,1,0,0,0
37,0,115.45667221404369,4,12,4,1,0,1,1,0
0,0,201.23042739935542,8,16,4,1,0,0,3,0
112,0,85.27408444513938,6,29,4,2,1,0,0,0
69,0,185.59495409562285,4,22,4,2,0,0,4,0
44,0,250.47583305171023,5,15,4,3,0,0,2,0
47,0,97.60047509655233,3,14,4,5,1,0,3,0
271,1,101.07748483726826,9,20,3,3,0,0,0,0
136,0,198.0,8,8,4,3,1,1,3,0
54,0,70.94110187423779,11,12,4,1,1,2,0,0
44,0,113.31782760917945,10,2,4,0,1,0,0,0
61,0,205.03458397216252,10,8,4,1,1,2,4,0
238,1,71.68221488958292,11,30,4,2,1,2,0,0
64,0,152.29777680780154,9,16,4,2,0,0,0,0
4,0,108.96251039849547,3,10,4,2,0,0,0,0
9,0,100.32159205412562,5,25,4,0,0,0,0,0
180,0,103.92687853622994,7,30,4,2,1,0,0,0
179,1,104.34303440055245,9,28,4,2,2,0,2,0
27,0,142.33067520399888,4,13,4,3,1,0,2,0
19,0,102.08532323957733,3,29,4,2,1,0,1,0
34,0,138.11410496348088,9,1,4,2,1,0,1,0
3,0,121.29104206058307,8,19,3,1,0,0,0,0
184,1,112.58265178652096,9,9,4,3,0,0,0,0
113,1,75.48889177123394,9,10,4,3,2,1,0,0
28,1,151.63724751919062,7,2,4,1,0,0,0,0
64,0,146.81663786872778,7,25,4,2,0,0,3,0
115,0,120.2200130169787,8,4,4,2,1,0,0,0
349,0,96.53909417982693,10,4,3,5,1,0,0,0
219,0,156.5006003431954,8,15,3,1,1,0,0,0
38,1,116.2601516882854,3,19,4,0,2,0,3,0
311,0,38.80192367955782,10,23,4,2,0,0,0,0
146,0,130.01077494926665,8,12,3,1,0,0,0,0
28,0,288.8566566768446,7,22,4,2,1,0,6,0
230,1,174.1454032171451,8,16,4,1,1,0,4,0
127,0,89.99356006548462,7,24,4,3,1,3,0,0
211,1,121.55,9,21,4,2,1,0,3,0
40,0,76.5225270713549,2,15,4,4,2,1,0,0
260,0,112.77441302305361,9,21,3,2,0,2,0,0
145,0,118.8,8,22,4,2,1,1,1,0
28,0,108.70999473469266,5,14,4,3,0,0,2,0
191,0,89.73928812665466,10,18,4,2,2,1,0,0
139,0,130.9592155411546,7,16,4,8,3,0,0,0
29,0,139.27500728563626,9,2,4,3,0,0,0,0
45,0,113.4135482998695,4,9,4,3,1,0,2,0
215,0,96.3,7,6,4,1,0,0,0,0
66,1,104.69393235026367,11,9,4,2,0,0,0,0
308,0,100.88050506310427,5,13,4,2,1,0,0,0
119,0,122.75796024752248,7,15,3,1,0,0,0,0
183,0,92.52759204113303,8,24,4,3,0,0,0,0
50,0,104.49895735227751,7,9,4,0,1,3,0,0
110,0,131.24155406051327,7,1,4,3,0,0,1,0
21,0,140.0,8,29,4,1,1,0,2,0
79,0,63.05629710891837,8,26,3,0,1,3,0,0
277,0,83.73364191678436,12,29,4,2,1,0,0,0
227,0,103.68051726725058,6,28,4,6,2,0,3,0
24,1,89.10944990199145,11,17,4,2,0,3,0,0
8,0,79.2769263055691,5,22,3,1,0,2,0,0
49,0,108.0,10,3,4,3,1,2,0,0
6,0,95.0,4,4,2,1,0,0,0,0
74,0,76.37122052581162,10,30,4,1,1,0,0,0
182,1,119.8988086106762,9,11,4,1,0,0,0,0
128,0,122.24863629131032,7,17,4,3,1,0,2,0
166,1,105.2011054122716,7,8,4,1,1,0,0,0
11,0,141.36970794623042,5,16,4,2,0,0,0,0
73,0,109.45815449366019,10,30,3,0,1,0,0,0
22,0,140.0,9,29,4,1,1,0,0,0
162,0,130.03980908807952,7,4,3,3,0,0,3,0
132,0,101.14250824583922,8,23,4,3,0,0,0,0
92,1,132.3,10,20,4,3,0,0,3,0
117,0,81.41462484760879,3,27,4,3,1,2,0,0
270,0,62.8,4,20,3,4,0,0,0,0
17,0,155.38720720051396,4,30,4,2,0,0,3,0
303,0,52.0,11,20,3,2,0,0,0,0
128,0,104.31803585977728,12,26,4,1,1,0,3,0
40,0,75.79091124508105,9,19,3,2,0,0,0,0
106,0,124.2,11,4,4,2,1,1,0,0
30,0,76.31826292972941,1,17,4,2,0,0,0,0
187,0,105.47796825188344,9,18,4,2,0,0,0,0
99,0,154.90362245508615,4,13,4,3,0,0,4,0
246,1,81.74761770074485,8,8,4,3,0,0,1,0
183,1,111.55715025666585,8,8,3,3,0,0,0,0
26,0,166.74812938151362,6,28,4,2,0,0,3,0
70,0,120.40829968874937,5,12,4,2,1,0,0,0
183,0,124.78460558687937,10,4,4,3,0,0,0,0
63,0,90.58276954625818,9,6,4,2,0,1,0,0
109,0,89.34700677743345,10,23,4,2,1,2,0,0
194,1,106.29032746734647,8,11,4,1,2,0,0,0
73,0,88.0,11,25,4,1,0,3,0,0
67,0,113.76773428353381,4,13,4,3,0,1,1,0
189,0,65.91974797729591,7,26,4,4,1,0,0,0
35,0,130.4894931886005,4,25,4,1,0,0,3,0
111,0,137.95022086652781,7,1,4,3,1,0,3,0
24,0,79.2,11,21,4,2,1,3,0,0
73,1,112.77576278674215,4,6,4,2,0,0,0,0
77,0,82.74452503387776,4,12,4,3,0,3,0,0
67,0,159.3,8,29,4,2,1,0,3,0
209,0,168.00926366503097,8,2,4,3,0,0,5,0
117,0,100.33457525257855,6,15,4,2,1,0,0,0
144,0,139.25693145653324,8,19,4,2,0,0,3,0
107,0,154.83469158170695,9,24,4,4,0,0,1,0
48,0,121.53839354473087,5,28,4,0,2,0,0,0
144,0,118.8,9,18,4,2,1,3,0,0
128,0,119.79052701288772,6,19,4,2,1,0,0,0
36,0,125.97112562009507,9,4,4,0,1,0,0,0
60,0,105.34581331328242,6,23,4,1,1,0,0,0
208,0,111.47531397392541,9,28,4,2,1,0,0,0
11,1,140.0,11,7,4,1,0,1,1,0
77,0,119.68974427389037,10,10,4,0,0,0,1,0
275,0,61.38511234135222,5,11,3,2,1,0,0,0
116,0,95.75236735475688,8,4,3,1,2,0,1,0
26,0,140.4908394048652,5,26,4,2,0,0,1,0
102,0,108.89313380457014,10,14,4,1,0,1,0,0
218,1,104.97143916007855,10,5,4,2,1,0,0,0
17,0,79.48762757199714,5,29,2,2,0,0,0,0
47,0,79.2,11,11,4,1,1,3,0,0
59,0,129.88529479055862,11,22,4,2,1,0,2,0
29,1,99.21029785522563,3,9,4,11,4,0,1,0
90,0,99.58021038371585,3,23,3,4,2,0,0,0
123,0,162.0,9,20,4,5,1,0,3,0
53,0,151.38270173466873,6,29,4,2,1,0,3,0
238,0,86.75597495062112,7,5,4,1,0,0,0,0
90,0,88.90113840370213,11,5,4,1,0,1,0,0
67,0,86.89145997465161,3,13,4,4,1,1,0,0
175,1,130.05,8,2,4,4,0,0,2,0
4,0,88.46677214680773,5,17,4,1,1,3,0,0
57,0,109.65,5,12,4,3,1,0,0,0
152,1,122.4519988477389,8,7,4,3,0,0,3,0
178,0,124.98933552400625,8,3,4,2,1,0,0,0
35,0,114.73611813991552,3,24,4,1,0,1,0,0
69,0,159.3,5,10,4,1,0,0,0,0
70,0,159.3,6,29,4,2,1,0,3,0
21,0,129.9551466374547,9,18,4,1,1,2,0,0
197,1,112.49255356246803,8,25,4,5,2,0,0,0
2,0,107.69018786822582,5,22,1,0,1,1,1,0
14,0,131.82431336570522,4,4,4,9,3,0,3,0
26,0,77.04528229913487,12,20,4,2,1,1,0,0
146,1,116.29503396529982,7,2,4,5,1,0,1,0
12,0,128.2008425300892,2,29,4,14,5,0,3,0
29,0,111.66203825645263,10,2,4,1,0,3,0,0
168,0,105.78704512766002,7,20,3,1,1,0,0,0
51,0,156.6,12,22,4,1,1,0,5,0
125,0,135.0,10,9,4,1,1,0,3,0
10,0,143.337136035326,4,12,4,3,0,0,3,0
96,0,112.01,5,22,4,2,2,0,1,0
162,0,115.0,10,14,3,1,1,0,0,0
23,0,83.55292325402738,8,24,4,3,1,0,0,0
4,0,141.78174318284266,7,18,2,2,2,0,2,0
187,1,180.85086412324208,7,17,4,2,0,0,4,0
5,2,92.0206053514632,8,17,4,9,2,0,0,0
146,0,177.08296117830469,8,2,4,1,2,0,3,0
43,1,81.2545212472948,3,13,4,1,1,0,0,0
131,0,114.12134336319097,5,13,4,1,0,0,3,0
262,0,100.3,10,7,4,3,2,0,0,0
124,1,105.29850807724975,11,25,4,3,0,0,3,0
32,1,159.28867334608753,3,25,4,1,0,0,3,0
155,1,115.45120721418442,7,8,4,3,0,0,0,0
30,0,186.22,11,2,4,9,4,0,5,0
8,0,143.17025328375172,6,8,4,2,0,0,2,0
10,0,119.59599314562051,10,11,4,1,0,0,0,0
44,0,211.05100627258972,3,21,4,2,1,0,5,0
131,0,105.58952471110416,7,3,4,4,0,0,0,0
180,0,120.0,10,10,3,2,0,0,0,0
172,1,138.41235261177246,8,12,4,2,0,0,3,0
45,0,198.9,5,14,4,1,0,0,5,0
130,0,114.3,8,7,4,4,1,0,0,0
287,0,116.45351565735939,8,16,4,2,0,1,0,0
3,0,139.0,6,28,4,1,0,1,0,0
63,0,152.57085752551546,9,18,4,1,1,0,0,0
2,0,80.34150707701954,2,4,4,1,1,3,0,0
90,0,150.37722154475966,8,22,4,5,0,0,3,0
199,0,139.67897037136424,10,16,4,1,0,0,3,0
45,0,86.4,11,20,4,0,1,0,0,0
241,0,107.72016870274533,7,9,4,2,1,0,1,0
78,0,72.27589609302534,3,28,4,3,0,3,0,0
153,1,111.85172958779322,7,10,4,1,1,0,0,0
43,0,106.92555239263885,4,1,4,1,0,0,0,0
66,1,128.2755743124893,4,2,4,1,2,0,3,0
279,1,107.0,8,11,4,2,0,0,0,0
64,0,126.8186997283933,6,20,4,1,0,0,0,0
131,0,94.5,8,17,4,1,1,1,0,0
199,0,72.32594031972691,6,2,4,2,0,1,0,0
287,2,102.04267028945246,9,29,4,3,0,0,0,0
78,0,112.00887250383096,7,8,4,1,2,0,0,0
40,0,103.62358572781268,6,27,4,2,0,3,0,0
50,0,97.80408229682007,6,2,4,0,0,1,0,0
309,0,78.10940818845135,11,23,4,4,0,0,0,0
58,0,86.4697543786957,3,26,4,3,0,0,0,0
13,0,64.06864553130995,5,13,3,3,1,1,0,0
32,0,103.10892391425256,8,28,4,0,1,2,0,0
238,0,90.16449663414595,7,13,4,3,1,0,0,0
237,0,90.95,7,12,4,3,1,0,0,0
178,0,127.64331237945342,7,28,4,4,1,0,2,0
184,2,128.7,10,18,4,2,0,0,3,0
16,0,129.7286677206928,3,4,4,3,0,0,3,0
161,0,95.94323121244418,6,18,4,4,0,3,0,0
33,0,124.92242770852164,10,4,4,0,0,0,0,0
5,0,151.36874416149158,9,7,4,2,0,0,0,0
211,1,143.1,9,6,4,1,0,0,0,0
60,0,77.5193938585293,3,17,4,2,1,2,0,0
1,0,88.4206526710783,3,9,2,0,0,1,0,0
199,0,94.72467020996304,8,1,4,6,1,0,0,0
217,1,63.85847767622933,11,20,4,1,1,3,0,0
33,0,170.2791693718836,8,9,4,1,1,0,1,0
77,0,98.78180420463195,3,24,3,2,0,0,0,0
16,0,66.81126155678938,2,5,4,5,2,0,0,0
153,0,119.12013214281636,6,12,3,1,0,0,0,0
76,0,76.5,7,6,4,4,1,0,0,0
46,0,125.5470190794246,9,6,4,2,0,0,2,0
166,0,135.6264714638641,8,20,4,1,1,0,0,0
163,0,115.0,10,15,3,0,1,0,0,0
176,0,95.08232984053872,6,25,4,3,0,0,0,0
86,1,149.4,9,15,4,1,0,0,3,0
188,0,71.2370931631174,7,7,3,2,1,0,0,0
209,1,128.13748953547943,7,7,4,1,1,0,0,0
118,1,79.56056998508582,10,24,4,3,0,2,0,0
123,0,92.21194183987637,3,29,4,2,0,0,0,0
169,0,107.1515222046436,4,20,3,2,2,2,0,0
106,0,55.54730125287921,11,18,4,2,1,0,0,0
29,0,98.03811869390536,3,11,4,3,0,1,0,0
195,1,119.8932576026164,8,16,4,3,0,0,0,0
385,1,114.69037865650996,10,22,3,0,1,1,0,0
54,0,125.93349501213073,9,10,4,1,1,3,0,0
118,0,159.3,6,2,4,3,0,0,2,0
198,0,85.06754192240878,8,28,4,0,1,3,0,0
28,0,118.89822144170175,7,29,4,1,0,0,0,0
9,0,165.64707791218032,7,21,4,0,0,0,3,0
8,0,92.52302021532587,2,23,4,2,0,0,0,0
62,0,107.99656989738043,9,30,4,4,0,0,3,0
3,0,89.62356691442146,3,16,4,1,1,2,0,0
145,0,100.3,6,1,4,3,0,0,0,0
74,1,97.35122936743491,4,15,3,1,1,0,0,0
65,0,136.92543854849032,8,7,4,2,0,0,3,0
0,0,206.4676854657714,7,18,4,1,0,0,4,0
15,0,115.42984821583829,7,11,4,1,1,0,0,0
150,0,120.31430323110146,7,6,4,5,1,0,0,0
94,0,72.26337893045486,10,16,4,1,0,0,0,0
4,0,124.2757514533152,9,12,4,2,0,0,2,0
33,0,108.94218084390741,9,2,4,0,2,3,0,0
63,0,79.2,11,23,4,1,0,3,0,0
74,0,134.77455230265392,6,14,4,1,2,0,1,0
16,1,130.90927219745413,7,27,4,2,0,0,0,0
113,1,76.5,8,22,4,1,0,0,0,0
5,0,134.494376354492,9,5,4,1,0,2,0,0
179,0,70.88053401081537,9,16,3,2,0,0,0,0
134,0,92.67921461453975,5,14,4,3,0,0,0,0
254,0,93.76247072612689,8,4,3,3,0,0,0,0
8,1,136.13469736304768,9,16,4,2,1,3,0,0
51,0,67.5,2,25,4,2,0,3,0,0
261,0,77.68277862976804,12,26,4,4,1,0,0,0
0,0,134.7532775797063,8,5,4,1,0,0,0,0
19,1,149.51358918546458,8,24,4,0,0,2,0,0
53,0,145.85475640082683,9,23,4,3,2,0,3,0
68,0,120.11257429298426,5,11,3,3,1,0,0,0
82,0,162.57419482105794,5,3,4,2,0,0,4,0
165,0,109.960581593315,10,1,4,3,0,0,0,0
128,0,152.7381794914785,9,10,4,2,0,0,3,0
112,0,78.37129595248665,5,8,4,3,1,0,0,0
176,1,124.29409749353923,7,24,4,1,2,0,0,0
33,0,135.51915192677077,8,8,4,1,1,0,0,0
78,0,96.40872858845442,8,1,4,1,0,0,1,0
15,0,99.0,8,12,4,0,1,0,0,0
119,0,128.14674382021568,8,15,4,2,0,0,2,0
148,0,99.63770454073575,5,5,4,2,1,0,0,0
97,0,94.26650160046337,8,25,4,2,0,1,1,0
3,0,145.77055405817416,4,13,4,2,0,0,3,0
153,1,123.02008395987428,8,7,4,3,0,0,3,0
287,0,116.39671881868706,8,16,3,2,0,1,0,0
76,0,185.11143302780454,7,15,4,2,0,0,3,0
181,0,111.74128765658172,7,1,4,4,1,0,0,0
195,0,121.5,8,13,4,1,0,0,0,0
170,1,97.92998477585122,8,14,4,2,1,0,0,0
109,0,150.62710139834323,8,23,4,2,0,0,3,0
286,0,90.00326328906996,10,16,4,0,1,0,0,0
232,0,101.14675539207063,7,12,4,4,0,0,0,0
106,0,152.1,8,24,4,4,0,0,3,0
261,0,106.15805090409187,11,14,3,3,0,0,1,0
297,1,117.74514137629893,8,23,4,1,0,0,0,0
68,1,76.5,7,21,4,5,2,0,0,0
38,0,125.94725259439106,10,2,4,1,1,0,0,0
61,0,68.1939078121027,7,13,4,7,2,0,0,0
71,0,111.24358800296919,10,29,4,1,1,0,0,0
192,0,102.0,9,25,3,3,2,0,0,0
22,0,233.2968216984478,9,4,4,2,0,0,4,0
58,0,87.99749251717655,3,24,4,1,0,2,0,0
56,0,81.31956388247067,4,20,4,3,1,3,0,0
123,0,202.60411287769594,8,25,4,0,1,0,5,0
34,0,159.17464316878718,3,24,4,2,0,0,3,0
248,0,98.23450270632812,8,9,4,2,0,0,0,0
129,0,118.8,9,8,4,1,0,0,0,0
62,0,133.4909372379098,9,19,4,1,0,0,2,0
248,0,89.41870443667104,10,22,4,2,1,0,0,0
20,0,156.5,5,14,4,3,1,0,2,0
154,0,178.99228204170367,5,23,4,6,3,0,3,0
0,0,216.35655766220043,9,5,4,1,0,0,5,0
236,0,45.51029063670429,10,11,3,0,1,0,0,0
188,1,105.47892919758979,8,3,4,3,0,0,0,0
37,0,140.4,5,27,4,1,0,0,3,0
61,0,125.80514267454573,10,18,4,2,0,0,3,0
63,0,121.4937210496072,7,24,4,2,1,0,0,0
3,0,95.96029234307048,5,13,4,1,0,2,0,0
13,0,111.65979903083243,2,4,4,1,0,0,0,0
259,0,67.95614252921149,12,26,4,5,2,3,0,0
1,0,109.16141228142688,7,29,3,1,0,2,0,0
127,0,130.5,7,7,4,1,0,0,0,0
163,0,100.02619989139258,10,2,3,2,0,0,0,0
50,0,260.3457549815882,6,4,4,1,1,0,5,0
60,1,107.272833427987,3,30,4,2,0,0,0,0
254,0,100.37264236647873,8,28,4,3,0,0,0,0
39,0,131.4,3,20,4,1,0,0,3,0
107,0,118.88912921484693,8,4,4,3,0,2,0,0
164,0,146.7,8,12,4,1,1,0,0,0
149,0,85.41701616480651,8,28,4,0,2,3,0,0
37,0,118.8,4,21,4,2,1,0,3,0
1,0,95.03717802125279,5,25,0,1,0,0,0,0
214,2,177.3,8,4,4,1,0,0,5,0
28,0,138.74614096691886,9,20,3,1,0,0,0,0
50,0,126.00376308973964,3,21,4,2,0,0,0,0
28,0,77.27392994586205,2,5,4,1,2,0,0,0
29,0,78.6899120301848,2,17,4,1,0,1,0,0
216,0,172.62786309851367,10,6,4,4,1,0,0,0
134,1,161.53872208624836,11,26,4,4,1,0,4,0
63,1,68.39202828614317,7,12,4,4,1,0,0,0
87,0,109.9130181720172,4,28,4,3,2,1,0,0
33,0,71.59661043979659,2,13,4,1,1,2,0,0
138,0,94.91633330357283,7,1,4,2,0,0,0,0
163,0,139.65651104126417,7,30,4,2,0,0,3,0
37,0,117.03285628661678,6,18,4,1,0,1,0,0
49,0,159.16483120128447,6,20,4,1,0,0,3,0
115,0,215.40965089406998,8,29,4,2,0,0,5,0
3,0,122.48158200210555,9,18,2,2,1,0,0,0
168,0,171.06699345219621,10,6,4,2,1,0,1,0
81,0,74.32074208836798,5,25,3,0,1,0,0,0
175,0,108.97685036755243,9,6,3,2,0,0,0,0
158,0,114.3,7,7,4,2,0,0,0,0
277,0,83.63126831030151,12,29,4,2,1,0,0,0
92,0,150.3,8,22,4,2,1,0,3,0
55,0,68.12300016511202,11,15,4,1,2,3,0,0
230,0,95.7484869113239,7,26,4,2,0,0,0,0
135,0,110.78115814342215,6,29,4,3,0,0,1,0
67,0,68.0,7,3,4,1,1,0,0,0
220,1,76.83475199395129,7,11,4,4,0,0,0,0
8,0,169.10598075561234,6,23,4,1,0,0,0,0
83,0,71.69684045241218,10,19,4,0,2,2,0,0
70,1,161.42086358239854,6,27,4,1,2,0,3,0
153,2,135.28229442720425,7,19,4,2,1,0,3,0
135,0,89.96570463146136,10,2,4,3,0,0,0,0
101,0,107.5967744436408,9,18,4,1,0,1,0,0
85,0,127.53785136706416,4,20,4,2,0,0,2,0
161,0,96.25945507354912,7,1,4,2,0,0,0,0
47,0,123.81329812800675,8,30,4,4,1,0,3,0
15,0,84.49821814598822,2,6,4,1,0,0,0,0
76,0,118.76656296644298,8,22,4,4,0,0,0,0
22,0,153.51916061183667,8,25,4,3,1,0,2,0
170,2,114.75,8,6,4,4,1,0,0,0
134,0,104.93448429469142,5,18,4,2,0,0,0,0
196,0,100.44970682043987,8,9,4,3,1,0,0,0
149,0,90.31633326858005,7,25,4,13,4,3,0,0
9,0,112.47763338933373,2,28,4,2,1,0,3,0
58,0,139.55262182261507,9,19,4,2,0,0,3,0
44,0,145.32609344244767,9,5,4,2,1,0,0,0
173,0,104.27341986249627,9,28,4,2,1,1,1,0
55,0,140.32519767253794,5,9,4,1,0,0,3,0
3,0,80.77048789605435,2,4,4,1,1,3,0,0
58,0,86.45383290684943,3,26,4,3,0,0,0,0
174,0,68.85711896600971,9,11,3,1,1,0,0,0
73,0,135.1317051110224,9,12,4,3,1,0,0,0
35,0,153.2352963816782,5,27,4,2,0,0,2,0
63,0,116.1,6,17,4,2,0,3,0,0
102,0,79.2,11,3,4,2,0,3,0,0
28,0,101.52644589951443,2,5,4,5,2,0,3,0
287,0,103.10955630323522,9,29,4,3,0,0,0,0
4,0,138.65488038664594,7,2,4,1,0,1,0,0
2,0,88.78528392271984,3,9,3,1,0,2,0,0
80,0,119.07,10,8,4,3,0,0,3,0
77,0,90.9,4,7,4,1,0,0,0,0
5,0,166.77148425205067,7,21,4,0,0,0,0,0
178,0,88.51487300749741,7,22,4,2,0,2,0,0
59,0,105.58726821261202,4,24,4,1,1,0,0,0
195,1,90.60199925704518,10,17,4,3,0,0,0,0
152,0,90.31914652983245,8,19,3,4,1,1,0,0
252,0,112.84237419711985,9,16,4,0,1,0,1,0
185,1,81.30878435085839,5,6,4,2,0,0,0,0
77,1,94.7279034826716,3,22,4,3,0,0,0,0
177,0,113.74424074555164,7,22,4,0,1,0,0,0
183,1,103.6911223851453,10,4,4,2,0,0,0,0
123,0,104.4,10,25,4,2,0,0,3,0
112,0,58.58987434778549,3,25,3,2,1,0,0,0
132,0,133.09915738556248,7,23,4,4,0,0,3,0
48,0,125.56618538576839,9,2,4,0,1,0,1,0
0,0,83.20648362206482,2,9,4,1,0,1,0,0
93,0,117.86254480724355,7,22,4,1,0,0,0,0
96,1,90.0,11,17,4,1,0,0,0,0
27,0,141.24206662597476,5,9,4,2,0,1,0,0
242,0,95.42575359061705,9,8,4,2,1,2,0,0
81,0,96.36898042873108,4,1,4,1,0,0,3,0
123,0,200.16777684241563,6,28,4,1,0,0,5,0
109,0,119.91272937037198,10,8,4,0,1,0,0,0
197,0,77.52632660064933,5,12,3,3,0,0,0,0
106,0,53.23135619821092,7,18,4,2,0,0,0,0
188,0,110.63283659644227,9,4,4,2,1,0,0,0
23,0,229.78647603798225,9,6,4,2,0,0,4,0
175,0,129.50636549778685,7,25,3,1,0,0,0,0
7,0,141.55753811017698,5,8,4,3,0,0,3,0
146,0,80.75,7,29,4,2,1,0,0,0
195,2,112.20020960316944,8,17,4,5,2,0,2,0
42,1,127.24907831321924,10,11,4,1,1,0,1,0
149,0,128.59756287933368,7,18,3,2,0,0,0,0
86,0,99.52675687532772,8,9,2,2,0,0,0,0
166,0,101.60888991836752,6,19,4,1,1,0,0,0
3,0,88.4295281150271,11,25,4,1,0,1,0,0
172,0,104.4,10,28,4,2,2,0,3,0
15,0,108.37698493177642,3,17,4,2,0,0,0,0
64,1,76.32544768540711,6,10,4,1,1,0,0,0
94,0,73.31537633412523,4,5,4,2,0,0,0,0
64,0,144.9583276024449,7,26,4,1,1,0,3,0
41,0,135.22968855178536,6,27,4,2,0,0,0,0
7,0,79.0,2,4,4,2,0,3,0,0
71,0,76.5,7,21,4,5,2,0,0,0
36,0,94.4764195206978,10,26,4,2,0,0,0,0
288,0,67.38186348207759,12,22,4,5,2,0,0,0
109,0,201.6863804372142,9,10,4,3,0,0,4,0
20,1,139.92358356829956,8,28,4,2,1,0,3,0
191,0,132.0,6,3,3,2,1,0,0,0
169,0,112.67393685077882,7,17,4,2,1,0,2,0
190,0,90.34800260079501,8,19,4,4,1,3,0,0
183,0,110.0,9,8,4,3,0,0,0,0
26,0,140.16703029551326,9,26,4,1,1,0,0,0
228,0,89.0336188606366,9,28,4,2,2,0,0,0
161,0,86.80939092622295,6,30,4,1,0,3,0,0
166,0,109.5604680950416,10,1,3,2,0,0,0,0
49,1,207.9,8,18,4,3,0,0,5,0
154,1,144.32761543197608,10,30,4,1,0,0,0,0
33,0,149.4,8,26,4,1,0,0,3,0
4,0,165.77986792148664,7,14,4,1,0,0,0,0
61,0,123.65875983684657,4,15,4,1,1,0,3,0
29,0,75.71003788217027,9,16,2,2,0,0,0,0
104,0,150.3,8,24,4,4,0,0,3,0
26,0,75.49419010723874,11,13,3,7,2,0,0,0
15,0,83.2881105445918,2,8,4,1,0,0,0,0
108,0,138.21484449490646,6,23,4,1,1,0,3,0
39,0,114.3,3,17,4,0,2,0,3,0
53,0,69.30963267115567,11,11,4,2,1,0,0,0
176,0,93.6237376493458,9,7,4,2,1,0,0,0
72,0,78.18108046412033,3,17,4,2,0,0,0,0
119,0,105.3,5,8,4,1,0,0,0,0
52,0,159.72788633149642,7,4,4,1,0,0,2,0
161,0,121.37707542344361,6,24,4,1,1,0,0,0
168,0,118.12941477691066,8,3,4,8,3,0,0,0
5,0,109.7335141326004,9,1,2,1,0,0,0,0
159,0,114.3,8,7,4,1,1,0,0,0
294,0,22.343021714102157,10,17,3,1,0,0,0,0
231,1,238.01988104832196,11,30,4,1,1,0,3,0
50,0,78.72809012919701,11,11,4,1,1,3,0,0
153,0,102.04479358443038,7,6,4,2,0,3,0,0
162,0,81.56334351740483,8,26,4,2,1,3,0,0
216,0,177.3,8,6,4,1,1,0,5,0
2,0,99.70718775654913,9,9,3,1,0,0,1,0
230,0,95.5380480680043,7,26,4,2,0,0,0,0
213,1,102.85,10,1,4,2,1,0,0,0
164,0,115.76016122806278,8,15,4,2,2,0,1,0
263,0,75.43486459037895,12,26,4,3,1,0,0,0
131,0,137.22619870376155,7,29,4,5,1,0,3,0
239,0,90.88351992998638,6,13,4,3,0,0,0,0
224,1,121.08790790418436,10,29,4,2,2,0,0,0
116,0,60.82871376584061,2,28,3,1,2,0,0,0
306,0,159.2595566936913,8,27,4,3,1,0,2,0
100,0,221.1349564708726,9,23,4,2,1,1,4,0
31,0,82.95145367015567,2,2,4,3,0,0,0,0
231,0,92.87978480847944,7,27,4,4,0,0,0,0
39,1,207.9,8,11,4,2,0,0,5,0
13,0,151.18236806248603,6,27,4,3,0,0,3,0
116,1,101.11207997423772,4,28,4,2,1,0,2,0
68,0,122.41898329639886,7,29,4,2,0,0,1,0
34,0,96.01498409389842,11,24,4,0,1,0,0,0
230,0,158.22841752163959,9,20,3,2,0,0,2,0
34,0,70.55973882216392,2,16,4,4,2,3,0,0
229,0,84.56154816458266,8,2,4,2,0,2,0,0
73,0,78.90802117889056,3,16,3,3,0,0,0,0
72,0,107.1,7,6,4,1,0,3,0,0
44,0,74.8,11,23,4,2,1,3,0,0
193,0,86.50423980299665,7,14,4,1,0,0,1,0
255,0,105.87067586377673,6,28,4,3,0,0,0,0
58,0,168.3,8,25,4,1,1,0,3,0
102,0,78.00035048119697,4,4,3,1,0,0,0,0
106,0,152.46957279532998,7,17,4,3,1,0,2,0
35,1,159.8665874164144,4,24,4,3,0,0,3,0
157,0,217.6,8,19,4,3,2,1,5,0
137,0,134.41745499524887,8,22,4,3,0,0,3,0
171,0,112.27593116593273,7,13,4,4,2,0,1,0
9,0,186.9361458118995,5,16,4,2,0,0,4,0
31,0,68.77155538046931,2,4,2,1,0,1,0,0
5,0,145.78158923124525,3,26,4,4,2,0,2,0
7,0,127.43557060193888,2,10,3,5,1,0,2,0
67,0,171.9892484417647,10,7,4,2,1,2,0,0
50,0,67.525634723346,3,5,4,2,2,0,1,0
6,0,116.88223932401314,6,26,4,2,2,3,0,0
104,1,74.46939903988759,4,16,4,2,1,0,0,0
233,0,86.75531872428483,8,11,4,2,0,0,0,0
45,0,86.4,11,19,4,0,1,0,0,0
160,0,123.42351693261871,6,20,3,3,0,0,2,0
10,1,140.41515186369276,6,16,4,1,0,0,0,0
9,0,151.3757956733522,8,26,4,2,1,0,3,0
86,0,84.0574112427554,4,6,3,4,0,0,0,0
228,0,89.10074654612457,9,28,4,2,2,0,0,0
23,0,72.8,2,10,4,3,0,0,0,0
14,0,127.11924457165614,5,23,4,2,0,0,0,0
44,0,144.16411788106487,5,28,4,2,1,0,3,0
143,0,129.434903332556,8,9,4,3,0,0,0,0
348,0,121.98887051247824,9,5,3,4,0,0,0,0
71,0,116.30360022982254,5,7,4,1,1,2,0,0
29,0,155.64207592695053,6,17,4,1,0,0,3,0
88,0,134.7206226971519,9,3,4,2,0,0,0,0
123,0,91.19421766211893,3,29,4,2,0,0,0,0
196,0,72.33061697624757,9,2,4,2,0,1,0,0
231,0,132.59452486139932,7,2,3,1,0,0,0,0
107,0,58.99575690868991,10,14,3,2,2,0,0,0
157,2,217.6349853655542,7,19,4,2,1,0,5,0
86,1,187.24577785148284,5,15,4,3,1,0,4,0
7,0,123.79703559250788,8,8,4,0,1,0,0,0
198,0,106.86789016455793,4,29,4,2,0,0,0,0
129,0,61.74851618678133,3,19,3,1,0,0,0,0
91,0,77.1273532001001,6,4,3,1,1,0,0,0
184,2,137.7,8,4,4,2,0,0,3,0
3,0,104.58937785848228,4,16,4,0,1,1,0,0
9,0,119.1737166728787,8,15,4,2,0,0,0,0
31,0,107.58233203661703,5,18,4,1,1,0,2,0
13,0,105.4309417405489,7,21,2,2,0,0,0,0
32,1,129.89735151065025,8,25,4,2,0,0,0,0
40,1,78.38003759186256,2,12,4,1,1,0,0,0
9,0,97.0,3,13,4,0,1,2,0,0
155,1,86.32066752345631,11,25,4,2,1,0,0,0
177,0,72.65120318773914,8,18,3,5,2,0,0,0
190,0,84.34144605534654,8,29,4,3,0,0,2,0
74,0,150.11506446970043,9,25,4,1,0,0,3,0
185,1,112.80344321016923,8,3,4,3,2,0,0,0
58,0,116.1,5,19,4,3,1,3,0,0
3,0,79.15151940829439,2,6,4,5,2,3,0,0
72,0,134.4335104265356,6,15,4,3,0,0,1,0
60,0,118.8,4,22,4,2,1,0,3,0
13,0,159.0,4,8,4,3,2,0,3,0
174,0,112.68067766272644,7,30,4,3,0,0,0,0
78,0,79.66519534036803,4,7,4,3,1,0,0,0
33,0,125.87909007264473,6,9,4,1,0,1,0,0
27,0,127.82334252426789,2,23,4,2,0,1,1,0
193,0,102.33623803881537,9,11,4,2,1,0,0,0
5,0,101.0,3,23,4,1,0,0,0,0
72,0,159.3,7,29,4,1,1,0,3,0
156,1,115.20268593401778,7,13,4,2,2,0,0,0
53,1,123.3,9,2,4,2,0,0,3,0
66,0,137.45764991743053,9,6,4,4,1,0,2,0
188,0,90.95,7,27,4,4,2,0,0,0
72,0,126.9,6,9,4,2,0,0,0,0
130,1,138.73817753455677,8,29,4,3,0,0,3,0
42,0,63.78477375643947,2,21,3,2,0,0,0,0
2,0,95.0,4,12,0,4,1,0,0,0
13,1,129.0,8,22,4,1,0,3,0,0
28,0,74.38061889403619,2,2,4,5,2,2,0,0
116,0,99.16877528371722,4,19,4,3,0,0,2,0
85,0,119.02566892808441,7,3,4,3,0,0,0,0
126,0,88.81089567921394,4,10,4,3,1,2,0,0
19,0,120.24099891973175,6,2,4,0,0,0,0,0
48,0,77.63353350661033,3,7,4,2,1,0,0,0
90,0,115.17951742840394,6,3,4,1,0,1,0,0
14,0,99.08727896433518,9,12,4,0,1,0,0,0
305,0,100.45462281924824,7,14,4,2,1,0,0,0
0,0,127.85104522782085,9,4,4,0,0,0,0,0
195,0,87.7099663072358,7,9,3,1,1,0,0,0
53,0,76.03069768019387,6,27,3,1,2,0,0,0
31,0,79.68430755204028,1,14,4,1,0,0,0,0
17,1,100.76191376661376,8,30,4,3,1,0,0,0
8,1,126.71436148892558,2,10,4,3,0,0,0,0
17,0,97.0,3,13,4,1,0,3,0,0
321,1,183.87223057085077,10,7,4,3,2,0,0,0
229,1,109.64632576824617,8,18,4,1,2,0,0,0
54,0,99.13644981656627,3,21,4,2,0,0,0,0
108,0,76.28699333801158,7,11,3,1,1,0,0,0
73,0,76.5,4,3,4,1,1,2,0,0
149,0,105.73746284564255,7,20,4,2,1,0,0,0
26,0,139.0,7,6,4,1,0,3,0,0
156,0,108.80050244383246,8,30,4,3,0,0,0,0
140,0,86.88521506131914,11,16,4,3,1,0,0,0
31,0,124.93972361157925,8,5,4,1,1,2,0,0
243,0,128.7,10,28,4,2,0,0,0,0
65,0,149.96195714970168,10,6,4,2,1,0,0,0
70,0,82.65991089833199,4,23,3,2,2,2,0,0
35,0,65.80602842087535,6,15,2,0,0,0,0,0
118,0,80.607468497784,3,27,4,3,1,1,0,0
36,0,82.84048890405774,4,1,4,2,0,1,0,0
146,0,100.47790595527525,5,1,4,4,0,0,0,0
103,0,112.22845538361793,5,4,4,4,0,0,0,0
61,0,148.6567357544118,10,16,4,1,0,0,3,0
306,0,98.06258468849418,9,21,4,2,0,0,0,0
85,0,117.50523828328875,6,11,4,3,0,1,1,0
16,0,197.65534822330935,4,14,4,2,0,0,5,0
66,0,108.17404198197703,4,24,4,3,1,0,0,0
247,1,115.0,6,6,3,1,1,1,0,0
200,0,94.89011099478509,7,2,4,3,0,1,0,0
51,1,130.17368762426247,3,21,4,3,0,0,2,0
192,0,164.05341230171265,9,27,4,2,2,0,5,0
28,0,77.65371223196226,2,2,4,4,1,0,0,0
51,0,66.9072815772235,2,25,4,4,0,1,0,0
65,0,126.9,6,17,4,1,1,0,0,0
99,0,119.71248610281584,8,16,4,1,1,0,0,0
35,0,68.9757350095643,2,12,4,2,0,3,0,0
187,0,90.94118252669693,7,28,4,4,2,0,0,0
15,0,89.71985349444904,8,19,4,1,0,3,0,0
153,0,163.65414802165228,8,1,4,4,2,0,2,0
43,0,147.8357005364386,3,25,4,2,1,0,0,0
168,0,159.43155437196012,7,3,4,2,1,0,5,0
173,0,105.3,8,3,4,1,0,0,0,0
78,0,168.3,5,13,4,2,0,0,4,0
182,1,162.85591658116405,8,20,4,3,0,1,0,0
110,0,94.81521485309564,7,24,3,1,2,0,0,0
72,0,109.68997808870436,4,28,4,2,1,2,0,0
306,0,52.0,11,23,3,2,0,0,0,0
151,0,135.14153917645896,7,4,4,4,1,0,0,0
187,1,164.88979360583673,8,4,4,4,1,1,0,0
191,0,99.45,7,24,4,3,1,0,3,0
139,0,177.3,5,7,4,1,0,0,5,0
124,0,142.67218773584506,8,20,4,5,1,0,3,0
84,0,63.53395855798553,11,17,4,2,0,1,0,0
243,0,78.44979795570303,7,18,4,2,1,0,0,0
13,0,85.0,3,17,3,1,0,0,0,0
34,0,125.63905037838067,7,10,4,1,0,2,0,0
108,0,170.6118067352633,7,21,4,2,0,0,3,0
39,0,175.309728419666,3,22,4,5,1,0,5,0
113,0,85.0,6,30,3,3,1,0,0,0
14,0,65.81303141021506,9,15,2,2,0,0,0,0
349,0,94.47847949786004,10,4,3,5,1,0,0,0
58,1,108.9,6,26,4,2,2,0,0,0
349,0,80.40751211281523,10,4,3,5,1,0,0,0
72,0,72.78705592560028,3,18,4,3,2,1,0,0
208,0,78.9597969712209,7,30,4,1,1,1,0,0
73,0,111.84640860419816,4,28,4,2,0,0,0,0
18,0,113.18715557191761,5,30,4,3,0,0,2,0
234,0,90.64649880002095,8,12,3,2,1,0,0,0
37,0,134.53182045632502,9,1,4,0,1,0,0,0
107,0,151.82890010699094,8,14,4,3,1,0,0,0
248,0,93.52654469222696,9,25,3,3,0,0,0,0
126,1,79.68421630929949,10,26,4,1,1,3,0,0
157,0,114.20016769604847,7,13,3,1,1,0,0,0
43,0,88.50278580733941,4,22,4,2,0,3,0,0
60,0,256.43804972561526,7,9,4,1,1,0,6,0
36,0,99.70361771918988,10,14,4,3,0,1,2,0
92,0,150.53766281488788,9,22,4,4,1,0,3,0
188,1,85.2539079966643,9,27,4,3,0,2,0,0
178,0,88.656772794982,7,23,4,2,0,1,0,0
22,0,130.52522839462728,9,26,4,3,1,0,1,0
18,0,79.0,2,24,3,3,0,2,0,0
195,0,130.32563282296098,8,11,4,2,1,0,1,0
1,0,179.72786149572164,8,23,4,1,0,2,0,0
12,0,121.94595275199998,7,26,3,3,1,2,0,0
25,0,67.90009294926637,10,5,2,1,0,0,0,0
11,0,110.66463467801957,10,18,3,2,0,0,1,0
23,0,110.59446847449546,9,26,4,1,0,1,0,0
67,0,138.31692593072628,4,7,4,1,0,0,3,0
1,0,88.45764969420638,3,9,2,0,0,1,0,0
179,1,108.9,10,1,4,1,2,0,0,0
111,0,104.51540417321768,5,9,4,0,1,1,0,0
49,0,107.49897697762543,8,1,4,2,0,3,0,0
153,1,119.49221572440527,9,18,4,2,1,0,0,0
131,0,115.83378121239403,7,19,4,3,1,0,0,0
184,0,95.27635300050608,10,15,4,3,0,0,2,0
122,0,97.70980480796277,6,2,4,2,2,0,0,0
64,0,98.64469288239358,9,4,4,1,0,1,0,0
81,0,74.4785951123666,3,26,4,4,2,0,0,0
256,0,115.0,6,15,3,2,0,1,0,0
34,1,67.5,2,8,4,4,0,2,0,0
11,0,154.36047620313317,8,9,4,1,0,0,3,0
188,0,89.83872624019506,7,25,4,3,1,0,0,0
199,0,128.71899783438187,8,11,4,3,2,0,0,0
105,0,143.29543237605276,6,8,3,2,0,0,0,0
22,0,149.38741677733108,6,17,4,1,1,0,0,0
57,0,116.1,5,21,4,2,1,3,0,0
158,0,90.51042951914471,5,28,3,3,1,0,0,0
48,0,74.8,11,17,4,5,2,3,0,0
251,0,110.0995608455668,9,18,4,2,1,0,0,0
227,1,138.26171333849246,9,5,4,4,0,0,0,0
168,0,62.41505281755015,8,21,3,3,0,2,0,0
216,1,144.584199358636,9,11,4,2,0,0,0,0
219,0,97.53714940275685,8,10,4,2,0,0,0,0
118,0,187.1513155876862,5,24,4,3,0,0,5,0
191,0,118.48481323859276,6,3,3,2,0,0,0,0
152,0,90.44861223879339,8,19,3,3,1,2,0,0
105,0,124.83991681674334,11,4,4,1,0,0,1,0
131,0,115.94,6,19,4,3,2,0,0,0
19,0,100.04671428950242,3,29,4,2,1,0,0,0
68,0,88.38747801176511,9,4,4,3,1,0,0,0
107,1,121.84786863296422,7,5,4,4,1,0,0,0
184,1,112.32253759148375,9,9,3,3,0,0,0,0
86,0,134.1,8,14,4,1,1,0,0,0
180,0,85.5,8,25,4,1,0,3,0,0
27,0,74.8,12,18,4,5,0,0,0,0
51,1,108.0,10,2,4,0,1,2,0,0
225,1,98.60733591640752,9,3,4,4,1,0,0,0
310,0,70.53083530513128,12,27,4,4,2,3,0,0
38,1,81.9,3,10,4,2,2,0,0,0
89,0,76.5,6,27,4,1,1,0,0,0
25,0,167.93018774180362,3,6,4,2,0,0,3,0
310,0,70.4327801926445,12,27,4,4,2,3,0,0
114,0,199.1693410183618,5,19,4,2,0,0,4,0
121,0,78.12760446670242,9,9,4,2,0,0,0,0
105,0,75.48536989619011,9,10,4,2,0,0,0,0
68,0,111.71709402343356,4,14,4,3,1,0,3,0
39,0,179.5203502495067,3,19,4,2,1,0,4,0
105,0,123.47498541057635,7,4,4,3,1,0,0,0
12,1,93.3203408094544,7,30,4,3,1,0,0,0
43,0,170.57338553705415,3,24,4,9,3,0,4,0
157,0,131.79729409056466,9,1,4,4,1,0,3,0
15,0,66.54260752171533,10,16,2,1,0,0,0,0
247,0,97.62149199001979,8,10,4,2,0,0,0,0
77,0,137.01770144593308,8,2,4,2,1,0,0,0
235,0,84.32791133960848,8,27,4,4,0,3,0,0
229,0,97.93242256747838,9,13,4,1,2,0,0,0
85,0,220.9316658232053,9,22,4,3,1,0,5,0
142,0,149.73542979736735,9,7,4,3,0,0,3,0
132,0,96.3,7,28,4,2,0,0,0,0
106,0,118.11979822110321,7,5,4,3,0,1,0,0
168,1,126.41070859584978,7,16,4,4,1,0,2,0
169,1,119.25659414288556,4,23,4,2,1,0,0,0
203,0,100.17271612144165,8,7,3,3,1,0,2,0
11,1,93.0,2,7,4,0,0,0,0,0
80,0,99.66453285017145,3,24,3,2,1,0,1,0
87,0,127.8,5,16,4,2,0,0,3,0
30,0,115.40508406092633,4,2,4,1,0,1,0,0
208,0,78.46137362205197,7,29,4,2,0,1,0,0
211,0,77.60385233767549,8,8,3,3,1,2,0,0
138,0,111.43693120276056,6,29,4,3,0,0,3,0
279,1,80.28156636604236,12,26,4,4,1,0,0,0
51,0,97.69188407827886,9,4,4,0,0,0,0,0
0,0,139.0,6,7,4,1,0,1,1,0
232,1,95.13487022917073,7,28,4,3,0,1,0,0
43,0,168.3,7,14,4,1,0,0,3,0
156,0,144.17331336261077,9,20,4,2,0,0,3,0
10,0,143.8370169240341,10,7,4,1,0,0,0,0
14,0,130.7346398673547,4,22,4,1,0,0,0,0
28,0,138.85887254607024,9,20,3,1,0,0,0,0
105,1,75.9025285717874,7,7,4,2,0,0,0,0
108,1,76.5,7,18,4,5,3,0,0,0
23,0,136.15823469633,3,26,4,1,2,0,0,0
110,1,118.8649204383316,9,10,4,1,1,2,0,0
254,0,121.15434633204283,9,21,4,2,0,0,1,0
130,0,115.64544352011944,5,2,4,3,0,2,0,0
13,0,125.14217543929337,5,26,4,0,1,0,0,0
143,0,177.46541690403475,5,27,4,2,1,0,4,0
77,0,96.75369571565474,3,25,4,4,1,0,2,0
215,0,81.12399474773197,7,12,4,3,0,0,0,0
255,1,129.4605062959212,9,16,4,3,1,0,3,0
20,0,90.95376220158312,2,3,4,2,0,0,0,0
70,0,67.35435299017685,3,12,4,1,2,3,0,0
39,0,51.146544604115185,3,9,4,3,0,3,0,0
146,0,179.6040564485727,10,23,4,5,2,1,3,0
120,0,80.42591034341295,3,27,4,3,2,0,0,0
5,0,107.51114989922482,2,11,4,2,0,0,1,0
49,0,128.5669505454894,4,11,4,3,0,0,1,0
121,0,119.8226713632869,6,9,3,1,0,0,0,0
94,0,107.08598742245248,8,1,4,1,0,2,0,0
160,0,95.25875160785421,7,2,4,2,0,1,0,0
173,2,168.43157855060252,7,8,4,1,0,0,5,0
60,0,121.55335841956534,3,29,4,1,0,0,0,0
42,0,168.39734349027393,5,15,4,1,0,0,3,0
11,0,151.0,8,11,4,1,1,0,0,0
81,0,72.89599227634623,8,2,4,3,1,1,0,0
0,0,75.10704759265002,7,22,2,1,0,0,0,0
317,0,118.34982772232195,8,15,3,2,0,0,0,0
94,0,132.3,10,20,4,3,0,0,3,0
6,1,86.64386257843468,3,4,4,2,1,0,0,0
5,0,174.20235238115427,4,25,4,2,0,0,3,0
224,0,114.8482951390559,9,3,4,3,1,0,0,0
264,0,109.11090845829294,6,23,3,2,0,0,0,0
55,0,160.3880837132722,6,2,4,1,0,0,2,0
55,0,166.81550560520347,6,19,4,3,0,0,3,0
201,1,147.15555377713443,9,1,4,2,2,0,0,0
99,0,89.29478984489633,10,26,4,3,1,3,0,0
120,0,98.04827667796793,6,26,4,2,1,0,0,0
60,0,74.98912535640046,10,15,4,4,0,2,0,0
242,1,95.45546962013331,9,19,4,2,0,0,0,0
252,1,100.3,9,26,4,2,1,0,0,0
109,0,137.14960691157313,7,24,4,1,1,0,2,0
92,1,77.11136725595736,4,30,4,2,2,3,0,0
70,0,90.92429100465284,4,6,4,2,0,0,0,0
221,1,103.72737355572391,8,2,4,3,1,0,0,0
115,0,60.38525676976858,2,27,3,2,2,0,0,0
221,0,116.60826552840619,5,28,4,2,1,0,0,0
176,0,123.93291141876402,8,3,3,3,0,0,0,0
152,0,75.20381175451385,5,3,4,3,1,0,0,0
174,0,78.45086911807651,7,6,4,2,0,1,0,0
100,0,186.16304670546955,6,27,4,3,0,0,5,0
20,0,65.47030794073383,9,10,3,2,1,0,0,0
166,0,99.45,8,7,4,2,1,0,0,0
57,0,98.91069385553578,5,19,4,2,1,0,0,0
172,0,108.12395691499931,9,3,4,2,0,0,0,0
189,1,109.69715729123745,8,20,4,4,1,0,2,0
286,1,117.0,9,16,3,2,0,1,0,0
210,0,126.49172991431789,8,30,3,3,1,0,2,0
49,0,159.38357026511423,7,20,4,3,0,0,3,0
180,1,95.54480513994135,7,1,4,1,0,1,0,0
18,0,95.67273737510213,3,18,4,1,1,1,0,0
199,0,76.6863905079654,6,3,4,3,0,3,0,0
113,0,89.32283339446506,5,8,4,2,0,0,0,0
5,0,98.8805757041005,8,14,4,2,1,0,0,0
220,1,115.32191024802925,9,29,4,2,0,0,0,0
55,0,85.85,3,28,4,4,1,0,0,0
114,0,75.0,7,1,3,2,1,0,0,0
60,0,74.79205519712896,2,21,4,2,2,0,0,0
113,0,106.31767690707908,8,11,4,0,0,3,0,0
117,0,186.13216507786325,5,24,4,3,0,0,3,0
14,0,97.50430622283406,3,3,4,2,0,0,0,0
101,0,114.24176296971676,7,4,3,4,1,0,0,0
10,0,161.57033902835923,7,24,4,0,1,0,1,0
35,0,131.4,4,2,4,2,0,0,3,0
197,0,88.0377090933732,8,7,3,1,1,1,0,0
133,0,94.5,5,16,4,2,0,2,0,0
89,0,116.1,5,24,4,1,1,3,0,0
232,2,106.25,10,23,4,3,1,0,0,0
156,1,105.87137988715811,4,24,4,2,1,0,0,0
29,0,127.97308810337844,5,14,4,2,1,0,0,0
286,0,117.0,9,16,3,2,0,1,0,0
101,0,93.71359182859493,5,1,4,3,1,3,0,0
91,0,104.90618992668044,8,18,4,2,1,1,0,0
122,0,85.48081535796942,6,15,3,2,0,0,0,0
104,0,109.99765507844468,10,11,3,2,0,0,0,0
80,0,119.07,10,5,4,2,0,0,3,0
7,1,136.18864307700568,10,16,4,3,1,3,0,0
69,0,79.82068041981142,6,11,3,4,1,0,0,0
72,0,67.52346996438979,3,13,4,3,1,3,0,0
218,1,106.4114776218499,9,6,3,1,0,0,0,0
81,0,149.4,9,14,4,3,0,0,3,0
3,0,65.0,10,8,2,0,0,0,0,0
141,0,116.1954101874984,5,9,4,2,1,0,3,0
151,0,99.36805499670305,8,5,4,3,1,3,0,0
113,0,133.03053708235907,8,22,4,3,1,1,1,0
25,0,107.91391522581777,4,11,4,2,1,0,1,0
131,0,125.07340125097002,8,28,4,4,0,0,3,0
56,1,158.4,10,17,4,2,1,0,3,0
25,0,75.72489784479778,10,21,4,3,1,0,0,0
70,0,87.3,4,1,4,1,0,0,0,0
281,1,80.37037740133691,12,26,4,4,1,0,0,0
54,0,143.67746786449487,6,2,4,3,1,0,1,0
156,1,115.0812271955066,8,13,4,3,1,0,0,0
145,0,94.5,8,29,3,1,2,1,0,0
112,0,153.66312416552975,7,8,4,3,2,0,3,0
16,0,106.0,2,26,4,1,1,0,3,0
184,0,122.62656818361903,10,3,4,2,0,0,3,0
194,1,132.07725707750228,8,18,4,1,1,0,2,0
33,0,98.82892279352735,4,16,4,3,1,0,0,0
34,0,126.9,5,9,4,1,0,0,0,0
171,0,105.3,8,1,4,2,0,0,0,0
67,0,155.6208040779922,5,3,4,1,1,0,3,0
57,0,105.64488611414545,4,11,4,2,1,0,0,0
180,0,86.33760564842873,7,24,4,1,0,3,0,0
40,0,125.55,10,5,4,1,0,0,3,0
45,0,71.1,3,11,4,2,0,1,0,0
175,0,139.9820983580318,9,3,4,4,0,0,3,0
120,0,68.0,11,16,3,4,2,0,0,0
98,0,130.90618837846168,6,3,4,4,1,0,0,0
2,0,107.54504343698525,7,10,4,6,1,0,1,0
153,1,150.30427360735416,9,16,4,2,1,0,3,0
40,0,81.45474790843166,3,5,4,2,2,0,0,0
14,0,159.7584138020143,9,22,4,1,0,0,0,0
29,0,86.34572424440954,9,17,3,1,0,3,0,0
62,0,93.33480989563726,4,11,4,2,0,1,0,0
152,0,115.40533757170189,8,4,4,0,1,1,0,0
123,0,114.3,6,9,4,3,0,0,0,0
170,0,85.3607983597628,6,25,3,0,2,2,0,0
33,0,82.141729305697,5,18,4,1,2,0,0,0
10,1,136.13812143558846,8,12,4,4,1,0,0,0
80,0,75.13211131304845,4,15,4,4,0,0,0,0
7,0,252.018152703492,9,24,4,4,2,0,5,0
204,0,93.94237779891257,7,18,4,4,2,0,0,0
43,0,74.8123676684238,11,8,4,3,1,3,0,0
9,0,95.24079693750134,3,30,2,1,0,0,0,0
82,1,104.43301259915305,4,13,4,2,1,0,2,0
136,0,170.36,5,7,4,5,2,0,5,0
155,0,127.50222086434516,8,16,4,3,1,0,0,0
54,0,79.29369139469058,10,10,4,2,0,2,0,0
9,1,77.44004932247944,8,25,4,1,1,3,0,0
93,0,76.5,5,15,4,2,2,2,0,0
240,0,105.82352446438375,9,24,2,2,0,0,2,0
15,0,126.36116703462591,2,10,4,2,2,0,1,0
208,0,76.76305948750326,8,12,3,4,1,0,2,0
234,0,134.34769755377548,9,8,4,2,0,0,3,0
7,0,138.89196873210395,4,9,4,3,1,0,3,0
87,0,71.06347035813539,3,1,4,1,0,3,0,0
35,0,101.65458133674885,11,26,4,3,1,0,0,0
12,0,79.3482595743773,8,19,3,2,0,0,0,0
39,0,112.9523081300834,3,23,4,3,0,0,0,0
44,0,107.91873406176083,5,19,4,1,2,0,0,0
58,0,159.3,5,2,4,1,0,0,0,0
31,0,113.52992762790747,8,2,4,0,2,3,0,0
168,0,90.95,7,7,4,3,1,0,0,0
138,0,140.31846231034123,12,26,4,3,0,0,4,0
28,0,121.22041023551304,9,18,3,0,1,2,0,0
180,0,50.977597341481044,8,16,4,4,1,0,0,0
85,0,76.92911373837026,3,2,4,1,1,2,0,0
30,0,168.5501637556123,6,8,4,1,1,0,3,0
8,0,143.535842204765,4,11,4,4,0,0,2,0
136,0,198.0,8,8,4,3,1,1,3,0
146,0,97.6169600821938,7,8,4,2,0,3,0,0
220,0,114.61319775310133,11,30,4,1,1,0,2,0
192,0,134.1702721717596,8,20,4,2,1,0,3,0
51,0,194.75519059614874,9,4,4,7,2,0,5,0
42,0,79.56560896159085,3,4,4,2,1,0,0,0
84,0,103.63715747449254,6,29,4,3,0,2,0,0
93,0,103.5,6,28,4,2,0,3,0,0
222,1,102.85,10,2,4,3,1,0,0,0
59,0,37.30347410769237,8,3,4,0,1,1,0,0
93,0,150.3671148810136,7,21,4,2,0,0,3,0
93,0,54.62908573673253,7,12,4,6,2,0,0,0
266,0,95.6653224298291,9,29,3,2,1,0,0,0
250,1,98.7960362973934,9,26,4,2,1,0,0,0
193,0,100.98904920619572,6,20,4,2,1,0,0,0
136,0,131.27543389040218,9,1,4,1,2,0,3,0
127,0,140.51143122829924,7,11,4,2,0,0,0,0
146,0,98.50331505798844,8,22,3,3,0,0,0,0
116,1,153.32253881331636,9,8,4,3,2,0,3,0
9,1,139.23763175334173,7,16,4,1,0,3,0,0
74,0,86.4,11,20,4,0,0,0,0,0
111,1,215.21481828014475,10,7,3,3,0,0,4,0
128,0,122.24782708675548,8,17,4,3,1,0,2,0
66,0,168.3,9,10,4,0,0,0,3,0
242,0,104.62061908737154,8,9,4,2,0,2,0,0
91,0,115.4142579997177,5,3,4,1,0,1,0,0
79,0,168.3,9,9,4,1,1,0,3,0
157,0,217.6,8,19,4,3,2,1,5,0
15,0,110.94753229158889,4,28,4,0,1,0,0,0
20,0,65.39920343028102,8,7,2,2,0,0,0,0
50,0,160.54461901597745,9,6,4,1,0,2,0,0
70,0,88.00548049503689,11,18,4,2,0,2,0,0
85,0,134.1,8,14,4,0,1,0,0,0
127,0,97.8613747104744,10,19,4,2,2,0,2,0
205,0,111.72732362729201,9,26,4,4,1,0,0,0
312,0,159.40297268181686,8,24,4,2,1,0,1,0
245,0,65.89599868497552,9,4,4,2,0,0,0,0
75,0,114.82336010683449,6,22,4,0,1,1,1,0
290,0,72.0,6,17,3,2,1,0,0,0
26,0,34.76324157064333,5,22,3,2,1,0,1,0
62,0,111.92449374048267,7,29,4,4,0,0,2,0
253,1,138.02326735792386,10,9,4,2,1,0,3,0
227,0,72.47334874548591,7,6,4,2,0,0,0,0
54,1,108.0,9,2,4,1,1,3,0,0
64,0,117.07246205687721,5,17,4,1,1,1,1,0
27,0,76.32498717832762,12,20,4,4,0,0,0,0
180,1,150.97531839822545,9,6,4,3,0,0,2,0
39,0,67.5,2,14,4,1,1,3,0,0
184,2,128.7,10,17,4,3,1,0,3,0
30,0,83.2306978318017,11,3,4,1,0,3,0,0
173,0,86.50232132319923,7,3,4,2,0,3,0,0
104,0,73.16438943092851,4,17,4,2,1,0,0,0
281,0,109.34334526308098,11,24,4,4,2,0,2,0
286,0,116.80064858981976,8,16,3,2,0,1,0,0
61,0,127.99313369908087,5,16,3,2,1,0,0,0
19,0,68.13369992916917,9,11,3,0,0,2,0,0
284,0,101.91392940228936,10,3,3,3,1,0,0,0
0,0,89.0,4,10,4,0,0,3,0,0
14,0,128.65873129958078,7,20,4,2,1,2,0,0
94,0,131.63537056427543,7,23,4,3,0,0,3,0
49,0,67.60655925947444,3,5,4,1,2,1,0,0
48,0,67.61154009766837,3,4,4,2,1,0,0,0
3,0,66.88857741801233,8,17,2,1,1,0,0,0
46,0,67.5,3,4,4,1,0,3,0,0
22,1,138.62878224258972,9,15,4,2,0,3,0,0
210,0,97.43911189994553,7,18,3,1,0,0,0,0
182,0,70.45989627525971,11,21,4,2,0,3,0,0
187,0,168.13430261074726,7,6,4,2,0,0,4,0
256,0,71.16163136460952,11,11,4,4,1,0,0,0
109,0,149.65020526726545,8,20,4,3,0,0,3,0
57,0,131.50308005869633,8,29,4,4,1,0,3,0
45,1,105.33535236801326,3,17,4,2,0,0,3,0
27,0,167.8069903389325,3,27,4,0,1,0,0,0
29,1,137.9361510240939,8,28,4,1,0,0,0,0
8,0,92.24254411424117,5,23,4,0,0,0,0,0
148,0,137.92328875786973,8,17,4,3,2,0,3,0
225,0,67.70815587267246,10,25,4,1,0,2,0,0
57,0,127.3101387580959,10,3,4,3,1,0,3,0
93,0,72.36198910617033,10,16,4,1,0,0,0,0
74,0,128.0133665326368,5,16,4,3,0,0,0,0
93,0,159.3,5,8,4,2,0,0,0,0
19,0,156.0,5,11,4,1,0,0,3,0
16,0,109.58631440350229,3,17,4,2,0,0,0,0
348,2,86.92561480890332,12,23,4,2,0,0,0,0
179,0,89.69316452543595,8,26,4,2,0,0,0,0
104,0,116.1,6,14,4,2,0,3,1,0
304,0,159.31782362416996,11,27,4,4,1,1,2,0
151,0,110.75547035274772,6,10,4,3,1,0,0,0
29,0,129.94070087322243,7,15,4,2,1,2,0,0
31,0,71.4203340328993,2,4,2,2,0,0,0,0
31,0,94.59924575115004,3,13,4,1,0,2,0,0
212,0,90.95,7,23,4,5,1,0,0,0
205,0,144.50098437065702,9,7,4,3,0,0,0,0
159,0,112.70892112321788,7,26,4,1,0,0,0,0
383,0,90.0,10,20,3,0,1,1,0,0
18,0,117.97121797343603,8,19,4,0,0,0,0,0
13,0,149.0,8,25,4,2,2,0,2,0
308,0,159.56970305107782,10,28,3,3,1,1,1,0
75,0,70.48767773415246,3,16,4,3,0,0,0,0
159,1,200.6059669277774,9,13,4,3,1,0,3,0
131,0,115.94,6,19,4,3,2,0,0,0
108,0,120.80808916835412,8,16,4,4,2,0,3,0
163,0,100.08144303356912,10,2,3,2,0,0,0,0
59,0,121.5,5,19,4,1,0,0,0,0
57,0,105.3,4,12,4,2,0,0,0,0
9,0,117.83056260577649,3,18,4,2,0,0,0,0
116,0,60.1634756481839,2,26,3,2,2,0,0,0
286,0,117.0,9,16,3,2,0,1,0,0
87,0,126.97565080864534,4,22,4,1,1,0,0,0
158,1,129.66347223527038,7,24,4,2,2,0,3,0
175,0,103.09067127442425,7,2,3,2,0,0,0,0
64,0,116.1,5,12,4,2,0,3,0,0
10,1,99.24620352218683,8,17,4,2,1,0,0,0
44,0,113.5658461458574,4,10,4,3,2,0,3,0
68,0,137.7,4,21,4,1,0,0,3,0
9,0,141.5462906093656,7,16,4,4,0,0,0,0
151,0,119.76305308416744,6,16,4,4,1,0,2,0
73,0,146.6327251578785,7,2,4,8,3,0,3,0
244,0,97.04904983445718,9,28,4,1,0,1,0,0
50,0,97.45387126324981,6,2,4,0,0,1,0,0
82,0,175.85983542885813,4,25,4,2,1,0,5,0
107,1,123.33122557709223,7,4,4,4,1,0,0,0
352,0,83.46071075026386,10,4,4,3,0,0,0,0
46,1,78.6936851084497,11,11,4,2,0,3,0,0
250,0,97.18689287997371,8,11,4,2,0,0,0,0
33,0,126.83984661928984,5,1,4,1,0,0,0,0
112,0,107.31322226315449,9,13,4,1,0,2,0,0
98,0,130.75955514666808,6,3,4,4,1,0,0,0
32,0,83.38765429707564,4,17,4,1,2,0,0,0
104,0,78.0223971784462,6,22,3,8,4,0,0,0
32,1,159.29171912142635,3,25,4,1,0,0,3,0
69,0,105.3,4,23,4,2,0,0,0,0
125,0,76.85362397064948,7,14,3,3,1,0,0,0
152,0,99.79549958123053,8,23,4,3,1,0,0,0
136,0,134.90410460037435,9,29,4,1,0,0,3,0
115,0,60.14665992964754,2,27,3,2,2,0,0,0
152,1,130.2280814767951,7,22,4,1,0,0,0,0
104,0,61.39945037968747,2,28,3,4,1,0,0,0
188,0,105.46553953617894,7,13,4,0,1,0,0,0
91,0,180.4685071404093,4,28,4,3,0,0,5,0
242,0,106.63636624635578,9,23,2,3,1,0,2,0
64,0,93.00903069059572,7,25,4,1,1,2,0,0
36,0,159.2789631684827,8,25,4,2,1,0,3,0
74,0,85.5,4,8,4,1,0,3,0,0
87,0,138.64300404371852,7,25,4,2,0,0,3,0
272,0,91.96994018141613,6,26,4,2,1,0,0,0
48,0,109.74846720730704,5,6,3,4,2,2,0,0
183,0,85.24776027661986,9,19,4,2,0,2,0,0
0,0,85.00337006385065,2,10,4,1,0,0,0,0
137,0,79.2,11,12,4,1,0,3,0,0
183,0,90.92299391418528,9,28,4,1,2,0,0,0
134,0,197.6438227458427,8,9,4,3,0,1,3,0
8,0,92.69908822711265,2,24,4,2,0,0,0,0
91,1,89.45713150157948,5,17,4,4,0,0,3,0
50,0,159.56356847443675,7,22,4,5,2,0,3,0
65,0,118.0464268194778,4,7,4,3,0,0,2,0
138,0,86.21584156311113,7,2,4,1,0,2,0,0
166,1,118.95744307959431,4,21,4,2,1,0,0,0
44,0,63.3548192204295,3,19,3,3,1,0,0,0
182,1,112.00671050936221,8,9,4,3,0,0,0,0
30,0,87.97154041108129,11,2,4,1,0,3,0,0
146,0,116.38399423320466,7,3,4,5,1,0,2,0
178,2,127.70075118079397,8,22,4,2,1,0,0,0
153,0,100.377082700493,8,23,4,6,2,0,0,0
58,0,98.65229810526075,6,18,4,3,1,1,0,0
7,1,88.39846146799839,2,4,4,2,1,0,0,0
5,0,116.60364522505292,8,1,4,9,2,0,0,0
227,1,119.08980581926674,8,15,4,3,0,0,0,0
14,0,200.6770654260459,4,23,4,1,1,0,5,0
183,0,125.53427608116291,9,3,4,2,0,0,0,0
15,0,110.84754574133592,5,7,4,1,2,0,0,0
116,0,147.2756757234857,6,13,4,3,0,0,3,0
169,0,130.05,8,11,4,3,1,0,3,0
158,0,121.77054204498884,8,16,3,2,0,0,0,0
285,0,95.2819955258089,7,20,4,2,0,0,0,0
36,0,112.95322567074382,4,27,4,3,0,0,0,0
30,0,113.6050746017577,7,11,4,4,1,0,0,0
85,0,91.72891337206974,4,11,4,5,2,0,0,0
175,0,91.07239711754433,7,12,4,3,0,0,0,0
87,1,90.82066294372301,3,26,4,2,0,0,0,0
63,0,147.44404789837847,6,8,4,1,0,0,3,0
269,1,131.17242782925305,9,25,4,2,0,0,2,0
136,0,95.93288851316312,6,28,4,3,0,0,0,0
217,0,115.14178278353212,10,29,4,2,1,0,1,0
191,0,132.0,6,3,3,2,1,0,0,0
19,0,114.30156090735193,4,5,4,1,0,3,0,0
32,0,72.39060670626925,2,4,4,2,1,0,0,0
78,0,119.27543164826832,10,11,3,1,0,0,2,0
21,0,137.81726515111163,6,1,4,1,1,1,0,0
184,0,94.39201022169236,8,29,4,1,0,0,0,0
32,0,109.20487491833003,10,2,4,1,1,1,0,0
5,0,124.45677341205456,6,29,4,2,0,1,0,0
90,0,114.79291809459433,6,4,4,2,0,0,0,0
53,0,135.20024875669543,8,4,4,3,1,0,0,0
19,0,136.80699612619281,3,19,4,1,1,0,0,0
133,0,117.92538403567154,9,8,4,1,0,0,0,0
177,0,180.6686968262853,6,8,4,3,1,0,5,0
69,0,185.93658120071387,4,22,4,1,0,0,5,0
85,0,120.8164159783356,9,5,4,3,0,0,0,0
235,0,159.25729602009162,8,22,4,3,0,0,3,0
3,0,78.07382288505946,11,17,4,8,3,1,0,0
117,0,86.51712866355673,4,27,4,7,3,3,0,0
165,0,128.367312642125,8,29,4,0,1,0,3,0
50,0,89.09403176522139,5,20,4,2,0,3,0,0
16,0,83.48289439099887,3,8,4,3,0,2,0,0
8,0,77.5978410034278,11,16,4,10,3,3,0,0
31,0,81.65480326239737,3,9,4,1,0,0,0,0
161,0,130.0,3,25,3,2,1,1,0,0
15,0,130.660840555974,4,21,4,0,0,0,0,0
32,1,129.79957023680106,8,26,4,2,0,0,0,0
155,1,217.0210117113402,8,19,4,3,1,1,4,0
6,0,84.61521442184993,2,14,3,1,1,0,0,0
78,0,81.80498688125421,3,30,4,3,1,0,0,0
246,0,86.65312159392086,6,6,4,1,0,0,0,0
183,0,96.63767287232427,5,28,4,3,1,0,0,0
50,0,94.5,9,18,4,2,1,0,0,0
227,1,119.01988489725251,8,15,4,3,0,0,0,0
147,1,85.5,9,26,4,1,0,1,0,0
45,0,106.3241693158448,5,27,4,2,0,1,0,0
205,0,90.12755639836158,5,28,3,1,2,0,0,0
65,0,125.98031589383652,3,4,4,1,1,0,0,0
8,0,112.49173957653134,2,28,4,2,1,0,3,0
193,0,102.47718028061816,8,1,4,2,1,0,0,0
202,0,60.09882664481793,8,3,4,5,0,2,0,0
5,0,92.56294258965369,2,10,4,2,0,2,0,0
273,0,109.11754274872578,6,17,4,1,0,1,0,0
243,0,149.0401320936064,10,7,4,2,1,0,3,0
106,0,107.33908552306869,7,11,4,2,1,0,0,0
25,0,186.19469649634124,6,1,4,1,1,0,2,0
43,0,78.55819324051355,2,3,4,3,0,0,0,0
50,0,83.70985072842879,2,22,4,4,1,0,2,0
17,0,177.1473708358369,4,17,4,2,0,0,1,0
21,0,133.64799890849636,3,30,4,3,2,0,0,0
241,0,93.41959509010128,8,10,4,2,1,1,0,0
2,0,208.20565836467244,8,13,4,0,1,0,0,0
152,0,91.6153263236879,8,19,4,4,2,3,0,0
157,1,168.24161694783618,7,1,4,2,1,0,4,0
60,0,87.3,3,8,4,3,0,0,3,0
64,0,116.1,5,20,4,1,1,3,0,0
167,1,119.24314683536974,6,21,4,0,2,0,0,0
194,0,107.38452175806148,8,2,4,0,0,0,0,0
57,0,88.10994285570996,11,11,4,2,0,2,0,0
15,0,132.41497104546897,3,5,4,3,0,0,3,0
195,0,121.5,8,14,4,1,0,0,0,0
149,0,136.49951210337468,8,15,3,3,1,0,3,0
101,0,72.06702937255515,11,19,3,3,1,0,0,0
104,0,103.35213759404333,4,27,4,3,0,0,1,0
148,0,128.3525593417975,8,11,4,4,0,0,0,0
156,1,172.03739833546913,7,6,4,2,1,0,1,0
103,0,131.0520834873131,10,21,4,2,1,0,3,0
294,0,117.0,9,21,3,4,0,1,0,0
258,2,95.4718832107224,7,22,4,2,0,0,0,0
195,0,129.76466285642144,8,7,4,3,1,0,2,0
68,0,162.29350184245345,8,27,4,1,1,0,3,0
112,0,130.3632848753499,10,27,4,2,0,0,2,0
49,1,108.0,10,3,4,3,0,0,0,0
276,0,93.3175192782278,9,20,3,3,0,0,0,0
70,0,150.63732596421946,8,16,4,1,0,0,3,0
72,0,76.10467125326467,7,21,4,4,2,0,0,0
36,0,126.9,5,21,4,1,1,0,0,0
190,0,109.04067234977931,5,6,4,2,1,0,0,0
52,0,159.3,5,5,4,1,1,0,3,0
17,0,97.0,3,17,4,1,0,3,0,0
82,0,126.9,6,20,4,1,1,0,0,0
119,0,121.5,7,27,4,2,0,0,0,0
204,0,99.47064308486621,7,7,4,3,0,0,2,0
176,0,83.25917695053757,7,24,4,3,0,3,0,0
33,0,140.08886269857769,3,24,4,2,0,0,3,0
110,0,95.25412682490816,7,24,3,1,2,0,0,0
179,0,111.6012749502733,8,30,4,2,0,0,0,0
122,0,97.41271761889652,6,8,3,1,2,0,0,0
80,0,168.3,9,11,4,2,0,0,3,0
203,1,102.68402197673419,8,5,3,3,0,0,0,0
186,1,89.33271329486568,7,5,4,3,0,0,0,0
31,1,96.42287159811407,11,14,4,1,0,0,1,0
139,0,107.29421868935513,6,4,4,1,2,1,0,0
85,0,94.5,6,12,4,3,0,3,0,0
157,0,88.79509587200886,7,14,4,2,1,3,0,0
40,0,77.40571583237406,2,13,4,4,2,2,0,0
90,0,140.88520657583925,6,18,4,3,1,0,3,0
20,0,131.17552378912313,8,26,4,2,1,0,3,0
116,0,127.96080104529686,11,24,4,1,1,0,0,0
60,0,74.99429210794713,10,15,4,4,0,2,0,0
51,0,123.3,9,2,4,2,1,0,3,0
127,0,159.3,6,7,4,2,0,0,3,0
140,0,117.17467322861896,7,3,3,3,1,0,3,0
244,1,97.66686642626848,9,28,4,1,0,1,0,0
191,0,133.8334181114058,8,22,4,2,0,0,1,0
248,0,96.3,10,28,4,2,0,0,0,0
147,0,118.8,8,21,4,1,1,0,3,0
36,0,126.0,9,3,4,0,0,0,0,0
106,0,121.37,7,18,4,5,2,0,3,0
126,0,136.11075983919085,9,11,4,4,0,0,2,0
183,1,112.63008661732108,7,3,3,4,1,0,0,0
166,0,103.65202299001324,8,17,4,4,0,0,0,0
0,0,116.11101738222536,4,10,4,2,0,0,0,0
85,0,96.06214393472527,4,14,4,1,1,0,0,0
156,1,128.83973195966348,7,27,4,2,2,0,3,0
254,0,72.67221773614796,10,12,4,4,2,0,1,0
70,1,77.93545582235865,3,3,4,2,0,0,0,0
81,0,73.95221886115031,3,3,4,3,1,2,0,0
149,0,96.35177161798136,6,14,3,2,0,0,0,0
7,0,156.0,6,16,4,2,0,0,3,0
9,0,168.928338675869,7,23,4,0,1,0,0,0
67,0,76.5,7,20,4,7,2,0,0,0
256,0,97.94400761341817,9,29,4,1,1,0,0,0
199,0,97.06552020858715,10,1,4,1,0,3,0,0
195,0,107.1808922067188,8,28,4,1,1,0,1,0
90,0,102.17142254478074,10,17,4,2,0,0,0,0
206,1,100.5655523768059,8,28,4,4,2,0,0,0
218,1,102.85,10,2,4,2,1,0,0,0
179,0,89.00262353586407,8,25,4,3,0,0,0,0
35,0,100.73786597899876,4,16,4,0,1,0,0,0
327,0,154.78464596033047,10,28,4,4,1,0,1,0
80,0,126.9,5,15,4,1,1,0,0,0
36,2,126.63032382769401,3,23,4,4,2,0,1,0
69,0,105.34709234663151,4,25,4,2,0,0,1,0
267,0,104.22316015961175,8,6,4,1,1,0,0,0
112,0,133.27132155737164,6,24,4,3,0,1,1,0
119,1,79.2,11,4,4,1,0,3,0,0
9,0,139.0,6,30,4,2,0,3,0,0
45,0,86.4,11,20,4,0,1,0,0,0
21,1,89.61730418242777,9,29,4,1,1,1,0,0
129,0,76.28914377143018,8,1,4,1,1,0,0,0
66,0,89.07344260624923,9,6,4,1,0,3,0,0
247,0,90.38875995108063,10,24,4,3,0,0,0,0
31,0,152.2428211544848,8,5,4,2,1,0,0,0
102,0,159.3,5,14,4,2,1,0,1,0
20,0,156.0,5,5,4,1,0,0,3,0
36,0,88.95886334379003,6,20,4,1,0,1,0,0
183,1,109.37340115013073,8,8,3,3,0,0,0,0
201,0,80.75,8,3,4,4,1,3,0,0
190,0,109.61422656951176,7,22,3,2,0,0,0,0
167,1,107.02703594978391,8,12,3,3,2,0,2,0
11,0,96.98137572548987,11,20,4,9,4,0,0,0
36,0,126.0,9,4,4,0,0,0,0,0
36,0,102.30689766240432,10,13,4,1,0,2,0,0
74,0,76.5,7,4,4,8,3,0,0,0
51,0,109.7964041393353,5,6,3,5,2,1,1,0
2,0,181.3034324463089,7,24,4,1,0,2,0,0
180,1,103.8656731311242,7,26,4,3,0,0,3,0
152,0,95.59290016385137,8,26,4,2,1,0,0,0
161,0,130.0,3,25,3,2,1,1,0,0
21,1,129.58025198554702,10,3,4,1,0,1,1,0
75,0,78.14488466072329,3,19,4,1,2,0,1,0
22,0,79.39244740989507,2,12,4,2,1,2,0,0
110,0,105.6068882511732,5,9,4,1,1,0,0,0
2,0,68.36063245016493,8,15,2,0,1,0,0,0
244,1,84.93468745706782,9,3,4,1,0,2,0,0
90,0,76.5,7,15,4,3,1,0,0,0
109,1,150.38810498169468,6,14,4,4,1,0,3,0
86,0,76.96560349556262,6,6,3,3,1,0,0,0
38,0,67.5,2,13,4,1,1,3,0,0
84,0,76.5,7,6,4,3,0,0,0,0
0,0,116.2772551112492,3,11,4,2,0,0,0,0
248,0,95.4789156191058,8,24,3,3,0,0,0,0
187,1,105.3,7,9,4,1,0,0,0,0
10,0,119.61077122859382,10,11,4,1,0,0,0,0
197,0,112.1210627615917,8,24,3,3,0,0,0,0
199,0,79.97915469736401,10,27,4,4,2,1,1,0
132,0,105.3,6,3,4,2,0,0,0,0
36,0,135.44033496305315,5,9,4,1,0,0,1,0
86,0,59.56726542850385,7,26,4,2,2,0,0,0
244,0,81.25528955865391,11,30,4,2,1,2,0,0
11,0,127.92051276975835,5,29,4,2,0,3,0,0
164,0,94.5,7,17,4,0,0,3,0,0
2,0,209.37924006485014,8,13,4,0,1,0,0,0
202,0,127.13972631051364,8,9,4,1,1,0,0,0
100,0,146.7,7,4,4,2,1,0,3,0
108,0,76.5,7,19,4,6,3,0,0,0
31,0,77.33508920526928,11,16,4,3,0,1,0,0
87,0,81.58996376433988,6,6,3,3,1,0,1,0
17,0,97.0,3,16,4,1,0,3,0,0
25,0,94.99959445005636,4,11,4,1,1,0,0,0
172,0,83.53708316880555,7,9,4,2,0,3,0,0
74,0,72.70991605786524,3,17,4,2,0,1,0,0
205,1,129.0801195943404,9,8,4,3,0,0,0,0
7,0,171.4577175860726,8,6,4,2,2,0,0,0
138,0,98.43007398338722,8,24,4,2,0,0,0,0
153,0,89.42107865606164,5,2,4,1,0,0,2,0
300,1,90.50786141726486,12,29,4,3,0,0,0,0
205,0,109.3920927556126,9,26,4,5,1,0,0,0
29,0,128.92803361013972,9,20,4,1,0,0,0,0
150,0,120.70374408123722,7,6,4,4,0,0,2,0
247,0,110.26661966357133,6,6,3,1,1,1,0,0
304,0,53.312426006437136,10,24,3,2,0,0,0,0
11,0,118.0,8,28,4,0,1,3,0,0
164,0,85.3955111392275,7,17,4,3,1,3,0,0
160,1,146.12438713243827,8,27,4,1,0,0,1,0
163,0,116.07414354396118,9,18,4,5,2,2,0,0
103,0,122.29888367999878,7,20,4,3,1,0,3,0
13,1,109.6404042531017,8,17,4,1,0,2,0,0
270,0,62.8,4,20,3,4,0,0,0,0
64,0,108.88768598846289,4,17,4,2,1,0,2,0
98,0,106.98133560785126,7,28,4,1,0,3,0,0
31,0,88.45353235121311,10,25,4,0,0,3,0,0
35,0,132.51973121295356,6,20,4,1,0,0,2,0
0,0,88.73034389779492,4,21,4,0,0,3,0,0
165,0,99.07063709128857,5,29,4,4,0,0,2,0
216,0,80.75,8,11,4,2,1,3,0,0
110,0,150.53433168744166,7,13,4,3,2,0,3,0
3,1,159.0,10,16,4,2,0,0,1,0
212,1,103.65648028895019,10,8,4,2,2,0,2,0
24,0,72.82825494764575,2,21,3,2,1,0,0,0
21,0,79.0,2,12,4,2,0,3,0,0
184,1,128.83975936067048,9,16,4,2,0,0,2,0
168,0,167.753537580706,7,3,4,2,1,0,5,0
122,0,115.4964150648229,5,9,4,2,0,2,0,0
64,0,168.3,8,9,4,0,1,0,3,0
27,1,76.73084948067212,2,9,4,4,1,3,0,0
71,0,151.27323466736294,9,18,4,2,0,0,3,0
263,0,109.71938157752338,8,21,3,2,0,0,0,0
280,1,79.92250288565428,10,25,4,5,1,0,0,0
113,0,121.26753927840983,8,5,4,1,1,0,2,0
51,1,158.4,10,17,4,1,1,0,3,0
45,1,127.90718746077664,6,29,4,3,0,0,0,0
6,0,126.08189045770406,8,29,4,1,1,1,0,0
153,1,130.36570677459693,7,22,4,1,1,0,0,0
80,0,123.20157229051621,7,24,4,1,2,1,0,0
45,0,86.72656265513608,11,19,4,0,1,1,0,0
178,0,111.14661558119458,7,22,4,0,1,0,2,0
22,0,105.0,9,3,4,1,0,0,0,0
26,0,102.76524220382134,11,21,4,3,1,0,0,0
262,0,110.95436884542956,9,21,4,2,0,0,0,0
30,0,186.22,11,2,4,9,4,0,5,0
171,1,114.75,7,30,4,2,2,0,0,0
156,0,100.33819144544026,7,5,4,3,0,2,0,0
167,1,108.9,10,1,4,2,1,0,0,0
10,0,99.2917036670769,8,16,4,2,1,0,0,0
21,0,127.47757022559213,2,12,4,2,2,0,3,0
57,0,77.13640404318903,3,29,4,3,0,3,0,0
40,1,135.9,7,26,4,1,0,0,0,0
71,0,81.61686558472549,4,9,3,4,0,0,1,0
142,1,90.9070504689083,9,26,4,1,0,0,0,0
28,0,163.23087227686565,4,6,4,2,1,0,0,0
102,0,95.34915592103339,6,26,4,2,0,2,0,0
302,1,90.42317172180461,12,28,4,3,0,0,0,0
123,0,140.05947648632326,8,2,4,4,0,0,3,0
168,0,129.85556879174578,7,25,4,4,1,0,3,0
279,0,109.36710603176586,9,12,3,2,0,0,0,0
219,0,106.57474685470834,9,24,4,4,1,0,0,0
261,0,99.05375687988088,10,5,4,3,2,0,0,0
17,0,79.57985019603022,5,28,3,2,0,0,0,0
278,1,78.86771778838924,10,5,3,3,0,0,0,0
20,0,131.0849462982324,7,27,4,2,1,0,3,0
383,0,90.0,10,20,3,0,1,1,0,0
80,0,64.02671578663559,3,25,3,2,1,0,0,0
83,0,103.7495637280742,10,26,4,2,0,0,3,0
44,0,71.0360842483006,2,12,4,1,0,3,0,0
166,0,100.29896362839148,6,18,4,2,2,0,0,0
199,1,71.34949843018947,7,2,4,3,0,0,0,0
124,0,72.25,7,19,3,2,0,0,0,0
10,0,92.41821872479153,2,5,3,0,1,0,1,0
84,0,126.9,5,19,4,2,0,0,0,0
228,0,88.58764835619564,9,29,4,1,2,0,0,0
194,0,86.5,7,15,4,0,0,0,1,0
22,0,165.4337786200835,8,1,4,2,0,0,3,0
65,1,149.4,9,9,4,1,0,0,3,0
159,0,144.67157884226353,8,19,3,2,1,0,0,0
85,0,125.484516479612,4,19,4,3,0,0,1,0
191,0,100.61938515800922,6,11,4,3,1,0,0,0
101,2,209.88626961720962,5,15,4,0,2,0,3,0
24,0,91.0,2,19,4,1,0,0,0,0
203,0,97.20938652562889,8,8,4,3,0,0,0,0
154,0,130.4593151619279,8,16,3,1,0,0,0,0
172,0,126.9,9,13,4,4,1,0,0,0
183,0,92.91209898101167,8,24,4,3,0,0,0,0
45,0,207.9,5,25,4,2,1,0,5,0
158,1,121.81038838491402,5,29,4,3,0,0,3,0
42,0,125.57005737537997,10,5,4,1,0,0,3,0
50,0,128.04585162578036,4,21,4,1,0,0,0,0
23,0,139.97837571113894,9,29,4,1,1,0,0,0
233,0,90.15586274827425,9,13,3,2,1,0,0,0
147,0,97.06409070162334,8,25,4,2,1,0,0,0
18,0,137.3395110138126,2,12,4,1,0,0,0,0
141,0,75.00023658014072,6,3,3,1,1,0,0,0
42,0,116.03099067152681,4,12,4,3,0,3,0,0
103,0,89.96935936920578,10,18,4,1,2,0,0,0
40,0,65.33593120492577,2,23,3,4,0,0,0,0
186,0,123.81353063915076,9,2,4,3,1,0,0,0
27,0,204.37090227253182,9,6,4,2,1,0,3,0
306,0,100.64542551614251,6,14,3,2,1,0,0,0
157,0,89.97387746996822,10,24,3,2,0,0,0,0
187,0,99.1761868064061,8,5,4,5,3,0,0,0
176,1,121.09609840348907,8,10,3,2,0,0,0,0
0,0,182.09736134448335,5,27,4,2,0,0,3,0
17,1,100.22419400510849,8,30,4,3,1,0,0,0
49,0,159.79949834714552,6,7,4,1,1,0,2,0
184,1,81.5683851580858,8,15,4,1,0,0,0,0
56,0,118.8,4,22,4,2,1,0,3,0
79,0,99.82262988247484,3,24,4,2,1,0,0,0
206,1,127.44301245704776,6,8,4,4,1,0,2,0
310,1,68.57392542672524,12,26,4,9,2,3,0,0
154,0,95.5428647386265,7,24,4,1,0,0,0,0
156,1,133.15547218691682,6,14,4,3,0,0,2,0
308,1,78.3,11,23,4,3,0,0,0,0
35,1,82.43429681776696,3,1,4,2,0,0,0,0
114,0,109.65,5,11,4,4,0,0,0,0
4,0,124.35365062791621,9,12,4,2,0,0,2,0
131,0,196.93976650852522,8,11,4,3,0,1,3,0
156,0,84.50761962781195,5,17,4,1,0,0,0,0
208,0,82.3696447447407,7,30,4,2,1,3,0,0
132,0,138.39290759550096,7,4,4,3,0,1,1,0
121,1,75.96120250499982,10,14,4,3,0,2,0,0
247,0,108.8770438486166,6,5,3,1,1,0,0,0
34,0,140.0334796190666,3,24,4,2,0,0,3,0
184,1,81.49188372684925,8,15,4,1,0,0,0,0
131,0,148.76647890865962,8,8,4,1,0,0,3,0
57,0,79.2,11,19,4,2,0,3,0,0
1,0,77.44992614318964,11,18,4,11,5,0,0,0
120,0,124.00993451466287,7,14,4,2,0,0,1,0
16,1,130.33668011213894,7,27,4,2,0,0,0,0
108,0,149.94746630960202,8,18,4,4,1,0,3,0
63,0,157.61212478573125,6,11,4,1,0,0,3,0
51,1,123.3,9,2,4,2,0,0,3,0
27,0,118.97267674494842,9,18,3,0,1,0,0,0
58,0,118.6769133911281,3,22,4,2,0,0,2,0
128,1,132.3,10,14,4,2,0,0,3,0
114,0,75.0,7,1,3,2,1,0,0,0
196,0,108.05939898953146,10,8,4,1,2,0,0,0
175,0,198.93617045624902,9,15,4,2,0,0,5,0
85,0,120.16655137896241,10,22,4,3,2,0,3,0
59,0,88.33822390375319,10,11,4,2,0,2,0,0
214,0,91.59203295913825,8,15,4,2,0,0,0,0
72,0,107.87258075991787,9,17,4,1,0,2,0,0
32,0,98.1,5,23,4,1,0,3,0,0
222,1,92.33243891838607,8,30,4,3,0,0,0,0
84,1,76.5,7,6,4,3,0,0,0,0
36,0,82.7169028576408,4,1,4,2,0,1,0,0
26,0,158.90832249880722,5,20,4,1,1,0,3,0
230,1,96.67204153755162,7,27,4,3,0,0,1,0
180,0,86.48446909703082,8,25,4,1,0,2,0,0
215,0,97.73218615973813,9,28,4,2,0,0,0,0
279,0,110.0,9,18,3,2,0,0,0,0
13,1,91.14908837565743,2,7,4,2,1,0,0,0
7,0,151.2096676343747,8,6,4,1,2,0,0,0
88,0,76.5,8,11,4,3,0,0,0,0
166,0,122.4,10,2,4,2,1,0,3,0
197,1,112.18189836397958,8,23,3,4,1,0,0,0
55,0,140.61499926585597,7,10,4,1,0,0,3,0
66,0,156.05127684804677,5,4,4,1,0,0,2,0
178,0,100.25603835016396,6,3,4,2,1,0,0,0
291,0,115.34572133669128,8,19,3,2,0,1,0,0
54,0,99.0,9,2,4,1,0,3,0,0
87,0,97.36331208266326,5,10,4,3,0,0,0,0
183,2,137.7,8,5,4,2,0,0,3,0
147,0,156.87835736041836,9,22,4,1,1,0,1,0
48,0,99.70256388300677,3,22,4,1,0,0,0,0
180,0,120.0,10,10,3,2,1,0,0,0
92,1,108.33997857350694,8,4,4,3,0,1,0,0
13,0,111.11610259046786,3,3,4,4,1,0,3,0
63,0,106.14589530152753,3,27,4,3,0,0,0,0
165,0,116.96260306989758,6,16,4,5,2,0,2,0
189,0,89.27933202052989,7,18,4,5,2,2,0,0
30,0,124.81195557082808,10,3,4,0,0,1,0,0
91,0,85.5,5,25,4,0,1,3,0,0
38,0,213.83735739646664,6,17,4,3,0,0,5,0
185,0,87.21526116402009,8,11,4,5,2,3,0,0
45,0,112.79465519871017,3,18,4,2,0,0,2,0
8,0,169.03541263733658,6,23,4,1,0,0,0,0
35,0,68.51695954292522,2,8,4,5,0,3,0,0
157,0,90.61837174762265,6,25,4,2,2,0,0,0
257,0,90.0,5,4,3,3,0,0,0,0
147,0,156.75591528879485,9,22,4,1,1,0,1,0
160,0,105.54765348337338,8,8,4,3,1,3,0,0
233,0,88.02993076181576,8,12,4,2,0,0,0,0
27,0,94.52864570903333,3,18,4,0,1,0,0,0
110,0,202.9828519625713,9,10,4,3,0,0,4,0
81,0,102.05908358033744,4,12,3,2,1,0,1,0
14,0,114.94022109592234,6,10,3,2,2,0,0,0
12,1,79.88365044598733,8,19,4,3,0,0,0,0
183,0,98.1,10,11,4,1,0,3,0,0
56,0,126.92301581414551,10,2,4,2,0,0,3,0
80,0,119.6053138473195,6,13,4,2,1,0,0,0
150,0,120.79196284189442,7,6,4,4,1,0,0,0
50,0,106.97334330581596,7,6,4,1,0,3,0,0
265,1,78.17831767552225,11,20,4,2,2,0,0,0
134,0,147.37232927378693,9,19,4,3,1,0,3,0
30,1,134.396854227662,7,25,4,3,0,0,0,0
35,0,109.8,8,30,4,4,0,0,0,0
280,0,110.0,9,19,3,2,1,0,0,0
40,0,130.48891390904325,3,15,4,3,1,0,3,0
28,0,96.79213273438107,4,17,4,0,1,0,0,0
213,1,66.58355286866946,11,15,4,2,0,3,0,0
117,0,99.3063972734633,4,28,4,2,0,0,0,0
26,1,151.33490058515036,7,22,4,2,1,0,0,0
122,0,98.98212523855352,5,2,4,3,0,0,0,0
140,0,70.28823432637384,7,11,3,2,1,0,0,0
52,0,87.3,3,3,4,2,0,0,1,0
178,1,155.50823703877526,7,26,4,1,0,0,0,0
137,0,143.76911237124017,8,20,4,4,1,0,3,0
15,0,79.0,2,12,4,2,0,3,0,0
184,0,95.02245056681063,9,14,4,2,0,1,1,0
139,0,68.0,11,16,3,4,2,0,0,0
109,0,143.20910568136262,6,3,3,1,0,0,0,0
203,0,90.0,5,29,3,1,2,0,0,0
32,0,191.9811634155468,6,8,4,3,0,0,4,0
121,0,99.45,5,3,4,3,0,0,0,0
27,0,213.92361816865784,5,17,4,3,0,0,5,0
152,0,96.18106391413937,8,25,4,2,2,0,0,0
176,0,126.09177613154175,8,8,3,3,0,0,0,0
204,0,87.43543565859716,7,20,4,2,0,0,0,0
36,1,144.35906794228225,8,22,4,0,1,0,1,0
8,0,84.41408384192184,2,14,4,1,1,0,0,0
11,0,168.1924730097192,6,11,4,4,3,0,3,0
45,0,91.6784738168361,5,30,3,2,0,1,0,0
30,0,72.7114566804729,2,19,4,1,1,3,0,0
211,0,126.66426929027344,10,18,4,1,1,0,3,0
154,0,104.14311347901037,7,18,4,1,0,3,0,0
35,0,67.73717935572297,2,10,4,3,0,3,0,0
60,0,94.1286364807239,8,17,4,0,1,1,0,0
129,0,105.21057080833619,5,5,4,3,0,0,0,0
194,0,105.84128722320246,5,29,4,1,2,0,0,0
16,0,115.44498511759657,9,3,4,0,0,1,0,0
50,0,77.3845759731352,2,27,4,0,0,1,0,0
61,0,87.3,3,3,4,2,0,0,3,0
204,0,98.01941376028617,9,8,4,1,0,2,0,0
96,1,74.02953223584105,11,27,4,2,1,2,0,0
9,0,143.59434998601782,4,12,4,4,0,0,3,0
104,0,84.46127672981397,3,18,4,4,2,0,0,0
110,2,118.8,9,10,4,2,1,0,0,0
81,0,59.18451227948252,5,25,4,2,1,0,0,0
10,0,138.46715207321836,7,8,4,0,0,3,0,0
52,0,117.95784242653203,6,4,4,1,0,0,0,0
52,0,78.33271004213769,2,19,4,2,0,0,0,0
13,0,109.04008084760011,8,17,3,1,0,2,0,0
341,0,1.8154799381603959,9,13,4,2,0,0,0,0
75,0,74.13184143441433,4,2,4,1,1,3,0,0
85,0,101.14085258343928,4,27,4,3,0,2,0,0
39,0,105.59263630240504,4,28,4,4,2,3,0,0
1,0,79.0,2,10,4,0,0,3,0,0
163,0,127.26737824530014,8,13,4,2,1,0,1,0
99,1,88.80518632394006,5,21,4,2,0,0,0,0
82,0,87.59554028358535,11,22,4,2,1,0,0,0
3,0,98.58331475555413,8,15,2,3,0,0,0,0
33,1,129.07813924038106,9,25,4,3,0,0,0,0
24,0,109.5722146828502,4,12,4,3,0,0,0,0
30,0,111.01874495924537,8,3,4,0,2,0,2,0
56,0,125.32546353442288,9,11,4,1,2,2,0,0
32,0,98.01042196454233,5,8,4,1,0,2,0,0
193,0,137.7,8,6,4,1,1,0,1,0
38,0,116.1,5,12,4,1,0,3,0,0
33,0,170.37340465983652,10,8,4,1,1,0,3,0
219,0,95.74999662475805,8,10,4,1,0,0,0,0
40,0,104.0715317786983,5,26,4,4,1,3,0,0
14,0,114.3352656421622,6,12,4,0,2,0,0,0
88,0,132.88295546543728,9,19,4,2,0,0,2,0
2,0,88.90560933205893,4,17,4,1,1,3,0,0
15,0,83.03,3,8,4,1,0,0,1,0
4,0,122.81966956217923,7,9,4,1,0,0,0,0
189,1,111.77841090246638,8,15,4,4,0,0,2,0
235,0,90.7031030719098,8,12,4,2,1,0,0,0
135,0,116.11166491338433,6,9,4,3,0,2,0,0
63,0,94.70125792417998,4,24,4,3,0,3,0,0
47,0,99.39888547662144,3,12,4,2,0,0,0,0
117,0,90.95989922169034,6,1,4,1,2,0,0,0
0,0,133.0,9,4,4,1,0,0,0,0
152,1,110.95196448985786,8,5,4,1,0,0,0,0
178,0,95.11628808392102,8,23,4,3,0,0,0,0
109,0,151.5680996602157,8,23,4,3,0,0,3,0
90,1,90.41493592080994,4,17,4,2,0,0,0,0
184,0,89.25,8,12,4,4,1,1,0,0
21,0,118.71172061632417,9,19,3,1,0,1,0,0
34,0,135.9,8,1,4,2,1,0,0,0
17,1,79.34336795106735,4,25,4,2,0,1,0,0
279,0,108.2912498603722,8,12,3,2,0,0,0,0
246,0,110.80093845415323,6,6,3,1,1,0,0,0
0,0,133.0,9,4,4,1,0,0,0,0
214,0,93.42564235763533,12,29,4,2,2,0,0,0
105,1,118.02894588579828,9,21,4,2,1,0,0,0
27,1,96.9,11,13,4,2,1,0,3,0
38,0,125.56059296769747,6,26,4,2,0,2,0,0
88,0,73.25674312681939,3,5,4,3,1,1,0,0
160,0,105.64737159512913,7,16,4,2,0,0,0,0
141,1,167.5764497259124,8,26,4,1,0,0,4,0
21,0,131.9069957901486,4,29,4,2,1,0,2,0
140,0,114.3,8,13,4,1,1,0,0,0
90,1,127.65052639911914,10,20,4,3,1,0,3,0
7,0,151.0,8,6,4,1,2,0,0,0
42,0,168.97317427023816,3,20,4,3,2,0,5,0
32,0,82.63365550576054,8,2,4,1,0,3,0,0
202,0,90.29008123597205,5,29,4,1,1,0,0,0
104,0,142.79314005660333,6,9,4,3,0,0,0,0
53,0,125.1,8,26,4,0,0,3,0,0
263,0,100.3,9,10,4,3,1,0,0,0
96,0,85.26472613043305,7,22,3,1,0,1,0,0
73,0,86.45796456488536,11,19,4,0,0,0,0,0
47,1,79.2,11,23,4,2,1,3,0,0
102,1,83.98461767455844,10,16,4,2,1,0,0,0
128,0,90.80662684218898,6,22,4,2,1,3,0,0
4,0,99.85430615141533,3,21,2,1,0,0,1,0
102,1,85.12564166962053,11,17,4,2,2,0,0,0
120,0,75.83051146404644,11,25,4,5,2,1,1,0
191,0,132.05797096306992,6,3,3,1,1,0,0,0
82,0,98.20159527738953,4,4,4,3,0,0,3,0
16,1,202.0760299291865,7,17,4,3,0,0,4,0
1,1,85.88747045506177,10,26,4,1,0,1,0,0
5,0,119.05335966605912,4,10,4,1,0,0,0,0
75,0,139.41724860247976,5,3,4,2,0,0,2,0
28,0,108.77429320886043,5,13,4,2,0,0,2,0
14,0,136.0,6,13,4,2,0,0,2,0
4,0,133.9316623409828,6,28,4,3,0,3,0,0
261,0,106.25,11,15,4,4,0,1,0,0
51,0,107.71192099905788,9,1,4,0,1,3,0,0
21,0,67.05131334110791,11,21,2,0,0,0,0,0
96,0,122.459923229351,9,27,3,2,0,0,0,0
135,0,93.0078086691317,7,2,4,2,1,0,0,0
179,0,137.66743236617685,8,22,4,0,1,0,3,0
117,1,85.0,12,13,4,5,0,0,0,0
157,0,159.03816296988037,8,26,4,1,1,0,4,0
93,1,90.36411805764412,10,31,4,1,1,0,0,0
214,0,68.17156555797756,9,15,4,2,0,1,0,0
186,0,112.82384382073472,8,28,4,0,0,0,0,0
47,0,107.1,6,1,4,1,0,3,0,0
75,0,159.3,5,15,4,2,0,0,0,0
206,0,69.31633563312305,7,27,4,4,0,0,0,0
116,0,107.3051271579655,5,6,4,1,0,0,0,0
256,0,115.0,6,15,3,2,0,1,0,0
49,0,159.01336054045345,7,20,4,2,0,0,3,0
311,0,77.85347445873872,11,23,4,5,2,0,0,0
32,0,201.52900136892976,8,24,4,1,1,0,5,0
113,0,120.93996327087766,8,2,4,1,1,0,0,0
41,0,178.67205522266838,9,4,4,2,1,0,5,0
158,1,122.9988926719392,5,25,4,3,0,0,3,0
4,0,130.4485569801422,8,17,4,1,2,0,0,0
150,0,217.26348457253738,7,13,4,4,2,1,5,0
190,0,83.45019302995802,6,8,4,8,2,0,0,0
256,0,104.12045719858114,9,15,4,3,1,0,2,0
144,0,132.76831278656206,6,9,4,4,1,0,3,0
168,2,101.5944269007414,7,30,4,2,2,0,0,0
148,1,80.1868308160586,8,28,4,2,2,0,0,0
38,0,129.14966372915143,4,17,4,3,1,0,3,0
151,0,136.6128649438827,8,15,3,4,2,0,3,0
111,0,132.04837807348622,6,9,3,2,1,0,2,0
17,1,159.12009399383894,8,22,4,1,0,0,0,0
274,0,77.63207117181656,10,3,3,2,0,0,0,0
9,0,96.41181449623545,10,19,4,8,3,0,0,0
126,0,57.20025200877812,2,24,3,1,1,0,0,0
54,0,88.22162313767478,11,12,4,1,1,2,0,0
52,0,107.90418790894513,10,10,4,1,0,2,0,0
90,0,61.70294925277035,9,16,4,4,0,0,0,0
11,0,111.35,5,31,4,2,0,0,0,0
51,0,59.58349664714603,3,9,4,4,2,1,0,0
124,0,94.5,6,7,3,1,1,1,0,0
50,0,159.52329087246662,7,20,4,5,2,0,3,0
87,0,150.28285600848753,8,9,4,3,0,0,3,0
52,0,77.6511959042215,11,3,4,1,0,3,0,0
254,0,101.86097380687664,7,9,4,1,0,0,0,0
124,0,95.09697352710438,7,7,3,1,1,1,0,0
67,0,116.1,5,12,4,1,0,3,0,0
2,0,98.46781583482496,8,11,4,1,1,0,0,0
27,0,142.72261797505814,4,14,4,3,1,0,2,0
84,0,135.0601997475468,5,22,4,3,1,0,0,0
140,1,72.10777707585737,4,8,3,2,1,0,0,0
140,0,166.49984096613161,7,12,4,3,0,0,4,0
91,0,107.48196097508419,9,5,4,2,0,0,0,0
210,0,97.20271081218742,7,18,3,1,0,0,0,0
23,0,123.99695369565352,4,10,4,3,1,0,3,0
87,0,87.14551152586051,4,2,4,1,1,0,0,0
47,0,66.17943749597788,3,12,4,2,2,3,0,0
50,0,126.38855118220805,7,17,4,2,0,1,0,0
124,0,118.8,9,6,4,3,0,3,0,0
147,0,79.15210972212856,6,21,4,5,1,0,0,0
161,0,130.0,3,25,3,2,1,1,0,0
151,0,87.18172148696013,4,6,4,1,1,1,1,0
15,0,84.21778123163412,2,10,4,1,0,0,0,0
155,1,137.7,7,16,4,1,1,0,3,0
222,1,72.97511605435417,11,2,4,1,0,0,0,0
113,0,85.0,6,30,3,3,1,0,0,0
71,0,117.0882093699896,10,18,4,2,0,2,0,0
23,0,91.0,2,20,4,0,0,0,0,0
178,1,126.9773163085021,8,24,4,1,1,0,0,0
154,0,136.26207661239727,7,22,4,2,0,0,3,0
113,1,76.5,8,22,4,1,0,0,0,0
102,1,118.8,10,6,4,1,0,0,0,0
195,0,136.9790769832844,8,20,4,0,2,0,1,0
26,0,110.16317077519582,6,14,4,3,0,0,1,0
154,0,101.47277946537459,6,7,4,3,0,1,0,0
198,0,139.87883040457592,10,17,4,1,0,0,2,0
150,1,169.94472346180956,7,3,4,5,1,0,2,0
18,0,79.0,2,12,4,2,0,3,0,0
54,0,85.5,4,18,4,0,0,2,0,0
68,0,121.99558220337755,9,2,4,4,2,1,1,0
57,0,113.09656367316796,5,20,4,2,1,0,3,0
2,0,108.01513810011096,4,10,4,1,0,0,3,0
211,0,63.75,11,16,4,2,2,3,0,0
69,0,159.3,8,29,4,1,1,0,3,0
24,0,107.88251656271852,5,10,4,2,0,0,0,0
84,0,65.68900602617047,4,11,4,6,2,0,0,0
2,0,79.0,2,6,4,0,1,3,0,0
213,0,90.91699844460011,8,18,4,3,0,0,0,0
256,1,78.83322605664262,12,25,4,5,2,0,0,0
66,0,88.05967929552362,4,2,4,1,1,0,0,0
123,0,143.1,9,20,4,4,1,0,3,0
35,0,124.43810615673867,7,25,4,0,0,3,0,0
119,0,129.02932699189918,8,14,4,3,1,0,0,0
189,0,113.98045983662612,9,28,4,2,0,0,0,0
28,0,66.29,12,2,4,10,4,3,0,0
209,1,153.21967086416836,10,6,4,2,2,0,0,0
17,0,77.93996393318504,5,11,4,1,0,1,0,0
15,0,130.96335536175351,7,27,4,2,0,0,0,0
51,0,63.9885248381732,3,8,4,3,0,2,0,0
193,0,120.66895669198624,6,18,3,2,0,0,0,0
37,0,81.0,6,19,3,1,2,0,0,0
254,0,106.72909310272978,6,26,4,3,0,0,0,0
61,0,152.1,8,24,4,0,1,0,0,0
61,0,68.0,9,17,3,2,2,0,0,0
288,0,55.661094021963734,10,17,4,3,2,0,0,0
22,0,155.6660295289525,9,15,4,3,0,0,1,0
78,0,104.09310861176017,7,19,3,0,0,0,0,0
46,0,110.47783537486973,8,26,4,2,0,3,0,0
9,1,99.0,8,16,4,1,1,0,0,0
51,0,99.85378996124662,4,7,4,1,0,0,0,0
66,0,73.43716104874217,2,12,4,1,1,0,0,0
32,0,80.16175803277395,10,16,4,2,0,0,0,0
261,0,106.25,11,15,4,4,0,1,0,0
106,0,105.29456493710308,6,11,4,4,1,0,0,0
76,0,75.99687229617189,9,29,3,2,1,0,0,0
159,0,105.40122987790059,7,18,4,2,0,0,0,0
119,0,73.19493944972955,7,20,3,3,0,0,0,0
8,0,92.20857962514195,3,5,3,1,1,0,2,0
37,0,88.0,12,12,4,1,0,3,0,0
157,1,121.5,7,14,4,2,0,0,0,0
4,0,65.0,8,26,2,1,0,0,0,0
90,0,91.21534009759785,6,2,3,2,0,0,2,0
65,0,88.52299435756511,4,1,4,1,0,0,0,0
3,0,147.3518435019939,3,25,4,2,1,0,1,0
85,0,135.659939014048,7,13,4,1,0,0,1,0
207,1,177.27564537779438,8,2,4,3,0,0,4,0
33,0,94.43630917793261,4,24,4,0,1,1,0,0
134,0,137.19811264448336,8,1,4,2,0,0,3,0
138,0,102.54744100316911,7,22,4,3,1,0,0,0
102,0,114.1549854053657,8,4,4,3,1,0,0,0
85,0,220.89527958765768,9,22,4,3,1,0,5,0
29,0,104.22172434911404,3,4,4,1,1,0,0,0
85,0,76.09413142076488,7,6,3,3,1,0,0,0
81,0,108.13867060968462,4,25,4,3,1,0,1,0
49,1,74.8,11,20,4,5,2,3,0,0
69,0,134.1643738179412,6,7,4,1,0,0,0,0
183,2,163.95420646484934,8,17,4,1,0,1,0,0
53,0,137.0794166307404,7,3,4,2,1,0,0,0
203,0,90.94387863837083,7,29,4,2,1,0,0,0
101,0,72.32239098084438,11,19,4,4,2,0,0,0
191,0,88.75541917545863,7,24,4,4,0,2,0,0
7,1,139.0,6,30,4,1,0,3,0,0
46,0,207.9,7,23,4,2,1,0,5,0
3,0,78.93694742392336,8,24,4,3,2,0,0,0
43,1,108.0,10,2,4,0,1,3,0,0
39,0,131.42003444522766,3,21,4,1,0,0,3,0
27,0,142.22083226783883,4,10,4,3,0,0,0,0
235,1,245.20082673409394,11,30,4,1,1,0,3,0
136,0,89.71104616289718,10,15,3,2,0,0,0,0
28,0,96.38845467859252,4,17,3,1,1,0,0,0
5,0,89.96339963440654,3,7,4,2,0,3,0,0
75,0,96.81095323178693,4,14,4,2,1,0,0,0
12,0,84.48600080438429,3,7,4,1,0,0,0,0
234,0,104.36532528624666,9,12,4,4,1,0,0,0
17,0,74.96411583208634,11,25,4,2,2,3,0,0
248,1,117.91803654049569,8,21,4,1,0,0,0,0
13,0,221.0,5,11,4,1,0,0,5,0
152,0,101.02686457893874,7,22,4,2,1,0,0,0
115,1,87.63083199283953,11,15,4,3,0,0,0,0
3,0,65.0,9,8,2,0,0,0,0,0
138,0,97.10956660225084,7,2,4,2,1,0,0,0
246,0,109.42364166564782,6,6,3,2,1,0,0,0
149,1,129.5413923980215,8,23,4,4,1,0,0,0
5,0,109.03928939748151,8,1,3,1,0,2,0,0
50,0,158.01252365404721,5,27,4,1,0,0,3,0
67,0,113.926234464082,4,13,4,2,0,1,1,0
96,0,117.45461026218351,10,15,4,1,2,0,0,0
34,0,78.3,1,13,4,1,0,0,0,0
185,1,90.95,7,13,4,5,0,0,0,0
20,1,233.108213160236,6,19,4,4,1,0,5,0
195,1,112.55196179989889,8,26,4,5,2,0,0,0
24,0,156.1568394823541,9,15,4,2,1,0,0,0
137,1,79.27709327162356,10,11,4,1,0,2,0,0
69,0,166.99587269450464,9,14,4,2,0,0,3,0
141,0,115.54100025025095,6,11,4,2,1,0,1,0
203,1,127.21812258203599,8,8,4,3,0,0,0,0
130,0,113.93689803700342,8,6,4,3,2,0,0,0
108,0,94.36661179094621,5,6,4,2,1,2,0,0
50,0,159.39180912431016,5,18,4,3,0,0,3,0
39,0,107.1,5,28,4,2,0,3,0,0
34,0,113.39733025886595,3,22,4,1,0,0,2,0
66,0,90.15336413665447,9,4,4,2,1,1,0,0
86,0,55.084331415411214,3,5,4,1,1,0,0,0
128,0,94.64815926049778,3,18,4,4,1,0,0,0
60,0,131.25400030352074,10,23,4,1,1,0,3,0
29,0,157.97453797047137,10,4,4,3,0,0,3,0
178,1,127.3876707520169,7,27,4,6,2,0,3,0
43,0,107.25039006585531,5,2,4,0,1,3,0,0
50,0,119.95979190136399,4,27,4,0,0,0,2,0
70,0,149.4,9,15,4,2,0,0,3,0
39,0,141.23051494355846,3,25,4,1,0,0,2,0
190,0,121.5,8,2,4,2,0,0,0,0
18,0,89.29027046939018,3,7,4,1,0,2,0,0
71,0,126.9,5,8,4,1,0,0,0,0
231,0,70.3749797469919,6,4,4,2,0,0,0,0
108,1,67.77280362768607,7,14,3,6,2,0,0,0
107,0,115.42866220806901,11,24,4,3,1,0,0,0
120,0,81.56552605642396,3,27,4,3,2,0,0,0
14,0,89.44260239227695,3,16,4,1,2,2,0,0
49,0,197.35976796658468,8,3,4,8,3,0,5,0
111,0,135.83313753291907,8,23,4,1,1,1,1,0
33,0,108.52489080431324,9,2,4,0,2,2,0,0
82,0,76.5,7,18,4,2,2,0,0,0
54,0,89.56502701945442,3,17,4,2,1,0,0,0
195,0,109.19059071034224,9,3,4,5,2,0,0,0
58,0,132.1348493029215,6,27,4,4,1,0,3,0
205,0,115.88205616260308,8,12,4,1,1,1,0,0
159,0,114.931870943992,8,13,3,1,0,0,0,0
68,0,85.54448744905575,6,2,3,3,2,0,0,0
39,1,71.31563980939426,11,12,4,10,4,3,0,0
171,0,300.0,7,29,3,3,2,1,0,0
110,0,142.76671692170544,6,2,4,1,0,0,0,0
184,0,60.35728193742301,8,27,4,4,1,3,0,0
109,0,149.6876051565814,8,23,4,2,0,0,3,0
147,0,198.43535785670844,8,16,4,3,1,0,1,0
124,0,89.9494809649401,3,29,3,3,0,0,0,0
54,1,88.35096061104711,11,15,4,2,2,0,0,0
22,0,97.38565173286513,2,3,4,2,0,0,0,0
144,0,80.61904276955366,6,28,4,3,1,0,0,0
17,0,101.30475762969886,7,30,4,2,1,0,0,0
105,0,128.30536794780346,5,8,4,2,0,0,0,0
177,2,155.04163793525498,9,4,4,1,0,0,3,0
159,1,130.19623628015654,6,16,4,2,0,0,3,0
197,0,75.36828327139918,5,8,3,2,0,1,0,0
18,0,111.02794529826252,5,14,4,1,0,0,0,0
260,0,113.49259283354212,8,22,4,2,0,2,0,0
90,1,127.70129841099929,8,17,4,3,1,0,3,0
24,0,143.20465393817395,4,27,4,2,0,0,3,0
143,0,139.03684420271415,7,20,4,1,1,0,1,0
63,0,210.46910495043699,5,14,4,1,1,0,3,0
68,0,120.49011213792029,6,12,3,4,2,0,0,0
31,0,78.65607496309181,2,7,4,0,1,0,0,0
184,1,127.95145074013966,8,2,4,3,0,0,0,0
169,1,105.95399604881177,6,22,4,1,1,0,0,0
221,1,119.58927940377997,10,26,4,3,1,2,0,0
1,0,69.26933747408526,8,10,2,1,0,0,0,0
179,0,113.74019396018947,7,22,4,0,1,0,0,0
155,0,103.5,7,18,4,1,1,3,0,0
65,0,76.32241166126566,7,10,3,1,1,0,0,0
9,0,79.0,2,4,4,3,0,3,0,0
30,0,123.31201033521282,5,18,4,1,1,1,1,0
123,0,95.25895368431199,4,29,4,2,0,0,0,0
21,0,170.7440396492526,4,29,4,1,0,0,3,0
119,0,104.52362188618497,9,28,4,1,0,0,3,0
185,0,107.2345085043021,10,4,4,2,1,0,0,0
204,0,143.39450122454662,9,5,4,1,0,0,0,0
3,0,150.37365128929025,7,15,4,1,0,0,0,0
11,0,110.97760830003546,11,18,4,2,0,0,0,0
159,0,125.96020472399603,7,2,4,4,1,0,0,0
20,0,139.0,6,10,4,3,1,2,0,0
160,0,103.12929365249845,7,16,4,1,1,0,0,0
149,0,105.3,7,18,4,1,1,0,0,0
49,0,76.59700601797931,3,13,3,1,1,0,0,0
31,0,112.35577735499287,7,2,4,0,1,2,0,0
28,0,70.81633713884091,2,5,4,13,5,0,0,0
59,0,159.3,6,1,4,3,0,0,3,0
30,0,166.96006215532225,6,8,4,1,2,0,2,0
153,1,123.13505120775929,8,8,4,3,1,0,2,0
0,0,220.39935964279584,6,17,4,0,0,0,1,0
156,1,102.30664011034352,7,11,4,2,0,1,0,0
418,0,95.79939668502074,9,26,3,2,1,1,0,0
82,0,132.4594063395376,9,9,4,3,1,0,2,0
160,1,125.38348574349132,9,29,4,2,2,0,0,0
162,0,81.94600448192446,7,27,4,1,1,3,0,0
21,0,168.76054845002957,6,20,4,2,1,0,2,0
322,0,79.22543696593178,5,18,3,3,0,0,0,0
195,0,109.20670829926844,9,3,4,5,2,0,0,0
43,0,72.83430014042077,2,18,4,2,1,1,0,0
87,0,150.17276998523428,8,9,4,3,0,0,3,0
39,0,147.9772197274418,11,7,4,3,1,2,0,0
38,0,126.9,5,22,4,2,1,0,0,0
73,0,72.74962369102902,3,18,3,3,1,0,0,0
99,0,148.50499598542274,7,26,4,4,0,0,3,0
75,0,109.8,11,3,4,1,1,0,0,0
41,0,149.0340397713777,2,23,4,1,2,0,2,0
385,0,90.0,10,22,3,0,1,1,0,0
38,0,69.92572144921184,2,11,4,1,0,3,0,0
121,0,72.25,7,20,3,3,0,0,0,0
116,0,184.1137619976482,6,26,4,2,1,0,1,0
163,1,145.75363491717377,8,23,4,2,0,0,0,0
9,0,92.8427022084749,2,24,4,2,0,0,0,0
156,0,102.42391031965558,7,11,4,2,0,1,0,0
81,0,77.09007871989817,5,3,4,2,0,0,0,0
147,0,90.60214985886137,4,10,4,4,1,3,0,0
196,1,112.56,9,27,4,5,2,0,0,0
243,0,107.12413892213532,9,22,3,4,1,0,1,0
35,0,135.01636804863358,9,9,4,1,2,0,2,0
6,0,130.56758033865498,9,3,2,4,0,0,0,0
50,1,136.36365988233743,9,8,4,2,1,0,0,0
159,0,146.46727215746893,8,21,4,2,1,0,2,0
43,1,135.75561208306502,3,26,4,3,2,0,3,0
64,0,105.3,7,23,4,1,1,0,0,0
45,0,68.14265515937318,2,4,4,2,0,2,0,0
10,0,110.814248173662,3,6,4,2,0,0,0,0
52,0,117.64037278966121,6,4,4,1,0,0,0,0
46,0,123.39426372604927,8,30,4,4,1,0,3,0
66,0,75.0,10,9,3,2,1,0,0,0
57,0,86.46575146148838,3,18,4,1,0,1,0,0
126,0,139.4368832645635,7,3,4,1,0,1,0,0
2,0,106.0,2,15,4,3,0,0,3,0
79,0,80.80343254047169,4,2,4,0,1,0,0,0
101,0,150.3,8,24,4,3,0,0,3,0
120,0,124.53005516100785,6,11,4,2,0,0,0,0
87,0,85.5,5,25,4,0,1,3,0,0
172,1,117.08984419009555,7,19,4,1,1,0,0,0
278,0,75.72670527866774,12,23,4,5,1,0,0,0
15,1,129.0,8,20,4,0,1,3,0,0
34,0,87.2880101945323,4,17,2,1,0,0,0,0
203,0,6.5458672871598385,9,13,4,3,1,0,0,0
3,0,140.11288252033563,6,25,4,1,0,0,0,0
31,0,132.74317125728223,6,16,4,1,0,0,2,0
14,1,139.36053435269102,10,28,4,1,0,0,1,0
34,0,67.5,2,8,4,3,0,2,0,0
54,0,88.4,11,16,4,3,1,0,0,0
164,0,178.58578636148067,8,19,4,2,2,0,3,0
187,0,106.73656074999036,7,19,4,2,0,0,3,0
150,0,129.82874838686521,8,17,3,1,0,0,0,0
252,2,75.69958281996878,12,27,4,7,2,0,0,0
98,0,83.56829371929686,4,6,4,2,2,3,0,0
225,0,68.04187378981227,10,25,4,1,0,2,0,0
153,0,119.51781090911733,7,5,4,4,0,0,3,0
37,0,135.21827277366813,6,8,4,1,1,0,1,0
193,0,130.05,8,7,4,4,1,0,3,0
23,0,221.0,5,17,4,3,0,0,5,0
21,0,93.70307792470267,3,9,4,3,0,0,0,0
118,0,78.94227854208339,6,10,4,1,1,0,1,0
26,0,130.18101991944542,11,29,4,3,0,0,1,0
47,0,104.96144079944827,4,11,4,1,1,0,0,0
29,0,88.46885468711524,10,25,4,0,0,3,0,0
142,0,175.55470007748423,8,30,4,2,0,0,0,0
96,0,75.18032241613429,8,21,3,4,1,0,0,0
32,0,109.28135281736952,10,2,4,1,1,1,0,0
246,0,110.86237352981043,6,6,3,1,1,0,0,0
65,0,136.41554171638032,4,21,4,1,0,0,3,0
29,1,127.96788166465359,6,15,4,2,1,1,0,0
55,1,109.8,8,29,4,2,0,0,0,0
36,0,110.78551761728983,6,29,4,3,0,0,3,0
91,1,105.3,3,24,4,2,0,0,2,0
97,0,77.46223247833913,4,10,4,2,1,0,0,0
48,1,167.79862491883824,8,20,4,3,1,0,2,0
57,0,124.25764984724105,8,5,4,3,0,0,3,0
161,1,114.3,5,23,4,0,2,0,3,0
4,0,100.88663100132555,3,22,3,1,0,0,0,0
15,0,114.13264259371842,5,11,4,1,2,0,0,0
129,0,119.83826941935413,8,17,4,1,1,2,0,0
81,0,79.2,11,20,4,1,1,3,0,0
28,1,88.87084032583225,11,18,4,1,0,3,0,0
219,2,128.7,8,25,4,1,2,0,3,0
61,0,91.93830489993933,4,10,4,3,0,0,0,0
131,0,106.44585649209405,8,2,4,2,0,1,0,0
132,0,118.97177298567317,11,3,4,1,2,0,2,0
89,0,76.5,7,10,4,3,0,0,0,0
105,0,76.48000651671055,7,8,4,2,0,0,0,0
275,0,72.40106438445402,12,28,4,4,0,2,0,0
94,0,136.50405732024316,6,3,4,2,1,0,2,0
197,0,99.95,8,6,4,4,0,0,0,0
207,1,108.6057054042395,9,4,4,1,0,0,0,0
186,0,104.66958512820455,8,13,4,1,0,1,0,0
189,1,177.3491746074219,7,17,4,1,0,0,4,0
150,0,119.92149835216667,6,16,4,5,2,0,3,0
50,0,139.3099170697002,9,3,4,1,2,0,3,0
349,0,90.0,10,4,3,5,1,0,0,0
217,0,102.164508017234,9,28,4,3,1,2,0,0
91,0,80.05149276944358,4,4,3,1,1,0,0,0
282,0,81.35944607690793,12,28,4,3,1,0,0,0
191,0,119.27968380475608,7,3,3,2,0,0,0,0
122,0,76.20423363126238,8,13,4,3,1,1,0,0
63,0,143.4803832130836,5,10,4,2,0,0,0,0
10,0,79.0,2,4,4,3,0,3,0,0
205,0,90.95,7,23,4,3,1,0,0,0
158,0,121.94286889496678,8,19,3,1,1,0,0,0
95,0,90.75731149984068,10,29,4,1,1,0,0,0
77,0,98.58966729214569,3,25,4,3,1,0,1,0
162,1,105.83,8,15,4,3,1,0,0,0
95,0,118.8,10,7,4,2,1,0,0,0
93,0,137.7060228874226,6,13,4,2,0,0,3,0
90,0,149.4,9,6,4,2,2,0,3,0
204,0,58.708975469811506,9,2,4,2,0,1,0,0
111,0,137.77033912057976,7,1,4,3,1,0,3,0
68,0,130.00672352145907,6,30,4,1,0,0,3,0
5,0,201.56274615846152,4,18,4,3,0,0,5,0
4,1,159.0,9,15,4,2,0,0,1,0
37,0,125.48108057691005,10,4,4,1,2,0,3,0
97,0,80.35028062107662,10,27,3,1,0,1,0,0
47,0,124.2019156774263,3,18,4,1,1,0,2,0
1,0,116.58667236776358,3,9,4,2,1,0,0,0
189,0,69.62683611712106,11,24,4,1,0,2,0,0
133,0,117.9392506124204,5,25,4,3,2,0,2,0
4,0,134.0,4,25,4,2,0,3,0,0
163,0,115.0,10,15,3,0,1,0,0,0
195,0,98.36017853973294,8,3,4,1,0,2,0,0
0,0,203.86215352500398,7,18,4,1,0,0,4,0
152,0,102.4495727310271,6,8,4,3,0,0,0,0
124,0,113.42237434650173,7,22,4,4,2,0,2,0
165,0,150.60059293255367,9,3,4,2,1,0,3,0
165,1,105.3,7,29,4,1,0,0,0,0
159,0,122.2670062134222,8,19,3,2,0,0,0,0
194,0,101.4,9,12,3,3,1,0,0,0
27,1,77.19137394801538,2,9,4,4,2,2,0,0
257,0,105.23423510126926,6,28,4,3,0,0,0,0
51,0,158.67283974239186,9,17,4,1,0,0,3,0
179,0,240.03267891888447,8,14,3,1,0,0,4,0
250,1,101.11826293985305,9,7,4,3,2,0,0,0
30,0,81.77478974127419,2,8,4,1,0,0,0,0
290,0,115.22832664619513,8,18,3,2,0,1,0,0
279,0,110.0,10,12,3,3,0,0,0,0
12,0,224.83941334677786,7,15,4,2,0,0,5,0
20,0,120.80045156127532,8,29,4,2,0,1,0,0
191,0,132.31603813819768,8,22,4,2,0,0,0,0
24,0,127.51911067299642,4,10,4,4,2,0,3,0
21,0,104.0,11,23,4,2,0,0,0,0
64,0,151.54487934907783,7,14,4,1,0,0,3,0
219,0,171.80833309054236,8,17,3,1,1,0,0,0
358,0,77.34906317881155,10,16,3,3,1,0,0,0
2,0,99.11767201825648,2,9,3,3,0,0,0,0
336,0,1.916775855838964,8,14,4,2,0,1,0,0
233,0,105.9145025362194,9,5,4,2,0,0,0,0
2,0,94.17189579011234,9,1,1,1,0,0,1,0
5,0,156.0,5,18,4,2,1,0,3,0
226,0,72.36489835339415,6,5,4,2,1,0,0,0
34,0,237.23884792080386,9,14,4,2,0,0,4,0
195,1,112.52794321507652,8,26,4,5,2,0,0,0
35,0,93.38038267711701,10,20,4,1,0,0,0,0
234,0,105.75530009350764,9,27,4,4,1,0,0,0
29,0,95.08077498854081,8,12,4,0,1,0,0,0
3,0,95.88549860261152,10,7,1,1,0,0,2,0
40,0,77.8524633108519,5,21,4,1,0,0,0,0
245,0,75.0,6,17,3,2,0,0,0,0
56,0,124.38252775170452,9,5,4,2,0,0,3,0
33,0,168.3,7,9,4,1,0,0,3,0
156,0,106.6052225133494,7,16,4,3,1,1,0,0
17,0,79.0,2,13,4,2,0,3,0,0
17,1,79.0,2,15,4,3,0,3,0,0
49,0,100.73601321657644,3,27,4,2,0,0,0,0
77,0,135.0,10,20,4,1,0,0,0,0
158,0,89.89723801625037,10,24,4,2,0,0,0,0
142,0,110.02709165240404,7,25,4,2,0,0,3,0
18,0,129.0,9,24,4,0,1,3,0,0
11,0,148.78221599021757,5,26,4,2,2,0,3,0
233,1,159.29229562690506,8,23,4,2,1,0,3,0
14,0,130.5101103640236,4,22,4,1,0,0,0,0
61,0,115.45416299106344,5,24,4,2,0,0,0,0
61,0,126.27527096599076,5,16,4,2,1,0,0,0
13,0,121.2038735806683,8,26,4,2,1,3,0,0
198,0,97.51335703406434,11,28,4,2,2,0,1,0
151,0,101.69803824021571,7,21,4,2,2,0,0,0
11,0,111.0,4,7,4,2,0,0,0,0
130,1,113.6483702178654,5,12,4,1,0,0,3,0
162,0,82.85250799504168,7,28,4,1,1,3,0,0
74,0,86.4,11,20,4,0,0,0,0,0
252,0,111.65367621412095,9,15,4,1,0,0,0,0
20,0,194.53634463513407,5,11,4,1,1,0,4,0
195,0,88.94772281019411,7,23,4,3,0,2,0,0
134,0,165.52312721806246,8,9,4,3,1,0,3,0
201,0,127.64889662026347,8,10,4,2,2,0,0,0
117,0,81.90653430957026,5,26,4,3,0,3,0,0
35,0,99.78090935108756,4,18,4,0,2,1,0,0
14,0,104.67736086199697,11,15,4,4,0,0,0,0
8,0,95.73843572420255,10,19,4,8,3,0,0,0
102,0,132.9563340330936,9,10,4,5,2,0,2,0
23,0,79.2,11,23,4,2,1,3,0,0
144,0,131.3596577880626,8,23,4,3,0,0,2,0
30,1,135.9,7,26,4,2,0,0,0,0
47,0,123.68592452401897,8,30,4,4,1,0,3,0
23,0,75.95759989104113,2,12,4,2,1,1,0,0
5,0,91.8357816988083,2,22,4,2,0,0,0,0
7,0,127.0,2,6,4,3,0,0,1,0
1,0,79.0,2,9,4,0,0,3,0,0
68,0,79.03361439961057,11,22,4,2,0,2,0,0
208,1,152.37883910149088,10,5,4,1,2,0,0,0
70,0,85.73154657634751,3,27,4,4,1,0,3,0
113,1,110.32957456386569,12,27,4,3,0,0,0,0
219,0,95.7930637619741,8,12,4,1,0,0,0,0
123,0,109.2422592462178,3,29,4,2,0,0,1,0
26,0,33.83741685659183,5,22,3,2,1,0,1,0
152,0,134.03906220887313,7,16,3,4,2,1,0,0
143,0,103.09912457814329,7,14,4,2,0,2,0,0
14,0,67.0,9,17,2,1,0,0,0,0
53,0,107.89104349626817,9,10,4,1,0,2,0,0
152,1,110.74023687429766,7,5,4,2,1,0,0,0
198,1,186.03248130133497,7,22,4,3,0,0,3,0
7,0,156.0,4,5,4,1,0,0,3,0
23,0,119.93676331197919,6,6,4,1,0,0,0,0
45,0,71.1,3,11,4,1,0,3,0,0
0,0,100.72035326352848,3,21,3,0,0,0,0,0
123,0,96.13082914098423,4,29,4,2,0,0,0,0
104,0,103.09955585721593,4,27,4,3,0,0,1,0
158,0,91.04592986466639,6,30,4,2,1,0,0,0
51,0,67.0821553142584,2,25,4,4,0,1,0,0
109,0,150.3,8,18,4,2,0,0,3,0
386,1,90.0,10,23,3,0,2,1,0,0
151,1,141.4362985949808,7,4,4,3,0,0,0,0
247,0,109.50519481579894,6,6,3,1,1,1,0,0
274,0,103.3392359214859,9,29,3,2,1,0,1,0
177,0,113.80044473412467,7,22,4,0,1,0,0,0
106,0,124.06483720851567,10,4,4,2,1,0,0,0
158,1,197.64347671367022,8,12,4,2,2,0,3,0
23,0,78.032798405914,11,11,3,3,2,1,1,0
198,0,98.10321530883452,8,10,4,6,1,0,0,0
104,0,109.17771799694023,5,11,4,3,1,1,0,0
166,1,119.3234149741029,8,2,4,3,0,0,3,0
14,0,127.16329814828696,5,15,4,1,1,0,0,0
4,0,161.0,3,26,4,2,1,0,2,0
103,0,74.69463070237597,4,19,4,1,0,1,0,0
67,0,137.79486871370392,4,9,4,1,1,0,3,0
159,1,121.0982933440118,7,14,4,3,1,0,0,0
32,0,208.45840511949464,9,18,4,1,1,0,5,0
22,0,128.95088405072772,3,21,4,1,1,2,0,0
5,0,122.78023031804979,8,18,4,1,0,0,0,0
113,0,118.8608606833228,8,6,3,3,1,0,0,0
13,0,167.93453813123992,3,27,4,1,0,0,0,0
74,0,12.0,2,17,3,3,1,0,0,0
161,0,116.1,9,8,3,3,0,0,0,0
51,0,94.38423412686254,10,5,4,1,0,0,0,0
25,0,134.3605960331014,8,14,4,2,2,3,0,0
5,0,116.56985293623686,5,26,4,2,2,2,0,0
130,0,86.7350380345185,5,27,4,2,1,3,0,0
38,1,79.05190701301014,2,11,4,2,2,0,0,0
230,0,134.6270043993449,8,4,3,3,0,0,0,0
21,0,117.39492709417708,9,8,4,1,0,1,1,0
15,0,221.77874760843346,7,27,4,1,1,0,5,0
259,0,90.0,5,5,3,3,0,0,0,0
158,0,76.3705070581436,9,9,4,3,1,1,0,0
176,0,76.5,8,5,4,1,0,0,0,0
18,0,95.8974791416921,3,18,4,0,1,0,0,0
145,0,95.32483493486704,6,2,3,3,0,0,0,0
42,0,168.7319075736051,3,20,4,2,2,0,5,0
201,0,69.82022654196486,9,1,4,2,0,3,0,0
27,0,150.8191732094174,5,23,4,1,2,0,3,0
10,0,141.44840800467296,6,16,4,3,0,0,0,0
144,0,80.30210364420049,8,28,4,2,1,2,0,0
5,0,98.51604201433565,6,15,4,1,1,0,0,0
242,0,107.37768000585687,9,21,3,4,1,0,1,0
124,0,79.2,11,16,4,2,0,3,0,0
54,0,136.75560752136448,4,8,4,1,0,0,3,0
150,1,127.13530489329018,6,29,4,5,1,0,2,0
102,0,95.00751276024094,5,3,4,3,0,0,0,0
150,1,114.3,7,5,4,1,0,0,1,0
104,0,124.91881383648274,11,4,4,1,0,0,1,0
45,0,107.2756032838526,3,17,4,2,0,0,3,0
28,1,80.19084799674317,10,4,4,1,0,1,1,0
146,1,73.0807209127923,11,28,4,2,0,0,0,0
5,0,114.46446902376971,3,2,4,2,0,0,2,0
259,0,89.07326572219652,9,5,3,3,0,0,0,0
106,0,106.29342486435824,5,6,4,4,1,0,0,0
260,0,113.71297920754586,8,22,3,2,0,2,0,0
59,0,93.6,11,18,4,2,0,0,0,0
76,0,107.96467614867177,8,4,4,2,0,2,0,0
100,0,102.74769688698035,11,26,4,3,0,0,0,0
61,0,106.51003440120519,9,30,4,3,1,0,2,0
57,0,135.9,9,10,4,1,2,0,0,0
190,1,175.5751161230629,8,27,4,1,1,0,5,0
196,0,87.7742564061286,8,17,4,0,1,0,0,0
50,0,91.31401201945005,10,19,4,1,0,1,0,0
1,0,179.30468900522786,8,24,4,1,0,0,4,0
38,0,120.35403352483023,4,20,4,3,1,0,3,0
52,0,141.20878826811654,4,28,4,2,2,0,3,0
155,0,112.61259529352245,6,7,4,4,0,0,0,0
64,0,68.0,7,1,4,3,0,0,0,0
68,0,79.93124223842824,3,24,3,2,1,0,0,0
188,0,90.95,7,26,4,3,2,0,0,0
101,0,95.77481259565658,4,6,3,1,0,0,0,0
219,1,115.96765664377348,9,16,3,2,1,0,3,0
186,0,122.58056770317012,10,1,4,1,1,0,3,0
146,0,136.45881282122815,8,20,4,2,1,0,1,0
22,0,139.6573055517998,5,1,4,2,1,0,1,0
293,1,70.8278503073871,10,12,4,2,1,2,0,0
141,0,193.67701720225352,6,29,4,0,1,0,4,0
180,0,98.1,10,10,4,0,0,3,0,0
80,0,96.56468788110442,4,2,4,2,0,0,3,0
72,1,100.0,9,14,2,1,0,3,0,0
30,0,97.67413963754578,5,7,4,1,1,0,0,0
192,0,94.48960092947696,8,2,4,1,0,3,0,0
237,1,90.48314310081494,9,16,4,2,1,0,0,0
87,0,186.47141789481137,5,17,4,7,2,0,5,0
1,0,105.46281850361703,8,10,4,3,1,0,0,0
153,1,150.5750577200396,9,16,4,2,1,0,3,0
172,0,105.9181357414346,8,2,4,2,0,0,0,0
17,1,235.0818964351478,9,18,4,6,2,0,5,0
181,0,77.54588791515432,9,8,4,1,0,1,0,0
98,0,150.27713862702348,7,24,4,4,0,0,3,0
0,0,80.48347104253516,2,7,4,1,0,3,0,0
216,0,96.3,8,10,4,2,0,0,0,0
7,0,89.0,3,7,4,1,0,3,0,0
50,0,159.3,5,27,4,1,1,0,3,0
40,0,74.26467403692766,9,17,3,2,1,0,0,0
21,0,137.29141635658186,3,31,4,3,1,0,0,0
51,0,158.43801953493107,5,27,4,1,0,0,3,0
87,0,105.32910250120231,6,24,4,1,1,0,0,0
198,0,73.2044269854543,6,2,4,2,0,2,0,0
87,0,72.280043247522,3,1,4,1,0,3,0,0
48,0,243.7894081045659,5,14,4,3,1,0,1,0
40,0,72.60638966869995,2,19,4,2,1,0,0,0
61,0,68.85,7,8,4,8,2,0,0,0
31,0,117.9,5,21,4,1,1,0,0,0
20,0,91.0,2,5,4,0,0,0,0,0
58,0,68.79758674564111,8,8,4,6,2,0,0,0
31,1,96.12351618416645,11,13,4,0,1,0,0,0
291,0,115.0,7,19,3,2,0,1,0,0
21,1,90.71231723442455,8,30,4,2,1,0,0,0
207,0,98.1,10,4,4,1,0,3,0,0
146,0,80.1,10,28,4,1,1,3,0,0
192,0,92.20224507732458,7,11,4,5,1,0,0,0
15,0,218.2745297922789,7,29,4,3,1,0,3,0
73,0,86.86623854888461,11,19,4,0,0,0,0,0
146,0,114.3,7,7,4,1,0,0,0,0
206,0,98.92628510100197,9,4,3,1,0,2,0,0
99,0,96.09114049149902,4,14,3,2,0,0,0,0
47,0,103.81101673261838,4,11,4,1,1,0,0,0
58,0,94.5,5,24,4,0,0,3,0,0
282,0,91.14703986966663,10,16,3,1,0,0,1,0
124,0,72.71577681879327,11,10,4,2,0,0,0,0
67,0,166.08975367513662,10,4,4,3,0,0,1,0
45,0,125.55,10,5,4,2,0,0,3,0
5,0,130.91633566533102,3,20,4,2,0,0,3,0
68,0,79.01263737250657,3,24,3,2,1,0,0,0
2,0,88.50838931081663,3,9,3,1,0,1,0,0
103,0,125.89449385217429,11,5,4,1,0,0,2,0
155,2,144.02762881181607,8,7,4,1,0,0,0,0
137,0,145.54577089656664,8,11,4,3,1,0,3,0
48,0,159.3,5,6,4,1,1,0,3,0
44,0,143.7360288510202,3,28,4,3,1,0,3,0
2,1,109.0,8,1,4,0,1,3,0,0
157,0,112.49153288757824,7,15,3,1,1,0,0,0
155,1,137.50558105711696,6,15,4,1,0,0,3,0
53,0,168.95049796110843,6,15,4,3,0,0,3,0
17,0,187.78808407727715,7,9,4,1,1,0,3,0
303,0,78.02791103606445,8,19,3,3,1,0,0,0
250,1,74.26906370418557,11,28,4,7,2,0,0,0
121,0,98.42278099187841,6,29,4,3,0,0,0,0
110,0,87.76148362939587,4,11,4,3,1,0,0,0
125,0,88.9465020094464,4,15,3,2,1,2,0,0
66,0,137.7,6,26,4,2,1,0,0,0
27,0,108.4543157144545,6,14,4,3,0,0,2,0
148,0,114.3,7,5,4,0,1,0,1,0
34,0,159.0811054697973,3,24,4,3,0,0,3,0
85,0,118.58280510876081,7,2,4,2,0,0,0,0
170,0,111.84945770498416,7,30,4,4,2,0,0,0
139,0,146.17196865446698,8,12,4,2,0,0,3,0
102,0,101.5,10,16,3,2,0,1,0,0
73,1,113.2557803924774,10,23,4,2,1,0,3,0
11,0,146.7420113301585,7,10,4,0,2,1,0,0
48,0,157.81288700997663,6,2,4,2,2,0,3,0
50,0,159.3,5,17,4,2,0,0,3,0
180,1,99.96318216560884,9,27,3,2,0,0,0,0
4,0,144.98537932344203,5,10,4,3,1,0,2,0
68,0,135.34865450359302,6,6,4,3,1,0,0,0
164,0,15.20209155120277,4,23,4,3,0,0,0,0
163,1,104.5473137263487,9,26,4,3,0,0,2,0
159,0,104.07803664906406,7,18,4,1,0,0,0,0
87,0,51.55329668266338,7,5,4,1,2,0,0,0
230,0,99.99923039130623,9,11,4,1,2,0,0,0
104,0,59.75995128712371,3,26,4,4,0,0,0,0
137,2,165.24848719939587,10,26,4,3,0,0,5,0
10,0,129.13414875955746,5,16,4,3,0,2,0,0
158,0,105.82108160885288,8,1,2,1,1,0,2,0
73,0,72.88251367603164,3,17,4,3,2,0,0,0
110,0,150.3,8,14,4,4,1,0,3,0
137,0,86.52310962170728,7,2,4,1,0,2,0,0
36,1,99.0,9,2,4,1,0,3,0,0
140,1,71.01248462408111,4,8,3,3,1,0,0,0
31,0,231.55551663793682,11,20,4,1,0,0,5,0
222,0,75.59993551698692,7,9,4,4,0,0,0,0
19,0,103.52347984004102,7,2,4,1,0,0,0,0
109,0,94.92933648701234,6,26,4,1,1,0,0,0
217,1,157.14292629440789,8,13,3,1,2,0,1,0
22,0,117.81269076059435,9,8,4,1,0,2,0,0
30,0,88.0,11,26,4,1,1,3,0,0
40,0,126.9,5,17,4,0,1,0,0,0
195,0,121.82673226026625,8,11,4,1,0,0,1,0
3,0,95.0,11,20,4,0,0,3,0,0
44,0,91.05925210686402,11,19,4,1,1,0,0,0
14,0,127.81974813557079,3,5,4,3,0,0,3,0
68,0,75.85756555023852,11,22,4,3,0,0,0,0
35,0,132.23733795737743,5,21,4,1,0,0,3,0
106,0,131.93169360158475,9,18,4,1,1,0,0,0
158,1,120.83927252605973,5,28,4,3,0,0,1,0
5,0,88.15835427873304,7,19,4,2,0,3,0,0
103,0,126.9,6,10,4,1,0,0,0,0
271,0,94.75474145868833,7,22,3,2,0,0,0,0
42,0,77.6693334179531,3,3,4,2,0,0,0,0
115,0,105.3,4,15,4,2,0,0,2,0
52,0,123.3,4,2,4,1,0,0,3,0
108,0,108.06966754528142,10,11,3,1,0,2,0,0
262,0,67.8961380861616,11,19,3,1,1,0,0,0
125,0,130.30439396364065,9,1,4,3,2,0,4,0
190,0,113.11182041685092,10,26,4,1,0,0,1,0
147,0,130.0,9,13,3,1,0,0,0,0
65,0,107.84970376959421,9,16,4,2,2,2,0,0
130,0,118.62229500571598,8,18,4,0,1,2,0,0
226,0,96.3,8,13,4,1,0,0,0,0
205,0,90.61969651078466,6,26,3,2,1,0,0,0
185,0,108.94923440095221,8,7,4,6,2,0,0,0
255,1,93.56183337666498,10,23,4,3,1,0,0,0
170,0,112.54285956650476,7,16,4,3,1,0,1,0
8,0,126.98259782907859,2,4,4,3,0,0,0,0
15,0,89.0,6,22,4,1,0,3,0,0
118,0,159.3,6,2,4,3,0,0,3,0
12,0,98.14145914300214,7,30,4,2,1,1,0,0
12,0,85.0,2,6,4,2,1,0,0,0
168,0,62.578623808611596,7,23,4,3,0,3,0,0
33,0,98.1,5,18,4,1,2,2,0,0
20,0,85.0,3,4,4,1,0,0,0,0
45,0,113.21823500103265,4,8,4,2,1,0,1,0
91,0,117.58168437240748,5,21,4,1,1,1,0,0
180,1,84.3836224673803,7,17,4,0,0,2,0,0
16,1,130.4263409881269,7,27,4,2,0,0,0,0
78,0,125.95158224600169,7,11,4,1,1,1,0,0
100,0,220.46809395877577,9,23,4,2,1,1,4,0
143,0,130.9102188603625,8,22,4,3,0,0,1,0
215,0,135.85167461411967,10,22,2,1,0,0,0,0
0,0,213.54998112420355,7,14,4,0,0,0,0,0
130,0,132.3,10,13,4,2,1,0,3,0
8,0,121.17558548801676,6,17,4,1,0,0,0,0
188,0,85.43239233204531,7,25,4,3,1,0,0,0
49,0,160.11863241357804,7,7,4,1,1,1,1,0
163,0,94.5,7,21,4,2,0,3,0,0
196,1,137.96700314046413,8,26,4,2,2,1,2,0
53,0,125.17847020419983,7,26,4,1,0,2,0,0
46,0,78.19713680697075,11,22,4,1,0,3,0,0
113,0,133.5965473416912,6,24,4,3,0,0,2,0
158,1,120.88353776998854,6,27,4,3,0,0,1,0
9,0,99.07028510017744,4,6,4,1,0,0,0,0
232,0,86.62250548685891,8,11,4,2,0,0,1,0
222,0,104.69120883241703,7,26,4,5,1,0,1,0
132,0,175.58298999075407,7,14,4,1,0,0,5,0
35,0,85.20696806008507,2,8,4,3,0,0,0,0
308,2,78.3,11,23,4,3,0,1,0,0
51,1,108.0,10,2,4,1,1,1,0,0
188,0,105.3,8,11,4,1,0,0,0,0
6,0,253.97004392603102,8,23,4,4,2,0,4,0
154,0,103.5615566255531,7,24,4,1,0,0,0,0
210,0,90.9264200936109,8,18,4,1,0,0,0,0
17,0,139.8619662014064,2,12,4,1,0,0,1,0
32,0,126.59179463789177,7,15,4,2,0,1,0,0
280,0,108.71384446965526,9,3,4,2,1,0,2,0
22,0,98.3012857164924,10,28,4,2,1,1,0,0
129,0,132.17782730810973,7,25,4,4,1,0,1,0
76,0,138.29116045519464,6,2,4,2,1,0,1,0
131,0,132.3,10,16,4,1,1,0,3,0
49,0,105.39267826181647,11,9,4,5,3,0,0,0
15,0,96.5697184689819,3,12,3,1,1,0,0,0
54,0,180.56087599958065,3,26,4,2,1,0,0,0
31,1,96.15221154512707,11,14,4,0,0,0,0,0
74,0,133.76006404726877,7,14,4,3,2,0,1,0
62,0,159.3,5,9,4,1,0,0,1,0
18,1,151.34835027730983,4,15,4,4,1,0,3,0
161,0,95.90504340961498,7,1,4,2,1,0,0,0
43,0,159.3,3,28,4,1,0,0,3,0
74,0,148.94511629825158,8,26,4,2,0,0,3,0
100,1,89.99747016986076,9,5,4,2,0,2,0,0
31,0,93.34628165945712,8,31,4,2,0,3,0,0
157,0,94.67016518227634,7,3,4,1,0,3,0,0
102,0,79.2,11,3,4,3,0,3,0,0
71,1,96.08608100405469,9,3,4,3,1,0,0,0
104,0,143.1,6,8,4,3,0,0,0,0
173,0,128.19181404186855,8,13,4,4,1,0,1,0
17,0,66.66288356900516,11,17,2,1,0,0,0,0
53,0,159.3,5,4,4,1,0,0,3,0
202,0,105.43639152226893,8,10,3,2,0,0,0,0
170,1,107.76933605638311,9,2,4,2,1,0,0,0
68,0,88.76570492050666,9,4,4,3,1,0,0,0
24,0,77.97287670640365,8,19,4,3,1,0,0,0
8,0,171.35558895503434,2,23,4,3,0,0,3,0
178,0,84.0075173239266,8,24,4,2,0,3,0,0
47,0,109.8,8,28,4,0,1,0,0,0
121,0,79.77568025405357,11,6,4,2,0,0,0,0
111,0,63.745865901311326,2,27,3,5,1,0,0,0
91,1,134.0057303976979,8,20,4,3,1,0,0,0
153,1,117.7937208744351,9,17,4,3,1,0,0,0
123,0,90.54507791853239,3,29,4,2,0,0,0,0
168,0,84.27829266584618,4,21,3,2,1,0,0,0
153,1,115.16738741363673,6,4,4,1,1,0,0,0
296,0,53.34580770791569,10,17,4,2,0,0,0,0
36,0,138.936474296252,4,26,4,1,0,0,3,0
224,0,106.61977796862436,9,16,4,3,1,0,0,0
33,0,124.64816089026094,8,11,4,3,0,1,0,0
78,0,132.60441100034853,10,21,4,2,1,0,2,0
1,0,95.23710130666132,10,12,4,0,1,2,0,0
193,1,90.39244212712087,9,18,4,4,0,0,0,0
135,0,99.45,7,23,4,2,2,0,0,0
161,0,103.95572883780771,8,8,4,2,1,3,0,0
6,0,154.65158432473137,8,9,4,2,1,0,0,0
117,0,72.62747112163446,4,28,3,2,0,0,0,0
80,0,160.8921319483364,9,27,4,2,1,0,5,0
12,0,112.42,5,30,4,2,1,0,3,0
230,1,109.65,9,18,4,2,1,0,0,0
33,0,115.69012154221939,3,21,4,2,0,0,0,0
148,0,80.1,10,29,4,0,1,3,0,0
77,0,87.48728899489296,10,21,4,1,0,0,0,0
275,0,69.48376230852509,8,3,4,1,0,0,0,0
115,1,150.7570081182196,9,8,4,1,1,0,3,0
83,0,122.00564829838558,11,22,4,1,0,0,0,0
52,0,130.82303731694566,8,10,4,0,1,0,0,0
39,0,128.3536867889739,6,27,4,2,0,0,0,0
66,0,92.16043307566758,9,6,4,1,0,1,0,0
3,0,246.3312295803771,8,12,4,2,0,0,5,0
255,0,66.66011785378822,11,27,4,2,1,3,0,0
17,0,97.56879949713395,9,25,4,11,4,0,0,0
151,0,100.9175443482881,7,21,4,3,2,0,0,0
105,0,61.19895514416701,2,28,3,4,1,0,0,0
114,0,100.84542170356366,5,2,4,1,1,0,0,0
16,0,131.00539114082727,7,27,4,2,0,0,0,0
90,0,90.50937604040381,5,2,3,1,1,0,2,0
214,0,96.3,8,10,4,2,0,0,0,0
155,1,115.6256914517155,8,9,4,3,0,0,0,0
68,0,93.87346390664513,5,20,4,1,2,0,0,0
30,0,88.24457201683695,10,25,4,0,2,3,0,0
162,0,115.0,10,14,3,2,2,0,0,0
419,0,74.47123178979037,9,24,4,2,0,0,0,0
75,0,120.5137955733395,9,10,4,0,1,0,0,0
237,0,112.46704705444753,10,27,4,2,1,0,0,0
58,0,85.7662407104391,3,18,4,1,0,0,0,0
107,0,150.32109123595572,7,16,4,4,1,0,3,0
45,0,125.24664437203681,9,4,4,2,0,0,2,0
67,0,135.0505097312663,5,7,4,3,1,0,0,0
10,0,96.95701905259058,11,20,4,8,4,0,0,0
53,0,75.44387157855215,5,27,3,1,2,1,0,0
418,0,100.75265062823473,9,26,3,2,1,1,0,0
172,0,108.56633523519854,8,16,3,2,0,0,1,0
248,1,98.36895421642471,8,9,4,2,1,0,0,0
98,0,84.24864040922283,4,8,4,2,2,2,0,0
74,0,88.0,11,25,4,1,0,3,0,0
213,1,102.85,10,1,4,2,2,0,0,0
66,0,125.72764785658826,3,4,4,1,1,1,0,0
145,1,117.85922636100129,6,28,4,6,3,0,3,0
75,0,70.0,3,17,3,3,1,0,0,0
308,1,78.3,11,23,4,3,0,0,0,0
55,0,143.54374241884852,6,9,4,1,0,0,3,0
7,1,137.84549407570344,10,16,4,3,1,3,0,0
62,0,108.24760502665936,9,3,4,1,1,0,1,0
29,0,104.39968749177098,3,4,4,1,1,0,0,0
73,0,72.37364639190777,2,28,4,4,0,0,0,0
218,0,107.40644089022466,9,4,4,1,0,0,0,0
6,0,260.6344692923552,7,21,4,1,0,0,3,0
261,0,65.40306832836168,12,26,4,4,1,3,0,0
38,1,144.08775825721528,5,23,4,0,0,0,0,0
69,0,137.5852574562205,4,6,4,3,0,0,0,0
192,0,99.8754860287597,6,20,4,2,1,0,0,0
4,0,130.84420330704538,3,22,4,3,0,1,0,0
33,0,140.6614677115981,3,24,4,2,0,0,2,0
94,0,83.63317703553889,6,24,3,3,0,0,1,0
212,0,177.3,8,4,4,1,0,0,5,0
60,0,122.05405306227637,7,27,4,5,1,0,3,0
24,0,158.86843927758744,3,23,4,1,0,0,0,0
209,0,87.74487568806632,9,6,4,2,1,0,0,0
22,0,125.54332337153537,7,19,4,2,0,0,0,0
187,0,99.14062788768406,8,5,4,5,3,0,0,0
41,0,150.3,6,7,4,3,0,0,3,0
75,0,102.48961622286686,9,17,2,0,1,0,0,0
150,0,120.17579407328411,7,6,4,5,1,0,1,0
22,0,76.30266392410566,11,11,4,7,2,1,0,0
253,0,79.12854565805834,12,28,4,5,2,0,0,0
64,0,118.13056183179823,4,16,4,1,0,0,2,0
182,0,137.43198213348126,8,22,4,2,1,0,3,0
92,0,117.65614368523335,5,22,4,2,2,0,0,0
38,0,81.9,3,2,4,2,0,0,0,0
36,0,135.08270614034137,8,10,4,1,1,0,1,0
79,0,72.99344051777938,2,27,4,4,1,1,0,0
53,0,103.5,7,10,4,0,2,3,0,0
4,0,141.04550222632813,8,2,4,0,1,1,0,0
93,0,137.9508290340351,6,13,4,2,0,0,3,0
275,0,79.7624129241157,12,28,4,4,0,0,0,0
209,0,160.73815928552892,8,3,4,1,1,0,0,0
166,0,96.3,7,27,4,1,1,0,0,0
79,0,86.85026160756746,4,2,4,0,1,0,0,0
29,1,80.02150933139073,10,5,4,0,0,1,0,0
128,1,116.87535204463036,4,9,4,1,1,0,3,0
70,0,110.38379318010935,10,22,3,1,0,0,2,0
94,0,75.05805211961537,5,20,4,3,2,0,0,0
7,0,185.3537256644732,8,12,4,1,0,0,2,0
159,0,144.77564072961647,8,16,4,2,1,0,1,0
184,0,91.84706544058753,9,12,4,2,1,1,0,0
238,0,106.75631203397361,8,13,4,2,0,0,0,0
291,0,115.0,7,20,4,2,0,1,0,0
73,0,111.797966638126,4,28,4,2,0,0,0,0
68,0,85.65505546216903,4,3,4,2,0,2,0,0
46,1,207.9,9,14,4,3,0,0,5,0
53,0,88.4,11,16,4,3,1,0,0,0
46,0,99.0,3,23,4,1,0,0,0,0
50,0,196.59814291444283,8,3,4,9,3,0,5,0
277,1,107.0,8,10,4,2,0,0,0,0
147,1,136.80437941213742,7,7,4,2,0,0,3,0
15,0,91.88937017346142,11,17,4,2,2,3,0,0
75,0,93.6,11,3,4,2,0,0,0,0
129,0,134.89931359100973,7,27,4,5,1,0,3,0
122,0,122.81948421368098,6,27,4,2,0,0,0,0
203,0,87.89318291196851,8,17,4,3,0,0,0,0
54,0,149.8488355152501,4,28,4,2,2,0,4,0
155,1,102.01924176298927,7,17,4,5,2,0,0,0
209,0,100.10475275946912,8,19,4,2,0,0,0,0
107,1,117.80141451178918,3,19,4,1,2,0,1,0
257,0,96.0837224244821,10,28,4,1,2,0,0,0
36,0,179.6374740447998,4,16,4,1,1,0,4,0
196,0,85.5989896408296,7,19,4,2,0,0,0,0
22,0,159.0,6,1,4,2,0,0,2,0
0,0,158.0,8,18,4,1,0,3,0,0
21,0,211.29409382569324,6,13,4,0,1,0,3,0
0,0,36.0745679438259,5,7,4,1,2,0,2,0
18,0,231.19463978783205,8,10,4,3,0,0,5,0
180,0,70.02474040672287,10,16,4,1,0,0,0,0
0,0,209.75470082022719,7,13,4,1,0,0,0,0
102,0,118.37360101792939,5,4,4,3,0,0,0,0
110,0,118.30389599859102,8,13,4,2,1,1,0,0
205,1,168.3,8,14,4,1,0,0,3,0
16,0,92.3775969874353,3,1,4,3,0,0,0,0
206,0,90.7532701319008,7,5,3,3,1,0,0,0
34,1,135.9,8,9,4,1,0,0,0,0
227,0,104.63074696210913,9,10,2,2,1,0,3,0
67,0,85.17302137065964,3,19,4,1,2,3,0,0
159,0,96.0920399512535,7,5,4,2,0,3,0,0
290,0,67.78304611990657,12,23,4,5,3,1,0,0
26,0,186.8745462275614,7,2,4,2,2,0,3,0
218,0,92.40831895267056,9,5,4,3,0,2,0,0
81,0,131.5725037257855,8,5,4,2,0,0,2,0
80,0,108.54087691931669,3,24,4,2,1,0,3,0
166,0,90.95,7,6,4,3,1,0,0,0
211,0,206.90955097259643,10,9,4,4,1,0,0,0
61,0,106.87437556966427,5,19,4,2,1,0,0,0
27,0,109.17169179242906,6,14,4,3,0,0,2,0
194,1,111.16984212229234,8,24,3,4,1,0,0,0
90,0,49.822188685567646,7,8,4,13,4,2,0,0
15,0,287.59206514182426,6,16,4,1,1,0,4,0
147,0,78.80725527480688,6,18,4,5,1,0,0,0
118,0,64.8438493283466,8,18,3,1,0,0,0,0
32,0,66.28796575466274,9,13,2,1,0,0,0,0
71,0,78.34883481279752,3,18,4,1,0,0,0,0
133,0,118.84497385242102,10,6,4,1,1,0,0,0
151,0,96.17577349286763,7,26,4,3,1,0,0,0
247,0,91.68680209274748,9,25,3,3,0,0,0,0
9,0,119.5,5,18,4,2,0,0,1,0
33,1,100.0590962078373,8,28,4,4,1,3,0,0
2,0,77.6790757462283,10,21,2,3,0,0,0,0
39,0,181.28353576177446,3,17,4,1,1,0,3,0
188,0,112.5,9,28,4,1,1,0,0,0
76,0,94.20959609678894,6,11,4,2,0,2,0,0
22,0,135.96756891937406,3,29,4,3,0,0,0,0
72,0,97.16938835748815,10,12,3,1,0,1,0,0
173,1,115.78855065259057,6,21,4,2,0,0,3,0
30,0,157.60747244069796,9,4,4,2,0,0,3,0
4,0,221.0,5,12,4,1,0,0,5,0
70,0,133.75051780391192,6,8,4,4,1,0,0,0
143,0,140.7,8,17,4,3,1,0,3,0
100,0,150.3,8,24,4,4,0,0,3,0
63,0,116.19223427929042,4,21,4,1,0,2,0,0
304,0,89.0,11,3,4,2,0,0,0,0
28,0,74.3642360875545,2,2,4,4,1,3,0,0
35,0,125.1,4,24,4,2,0,3,0,0
31,0,154.6349408589152,10,3,4,3,0,0,3,0
186,1,112.01,9,4,4,2,2,0,1,0
192,0,95.4363501192882,8,26,4,2,1,0,0,0
39,0,78.95505923626605,6,20,4,1,0,0,0,0
128,0,121.56474577272914,8,17,4,3,1,0,2,0
239,0,128.7,10,28,4,2,0,0,0,0
137,0,132.85447720691326,8,23,4,4,0,0,3,0
83,0,104.14273596804388,10,25,4,4,0,0,3,0
63,0,68.49349431106221,7,5,4,5,1,1,0,0
36,0,114.03773118480719,3,25,4,2,0,0,0,0
4,0,131.45212615077781,3,21,4,2,0,0,2,0
27,0,115.02693863726893,4,16,4,1,1,0,0,0
108,1,116.8289224694818,9,22,3,3,0,0,1,0
70,0,107.86399649704344,4,28,4,2,1,1,0,0
45,0,195.72374831305208,5,13,4,1,1,0,5,0
210,0,86.0,10,8,3,3,1,1,0,0
158,0,114.3,7,8,4,2,0,0,0,0
54,0,125.40398679147765,9,10,4,1,1,1,0,0
65,0,148.190435275758,4,23,4,1,0,0,0,0
146,1,138.42939125861886,7,6,4,2,1,0,3,0
129,1,112.22548954946701,5,11,4,3,0,0,3,0
186,0,95.8760732098502,7,27,4,2,0,0,0,0
178,1,130.05,8,3,4,3,1,0,3,0
147,0,130.0807252333459,8,12,3,1,0,0,0,0
189,0,108.23808745753253,7,8,4,3,0,0,0,0
106,1,123.25,7,4,4,4,1,0,0,0
248,1,123.1551198966734,8,6,4,2,0,0,0,0
209,0,0.5775254710986273,9,8,4,3,1,0,0,0
3,0,79.0,2,11,4,1,1,3,0,0
31,0,148.0527992713673,11,2,4,2,2,0,4,0
229,1,109.59871736819622,9,17,4,2,2,0,0,0
189,1,106.5001989486561,6,15,4,2,1,0,0,0
192,0,120.20504017249338,11,27,4,3,0,0,3,0
16,0,79.66588905215568,2,17,2,2,0,1,0,0
9,0,96.78235388467849,3,12,4,0,1,2,0,0
135,1,133.35143429060574,10,28,4,1,0,0,3,0
212,0,129.77000141969836,6,7,3,3,0,0,0,0
62,0,112.99136109817658,7,27,4,3,0,0,1,0
139,0,162.0,9,22,4,1,1,0,3,0
122,0,113.46970121895731,5,13,4,2,2,0,0,0
60,0,105.61705572990775,6,23,4,1,1,0,0,0
147,0,97.38321050138143,8,21,3,1,1,0,0,0
129,1,139.25973284435983,8,28,4,3,0,0,3,0
15,1,91.0,2,15,4,1,0,0,0,0
203,0,126.9,9,9,4,1,1,0,0,0
18,1,166.0,7,9,4,1,0,0,3,0
149,0,91.43359626063796,7,25,4,4,1,2,0,0
46,0,107.1,4,3,4,1,0,3,0,0
82,1,103.73992174279522,4,13,4,2,1,0,2,0
148,0,137.73123027040592,8,15,4,4,1,0,3,0
80,0,119.13832035261947,9,5,4,3,0,0,2,0
118,0,264.05641494719157,7,11,4,0,0,0,5,0
22,0,156.5110382377273,8,15,4,2,1,0,0,0
168,1,106.89551896588326,4,22,4,1,1,0,0,0
8,0,101.53239967291312,4,17,4,0,1,0,0,0
14,0,91.95818361497983,10,17,4,4,1,2,0,0
28,1,113.79,9,11,4,5,2,0,0,0
24,0,138.1625787595107,7,26,4,1,1,0,0,0
61,1,132.26144993179076,8,30,4,1,0,0,3,0
156,0,106.26961600442958,8,13,4,2,1,0,0,0
60,0,99.0,9,2,4,1,0,3,0,0
138,0,86.10951242263246,7,2,4,1,0,2,0,0
290,0,115.28397015159052,8,18,4,2,0,1,0,0
187,0,130.23318460483782,6,14,3,2,0,0,0,0
42,0,85.25625434323615,10,6,4,2,0,0,0,0
198,1,137.7,8,27,4,2,1,0,3,0
218,1,119.85,9,12,4,3,0,0,0,0
39,0,147.66620664649577,11,7,4,3,1,0,0,0
188,1,88.37038365141267,7,6,4,2,0,0,0,0
290,0,89.46373158188929,10,17,4,3,1,0,1,0
244,0,110.05266340288624,9,24,4,4,2,0,0,0
50,1,108.0,10,2,4,2,1,0,0,0
77,0,118.08813479350493,8,7,4,0,1,0,0,0
83,0,94.34764124249153,9,19,4,1,2,0,0,0
118,0,84.75073951980957,3,26,4,5,2,0,0,0
6,0,117.59545891826357,3,10,4,2,0,0,0,0
32,0,234.92240093147984,10,13,4,2,0,0,4,0
77,0,82.45,3,30,4,4,1,0,0,0
66,0,74.9432322231932,9,9,4,2,1,0,0,0
62,0,76.54671520676017,5,11,4,2,1,0,0,0
197,1,112.04315634156433,8,18,3,3,0,0,0,0
222,0,0.0,7,5,4,0,0,0,0,0
161,0,94.5,7,23,4,2,0,3,0,0
35,0,76.51836603211888,12,3,4,4,1,3,0,0
49,0,158.40825669622944,9,15,4,1,1,0,3,0
239,0,84.43207700289156,10,27,4,2,0,3,0,0
16,1,139.028087847202,10,27,4,2,1,0,2,0
43,0,126.38136390420844,5,28,4,1,0,0,0,0
178,0,138.73352319468015,8,22,4,0,0,0,3,0
141,0,151.2,10,6,4,2,2,0,3,0
15,0,110.04139320590411,5,29,4,1,1,1,0,0
35,0,135.0321052279747,7,20,4,2,1,0,0,0
185,0,68.90784315979559,5,24,4,3,1,0,0,0
93,0,56.028661425848966,7,14,4,6,1,0,0,0
53,0,116.1,5,6,4,2,0,3,0,0
94,0,101.21593445030261,4,27,4,3,1,1,0,0
20,0,238.1688131858702,8,3,4,2,0,0,4,0
56,0,117.11387881130383,5,8,4,2,0,1,0,0
198,0,93.9926919817436,9,29,4,1,1,0,0,0
44,0,99.0,8,30,4,2,0,3,0,0
93,0,119.95490545519093,5,13,3,3,0,0,0,0
105,1,107.61068358232076,7,28,4,6,2,0,0,0
301,1,90.35332901652457,12,29,4,3,0,0,0,0
184,1,105.3,7,16,4,1,1,0,1,0
239,1,105.98535584716574,8,22,3,3,0,0,1,0
28,1,115.34278672310052,9,30,4,3,1,0,0,0
41,0,87.78438690575221,3,20,4,1,1,3,0,0
91,0,128.193792997484,10,20,4,3,1,0,3,0
68,0,134.3362253323723,7,6,4,1,0,0,0,0
190,1,106.5544984540261,8,4,4,3,0,0,0,0
105,0,151.16728915229382,8,25,4,2,0,0,3,0
148,0,114.06429637268039,4,29,4,1,1,0,0,0
37,0,112.25043190038356,3,23,4,3,0,0,0,0
21,0,221.0,6,15,4,2,0,0,5,0
86,0,81.76928197020042,7,5,3,3,1,0,1,0
137,0,134.91357605725852,8,22,4,3,0,0,3,0
45,0,63.68986529394212,2,18,4,4,1,0,0,0
154,0,108.86106549169358,9,21,4,3,0,1,0,0
159,0,129.0010193005496,7,2,4,4,0,0,0,0
66,0,95.0159276502245,9,6,4,1,0,0,0,0
28,0,101.89668369278301,2,4,4,6,1,0,2,0
226,0,67.91784925376875,11,25,4,1,0,2,0,0
30,0,71.73565312400018,11,19,4,3,0,1,0,0
31,0,174.2050164391753,10,3,4,4,1,0,3,0
26,0,140.06941066230033,4,2,4,3,1,0,2,0
43,0,90.92645556500582,2,28,4,0,1,0,2,0
42,0,75.05206110378035,2,18,4,2,1,0,0,0
62,0,140.4,5,6,4,1,0,0,3,0
17,0,63.43345618472363,2,11,4,3,1,3,0,0
258,0,108.86720357122422,10,15,4,1,0,0,0,0
3,0,117.78867138996478,3,5,4,1,1,0,2,0
80,0,126.9,5,16,4,1,0,0,0,0
204,0,95.1255562890208,10,1,4,2,0,0,0,0
49,0,124.89503314349484,8,27,4,3,2,0,3,0
40,0,77.4565839244174,2,13,4,4,2,2,0,0
173,0,105.3,8,3,4,1,0,0,0,0
37,1,161.366953462889,9,19,4,3,0,0,3,0
105,0,62.69504764444291,8,8,3,3,1,0,0,0
16,1,140.0,10,29,4,1,1,0,0,0
231,0,133.67788827128823,7,3,3,2,0,0,0,0
93,0,118.60646146468672,6,22,4,2,0,0,0,0
89,0,150.3,8,22,4,4,0,0,3,0
151,1,105.3,8,20,4,1,0,0,0,0
166,0,97.83906415635417,7,6,4,2,1,0,0,0
40,1,135.9,7,26,4,1,0,0,0,0
8,0,112.11887078534559,2,28,4,1,1,0,2,0
76,0,122.04752421072408,7,10,4,3,0,0,0,0
218,0,178.64959501988326,9,4,4,3,2,0,2,0
147,0,124.0,6,2,3,3,0,0,0,0
115,0,159.3,7,21,4,3,0,0,3,0
31,0,162.2993390615134,6,19,4,1,1,0,4,0
52,1,126.81269965089284,11,9,4,3,0,1,0,0
78,0,89.25546713369313,8,17,4,1,0,0,0,0
44,0,76.09118848546466,11,25,4,3,1,3,0,0
230,0,94.1317904679084,8,27,4,1,1,2,0,0
2,0,106.17896483736183,11,23,4,1,0,0,1,0
84,0,124.01875935703552,4,18,4,3,0,0,3,0
174,1,120.50386480761544,8,9,4,2,1,0,0,0
168,1,121.63426005970523,8,2,4,2,0,0,0,0
147,0,96.22167729227473,8,26,3,1,2,0,0,0
88,0,187.5048663547222,5,17,4,3,0,0,5,0
92,1,76.44618808772816,7,7,4,4,2,0,0,0
41,0,145.1190461183092,8,28,4,2,0,0,3,0
231,0,100.87318217927039,9,5,4,3,0,0,0,0
195,0,85.80507548807805,7,18,4,2,0,0,0,0
31,0,88.09631081758187,10,27,4,1,1,3,0,0
148,1,114.3,7,4,4,1,0,0,2,0
149,0,106.59248379134402,7,12,4,6,2,2,0,0
71,0,136.29370583001824,8,5,4,2,0,0,0,0
41,0,115.4780957722651,8,2,4,0,2,0,0,0
43,0,86.66100310157009,1,15,4,3,0,0,2,0
149,0,103.31716191052729,7,13,4,7,2,1,0,0
13,0,120.34271797036762,8,27,4,2,1,3,0,0
171,0,78.42525652288609,8,20,3,5,2,0,0,0
133,1,138.57122596635637,8,29,4,3,1,0,3,0
160,1,108.14282011381202,5,23,4,3,0,0,0,0
59,0,105.13318068920567,4,24,4,1,1,0,0,0
258,0,103.68833892719857,7,28,4,3,0,0,0,0
88,0,119.57244349480712,4,29,4,2,2,0,0,0
185,1,121.15274108303632,8,12,4,1,0,0,0,0
197,1,68.81655677468781,9,3,4,6,2,0,0,0
7,0,125.97840479417826,2,10,4,3,1,0,3,0
100,0,101.36006311663947,9,24,4,4,1,0,0,0
79,0,122.85429470256086,6,27,4,1,2,1,0,0
11,1,140.0,11,5,4,1,0,0,2,0
28,0,131.0688196659838,8,14,4,2,1,3,0,0
106,0,110.07203127374723,4,13,4,7,1,0,2,0
220,0,77.34039479542126,8,11,4,4,0,0,0,0
37,0,116.1,5,12,4,1,0,3,0,0
185,0,86.68840447667185,8,11,4,5,3,3,0,0
192,0,64.95570932147461,10,15,3,3,0,0,0,0
43,0,130.88418802659007,3,17,4,2,1,0,3,0
8,0,125.74806626500173,3,2,4,1,0,0,0,0
26,0,85.15512523405984,9,9,3,1,2,0,0,0
30,0,77.83387540141575,2,7,4,2,0,0,0,0
52,0,78.49404796290703,10,25,3,1,1,2,0,0
93,0,114.80121943222518,9,14,3,1,1,0,0,0
193,1,121.5,8,10,4,2,0,0,0,0
167,0,122.3104181939296,9,1,4,2,1,0,2,0
47,0,94.25532138700771,10,23,4,1,1,0,0,0
74,1,113.14629819408061,10,22,4,2,1,0,3,0
59,0,80.65386786392504,3,14,4,2,1,0,3,0
49,0,87.48057922760562,3,7,4,2,0,0,2,0
184,0,81.77325632126738,11,17,4,2,1,3,0,0
169,0,91.3732601621688,8,6,4,3,0,0,0,0
170,2,114.75,8,9,4,4,1,0,0,0
27,0,170.85897954744792,2,10,4,3,1,0,4,0
4,0,126.79916724563097,9,11,4,1,1,0,0,0
10,0,79.0,2,21,4,1,1,3,0,0
308,0,100.92465953483482,5,13,3,2,1,0,0,0
9,0,148.54231967581944,3,22,4,1,1,0,0,0
97,0,147.35784661564946,7,2,4,2,1,0,2,0
162,0,106.2857633342804,8,14,4,3,1,0,0,0
162,1,136.36641443957728,8,20,4,2,2,0,1,0
19,0,138.5878681867476,4,11,4,3,1,2,0,0
101,0,146.02979295354146,7,8,4,2,1,0,3,0
47,1,207.9,8,20,4,3,0,0,5,0
123,1,140.93953988815045,8,20,4,5,1,0,3,0
240,0,96.60490165601196,8,18,3,2,0,0,0,0
73,0,116.2610920094475,4,30,4,2,0,2,0,0
274,0,61.346688267938845,4,14,4,3,1,0,0,0
83,0,96.3,6,26,4,0,1,0,0,0
27,0,92.10220328137513,2,19,4,0,1,0,0,0
199,1,137.7,8,27,4,2,1,0,3,0
153,0,95.03344912889155,6,2,4,2,0,3,0,0
1,0,208.05283222763757,7,13,4,1,0,0,0,0
12,0,201.33409968991657,3,22,4,2,2,0,5,0
89,0,90.91258177853135,4,25,4,3,0,0,0,0
62,0,129.74659911747403,5,15,2,2,0,0,0,0
336,0,84.60612513175153,10,9,3,2,0,0,0,0
144,0,108.0,10,7,4,1,1,3,0,0
63,0,159.3,6,9,4,1,0,0,3,0
153,1,123.81150717900397,7,9,4,3,1,0,1,0
49,0,243.23666001240016,5,14,4,3,1,0,1,0
99,0,83.78074365121795,4,1,4,4,2,2,0,0
214,0,99.51028164563606,8,19,4,5,2,0,3,0
18,1,119.18989320873564,9,29,4,1,1,2,0,0
220,0,115.59922651868843,8,15,3,2,1,0,3,0
119,0,160.91138287888214,8,20,4,4,1,0,3,0
207,0,115.12254256383623,8,11,4,1,2,2,1,0
86,0,139.98359534505704,6,26,4,3,0,0,3,0
27,0,77.93890085148281,1,29,4,1,1,0,1,0
20,0,100.27381446022548,10,3,4,1,0,2,0,0
29,0,98.07523927472509,3,10,4,3,0,0,0,0
173,0,85.3134283007233,7,8,4,2,0,1,0,0
308,0,74.20389540243622,11,8,3,6,3,0,0,0
23,0,153.56682223178328,8,26,4,2,1,0,3,0
14,0,108.53248458149469,8,16,4,1,0,2,0,0
134,0,134.82497405068693,7,28,4,2,1,0,3,0
48,0,98.2564188430857,3,14,4,4,1,0,2,0
129,0,129.86252176509979,8,8,4,1,0,0,0,0
20,1,200.15243555344702,7,14,4,2,0,0,1,0
101,0,114.03771829938921,6,4,4,4,1,0,0,0
317,0,118.60461041013683,8,15,3,2,0,0,0,0
27,0,138.36924961669985,5,20,4,2,2,0,3,0
72,0,119.6819418382699,5,14,4,2,1,0,0,0
148,0,98.15345843478727,4,5,4,2,1,0,0,0
51,0,87.8163607779369,10,14,3,4,1,0,0,0
95,0,132.35977713574417,5,12,4,3,1,0,2,0
155,0,96.3,6,25,4,0,1,0,0,0
82,0,116.1,5,2,4,2,0,3,0,0
204,1,168.3,8,11,4,1,0,0,3,0
77,1,139.33205956354132,6,3,4,5,2,0,3,0
33,0,150.39728837173618,9,11,4,1,1,0,3,0
255,0,67.5,11,12,4,1,0,3,0,0
22,0,80.20180277079439,2,12,4,2,1,0,2,0
247,0,86.38078592613401,8,27,4,1,1,0,0,0
134,0,118.8,9,4,4,2,0,1,0,0
90,0,72.45241004971076,10,19,4,2,0,0,0,0
5,0,230.18790756884817,9,3,4,3,0,0,5,0
179,0,113.0711960323851,6,24,4,1,0,0,0,0
52,0,117.6205715148093,4,26,4,2,1,0,2,0
156,0,110.53262853552758,8,29,4,4,0,0,0,0
252,1,96.57400466930093,9,14,4,1,0,1,0,0
35,0,125.1,7,25,4,0,0,3,0,0
22,0,92.02291102197967,2,10,4,3,0,0,0,0
185,0,122.50110434682335,10,4,4,1,0,0,3,0
132,0,114.00123074148553,8,8,4,3,0,0,0,0
70,0,90.92905588467659,4,5,4,3,0,0,0,0
56,0,156.90820269744205,11,18,4,0,1,0,4,0
99,0,121.5,7,16,4,1,1,0,0,0
186,1,85.39479786455112,6,6,4,2,0,0,0,0
27,0,101.82459511850308,9,26,4,2,0,0,0,0
185,1,90.89219780920618,6,5,4,4,0,0,0,0
53,0,104.33360427960872,7,9,4,0,2,2,0,0
96,0,94.26804179056128,6,10,3,1,1,0,0,0
64,0,149.2018921187053,7,23,4,1,1,0,2,0
32,1,89.94563176238849,10,5,4,3,0,0,0,0
20,1,91.0,2,21,4,0,1,0,0,0
69,0,167.19626666211315,9,13,4,2,0,0,3,0
81,1,159.93636603148343,10,27,4,1,1,0,5,0
122,0,162.0,9,20,4,5,1,0,3,0
96,0,131.4948088428212,7,18,4,3,0,1,1,0
171,0,16.282588439520445,5,23,4,3,0,0,0,0
129,0,132.17083701895842,9,9,4,4,0,0,2,0
115,0,68.58865012662595,2,27,3,2,2,0,0,0
12,0,79.52022738883963,8,19,3,2,0,0,0,0
234,0,154.66861116000837,8,18,4,3,0,0,4,0
307,0,158.5231099704837,8,15,4,2,1,0,4,0
64,0,91.2,9,5,4,2,1,3,0,0
26,0,113.60352742089975,4,14,4,2,0,1,0,0
63,0,121.66236072478527,7,27,4,3,0,0,3,0
232,0,91.22940515682733,8,24,4,3,0,0,0,0
64,0,148.9292553126693,7,8,4,1,0,0,3,0
20,1,152.0363969526112,10,17,4,3,0,0,3,0
2,0,66.7502391616781,9,11,2,0,0,0,0,0
1,0,99.67194684652408,3,21,2,0,0,0,1,0
100,0,92.44545487499396,4,26,4,2,0,3,0,0
112,1,94.13132323708953,12,6,4,2,0,0,1,0
31,0,117.9,5,21,4,1,1,0,0,0
177,2,129.6471918300657,8,10,4,3,1,0,2,0
6,1,188.28159539136013,7,9,4,1,0,0,1,0
46,0,105.74676440439197,4,2,4,1,0,1,1,0
86,0,126.60389388846376,5,22,4,1,2,0,0,0
180,1,160.26075055187283,7,24,4,3,0,1,0,0
221,0,83.93995261304312,8,11,3,1,0,0,0,0
27,0,100.0,4,19,2,2,0,0,0,0
62,0,132.3,6,22,4,1,0,0,3,0
18,0,89.0,4,6,4,1,0,3,0,0
150,0,79.24359097212765,10,25,4,1,0,3,0,0
42,0,74.3644194203684,2,20,4,3,1,0,0,0
31,0,116.24412318765182,4,2,4,0,0,0,0,0
16,0,84.48921741283232,2,6,4,1,0,0,0,0
69,0,119.6629859698187,5,12,3,3,1,0,0,0
82,0,139.65609166751892,6,25,4,2,0,0,3,0
143,0,176.40807950684354,8,27,4,2,0,1,0,0
38,0,118.64737669202948,3,19,4,2,1,0,3,0
27,0,118.58851749955242,9,17,4,1,1,1,0,0
179,1,108.80488755897828,9,1,4,1,1,0,0,0
19,0,150.60736927403985,6,16,4,1,1,0,0,0
62,0,108.23691526030788,5,18,4,2,1,0,1,0
183,0,84.44192027889963,9,19,4,2,0,2,0,0
149,0,128.42899103383414,7,18,3,2,0,0,0,0
143,1,137.80629000496003,7,4,4,2,1,0,3,0
96,1,76.5,7,7,4,4,1,0,0,0
199,0,114.8707679595993,8,24,3,3,1,0,2,0
173,0,85.30802928136794,7,5,4,2,0,1,0,0
63,0,89.4211588702362,10,11,4,2,0,0,0,0
151,1,133.3306047379838,7,28,4,3,1,0,0,0
159,1,132.70287992306976,9,29,4,3,1,0,3,0
7,0,144.81434313647688,3,26,4,2,2,0,0,0
44,0,73.3239563807086,2,18,4,2,0,0,0,0
97,0,131.9748997731802,7,5,4,5,1,0,0,0
273,0,106.19326110294978,9,29,3,2,1,0,0,0
164,0,97.8008398076543,7,28,4,3,1,0,0,0
98,0,91.5,5,26,4,1,1,3,0,0
91,0,76.5,8,7,4,4,1,0,0,0
186,1,105.36134967822584,7,18,4,2,0,0,0,0
73,0,116.25555889078204,6,17,4,2,0,3,0,0
79,1,85.5,4,11,4,2,0,3,0,0
29,0,114.05931686153443,4,19,4,0,1,3,0,0
35,0,135.30501720037503,7,18,4,2,0,0,0,0
120,0,143.1,9,20,4,4,1,0,3,0
264,0,101.10066104370344,9,11,4,4,0,0,0,0
72,0,117.17714976876321,10,18,4,2,0,2,0,0
152,1,107.0463130794338,7,20,4,1,0,0,0,0
146,0,75.99793268175256,7,15,3,4,1,0,0,0
249,0,94.34884535519154,9,25,3,3,0,0,0,0
102,0,85.0,9,27,3,1,0,3,0,0
104,0,131.31729015112117,7,26,4,1,0,0,2,0
60,0,109.7912085989752,6,27,4,2,1,0,0,0
134,0,92.91453480658774,5,14,4,3,0,0,0,0
254,0,102.71369396756022,7,9,4,1,0,0,0,0
96,0,110.98644285264702,9,25,4,2,0,0,2,0
195,0,105.63285589423867,6,28,4,1,2,0,0,0
190,0,111.19549823005127,9,29,4,6,2,0,0,0
67,0,159.3,8,29,4,3,1,0,3,0
65,0,207.5736974313289,8,13,4,1,1,0,4,0
39,0,118.88171750445326,4,21,4,2,0,0,3,0
202,0,109.8543928888382,10,22,4,1,2,0,2,0
1,0,108.40790236953953,6,28,4,1,0,3,0,0
79,0,131.4,7,4,4,1,0,0,3,0
58,0,118.32182068282643,3,22,4,2,0,0,2,0
47,0,76.69543994381152,11,11,4,2,1,3,0,0
0,0,206.80850389534123,6,13,4,1,0,0,3,0
204,0,98.8780262143754,8,8,4,2,1,1,1,0
159,0,145.12553392126085,8,20,4,2,1,0,1,0
32,1,94.65347507661703,9,3,4,2,1,0,0,0
181,0,99.27401394575855,8,11,4,2,1,0,0,0
187,1,134.3808165750681,8,28,4,3,1,0,2,0
104,0,109.70792400807294,10,11,4,1,1,1,0,0
280,1,79.87367790886356,11,25,4,5,1,0,0,0
158,0,115.24526355525934,8,6,4,1,2,0,0,0
184,0,101.05,10,4,4,3,0,0,1,0
5,0,137.95822420929034,6,2,4,2,0,0,0,0
34,0,214.60472844066496,7,11,4,1,0,0,5,0
96,1,163.0208809908004,9,27,4,2,0,0,4,0
10,0,129.2806681142424,7,28,4,2,0,2,0,0
191,0,94.63708889310651,7,22,3,2,0,2,0,0
52,0,194.40859952018343,9,4,4,7,2,0,5,0
50,0,128.98304409671073,4,20,4,1,0,0,1,0
90,0,185.38963458516636,5,14,4,2,0,0,0,0
73,0,83.44149771319684,3,17,3,3,0,0,0,0
168,0,98.80814418268234,8,1,3,4,0,0,0,0
220,0,80.00902783868776,7,12,4,1,0,0,0,0
272,0,72.67343173013167,12,27,4,3,0,2,0,0
14,0,80.94170056464144,2,4,4,5,2,3,0,0
129,0,120.11000474992181,8,17,4,1,1,1,1,0
275,0,62.666549045037236,5,4,3,1,1,0,0,0
120,0,126.711039858431,6,10,4,2,1,0,0,0
59,0,159.3,5,1,4,1,1,0,0,0
166,0,96.85240092898599,7,27,4,1,2,0,0,0
6,0,102.95329808118154,3,10,4,3,1,0,0,0
313,0,78.3,11,20,4,1,0,0,0,0
60,0,123.21599252250286,3,29,4,1,0,0,2,0
177,0,89.36157425106013,7,10,4,4,0,2,0,0
72,0,74.15632374824149,3,19,4,4,2,0,0,0
213,0,107.03190340798443,10,7,4,2,1,0,1,0
14,1,82.06174427070945,8,27,4,3,0,0,0,0
158,0,96.26471989737004,7,6,4,2,0,3,0,0
153,0,91.20125026926134,5,28,4,3,0,0,0,0
110,1,115.61806352550745,11,21,4,4,1,0,2,0
136,0,135.9649674400528,9,29,4,2,1,0,3,0
1,0,221.51609631860953,6,3,4,1,0,0,4,0
132,0,116.88406970474576,5,3,4,3,0,0,2,0
203,0,101.28242808585375,7,5,3,3,0,0,0,0
26,0,77.67864188441966,11,13,2,2,1,0,1,0
125,0,104.88319121146785,7,23,4,1,1,0,1,0
50,0,79.4382334856278,8,12,3,2,1,1,0,0
66,0,134.96352561291124,9,6,4,2,0,0,0,0
194,0,162.84707559517778,8,25,4,2,1,0,4,0
159,1,130.50930966707094,7,22,4,3,2,0,2,0
2,0,109.73135470598481,4,18,0,2,0,0,3,0
21,0,216.87119152418637,3,29,4,2,0,0,5,0
190,1,120.35579739935092,8,8,4,2,1,0,1,0
189,0,138.12557117690898,8,20,4,1,0,0,2,0
99,0,70.62766548662827,6,19,3,3,1,0,1,0
88,0,117.56606913814772,4,29,4,1,2,1,0,0
27,0,101.0621805903858,2,4,4,6,1,0,2,0
61,0,76.81443840905226,7,2,4,3,1,0,0,0
31,0,98.5889028457257,3,4,4,12,4,0,2,0
132,0,102.25089157126345,7,20,3,3,1,0,0,0
99,0,158.625488945255,4,13,4,2,0,0,3,0
92,1,127.38529253046345,4,28,4,2,0,0,0,0
185,2,127.27713184220447,9,19,4,2,0,0,3,0
247,1,137.46523534890682,10,5,4,3,1,0,3,0
89,0,116.1,5,2,4,1,1,3,0,0
179,0,115.38547146946682,7,22,4,0,1,0,0,0
238,0,148.22692281387742,10,11,4,3,0,0,3,0
71,0,139.21942432602964,5,1,4,1,2,0,3,0
85,0,92.48893361701747,7,12,3,2,0,1,0,0
47,0,76.22898942201115,2,17,4,1,0,0,0,0
185,0,85.4107780369822,8,10,4,5,3,3,0,0
157,1,129.53704636575395,8,28,4,2,1,0,3,0
166,0,110.0,11,1,3,3,0,0,0,0
38,0,77.9396389482314,2,12,4,3,2,1,0,0
274,0,109.58234376405734,5,17,3,0,1,1,0,0
3,0,130.2679623352686,8,17,3,1,1,0,0,0
129,0,132.3,10,12,4,3,0,0,3,0
108,0,80.11812854622659,10,23,3,1,1,1,0,0
32,0,122.15948206589432,4,10,4,0,1,0,0,0
18,1,140.0,9,29,4,1,1,0,0,0
35,0,67.5,2,12,4,1,0,3,0,0
4,0,101.0,3,5,4,2,0,0,0,0
22,0,73.63955544446377,2,12,4,2,0,0,0,0
25,0,187.0,7,2,4,1,1,0,3,0
173,0,129.3843218875438,7,16,4,2,0,0,3,0
232,0,170.43747955248733,9,10,4,1,0,0,3,0
72,1,115.90593085067154,9,15,2,2,0,3,0,0
4,0,110.0,10,3,1,1,0,0,1,0
173,1,126.99609790626135,8,29,4,2,2,0,3,0
4,0,98.46570750545996,8,14,3,3,0,0,0,0
349,0,91.3108071937487,10,4,3,5,1,0,0,0
160,0,130.60907680067916,8,1,4,3,1,0,3,0
71,0,119.85383317572784,5,13,3,2,2,0,0,0
195,0,110.61605885209562,8,30,4,2,0,0,2,0
216,1,105.37554261085783,10,7,4,2,1,0,0,0
19,0,112.80610214377657,3,3,4,1,0,1,1,0
238,1,96.16622266713442,9,28,4,2,0,0,0,0
9,0,169.0238570584866,6,12,3,6,4,0,3,0
132,0,117.7222321694183,5,27,4,2,1,0,2,0
191,0,216.32135719090707,8,26,4,2,0,0,5,0
441,0,65.97716608635606,4,24,4,1,0,0,0,0
158,0,114.3,7,5,4,3,0,0,0,0
289,1,69.123360811692,11,12,4,1,1,3,0,0
157,0,106.09585735076976,7,1,2,2,1,0,3,0
31,0,112.74965630524784,7,2,4,0,2,3,0,0
3,0,144.78150007369743,4,17,4,2,0,0,3,0
228,0,93.69097665363293,9,29,4,1,1,0,0,0
61,0,116.1,5,20,4,2,2,3,0,0
102,0,106.18533706513652,7,23,4,1,1,1,0,0
26,0,219.7536665907288,5,18,4,3,0,0,5,0
131,0,202.80951006988806,8,5,4,2,1,0,3,0
104,0,85.61753130924671,6,26,3,3,1,3,0,0
108,0,81.62002408242301,4,18,4,4,1,0,0,0
34,0,74.61721734467163,11,1,3,3,1,2,0,0
165,0,99.45,8,8,4,4,1,0,0,0
24,0,74.9257175746203,2,11,4,3,1,1,0,0
157,1,114.52369274984639,5,23,4,2,0,0,1,0
171,0,127.51096369738265,8,17,4,2,0,0,1,0
280,0,171.62442511492907,9,9,4,3,1,0,5,0
103,0,91.50185697230441,9,5,3,2,0,1,0,0
179,1,108.9,10,1,4,1,2,0,0,0
124,0,94.5,6,6,3,1,0,2,0,0
132,0,106.61027874100317,8,3,4,2,0,1,0,0
137,0,114.13304605591676,8,13,4,2,1,0,0,0
22,0,127.84579138694215,3,10,4,3,2,0,3,0
191,0,109.87179811117284,6,23,3,2,0,0,0,0
97,0,76.37675722820546,10,26,4,2,1,3,0,0
115,1,149.659176201418,9,7,4,1,1,0,3,0
30,0,97.47442197375995,9,5,4,1,0,3,0,0
40,0,116.1,4,7,4,3,1,1,0,0
33,0,137.13247347561784,9,8,4,1,1,0,0,0
31,0,72.09581110148883,2,4,3,2,0,0,0,0
56,0,94.5,5,20,4,1,1,0,0,0
46,0,167.71319216679325,10,28,4,1,0,0,3,0
257,1,78.24975657011127,12,25,4,4,1,0,0,0
25,0,124.20977714574256,4,11,4,3,1,1,1,0
88,0,113.29282677528337,7,4,4,3,0,0,0,0
10,1,139.1658973576853,8,8,4,0,0,3,0,0
34,0,70.93107010615174,7,7,3,4,2,1,1,0
36,0,114.80047178690276,3,12,4,1,0,0,2,0
70,0,87.03215176105367,4,1,4,2,0,0,0,0
44,0,69.1458238701548,2,12,4,1,0,3,0,0
207,0,123.68122058687372,8,29,4,3,1,0,0,0
87,0,74.70959261789484,4,13,4,1,0,0,0,0
227,0,72.7169927596009,10,7,4,2,0,0,0,0
76,0,121.65753561143315,9,10,4,0,1,0,0,0
49,0,105.90469441824251,7,7,4,1,0,3,0,0
170,2,111.06904692754897,9,3,4,3,1,0,0,0
33,0,140.63808074066787,4,13,4,2,0,0,3,0
45,0,86.4,11,20,4,0,1,0,0,0
48,1,108.0,10,3,4,3,0,2,0,0
218,0,68.83291325733218,8,11,4,2,1,0,0,0
19,0,138.5430699560679,4,11,4,3,1,2,0,0
26,0,142.5728826232711,4,12,4,2,0,0,0,0
29,0,117.87931670961709,5,22,4,1,1,0,0,0
55,0,74.83944008641448,10,11,4,4,2,2,0,0
147,0,178.59878978246164,10,24,4,4,1,0,3,0
1,0,163.5511822479216,5,16,2,1,0,0,0,0
113,1,76.5,8,22,4,1,0,0,0,0
74,0,137.88050485764114,8,11,4,3,0,0,1,0
112,1,98.58610521068667,12,6,4,4,0,0,2,0
69,1,77.90038233783474,10,30,4,2,1,1,0,0
93,0,90.16398640030137,10,3,3,2,1,0,0,0
126,0,80.68544199624202,9,12,3,1,1,0,0,0
55,0,137.7,4,9,4,1,0,0,3,0
133,0,116.66205678314961,7,21,4,5,2,0,0,0
20,0,90.54605307381118,3,7,4,0,0,0,0,0
114,2,112.56338234517133,12,27,4,4,1,0,2,0
80,0,119.07,10,2,4,1,1,0,3,0
12,0,135.501662721668,4,7,4,1,0,0,0,0
115,0,63.40637924324522,2,27,3,5,2,0,0,0
31,0,198.9,5,5,4,1,0,0,4,0
16,0,184.66229229043745,7,11,4,1,1,0,3,0
160,0,129.4857854419148,3,25,3,2,0,0,1,0
35,0,99.6831397637649,4,17,4,0,2,0,0,0
166,0,104.95119853565588,7,6,4,0,0,0,0,0
27,0,92.49437906601062,2,19,4,0,1,0,0,0
68,0,67.33868748870447,3,14,4,1,0,3,0,0
305,0,52.0,11,22,3,2,0,0,0,0
152,1,140.6264933480326,8,3,4,2,0,0,0,0
10,1,129.368345042368,10,5,4,0,0,0,0,0
167,0,105.21305243074343,8,19,4,1,0,0,0,0
95,0,85.19504193441352,7,22,3,2,0,1,0,0
22,0,156.38462020170996,5,19,4,0,1,0,3,0
82,0,76.5,7,15,4,4,2,0,0,0
188,0,121.5,8,3,4,2,0,0,0,0
256,0,117.13219661176639,6,15,3,2,0,1,0,0
5,0,89.0,3,21,4,1,0,3,0,0
43,0,106.36304338778497,6,29,4,3,0,3,0,0
30,0,154.35948248444524,10,15,4,1,0,0,3,0
103,0,113.6103444046155,5,1,4,1,1,0,0,0
119,1,77.85394422925778,9,6,4,2,0,1,0,0
75,0,78.34518551074714,3,18,4,1,1,0,0,0
98,0,83.77516763846201,4,4,4,2,2,3,0,0
136,0,105.3,5,5,4,2,0,0,0,0
11,0,118.85850677316886,5,30,4,2,0,3,0,0
0,0,75.16487914018573,7,9,4,0,0,3,0,0
121,0,94.5,5,5,4,2,0,3,0,0
84,0,79.0872602552515,11,22,4,1,0,2,0,0
72,0,72.33801403327098,3,18,4,3,2,2,0,0
99,0,118.32367342325033,5,5,4,2,0,1,0,0
54,0,125.36086642779526,9,10,4,1,1,2,0,0
76,0,95.81766027840203,5,13,4,2,0,1,0,0
35,0,153.2922861020321,5,27,4,2,0,0,2,0
54,0,148.411358482658,2,27,4,2,1,0,4,0
99,0,135.02726048296796,5,20,4,1,0,0,0,0
80,1,76.5,7,3,4,2,1,0,0,0
3,0,139.6871862517332,9,3,4,0,0,3,0,0
22,0,118.0,9,6,4,1,0,3,0,0
99,0,122.3881541089418,7,18,4,1,0,0,1,0
144,0,140.70866219041574,8,16,4,4,2,0,3,0
184,1,112.00644890655896,8,3,3,2,1,0,0,0
53,0,89.65673238002472,2,17,3,3,1,0,0,0
59,0,125.91077795972926,11,8,4,2,0,0,2,0
211,0,77.55817714252336,5,20,4,2,2,0,0,0
31,0,99.12251457602177,8,29,4,4,0,3,0,0
231,1,72.11573602562987,10,27,4,3,0,0,0,0
47,0,135.97150645914093,7,19,4,3,2,0,0,0
44,0,157.9696460659111,6,30,4,2,0,0,3,0
12,0,130.71975858841233,3,25,4,0,0,0,0,0
141,0,72.93405409039315,4,6,3,2,1,0,0,0
201,1,119.86658929895978,9,8,4,2,1,0,0,0
31,0,72.9,2,6,4,2,1,0,0,0
198,0,136.6630931774728,7,28,3,2,1,0,4,0
320,1,115.0,8,18,3,2,0,1,0,0
73,0,79.17946722237429,3,16,4,3,0,0,0,0
104,0,104.49108616359288,4,27,4,4,1,0,2,0
160,0,97.4719949176244,7,5,4,3,0,3,0,0
6,0,116.71594567285669,3,28,4,1,1,0,3,0
5,0,117.69255119979312,3,11,4,2,0,0,0,0
112,0,80.12040905102226,4,9,4,4,2,0,0,0
181,1,104.4859951447019,8,20,4,1,0,0,0,0
104,0,150.3,8,25,4,2,0,0,3,0
227,0,80.26373924793177,8,27,4,3,2,3,0,0
3,0,198.2568946518752,6,18,4,2,1,0,4,0
8,0,143.7140800510057,5,11,4,4,0,0,3,0
108,0,80.27448191106254,5,18,4,5,2,0,0,0
103,0,104.65675351000118,4,26,4,3,1,0,2,0
61,1,77.50924812408077,2,28,4,2,1,0,0,0
38,0,125.31609847968471,6,26,4,2,0,2,0,0
103,1,108.0,10,9,4,0,1,3,0,0
194,0,86.6972907740989,7,15,4,0,0,0,1,0
134,0,135.2791962644234,7,28,4,3,1,0,3,0
111,0,150.18353650123518,8,22,4,3,1,0,3,0
170,0,99.45,8,5,4,2,1,0,0,0
116,0,72.25,9,24,3,3,0,0,0,0
39,0,150.1671841314632,8,27,4,2,0,0,2,0
34,0,121.18279981888254,5,20,4,1,2,0,3,0
13,0,233.1572068261047,5,16,4,6,3,0,5,0
107,0,151.38498990052042,8,15,4,3,1,0,1,0
296,0,73.74144511547239,7,10,3,2,0,1,0,0
193,0,86.70900959601401,7,15,4,1,0,0,1,0
20,0,73.799449888365,2,6,4,2,0,0,0,0
55,0,177.3,4,15,4,1,1,0,5,0
31,0,125.3785329943788,7,5,4,1,1,2,0,0
163,0,100.14880331111723,6,5,3,2,1,0,0,0
85,0,104.4,10,25,4,2,0,0,3,0
49,0,203.6501464766192,7,14,4,2,0,0,5,0
213,0,160.55589432521228,8,6,4,2,1,0,5,0
42,0,157.5,8,31,4,3,0,1,3,0
60,0,67.9644544960893,11,18,3,1,2,0,0,0
30,0,73.43240410724951,1,19,4,3,1,0,0,0
120,0,99.45,5,8,4,2,1,0,0,0
157,1,217.6,8,19,4,3,2,1,5,0
145,0,117.03127377103405,6,20,4,1,0,0,0,0
133,0,101.12092451879398,8,22,4,3,0,0,0,0
19,0,138.6170316002509,5,11,4,3,1,2,0,0
178,0,243.0970141587952,9,12,3,2,0,0,0,0
160,0,145.36498926569354,8,16,4,1,1,0,0,0
28,0,141.21203001396924,4,18,4,2,2,0,3,0
93,0,109.35,7,17,4,0,1,0,0,0
271,0,100.59224753742588,9,21,4,2,0,0,0,0
96,0,112.01,5,22,4,2,2,0,1,0
65,0,94.11518763533333,3,18,4,1,0,2,0,0
152,0,92.72821678856187,8,21,4,3,2,3,0,0
290,0,75.59087969838477,12,1,4,3,1,0,0,0
91,1,156.51959175274575,10,27,4,2,1,0,5,0
56,1,108.9,6,26,4,2,2,0,0,0
6,0,116.47702078232523,9,2,3,8,2,0,0,0
286,0,117.0,9,16,4,2,0,1,0,0
185,1,90.43090049912611,7,5,4,3,0,0,0,0
85,0,93.45154899638547,4,9,4,1,2,2,0,0
221,0,80.07956580814361,8,12,4,1,0,0,0,0
116,0,93.73933372323367,7,1,3,1,1,1,0,0
31,0,117.9,5,21,4,1,1,0,0,0
79,0,72.8394676456791,3,29,4,6,1,3,0,0
130,0,136.14562767707042,7,29,4,5,1,0,3,0
33,0,140.39900965528818,3,24,4,2,0,0,3,0
59,0,68.30041657664054,5,15,4,5,1,1,0,0
186,0,79.33533903694507,8,8,4,2,0,0,0,0
83,0,118.8,7,14,4,2,0,0,3,0
155,0,121.5,8,22,4,1,0,0,0,0
13,0,107.28784883756043,7,20,2,2,0,0,1,0
37,1,76.78127075790282,2,12,4,1,1,0,0,0
26,0,100.91834453307953,6,23,4,1,0,0,0,0
17,1,88.08156553094169,8,29,4,3,1,0,0,0
11,0,127.42955730447788,2,26,4,2,0,0,2,0
17,0,109.67788091672465,4,15,1,6,2,0,2,0
154,1,102.15403401914956,8,22,4,4,2,0,0,0
249,1,121.43609482743014,9,21,4,1,0,0,0,0
10,0,129.90005337792212,10,4,4,1,0,0,0,0
175,0,78.47709567993547,8,4,3,2,0,0,0,0
263,0,73.95,12,26,4,3,1,0,0,0
34,0,138.64776405381377,9,1,4,2,1,0,2,0
212,0,129.48124427819013,9,26,4,3,1,0,0,0
94,0,87.0905381641284,9,21,3,1,0,0,0,0
68,0,85.65431072020004,5,2,3,2,2,0,0,0
48,0,137.01454409975491,6,19,4,2,1,0,3,0
18,1,234.96476840317894,9,18,4,5,2,0,5,0
5,0,229.19435705075037,9,4,4,4,0,0,5,0
1,0,103.72206526679902,8,16,4,1,0,0,0,0
82,0,76.5,7,15,4,4,2,0,0,0
104,0,76.5,8,18,4,2,0,0,0,0
51,0,67.66539287362716,2,24,4,2,0,3,0,0
291,0,115.0,8,19,3,2,0,1,0,0
104,0,75.89029079541444,4,5,4,1,0,0,0,0
157,1,106.08785882476089,3,24,4,2,1,0,0,0
201,0,138.3353085978435,10,17,4,2,1,0,3,0
69,0,78.90024480422215,2,16,4,3,0,0,0,0
13,0,159.0,4,8,4,3,2,0,3,0
31,0,25.836448675353978,3,22,3,4,2,0,3,0
59,0,102.9971883054616,5,26,4,2,1,2,0,0
9,1,77.89630550056647,8,24,4,1,0,3,0,0
238,1,96.4589526503715,6,18,4,1,0,0,0,0
137,0,211.77045084947244,7,5,4,3,1,1,4,0
189,0,107.69817471593726,9,7,4,2,0,0,0,0
33,0,136.39599363861936,9,11,4,3,2,0,3,0
91,1,107.0388738489668,8,19,4,2,1,2,0,0
13,0,85.40354324623229,7,27,3,4,1,0,1,0
23,0,131.5596362470967,9,27,4,3,0,0,0,0
34,1,109.98102613867029,8,30,4,3,0,0,0,0
126,0,129.86012810423924,7,5,4,1,1,0,0,0
150,0,66.37992865219036,6,18,3,1,0,2,0,0
31,0,198.53649529553272,4,29,4,1,2,0,5,0
163,1,102.99737696962875,10,25,4,3,0,0,1,0
29,1,154.88009933126085,9,15,4,1,1,0,3,0
87,0,105.3,6,24,4,0,0,0,0,0
22,0,190.30433011521131,8,19,4,2,1,0,3,0
163,0,79.06560534719455,11,2,3,2,0,2,0,0
27,0,109.84314969591009,8,28,4,1,1,2,0,0
11,0,129.84623494815844,9,26,4,2,0,0,0,0
38,0,150.4583010060714,2,20,4,1,2,0,4,0
121,0,84.29211907376781,3,14,4,2,0,0,0,0
158,1,84.09187999368235,8,30,4,2,1,0,0,0
30,0,149.4,7,13,4,2,0,0,3,0
98,0,92.74624710061686,6,25,4,1,1,3,0,0
5,0,124.1867234504167,6,28,4,2,0,2,0,0
14,1,90.19245526912783,2,5,4,1,2,1,0,0
31,0,154.30240174238062,10,15,4,1,0,0,3,0
123,1,211.35397197636476,6,28,4,2,0,0,5,0
12,0,97.46003896061652,10,30,4,3,1,3,0,0
106,0,124.2,11,4,4,2,1,1,0,0
114,0,75.0,7,1,3,2,1,0,0,0
39,1,67.5,2,14,4,0,1,1,0,0
216,0,97.45921060043106,8,29,4,2,0,0,0,0
295,1,117.0,9,21,3,4,0,1,0,0
266,0,109.24272024963787,5,23,3,2,0,0,0,0
164,0,167.89663550632136,7,20,4,1,2,0,5,0
25,0,137.55479470902276,5,26,4,1,2,0,0,0
57,0,96.24099298396185,4,18,4,1,1,0,0,0
100,1,93.79884544997284,4,25,4,2,0,1,0,0
286,0,117.0,9,16,4,2,0,1,0,0
243,0,79.27124580232997,8,19,3,2,1,0,0,0
216,0,172.94482662878124,10,5,4,4,1,0,0,0
105,0,110.0,10,12,3,2,1,1,0,0
99,0,109.65,5,8,4,3,2,3,0,0
90,0,98.91127075056846,4,11,4,3,0,0,2,0
116,0,132.74218104043555,7,21,4,4,1,0,2,0
55,0,93.60630643635486,5,19,4,2,1,0,0,0
34,0,99.05093521095968,8,26,4,0,1,3,0,0
57,0,133.61453832207246,9,11,4,2,0,0,1,0
256,0,115.0,6,15,4,2,0,1,0,0
3,0,90.32892060719053,2,12,4,1,0,1,0,0
212,0,90.93850331068984,8,20,4,3,0,0,0,0
115,0,60.79339242171078,2,27,3,2,2,0,0,0
79,0,107.08693311220682,3,24,4,2,1,0,3,0
146,0,97.75,7,7,4,3,0,3,0,0
37,0,126.9,5,21,4,2,1,0,0,0
204,0,90.95,7,20,4,3,1,0,0,0
241,0,128.7,10,28,4,2,0,0,0,0
33,0,83.02108713108409,3,4,4,3,0,0,0,0
89,1,156.56985791207748,10,26,4,1,0,0,5,0
110,0,96.93726270736339,5,26,4,2,1,0,1,0
171,0,300.0,7,29,3,3,2,1,0,0
214,0,67.7595467114352,11,29,4,4,0,0,0,0
41,1,80.28274606708615,2,13,4,1,1,0,0,0
112,0,85.0,12,4,4,3,0,0,0,0
232,0,108.51814191039013,9,5,4,3,0,0,0,0
67,0,135.26284428726356,4,7,4,3,1,0,0,0
32,0,159.3,3,27,4,1,1,0,3,0
2,0,170.0,9,17,2,14,5,0,3,0
71,0,79.57307647486265,10,30,4,2,1,3,0,0
188,0,166.78949865388842,7,7,4,1,0,0,3,0
43,0,86.25702700898184,1,14,4,2,0,0,0,0
129,0,90.9047824740635,9,24,4,1,1,1,0,0
33,1,160.4244661929577,5,25,4,1,1,0,3,0
169,1,147.57417204278826,8,8,4,3,1,0,0,0
19,0,151.0,7,15,4,1,1,0,0,0
57,0,134.41870714241827,10,14,4,2,0,0,3,0
288,0,116.19122767161038,8,17,3,2,0,1,0,0
138,0,104.58377606432526,8,3,4,3,2,0,0,0
239,0,84.877764892524,10,27,4,2,0,3,0,0
130,0,113.4821412789606,5,12,4,3,1,0,2,0
67,0,123.23755295771262,7,16,4,4,1,0,2,0
105,0,105.4277495012473,6,27,4,1,1,0,0,0
10,0,142.85991799307598,10,6,4,1,0,0,1,0
203,0,192.93459035114904,8,20,4,4,0,0,2,0
3,0,121.05850614525954,9,19,2,1,1,0,0,0
103,0,127.39356598052082,5,10,4,1,1,0,0,0
105,1,133.95131279834308,9,18,4,1,1,0,0,0
44,0,107.1,4,2,4,1,1,0,0,0
116,0,145.2401540023314,8,5,4,4,2,0,3,0
166,0,99.45,8,6,4,2,1,0,0,0
65,0,149.24675063268697,8,9,4,1,0,0,3,0
76,0,145.8738221659805,10,6,4,1,2,0,3,0
185,0,115.66441336705354,8,14,3,2,0,2,0,0
11,0,169.0,7,25,4,0,0,0,0,0
44,0,211.79840981983006,3,17,4,3,1,0,5,0
7,1,140.0,10,16,4,3,1,3,0,0
71,0,56.37604086152958,7,5,4,1,1,2,0,0
79,0,96.99762566087121,3,25,4,0,1,0,0,0
0,0,65.67063613813157,4,12,2,1,0,0,0,0
103,1,132.48366078553966,9,20,4,1,1,0,2,0
249,0,112.93693989086717,10,18,4,1,1,0,0,0
95,0,120.24152657721984,8,25,4,2,0,0,0,0
352,0,82.40489062920358,12,26,4,4,1,0,2,0
208,0,85.12751853872143,9,3,4,0,1,0,0,0
197,0,72.5908793573385,8,2,4,2,0,1,0,0
173,0,89.3596007858959,9,14,4,4,1,0,0,0
41,0,135.56957986835806,7,27,4,2,0,0,0,0
129,0,106.06122480487693,8,8,4,1,0,3,0,0
71,0,186.3,4,18,4,1,0,0,4,0
219,0,126.81468089495692,9,16,3,1,2,0,0,0
69,0,69.81768937145132,9,24,4,3,0,0,0,0
181,2,128.626523221619,7,27,4,1,0,0,0,0
182,1,112.2,8,12,4,4,1,0,3,0
134,0,109.8,7,25,4,3,0,0,3,0
3,0,80.60783429800192,2,4,4,1,1,3,0,0
0,0,116.0835459600829,3,10,4,2,1,0,0,0
45,0,111.46932942324221,4,18,4,1,0,0,3,0
7,0,145.92075920872503,3,20,4,1,0,0,3,0
131,0,114.08313839891312,5,13,4,1,0,0,3,0
27,0,129.9942019736829,6,12,4,1,1,0,3,0
183,1,104.46614296468556,10,4,4,2,0,0,0,0
386,1,115.0,10,23,3,0,2,1,0,0
23,0,127.995126322161,4,10,4,4,2,0,3,0
9,0,151.65651498516462,8,26,4,2,1,0,3,0
307,1,94.31299387376251,10,26,4,2,0,0,0,0
274,1,99.32724945612877,10,19,4,3,0,0,2,0
145,0,114.3,7,7,4,2,0,0,0,0
54,0,159.3,6,2,4,1,0,0,3,0
21,0,197.01136258579893,4,9,4,1,1,0,5,0
138,1,107.28938196356837,5,30,4,2,0,0,1,0
81,0,107.99225890424616,7,3,4,2,1,1,0,0
51,0,126.23149223561485,11,9,4,2,0,0,0,0
103,0,96.63237976336119,5,24,3,3,0,0,0,0
72,0,75.9309423137431,10,30,4,0,1,0,0,0
0,0,84.69446740920868,10,25,3,1,0,2,0,0
67,0,149.11501390291187,7,7,4,3,0,0,3,0
27,0,139.3371766305029,6,8,4,1,0,2,0,0
61,0,159.3,5,7,4,1,1,0,0,0
159,0,105.3123100773623,7,18,4,2,0,0,0,0
286,0,90.22042341702034,10,16,3,0,1,0,0,0
78,0,120.43763149334933,7,25,4,1,1,3,0,0
148,0,136.45857540429475,8,15,3,3,1,0,3,0
12,0,155.13957903913627,9,5,4,2,1,0,1,0
111,0,76.76937292437984,8,7,4,1,2,0,0,0
70,0,79.24558810408513,4,11,3,4,0,1,0,0
43,0,198.9,7,20,4,2,0,0,5,0
76,0,146.68169155739267,5,16,4,3,1,0,2,0
41,0,18.688020226700218,2,22,3,4,2,0,3,0
33,0,126.50723734571541,3,24,4,3,0,0,0,0
126,0,118.91975091383588,8,8,4,3,0,2,0,0
49,0,99.0953192994234,3,12,4,3,1,0,0,0
53,0,65.21911293744672,3,10,4,4,0,3,0,0
47,0,79.28495704956143,11,11,3,2,1,2,0,0
38,0,135.9,8,19,4,4,1,0,0,0
108,0,81.10351726885854,3,27,3,1,2,2,0,0
379,1,115.0,10,16,4,1,0,1,0,0
53,0,123.3,9,2,4,2,0,0,3,0
160,0,128.35742952853886,4,26,4,2,0,0,2,0
253,1,93.5972308297222,9,13,4,2,0,1,0,0
147,1,85.5,9,27,4,0,0,0,0,0
23,0,140.51097040506988,5,21,4,1,0,0,2,0
95,0,123.13778780016901,8,28,3,1,0,0,3,0
3,0,110.0,9,8,0,1,1,0,3,0
144,0,265.3740260150956,8,4,4,2,0,0,5,0
31,1,111.83280530583471,10,2,4,1,0,0,0,0
95,1,125.49398804772004,10,26,4,1,0,0,2,0
99,1,210.54142712186706,5,15,4,0,2,0,3,0
135,0,124.8,8,15,4,3,0,0,3,0
188,0,96.3,8,26,4,3,0,0,0,0
178,0,111.75080421475835,8,31,4,2,0,0,0,0
64,0,97.17810832211529,9,5,4,2,0,0,0,0
27,0,89.50315020439251,3,15,4,0,1,2,0,0
30,0,139.30667192140046,10,2,4,2,2,0,0,0
193,0,165.93531794933315,10,28,4,2,1,0,5,0
9,0,173.2259182734871,3,24,4,3,0,0,0,0
103,0,74.16621626929883,7,18,3,3,0,0,0,0
38,0,135.9,8,19,4,4,1,0,0,0
191,1,115.31664938367884,7,3,3,2,1,0,0,0
276,0,116.33,9,22,3,3,0,0,0,0
64,0,128.10018343797051,5,18,3,1,1,0,0,0
157,0,94.00699533921727,7,1,4,2,1,0,0,0
49,1,164.53203079881285,9,28,4,2,1,0,3,0
101,0,107.46630903450885,8,7,4,0,1,3,0,0
137,0,170.0914473102296,6,3,4,5,2,0,5,0
192,1,116.97031931195635,8,8,4,4,1,0,1,0
433,0,70.0,9,8,3,3,0,0,0,0
35,0,130.29817953585433,5,26,4,1,0,0,3,0
64,0,105.63713815309714,5,24,4,3,0,0,0,0
179,0,96.3,8,27,4,0,1,0,0,0
121,1,107.42572339272658,12,25,4,2,1,0,1,0
175,1,130.05,8,2,4,3,0,0,3,0
43,0,186.45964038904899,8,15,4,2,1,0,4,0
187,0,90.22554598188198,7,18,4,5,2,1,0,0
11,0,134.01273808475543,4,7,4,1,0,0,0,0
23,0,285.4018487920931,5,20,4,1,1,0,5,0
139,0,86.62706842872045,7,13,4,6,2,0,0,0
85,0,151.214368086316,8,5,4,3,0,0,3,0
45,0,109.14602068770888,5,17,4,1,0,0,3,0
17,1,129.0,8,23,4,0,1,3,0,0
207,1,106.35453032059084,8,4,4,1,0,0,2,0
12,0,221.6098364335338,8,18,4,1,0,0,5,0
76,0,99.45,3,25,4,3,1,0,3,0
103,0,95.0,5,4,3,3,0,0,0,0
191,0,137.98521744986823,8,21,4,1,1,0,2,0
44,0,108.49466158817948,6,18,4,1,1,0,0,0
103,0,115.57276286613893,5,16,3,2,0,1,0,0
72,0,78.15,3,19,4,1,0,0,1,0
183,0,111.01008280217656,8,8,3,3,0,0,0,0
157,0,76.63213015938624,7,5,4,2,0,0,0,0
36,0,140.10688578816195,3,29,4,2,1,0,3,0
66,0,87.26742840560414,4,2,4,1,1,1,0,0
5,0,93.62814323658,3,19,2,0,1,0,0,0
26,0,104.0,11,23,4,2,1,0,0,0
154,0,114.2044012867697,10,6,4,2,1,0,0,0
91,0,71.1553379695659,3,18,3,1,0,0,2,0
99,0,150.3674306821122,8,23,4,3,0,0,3,0
65,0,138.26847399950685,4,20,3,2,0,0,2,0
155,0,130.4155201111426,8,16,4,2,0,0,0,0
83,0,78.07143225133422,3,3,4,2,0,0,0,0
116,1,76.5,7,20,4,0,0,0,0,0
50,0,202.78481559370766,7,17,4,2,0,0,5,0
191,1,92.72172804263366,7,8,4,3,0,0,1,0
271,0,95.09636205835218,9,21,3,2,0,0,0,0
7,1,140.0,10,16,4,3,1,3,0,0
221,0,83.18298310042012,8,11,3,1,0,0,0,0
182,1,112.09135110823334,8,3,3,4,1,0,1,0
63,0,159.3,6,8,4,2,0,0,3,0
166,0,93.20647005960251,8,26,4,1,1,0,0,0
211,0,88.70729001051077,9,19,4,1,1,0,1,0
23,0,156.6260414952922,5,21,4,1,0,0,3,0
103,0,132.0157400966144,9,22,4,2,1,0,3,0
108,0,75.41379907084816,7,18,4,6,3,0,0,0
19,0,166.99744234345252,4,27,4,1,0,0,3,0
344,0,75.75146623779642,11,6,3,1,0,0,0,0
9,0,91.39049388567337,9,25,3,0,0,0,0,0
36,0,88.070514210842,11,7,4,3,0,2,0,0
85,0,52.47687005641779,7,5,4,1,2,0,0,0
7,0,141.86626591368486,4,10,4,3,0,0,0,0
239,0,106.2,7,10,4,3,0,0,0,0
27,0,141.65653107441622,5,10,4,2,0,0,0,0
161,1,138.93838154835905,8,21,4,2,1,0,3,0
104,0,109.60789308368919,5,10,4,5,2,2,0,0
99,0,95.08827509479893,6,16,3,1,1,1,0,0
50,0,93.96909770633165,10,22,4,1,1,0,0,0
29,0,94.431675364804,4,13,4,0,0,1,0,0
257,0,99.53979598301189,8,1,4,2,0,0,0,0
184,1,104.67700554163999,7,11,4,0,0,1,0,0
102,0,72.63932499275938,4,16,4,2,1,0,1,0
34,0,137.07386325388984,8,1,4,2,1,0,0,0
12,0,83.16205753824472,7,18,3,1,0,0,0,0
184,0,138.4952637139299,8,19,4,1,0,0,1,0
254,0,94.24945227438029,8,4,3,3,0,0,0,0
115,1,68.0,7,10,4,3,2,0,0,0
86,0,69.59373502524062,8,18,4,1,2,1,0,0
65,0,137.1068649953292,9,6,4,3,0,0,3,0
54,0,159.3,6,3,4,1,0,0,3,0
156,1,123.45793333587122,7,10,4,2,0,0,0,0
35,0,125.1,3,24,4,2,0,3,0,0
98,0,204.5334357980534,6,6,4,3,0,0,4,0
265,0,113.99589527053863,6,24,4,2,0,1,0,0
100,0,92.78923578708122,5,26,4,2,0,3,0,0
178,2,162.82266429472,9,27,4,3,1,0,4,0
8,0,102.393742250673,4,17,4,0,1,0,0,0
210,1,122.92973163038715,8,21,4,3,1,0,3,0
157,0,113.61345632977427,6,7,4,3,0,0,0,0
253,0,121.07954630103798,9,23,4,2,0,0,0,0
170,2,117.68146053035163,6,20,4,2,1,0,0,0
305,1,194.0401183323761,11,19,4,4,1,0,3,0
70,0,149.4,9,15,4,2,0,0,3,0
206,0,130.44276850821865,8,7,4,3,0,0,0,0
31,0,125.48685937288904,7,5,4,1,1,2,0,0
68,0,85.76373401645498,4,2,4,1,2,0,0,0
99,0,94.59833434810467,4,15,4,2,1,0,1,0
78,0,62.86891193299057,4,12,4,4,0,2,0,0
19,0,217.54739742285986,3,29,4,2,0,0,5,0
234,0,81.40140317029972,8,15,4,3,0,0,0,0
49,0,160.90938453680107,7,29,4,1,2,0,3,0
38,0,126.9,5,22,4,1,1,0,0,0
40,0,105.72966804638821,9,3,4,2,1,0,0,0
42,0,86.89212901274043,3,20,3,2,2,2,0,0
16,0,166.04551034489307,7,8,3,1,0,0,3,0
104,0,109.72526865901132,6,11,3,4,1,2,0,0
92,1,65.96555757207278,12,1,4,11,2,0,0,0
81,0,168.06166019412868,9,6,4,2,0,0,2,0
239,0,134.06369887720902,9,28,4,2,0,0,1,0
63,0,73.67721616233406,2,10,4,2,1,0,0,0
95,0,123.08449176950144,8,28,3,1,0,0,3,0
46,1,124.1,3,18,4,2,2,0,3,0
122,0,107.98405629739612,8,4,4,1,0,2,0,0
226,0,76.76216407857973,9,29,4,3,2,3,0,0
215,0,103.94812585698149,9,26,3,2,0,1,0,0
92,1,71.20121369710432,10,9,4,4,0,0,0,0
74,0,133.40411213001045,10,20,4,1,0,0,1,0
16,0,154.12939101948734,4,30,4,3,1,0,2,0
115,1,89.39007111276082,11,17,4,2,0,0,0,0
24,0,157.1983508261649,5,22,4,1,0,0,2,0
209,0,90.95,7,30,4,4,2,0,0,0
164,0,94.5,7,19,4,0,0,3,0,0
200,0,115.33171311466332,9,23,3,3,2,0,3,0
81,0,135.00873973158738,5,14,4,2,1,0,0,0
208,0,109.83103837626581,9,29,4,3,1,0,0,0
33,1,181.83475771011618,9,2,4,2,2,0,5,0
0,0,98.58773090218361,7,6,4,1,0,0,0,0
70,0,135.29790611975707,8,6,4,2,0,0,0,0
15,0,103.1655341769714,4,27,4,2,0,0,0,0
60,0,94.95537534650985,5,26,4,2,1,3,0,0
99,0,221.18,10,24,4,3,1,1,5,0
46,0,149.8354906505419,7,1,4,1,0,0,3,0
224,1,114.92456374362725,9,4,4,4,2,0,0,0
135,0,146.31373719582152,8,8,4,1,1,0,3,0
8,0,147.73353711347534,3,26,4,2,2,0,3,0
233,0,159.07676714990592,8,22,4,3,1,0,4,0
113,0,76.5,7,22,4,3,0,0,0,0
277,0,81.10195524789603,10,26,4,4,1,1,0,0
45,0,71.1,3,11,4,1,0,3,0,0
16,0,135.39851073007512,5,13,4,1,0,0,1,0
51,0,125.65670944896897,10,25,4,1,1,1,1,0
152,0,104.2649889114146,10,26,4,5,2,0,3,0
47,0,139.94056954360505,5,15,4,2,1,0,3,0
153,0,96.3,7,25,4,1,1,0,0,0
195,0,121.5,8,13,4,1,0,0,0,0
223,1,120.72133932020051,9,28,4,2,2,0,0,0
0,0,204.23084349971745,7,19,4,1,0,0,4,0
128,0,103.5,8,10,4,3,1,3,0,0
157,0,81.5202557696853,11,14,4,4,0,1,0,0
56,0,146.8169261828037,9,23,4,4,2,0,3,0
120,0,113.1604974800986,9,26,4,1,1,0,0,0
298,0,75.124301507352,5,10,3,2,0,0,0,0
88,0,181.73945459241918,5,25,4,3,0,0,5,0
46,0,158.8270792340037,5,29,4,0,1,0,3,0
166,0,95.78653427850209,8,26,4,1,1,0,0,0
9,0,150.57704434669628,9,5,4,1,1,0,0,0
125,0,148.77211210976665,8,9,4,3,0,0,3,0
165,0,97.75350937720056,7,7,4,3,1,0,0,0
49,0,101.82019590110055,4,1,4,2,1,0,0,0
80,0,123.18563829680289,7,24,4,1,2,1,0,0
66,0,75.0,10,9,3,2,1,0,0,0
45,0,64.43095372002583,3,8,2,1,1,1,0,0
195,0,88.97597841166692,9,17,4,1,1,0,0,0
40,0,75.45947192907083,2,19,4,2,1,0,0,0
98,1,86.97812913417069,4,8,4,1,0,2,0,0
60,0,92.26543196003053,4,10,4,3,0,0,0,0
349,0,83.59240220917738,10,4,3,5,1,0,0,0
145,0,115.90858359415859,7,4,4,4,0,0,2,0
39,0,175.34890949211965,9,21,4,2,0,0,3,0
132,0,114.74625013752166,7,16,4,2,1,0,1,0
75,0,119.61020722763763,10,9,3,0,1,0,0,0
16,0,185.05407943610334,7,11,4,1,1,0,3,0
62,0,97.02164317169498,5,20,3,1,1,0,0,0
4,0,100.50531707843797,3,22,3,1,0,0,0,0
62,0,93.6,11,22,4,2,0,0,0,0
41,0,104.27839108331098,6,25,4,5,2,1,1,0
96,0,78.54729041597494,11,5,3,3,1,1,1,0
21,1,88.0,11,28,4,0,1,3,0,0
93,1,76.5,7,14,4,3,0,0,0,0
39,0,89.07983176416123,5,25,3,0,1,2,0,0
119,0,110.91035506466602,9,25,4,1,0,0,0,0
12,0,85.65218012505466,11,1,4,3,0,0,0,0
19,1,129.0,8,19,4,0,1,3,0,0
34,0,137.776126979623,9,1,4,2,1,0,1,0
11,0,128.73105017352677,2,6,4,1,1,0,0,0
288,0,115.91219651746677,8,17,3,2,0,1,0,0
55,0,111.90799508223758,4,7,3,5,2,0,3,0
96,1,125.57326494159672,5,28,4,2,0,0,0,0
173,0,80.75,7,8,4,4,1,3,0,0
120,0,121.98219987520844,10,3,4,2,1,0,2,0
199,2,69.11628900436213,8,2,4,6,1,0,0,0
76,0,158.78764746690476,4,16,4,3,0,0,1,0
203,1,94.24672655346033,7,18,4,5,1,0,0,0
151,1,126.9,9,3,4,4,1,0,0,0
141,0,115.00004864910143,7,12,4,1,1,0,0,0
250,1,100.37373922877073,8,8,4,2,1,0,0,0
105,0,150.3,8,24,4,3,0,0,3,0
204,0,114.69595924070279,9,25,4,2,0,1,0,0
135,1,79.19300494192451,11,28,4,1,0,2,0,0
186,1,164.25,8,3,4,3,1,1,0,0
279,0,110.0,10,12,3,3,0,0,0,0
2,0,58.338778219720034,8,6,2,1,0,0,0,0
215,0,212.9731256803158,10,8,4,4,1,0,0,0
88,0,76.5,7,26,4,1,1,0,0,0
38,0,155.96133910483465,10,28,4,2,1,0,1,0
43,0,78.43598844657244,3,12,4,2,1,0,0,0
11,0,134.51786174833222,9,3,4,1,0,3,0,0
230,0,137.0,9,6,3,5,0,0,0,0
79,0,86.84825625490024,11,22,4,1,0,0,0,0
191,0,89.68520406378292,8,18,4,4,1,2,0,0
166,0,104.78584010541668,9,25,3,4,2,0,3,0
279,0,108.74304086955388,9,12,3,2,0,0,0,0
14,0,176.88766724907597,5,19,4,1,0,0,2,0
28,0,149.25952402733296,6,22,4,2,1,0,3,0
174,0,120.99894509625541,9,8,4,3,1,0,0,0
157,1,127.65201447400001,8,28,4,2,2,0,2,0
3,0,134.24049732876927,4,22,4,1,1,0,3,0
31,0,168.3,7,9,4,1,1,0,3,0
46,1,149.61456864188668,7,2,4,1,1,0,2,0
137,0,136.616860006825,9,29,4,2,0,0,3,0
176,0,101.04774791109094,8,15,4,1,0,1,0,0
240,0,107.66830907816976,7,11,4,2,0,0,1,0
26,0,110.71278629980402,7,26,4,1,1,0,0,0
281,0,109.88624942927186,10,3,4,3,1,0,3,0
153,1,132.27861749455343,7,2,4,3,1,0,0,0
173,0,85.22894591128912,8,6,4,2,0,1,0,0
17,0,97.3789204847097,10,22,4,12,5,0,0,0
14,0,133.840050867999,3,4,4,5,2,0,0,0
162,1,120.24403751399157,7,25,4,0,0,0,1,0
211,0,78.05602876552871,6,19,4,2,1,0,0,0
183,0,111.58956421407281,8,8,3,3,0,0,0,0
11,0,139.08170602271878,5,30,4,3,0,2,0,0
38,0,77.34466788199428,2,23,2,1,0,0,0,0
308,0,71.7935534135039,12,28,4,3,2,3,0,0
37,0,126.9,5,21,4,2,2,0,0,0
16,0,129.0,9,26,4,1,0,3,0,0
61,0,139.44981836717147,6,17,3,7,2,0,3,0
15,0,109.5043093383237,5,7,4,1,2,2,0,0
55,0,172.63595824856347,5,29,4,2,1,0,1,0
180,0,120.0,10,10,3,2,1,0,0,0
113,0,76.5,8,22,4,1,0,0,0,0
61,1,125.49438725696749,4,2,4,2,1,0,3,0
98,2,97.16464371991992,9,4,4,3,0,0,0,0
75,0,120.80425411276114,5,12,4,2,1,0,0,0
13,0,160.0,9,22,4,0,0,0,0,0
10,0,128.2243061546351,4,27,4,2,0,1,1,0
133,0,118.8,10,8,4,1,1,0,0,0
37,0,117.26069512403194,6,18,4,1,0,1,0,0
59,0,103.29711560286475,5,26,4,2,1,2,0,0
103,0,94.5,7,16,4,1,0,2,0,0
158,1,121.62083731659521,5,29,4,3,0,0,3,0
111,1,203.21434272317887,6,20,4,3,1,0,5,0
71,0,139.1185181355192,5,1,4,1,2,0,3,0
66,0,73.48277487447598,3,15,4,2,0,2,0,0
72,0,78.99093588299851,2,17,3,3,0,0,0,0
45,0,99.0,8,29,4,1,0,3,0,0
90,0,140.27038102932707,5,14,4,2,1,0,3,0
56,0,140.4,5,3,4,1,0,0,3,0
190,0,120.97826470635299,6,19,4,2,1,0,1,0
9,0,139.0,8,10,4,5,2,3,0,0
17,1,97.99890727958417,8,29,4,4,2,0,0,0
98,0,119.85,5,5,4,3,0,0,0,0
46,0,123.79702046989122,8,29,4,5,1,0,3,0
14,0,85.0,2,16,4,2,0,0,0,0
107,1,130.0,5,7,3,1,2,0,0,0
181,0,100.3,5,5,4,3,2,0,0,0
161,0,130.0,3,25,3,2,1,1,0,0
207,0,116.1,9,11,4,1,1,3,0,0
59,0,105.36908407653715,4,24,4,1,1,0,0,0
82,0,107.82879082653163,4,15,4,3,1,0,3,0
109,0,150.3,8,15,4,4,1,0,3,0
0,0,160.67045693503084,8,24,4,3,0,0,4,0
186,1,124.03561467981146,8,6,4,5,2,0,0,0
155,1,144.65732580976942,10,29,4,1,0,0,0,0
97,0,157.3189520921467,10,29,4,3,2,0,5,0
90,0,99.38106152960745,3,26,3,2,1,0,0,0
5,0,148.6008411084878,5,1,4,1,0,0,1,0
55,0,140.32130779108286,5,8,4,1,0,0,3,0
75,0,131.4,7,1,4,1,0,0,3,0
18,0,64.22993115631546,11,13,2,1,0,0,0,0
1,0,98.72856202431223,4,19,2,1,0,0,2,0
207,1,173.50753027399236,8,2,4,3,0,0,5,0
295,1,117.0,9,21,3,4,0,1,0,0
71,0,118.85150431793257,4,13,4,3,0,0,2,0
96,1,76.50432601965616,7,7,3,4,1,0,0,0
119,0,58.57040393155744,2,27,3,1,2,0,0,0
203,0,101.3990755869643,7,5,3,3,0,0,0,0
28,1,115.43572957787728,9,30,4,3,1,0,0,0
8,0,66.4700584019614,3,15,3,2,0,0,0,0
146,1,114.3,7,6,4,1,0,0,0,0
30,0,81.10736465012056,1,13,4,1,0,0,0,0
88,1,66.42825641236375,8,17,4,2,1,0,0,0
55,0,89.88154408834725,3,17,4,0,1,2,0,0
228,1,106.20923234977897,5,22,4,0,1,0,0,0
79,0,99.81566576989609,4,10,3,1,2,0,0,0
167,0,130.05,8,11,4,2,2,0,0,0
103,0,113.58935442890036,5,1,4,1,1,0,0,0
71,0,72.63127852946236,2,27,4,3,0,0,0,0
16,0,97.17662448748308,11,19,4,12,5,0,0,0
153,0,137.78213052585394,7,25,4,2,0,0,3,0
54,1,81.81925570560676,7,7,3,3,0,0,0,0
22,0,98.86880061639745,10,29,4,2,1,2,0,0
105,1,105.67926077722926,6,28,4,4,1,0,0,0
188,1,133.3354197929341,8,26,4,3,1,0,2,0
306,0,100.63863724469378,6,14,4,2,1,0,0,0
211,1,67.5,11,18,4,2,0,3,0,0
27,0,136.20090197550894,5,20,4,3,1,0,3,0
97,0,185.33505049319032,9,21,4,3,1,0,5,0
212,0,128.4408016928843,9,28,4,3,1,0,1,0
0,0,139.0,6,7,4,1,0,0,2,0
181,0,120.0,10,11,4,1,0,0,0,0
22,0,164.8699791015302,6,25,4,4,1,0,3,0
131,0,130.12822813938612,7,1,4,4,1,0,1,0
47,0,79.45377537173785,11,11,3,2,1,2,0,0
101,0,107.21860214338729,8,6,4,0,1,3,0,0
66,0,90.20519717913822,9,4,4,2,1,1,0,0
5,0,127.56486982270953,5,11,4,1,1,0,2,0
1,0,79.76388871836109,2,9,4,1,0,3,0,0
29,0,98.64080106848338,4,12,4,3,0,3,0,0
24,0,107.12267887224732,8,26,4,1,1,3,0,0
32,0,83.96023632136125,4,17,4,1,2,0,0,0
141,0,85.45643799619597,10,16,4,4,2,0,0,0
50,0,111.42806051808455,11,27,4,1,0,0,0,0
38,0,87.19876483494134,3,1,4,2,0,0,2,0
90,0,72.25,11,19,4,1,0,0,0,0
156,0,114.20628876040743,6,5,4,3,0,0,0,0
111,0,108.0,10,12,4,1,0,3,0,0
104,0,138.8450105050062,7,21,4,1,0,0,3,0
122,0,99.45,5,3,4,4,1,0,0,0
225,0,80.75,8,22,4,2,2,3,0,0
4,0,144.5575863277499,5,10,4,3,1,0,2,0
162,1,105.83,8,15,4,3,1,0,0,0
143,0,140.7,8,17,4,3,1,0,3,0
26,0,98.75112766345369,4,11,4,2,0,3,0,0
62,0,93.6,11,22,4,2,0,0,0,0
42,0,85.8801481333817,10,17,3,1,1,0,0,0
108,0,196.7003831240963,10,12,4,3,0,0,5,0
81,0,116.67785713165219,5,2,4,1,0,2,0,0
43,0,170.28273442765644,3,25,4,8,3,0,4,0
68,0,85.53715321240074,4,3,4,2,1,2,0,0
56,0,140.4,5,27,4,2,1,0,3,0
104,0,122.88527874135501,9,26,4,2,0,0,2,0
167,0,102.2053754008291,8,15,4,3,0,0,2,0
195,0,73.31119730872794,11,23,4,1,1,3,0,0
59,0,75.23701264072277,11,21,4,2,1,0,0,0
79,0,89.17522521573456,9,18,4,1,0,0,0,0
175,1,160.4181567648566,9,22,4,4,1,0,3,0
125,0,73.24801086649417,7,10,4,2,1,3,0,0
11,0,121.3871750338772,4,29,2,2,1,0,0,0
22,0,140.0,9,29,4,1,1,0,0,0
171,0,80.75,7,11,4,4,1,3,0,0
35,0,101.68618358391129,11,26,4,3,1,0,0,0
10,1,137.1831700204833,8,12,4,5,2,1,0,0
225,0,110.74251938843875,9,2,4,2,1,1,1,0
96,0,95.20617966445657,4,17,4,2,1,0,1,0
209,0,111.40771409704851,8,29,4,3,0,0,0,0
164,0,99.45,7,26,4,5,2,0,0,0
192,1,140.32216458680412,8,14,4,2,0,0,3,0
63,0,129.72655471524735,5,17,2,2,0,0,0,0
303,0,78.0,8,19,3,3,2,0,0,0
8,0,80.30680425862826,2,19,2,1,0,1,0,0
62,0,140.4,4,29,4,1,1,0,3,0
192,0,102.06506917768841,8,24,4,2,1,0,0,0
167,0,81.21480450657305,9,3,3,4,0,0,0,0
89,0,140.26827509094815,6,18,4,3,1,0,3,0
164,0,99.62485315350867,6,2,4,2,0,0,0,0
29,0,92.93016478274663,8,30,4,3,0,3,0,0
120,0,125.88152439692452,7,13,4,2,1,0,2,0
68,0,111.58416717205276,4,14,4,4,1,0,3,0
58,0,132.3,10,11,4,3,0,0,3,0
50,0,53.07290988525848,2,11,4,1,1,0,0,0
113,0,191.4553906131258,7,17,4,4,3,1,3,0
100,0,143.02226359260814,7,21,4,3,0,0,3,0
104,0,143.32137981496524,6,9,3,2,0,0,0,0
6,0,213.67182873749417,3,19,4,3,1,0,5,0
289,0,115.40350657368987,8,18,4,2,0,1,0,0
56,0,96.35716949878258,4,18,4,1,0,0,0,0
272,0,94.58593599208949,6,23,3,2,0,0,0,0
227,0,90.95,8,26,4,4,1,0,0,0
4,0,119.66201600971372,4,7,4,1,0,0,1,0
185,1,112.7139537224536,9,11,3,2,1,0,0,0
199,0,74.6765942646198,6,3,4,2,0,3,0,0
256,0,115.0,6,15,3,2,0,1,0,0
24,0,138.97166990821802,7,1,4,2,0,2,0,0
129,0,121.50333859189655,8,28,4,1,2,0,3,0
125,0,130.5251866001763,8,5,4,1,2,0,0,0
85,0,87.73849706167864,2,13,4,1,0,0,0,0
58,0,122.1729399177038,3,29,4,1,0,0,1,0
125,0,103.56695874858232,5,7,4,1,0,2,0,0
50,0,245.9279583167829,5,11,4,3,1,0,2,0
129,0,114.3,6,5,4,3,1,0,1,0
256,0,114.34106240108277,6,15,3,2,0,1,0,0
35,0,60.51520501278386,1,11,4,4,0,0,0,0
192,1,84.7985318087248,8,30,4,3,0,1,1,0
220,0,115.82824385751022,9,15,3,2,0,0,2,0
219,1,65.18402982093656,11,21,4,2,2,3,0,0
81,2,123.0,10,21,4,4,2,0,3,0
121,1,76.06086056153381,9,14,4,3,0,2,0,0
240,0,96.3,10,28,4,2,0,0,0,0
56,0,77.01984553739223,2,29,4,3,0,2,0,0
119,0,86.69635959552659,4,29,4,1,1,3,0,0
195,0,106.01348446290642,8,28,4,1,1,0,0,0
91,0,118.69118929203906,7,14,3,2,1,0,2,0
56,0,112.97588181479254,5,8,4,3,0,0,1,0
12,0,67.0,8,17,2,1,0,0,0,0
18,0,121.0,6,6,4,1,0,0,0,0
172,1,128.36428152831766,7,18,4,1,0,0,2,0
92,0,109.07899079384394,7,14,4,3,1,0,0,0
47,0,90.71488507929237,3,9,4,2,0,0,3,0
79,0,126.73364597333362,5,14,4,1,1,0,0,0
105,0,137.4097627486324,7,22,4,1,0,0,2,0
57,0,67.5828094403049,11,18,4,1,1,1,0,0
93,0,151.3487397950487,8,17,4,2,1,0,1,0
32,0,137.21784930637943,8,12,4,4,1,0,3,0
168,0,96.3,6,29,4,2,0,0,0,0
159,0,131.03502044378396,8,5,4,1,1,0,0,0
5,1,143.23568240427315,6,18,2,3,1,0,3,0
0,0,87.04292875008797,3,9,4,0,0,1,0,0
24,0,110.67247867407612,9,26,4,1,0,1,0,0
82,0,139.61818786662133,6,25,4,2,0,0,3,0
200,1,121.27626553969155,9,25,4,3,0,0,0,0
52,1,79.29820346931535,2,26,4,2,0,2,0,0
192,0,103.21889066144152,8,27,4,2,2,0,0,0
140,0,130.53824130249015,7,13,4,6,1,0,1,0
5,0,90.00858366422447,2,22,4,1,0,1,0,0
39,0,129.28856636686615,8,25,4,0,1,0,0,0
196,0,81.12837661450514,7,3,4,6,2,1,0,0
68,1,76.5,7,21,4,5,2,0,0,0
20,1,140.53622727814306,8,28,4,2,1,0,3,0
44,0,74.4505300702046,1,23,4,3,0,0,0,0
11,0,107.561229183872,10,3,3,1,0,0,0,0
70,0,207.9,8,13,4,1,1,0,5,0
5,0,167.07373495826124,10,6,3,1,1,0,1,0
221,0,81.1143346684037,8,11,3,1,0,0,0,0
40,0,140.46273631472582,3,25,4,1,0,0,2,0
186,0,79.91293439170235,7,8,4,2,0,0,0,0
45,0,74.8,11,22,4,4,0,3,0,0
140,0,187.36792275146328,9,21,4,5,1,1,3,0
39,0,141.69933810069435,3,25,4,1,0,0,1,0
123,0,72.25,7,20,3,2,0,0,0,0
130,0,105.3,5,4,4,3,0,0,0,0
90,0,75.13948207921382,5,9,3,2,0,0,0,0
64,0,68.85,7,9,4,4,0,1,0,0
38,0,140.4,4,26,4,1,0,0,3,0
38,0,113.53099943411672,6,26,4,2,1,0,0,0
224,0,75.1537138621575,9,29,4,3,2,3,0,0
3,0,80.32511873415199,2,6,4,4,2,3,0,0
56,0,118.8,4,22,4,2,0,0,3,0
21,0,85.0,2,10,4,1,0,0,0,0
53,0,25.244762532536733,4,21,3,3,1,0,2,0
243,1,105.8709994950108,9,9,4,2,1,0,0,0
187,0,90.95,7,27,4,4,2,0,0,0
8,1,78.44764325109634,7,23,4,1,0,3,0,0
179,1,129.8626683419371,8,3,4,4,1,0,1,0
96,0,78.53810187749576,11,5,3,3,1,1,1,0
186,0,90.92756832454403,8,27,4,2,2,0,0,0
81,0,126.9,5,19,4,1,0,0,0,0
299,0,81.0688354970075,8,19,3,3,1,0,0,0
34,1,74.8,11,27,4,9,4,0,0,0
94,0,162.1551610371655,6,7,4,3,0,0,0,0
147,0,116.70585430783157,6,16,4,2,0,3,0,0
263,0,109.77761934444571,9,21,3,2,0,0,0,0
177,0,119.85,9,2,4,2,2,0,0,0
157,0,198.8257312229919,5,24,4,3,0,0,4,0
114,0,266.1531791041067,7,2,4,1,0,0,5,0
152,0,164.82893950132336,8,20,4,2,2,0,3,0
91,0,136.66725770072765,7,2,4,2,0,0,1,0
149,1,122.10825113387563,6,4,3,3,0,0,1,0
32,0,198.9929814502159,4,29,4,1,1,0,5,0
45,0,247.40974634064534,7,18,4,3,0,0,4,0
67,0,86.89437994539627,3,13,4,4,1,1,0,0
72,0,90.90307346555781,4,6,4,2,0,0,0,0
10,0,79.0,3,6,4,0,1,3,0,0
205,0,98.1,10,7,4,1,0,3,0,0
139,0,68.0,11,16,3,4,2,0,0,0
85,0,91.90915771854381,4,8,4,3,2,1,0,0
253,1,98.05290620225071,9,16,4,1,0,1,0,0
89,0,78.72178046140101,8,8,3,2,1,0,0,0
35,0,128.22535734512473,8,27,4,4,0,0,0,0
172,1,112.2,8,9,4,3,2,0,3,0
240,0,149.85368053763142,10,8,4,3,1,0,3,0
12,0,167.04187833674692,10,6,2,1,0,0,4,0
77,0,148.27858805583716,5,16,4,3,1,0,1,0
199,0,97.77508824555248,8,8,3,3,0,0,0,0
227,0,104.73551484209273,10,7,2,2,0,0,2,0
123,1,115.25793875987067,5,21,4,3,2,0,3,0
195,0,107.28768805145829,10,8,4,2,2,1,0,0
32,0,99.64697725865773,8,29,4,4,0,3,0,0
93,0,113.0763069689096,8,14,4,1,1,0,0,0
183,1,103.84101540907429,7,13,4,1,0,2,0,0
80,0,93.6,11,12,4,0,1,0,0,0
36,0,67.5,2,12,4,1,1,3,0,0
157,1,114.91714167890783,6,13,4,2,2,0,0,0
9,0,261.6511549028121,4,21,4,2,0,0,3,0
35,0,97.73394794052079,9,2,4,1,0,3,0,0
19,0,230.9400919834217,8,10,4,2,0,0,4,0
184,0,103.48946917626583,8,20,4,3,0,0,3,0
133,0,191.23842538789614,7,19,4,1,0,1,3,0
39,0,139.5,10,4,4,2,0,0,3,0
101,0,118.75057353066578,6,15,4,1,0,1,0,0
179,1,108.9,10,1,4,1,2,0,0,0
176,0,128.85654915108722,8,13,4,2,1,0,3,0
106,0,129.12850862433268,5,7,4,1,1,0,0,0
188,0,109.05487234340843,9,5,4,2,1,0,0,0
202,1,128.9423180726652,9,6,4,3,0,0,0,0
34,0,102.9455651167628,11,26,4,2,0,0,0,0
256,1,80.9423781819377,11,21,4,5,2,1,0,0
150,0,100.32446800236684,7,5,4,2,1,2,0,0
102,0,118.84600982084122,8,2,4,2,0,0,3,0
166,1,117.75963723685686,8,2,4,3,0,0,2,0
271,0,95.03375505589794,9,21,3,2,0,0,0,0
106,1,152.61711106743945,10,8,4,2,0,0,3,0
209,0,98.59485543321037,8,19,4,2,0,0,0,0
25,0,139.0,9,15,4,1,0,3,0,0
105,0,96.34610241291247,3,24,4,3,0,0,0,0
165,0,151.03535099845172,9,5,4,2,1,0,3,0
111,0,150.0444376779725,8,21,4,4,1,0,3,0
169,1,100.1992049772396,7,14,4,3,0,0,0,0
5,0,89.04039330604233,3,23,4,1,0,2,0,0
183,0,111.28093902020116,8,8,3,3,0,0,0,0
148,0,178.36738275109636,11,28,4,3,0,0,5,0
141,0,92.3733459508987,9,26,4,1,0,0,0,0
270,0,109.68853154217534,4,19,3,3,0,0,0,0
179,1,128.9615350250316,8,10,4,3,0,0,1,0
14,0,129.13138535094814,4,15,4,1,1,0,0,0
98,0,83.81595710373935,4,10,4,2,1,0,0,0
166,0,122.4,10,2,4,2,1,0,3,0
91,0,178.86254145382534,7,15,4,2,0,0,5,0
205,0,112.15932614072267,10,23,4,1,1,0,0,0
42,1,149.4,9,27,4,2,0,0,3,0
200,1,143.16050805339313,9,2,4,2,1,0,2,0
62,0,63.75,3,8,4,4,0,0,0,0
158,0,106.3095052024643,4,12,4,2,0,0,0,0
295,0,73.95,12,3,4,3,0,0,0,0
95,1,72.25,11,27,4,1,0,0,0,0
14,0,110.29097160857427,4,27,4,0,1,1,0,0
160,0,115.7028087683534,8,8,4,2,0,0,0,0
148,0,90.99577032935315,8,21,4,4,1,3,0,0
40,0,91.8,11,1,4,4,0,0,0,0
225,1,73.25958020932079,8,3,4,1,0,0,0,0
218,0,158.95,8,8,4,4,1,0,5,0
197,0,159.46925888937014,8,22,4,2,0,0,3,0
188,1,106.3054436872251,8,16,4,3,0,0,0,0
158,0,61.06436243679143,8,18,3,2,0,0,0,0
128,0,132.87611880040296,10,10,4,5,0,0,3,0
0,0,209.4161083451252,4,22,4,2,0,0,5,0
26,0,106.55427199911739,5,11,4,3,1,2,0,0
192,0,102.09680379562138,8,23,3,2,1,0,0,0
127,0,127.38184768371815,6,1,4,4,1,0,2,0
47,0,126.16782499434468,4,20,4,1,0,0,0,0
194,0,86.49929175490053,7,8,4,1,1,0,0,0
4,0,163.6271799096927,6,12,4,2,0,0,0,0
21,0,116.3302581460888,10,5,4,2,0,2,0,0
235,2,104.81764267442354,10,19,4,3,1,0,1,0
61,0,79.60819582015735,3,4,4,2,1,0,0,0
106,0,157.30003076939383,6,16,4,2,1,0,0,0
44,0,105.35763064017976,4,26,4,3,0,0,0,0
188,1,90.95,7,4,4,12,4,0,0,0
14,1,163.41082452952412,8,23,4,2,0,0,3,0
19,0,111.19523501194894,3,3,4,1,0,0,2,0
12,0,85.35280820680036,4,6,4,1,0,0,0,0
5,0,103.75030014035065,6,25,3,2,2,0,0,0
182,0,137.7,8,6,4,1,1,0,3,0
191,1,134.7249949735825,8,7,4,2,1,0,1,0
282,0,82.78909970819052,12,29,4,3,1,0,0,0
0,0,201.54501542941853,8,17,4,1,0,0,3,0
6,0,78.6626241608444,11,17,4,5,2,3,0,0
81,0,119.76934274707435,5,13,4,2,1,0,0,0
63,0,149.5775796326232,9,7,4,3,0,0,2,0
275,0,91.50946981652794,10,8,4,4,2,2,0,0
139,0,151.2,10,7,4,1,1,0,3,0
197,1,108.08893872274689,7,9,4,3,0,0,0,0
61,0,141.4416552227508,4,28,4,1,1,0,1,0
97,0,76.5,8,21,4,5,2,0,0,0
73,0,131.91066722506287,6,1,4,2,1,0,3,0
84,1,89.68667321371034,3,25,4,2,1,0,0,0
65,0,91.65053678817688,9,5,4,1,0,2,0,0
53,0,151.4545350256452,7,28,4,1,2,0,3,0
181,0,120.0,10,11,3,1,0,0,0,0
34,0,78.3,1,13,4,1,0,0,0,0
103,0,140.57477851633544,9,18,4,2,1,0,3,0
33,0,124.46533886378404,8,11,4,3,0,0,0,0
57,0,118.8,4,22,4,2,0,0,3,0
32,0,97.08202795926798,10,4,4,1,0,3,0,0
60,0,122.1686029442483,11,2,4,1,1,0,3,0
199,0,95.22888805695645,10,1,4,5,1,0,0,0
32,0,235.31444983437615,10,14,4,1,1,0,5,0
1,0,103.40861095361703,11,23,3,1,0,0,0,0
97,1,75.25688918235711,10,27,4,1,2,3,0,0
172,0,300.0,7,28,3,2,1,1,0,0
41,0,135.70158925204132,4,24,4,3,2,0,3,0
168,0,90.95,7,7,4,3,1,0,0,0
84,1,134.83144375404248,11,7,4,2,1,1,0,0
47,0,79.48022581925163,11,12,3,3,1,1,0,0
100,0,99.95839611210504,8,25,4,4,0,0,0,0
47,0,134.56898066139985,7,5,4,1,0,0,0,0
296,1,117.0,9,21,3,4,0,1,0,0
31,0,126.9,3,23,4,1,0,0,0,0
110,0,94.99669041096273,6,25,4,1,2,0,0,0
174,1,115.27245699041211,3,24,4,2,0,0,0,0
192,1,139.84425795116528,8,13,4,2,0,0,3,0
9,1,76.6808289480688,9,15,4,5,2,0,0,0
222,1,89.83951062566578,8,2,4,11,3,2,0,0
42,0,113.36654745008529,10,2,4,1,1,0,0,0
70,0,134.64037117782433,7,6,4,1,0,0,0,0
32,0,202.1696318366299,9,23,3,1,0,0,4,0
250,0,78.85324731687417,11,30,4,4,2,0,0,0
349,0,95.56336100631663,10,4,3,5,1,0,0,0
73,1,76.5,7,6,4,5,2,0,0,0
38,0,146.72518705996694,8,23,4,4,1,0,2,0
244,1,89.62638243552786,9,28,4,1,0,2,0,0
26,0,77.24878900125208,11,15,2,2,0,0,0,0
20,0,66.44706892067099,9,10,3,2,1,0,0,0
267,0,105.09903779184755,10,29,3,0,1,0,0,0
65,0,136.50306915184163,4,21,4,1,0,0,3,0
71,0,112.43641605993743,5,29,4,1,0,0,0,0
34,0,140.39770579735756,3,24,4,2,0,0,3,0
87,0,93.84536287738204,5,26,4,1,0,0,0,0
64,0,108.55728157214435,11,28,4,4,1,0,3,0
176,0,112.19847036575621,8,31,4,3,0,0,0,0
27,0,159.37722448874482,5,17,4,2,1,0,3,0
49,1,158.4,10,15,4,1,1,0,3,0
54,0,121.5649082218103,3,29,4,1,0,0,0,0
31,0,112.51148919201408,5,12,4,2,0,0,0,0
32,0,159.3,3,24,4,2,0,0,3,0
39,0,140.4,5,12,4,2,1,0,3,0
89,0,98.94653363543377,3,26,3,2,0,0,0,0
75,0,113.01231392908122,9,22,4,1,1,0,2,0
272,1,93.27384614435442,9,29,4,2,1,1,0,0
18,0,102.19897030394866,6,1,4,2,1,1,0,0
62,0,118.8,4,16,4,1,1,0,3,0
209,0,100.96584249295023,8,19,4,2,0,0,0,0
215,0,115.59669373062358,9,28,4,3,0,0,0,0
14,0,204.77780205154647,6,8,4,5,2,0,5,0
50,1,126.67598612216891,10,9,4,2,0,3,0,0
99,0,94.06002541267463,4,17,3,2,1,0,1,0
102,0,101.17527653153978,11,25,4,3,1,0,0,0
123,0,97.37523875990169,7,2,4,2,1,0,0,0
145,0,80.33479935098666,6,28,4,3,1,0,0,0
73,1,76.5,7,6,4,3,2,0,0,0
64,0,161.98630625273836,6,10,4,6,2,0,0,0
247,0,111.0,6,6,3,1,1,1,0,0
179,0,85.17173925969402,8,26,4,2,0,2,0,0
50,1,108.0,10,4,4,2,0,1,0,0
128,0,119.34268190995866,8,8,4,2,1,0,0,0
117,0,86.97971228075797,5,4,3,1,2,0,0,0
230,0,137.0,9,6,3,5,0,0,0,0
172,1,114.55912494064225,7,30,4,2,2,0,0,0
55,0,126.9,5,20,4,1,1,0,0,0
6,0,185.23124127625456,3,25,4,2,0,0,0,0
91,1,121.37250278084271,10,7,4,1,0,0,0,0
182,2,117.78019465083962,9,29,4,2,0,0,0,0
115,0,106.67410805231134,5,7,4,2,1,0,1,0
153,0,95.57152855777996,8,24,4,2,0,0,0,0
39,0,102.66943744435171,6,26,4,2,1,2,0,0
48,0,159.30270627419029,5,6,4,2,1,0,2,0
245,0,75.0,6,17,3,2,0,0,0,0
97,1,87.78311361045294,4,8,4,1,1,0,0,0
127,1,93.0721375298831,9,26,3,1,1,0,1,0
144,0,117.73699293950567,5,27,4,1,2,0,2,0
80,0,93.6,11,12,4,1,1,0,0,0
143,0,115.10055696894226,8,13,4,1,1,0,0,0
113,0,79.97726313427745,5,10,4,4,2,0,0,0
85,0,142.71512862962626,4,27,4,2,0,0,3,0
18,0,111.85984264410051,3,15,4,2,0,0,0,0
27,0,167.53313564202122,7,28,4,2,0,0,4,0
165,0,99.45,8,8,4,4,1,0,0,0
8,1,91.23064461965747,2,5,4,2,0,0,0,0
83,0,134.54531958438105,6,14,4,1,1,0,0,0
189,1,132.71401484656664,8,25,4,3,1,0,1,0
61,0,94.78380986680942,6,17,3,0,2,2,0,0
130,0,101.35240246267621,5,5,4,3,0,0,0,0
134,0,110.96810998407167,6,29,4,3,0,0,1,0
52,0,138.9321674303087,5,27,4,2,1,0,2,0
50,0,126.49355757143482,7,17,4,2,0,1,0,0
26,0,152.56797720674618,6,25,4,1,2,0,2,0
101,0,142.22663835498417,7,21,4,2,0,0,3,0
65,0,149.4,9,8,4,3,0,0,3,0
56,0,74.8,11,13,4,4,2,3,0,0
182,0,85.5,9,19,4,2,1,3,0,0
167,0,129.20062992161442,8,11,4,2,1,0,3,0
30,0,85.8256410033793,11,24,4,1,2,1,0,0
172,0,139.06650819237737,8,8,4,3,0,0,3,0
50,0,77.99762360895544,2,27,4,0,1,3,0,0
82,0,125.39331466056379,6,22,4,1,1,0,0,0
93,1,76.5,7,15,4,2,2,0,0,0
38,0,113.08020586583244,5,26,4,3,0,0,0,0
35,0,149.75650729550387,7,27,4,2,0,0,3,0
48,0,99.0,3,23,4,1,0,0,0,0
161,1,105.9245115432886,7,5,4,3,0,0,0,0
152,0,96.3,8,25,4,2,2,0,0,0
29,0,166.99509225260394,5,28,4,1,0,0,3,0
30,0,70.0,2,4,2,2,0,0,0,0
18,0,93.10580988131146,7,9,4,4,0,2,0,0
146,1,137.05493550842712,7,6,4,2,0,0,3,0
88,0,114.53430092351907,6,5,4,2,0,0,0,0
25,0,129.72664440346594,4,10,4,5,2,0,3,0
67,1,88.35049746433512,11,22,4,3,0,0,0,0
30,1,135.9,7,26,4,2,0,0,0,0
175,0,104.10063778452462,9,29,4,2,1,2,0,0
168,1,103.52757177530705,7,13,4,3,0,2,0,0
44,0,158.37284197135062,6,30,4,2,0,0,3,0
170,1,170.2844449897778,9,7,4,2,0,0,2,0
17,0,97.0,3,16,4,2,0,3,0,0
78,0,130.4237334912315,7,5,4,4,0,0,3,0
8,0,92.36654612094539,2,5,4,1,0,0,0,0
85,0,170.73017017527619,10,12,4,3,0,0,3,0
136,0,122.08514638345707,9,19,4,1,0,0,1,0
40,0,135.77259272867886,4,21,4,5,2,0,2,0
182,2,130.12291580290582,8,2,4,3,0,0,1,0
40,0,102.96652062330661,4,27,4,1,1,1,0,0
28,0,95.0,4,18,3,0,0,0,0,0
135,0,92.3027243239278,8,2,4,2,1,0,0,0
186,0,111.78712424974107,8,3,4,5,2,0,2,0
21,0,230.2217646296581,9,8,4,2,0,0,4,0
21,0,116.1014162426014,9,4,4,2,0,3,0,0
43,0,107.1,6,28,4,2,0,3,0,0
97,0,79.85347302342687,10,29,4,1,1,3,0,0
62,0,117.83668493676784,4,16,4,1,1,0,2,0
250,0,95.92876474322979,9,18,4,2,0,1,0,0
188,0,71.38107770695102,7,7,3,2,1,0,0,0
161,2,161.1,9,5,4,2,1,1,0,0
118,0,122.80237821088045,9,27,4,3,1,0,2,0
130,0,105.3,5,4,4,3,0,0,0,0
212,0,89.58032422724818,8,21,4,3,1,0,0,0
5,0,162.1219433217385,7,15,4,0,0,0,4,0
3,0,75.42770776908424,7,9,3,1,0,0,0,0
220,0,102.85,10,3,4,3,1,0,0,0
21,0,137.4584746202891,3,31,4,3,1,0,0,0
185,0,122.01055350476014,9,4,4,2,0,0,1,0
203,0,58.16776149415215,8,2,4,3,0,2,0,0
3,0,80.0,7,23,3,2,1,0,0,0
201,0,90.58464297567023,6,29,3,2,1,0,0,0
0,0,116.03136734727889,4,10,4,2,1,0,0,0
73,0,132.37001149560473,8,21,4,2,0,0,3,0
187,1,122.48262594873196,6,18,4,2,1,0,2,0
7,0,84.04677689099883,2,21,3,0,0,0,0,0
157,0,106.74351055893344,8,14,3,2,1,0,1,0
28,0,75.94174824387486,11,16,2,3,0,1,0,0
180,0,70.91119118261179,10,17,4,1,0,2,0,0
276,0,94.72613775863708,9,21,4,3,0,0,0,0
312,0,74.86923932638304,10,11,3,3,0,0,0,0
152,0,135.73403011319627,8,2,4,6,2,0,0,0
59,0,80.6714131674888,3,14,4,2,1,0,3,0
173,0,141.64198713875862,9,5,4,3,0,0,2,0
8,0,169.07642936163674,6,22,4,1,0,0,0,0
18,0,109.0,3,18,4,1,0,0,0,0
15,0,77.42511622122774,9,9,2,1,0,0,0,0
60,0,123.50126958989141,9,2,4,2,0,0,3,0
54,0,116.1,5,21,4,1,0,3,0,0
122,0,97.00274408574315,5,26,4,2,0,0,0,0
68,0,118.57549693633564,5,10,4,3,0,1,0,0
169,0,82.87823164071766,6,21,3,3,1,0,0,0
56,0,112.26221855171232,4,8,4,4,1,0,2,0
81,0,104.24647068730015,4,14,4,2,1,0,3,0
182,1,90.9,10,28,4,1,0,0,0,0
134,0,89.43006134396919,4,28,4,2,0,1,0,0
99,0,84.77837109966927,4,8,4,2,0,3,0,0
186,0,95.42360073292184,7,27,4,2,0,0,0,0
99,0,118.71950435740385,9,15,4,1,1,0,0,0
32,0,96.93331985031114,4,24,4,0,0,3,0,0
52,1,78.3,2,22,4,2,0,0,0,0
9,0,147.03641616056555,3,26,4,1,2,0,1,0
163,0,115.0,10,15,3,1,2,0,0,0
120,1,112.92888593729181,12,25,4,2,1,0,0,0
160,0,80.16502384943931,9,28,4,1,0,3,0,0
284,1,109.833326606387,9,24,4,1,1,0,2,0
236,0,86.51838323053428,8,5,4,2,0,0,1,0
203,0,90.0,5,29,3,1,2,0,0,0
90,0,90.91850636599061,4,16,4,3,1,0,0,0
185,2,135.67939049377048,7,9,4,3,1,0,3,0
22,0,165.46373971471834,7,22,4,2,1,0,3,0
224,0,68.05735644960794,11,25,4,3,1,3,0,0
263,0,76.54444325750815,12,26,4,3,1,0,0,0
38,0,132.92783665681802,8,1,4,0,1,0,1,0
291,0,93.53513232486691,11,29,4,3,1,0,0,0
346,0,115.30915005155498,9,12,3,2,0,0,0,0
62,0,63.75,3,8,4,4,0,1,0,0
126,0,89.25,5,17,4,2,2,3,0,0
10,0,233.71878321304735,10,5,4,3,1,0,6,0
25,0,110.19257847770803,7,13,4,1,0,0,0,0
28,1,80.24140412315772,10,4,4,1,0,1,1,0
78,0,80.04342767788452,4,7,4,3,0,0,0,0
144,0,177.66740423063482,5,26,4,1,1,0,4,0
130,1,139.8818891331987,8,29,4,3,0,0,3,0
215,0,177.15474952335802,10,6,4,3,2,0,1,0
50,0,126.16282798590534,3,21,4,2,0,0,0,0
30,0,69.83486480558933,10,12,4,2,1,0,0,0
57,0,116.1,5,21,4,2,2,3,0,0
32,1,130.18297073881632,7,25,4,2,0,0,0,0
163,0,115.0,10,15,3,0,1,0,0,0
28,0,126.29937052457636,10,3,4,0,1,2,0,0
150,0,96.3,8,25,4,2,2,0,0,0
101,0,101.2898573985884,10,15,3,2,0,0,0,0
337,0,79.97574294012688,10,7,4,2,1,0,0,0
104,0,151.05397310657753,8,24,4,4,0,0,3,0
30,0,70.95128023468442,2,4,2,1,0,0,0,0
128,0,126.94214408423237,6,1,4,3,0,0,0,0
30,0,152.362516311584,8,3,4,2,0,0,1,0
92,0,115.3799184738576,8,16,4,1,1,1,0,0
9,0,141.83966234210948,5,7,4,2,0,0,1,0
79,0,87.3,3,3,4,1,0,0,2,0
89,0,81.7442644514021,4,13,4,3,0,3,0,0
85,0,88.6881636725952,4,26,4,0,2,1,0,0
3,1,158.6855759700472,8,17,4,1,0,3,0,0
9,0,259.5402146101066,7,24,4,1,1,0,5,0
157,1,123.3,7,9,4,3,0,0,0,0
165,0,99.45,6,28,4,4,0,0,2,0
102,0,104.15162447330546,5,26,4,1,0,0,0,0
71,0,87.3,4,2,4,1,2,0,0,0
153,0,95.45128407666904,8,24,4,2,0,0,0,0
12,1,77.60074082076271,9,27,4,2,1,1,0,0
52,0,83.36127499364935,2,27,4,2,1,1,0,0
34,0,113.87252949009653,3,23,4,3,0,2,0,0
25,0,167.7217742573954,3,6,4,3,0,0,3,0
90,0,115.0584686498532,6,3,4,1,0,1,0,0
21,0,153.6294920469682,9,25,4,2,0,0,2,0
192,2,111.10587405391445,8,18,4,5,2,0,3,0
198,0,82.88016999609188,7,25,4,3,1,3,0,0
166,0,122.4,10,2,4,2,1,0,3,0
207,0,105.76792109589783,9,19,2,2,1,0,2,0
18,0,156.0,5,13,4,1,0,0,3,0
30,0,104.31352663035074,8,27,4,0,0,0,0,0
76,0,117.37602595802679,4,27,4,2,0,0,0,0
7,0,168.18759633319885,7,22,4,0,0,0,0,0
216,0,174.0423939542286,9,5,4,3,1,0,1,0
74,0,135.8136863861789,8,13,4,0,1,0,0,0
33,1,97.92723497572638,9,2,4,1,0,2,0,0
31,0,98.9766539147027,7,29,4,3,0,3,0,0
247,0,90.05424822524803,9,25,4,3,0,0,0,0
181,1,162.3530815278589,8,23,4,4,0,0,1,0
104,0,99.26655377473926,7,6,3,0,0,0,2,0
264,0,95.8864624841887,9,28,3,2,1,0,0,0
181,1,120.0,10,11,3,1,0,0,0,0
148,0,96.551357847978,7,19,3,1,1,0,0,0
80,0,74.61127867752955,6,25,3,1,1,0,0,0
273,0,109.0,7,17,3,2,0,1,0,0
86,0,216.9659900290742,9,24,4,2,1,0,5,0
35,0,163.1253342808365,8,16,4,1,0,0,1,0
71,0,75.65995640291601,10,30,4,0,1,0,0,0
34,1,80.971190236771,3,9,4,3,1,1,0,0
8,0,55.64418672749964,3,2,2,2,0,0,0,0
72,0,118.806538943998,4,13,4,3,0,0,2,0
70,0,150.71235406768258,8,16,4,1,0,0,3,0
186,1,86.5838742475273,7,6,4,2,0,0,0,0
68,0,149.6953377506788,5,9,4,2,0,0,3,0
68,0,116.4710921738226,5,10,4,3,0,2,0,0
183,2,137.7,8,5,4,2,0,0,3,0
158,0,80.75,8,25,4,3,2,3,0,0
68,0,76.69570961323578,7,22,4,4,1,0,0,0
57,0,124.27219882379464,9,6,4,3,0,0,3,0
228,0,128.7,10,28,4,1,1,0,3,0
156,0,139.64032701505732,7,28,4,2,1,0,3,0
221,0,85.94870603849944,7,27,4,1,1,1,0,0
78,0,82.73331042581788,4,7,4,2,0,1,0,0
207,0,113.38497222291531,8,15,4,1,0,0,0,0
3,0,79.89539767101836,8,22,3,3,2,0,0,0
190,0,70.7740176664962,10,25,4,1,0,3,0,0
179,0,137.9216546415188,8,21,4,0,0,0,2,0
100,0,101.95751315589615,11,26,3,4,0,0,0,0
55,0,140.01354185073484,5,8,4,1,0,0,3,0
36,0,151.3063137945301,6,28,4,2,0,0,1,0
216,1,98.71931071912397,8,8,4,3,0,0,0,0
272,0,100.03381277280721,9,30,4,2,1,0,0,0
95,1,72.1712744789279,11,27,4,0,0,0,0,0
8,0,214.21806686490885,5,12,4,4,2,0,5,0
83,0,132.6,5,23,4,3,0,0,3,0
18,0,156.0,5,10,4,1,0,0,3,0
38,0,150.34841619692813,2,20,4,1,2,0,4,0
256,0,115.0,6,15,3,2,0,1,0,0
163,0,135.75195690423283,8,19,4,2,2,0,1,0
157,0,112.78121788107168,7,14,3,1,1,0,0,0
135,0,95.6366291883726,6,26,4,3,0,0,0,0
6,0,151.3379887805102,9,6,4,1,2,0,0,0
29,1,96.34448894810345,11,13,4,0,1,0,1,0
42,0,145.1300629802087,8,28,4,2,0,0,3,0
147,0,124.0,6,2,3,3,0,0,0,0
129,0,196.4330059746518,8,13,4,3,0,1,3,0
52,0,133.8851879329938,6,8,4,2,0,0,1,0
106,0,116.1,6,14,4,1,0,3,0,0
169,0,106.0317976449045,4,21,3,2,2,1,0,0
12,0,136.68528853416652,7,7,4,1,0,3,0,0
21,0,156.8433029532186,6,15,4,0,1,0,2,0
60,0,99.0,9,3,4,0,0,3,0,0
56,0,118.8,4,22,4,2,0,0,3,0
192,0,66.21862372743482,8,13,3,2,0,0,0,0
16,0,84.1449242942619,3,4,4,3,0,3,0,0
242,0,106.80287230198637,7,20,4,5,2,0,0,0
130,0,116.28300168458344,6,19,4,2,1,0,0,0
213,0,92.18140927735054,12,29,4,2,2,0,0,0
119,1,119.26973804821442,7,16,4,6,1,0,1,0
77,0,99.22706048091402,3,24,3,2,0,0,0,0
313,0,76.89439555585221,11,19,3,5,2,0,0,0
360,0,91.34413275729935,10,5,4,1,0,0,0,0
70,0,196.57398230684248,4,28,4,2,0,0,5,0
117,0,94.5,7,1,4,1,1,1,0,0
14,0,89.0,4,19,4,1,0,3,0,0
8,0,154.30102288502331,7,16,4,2,0,0,4,0
160,0,79.14628266008279,9,29,3,1,0,2,0,0
34,0,118.74713333023563,9,26,4,3,0,0,0,0
18,0,101.30458480397459,7,2,4,1,1,3,0,0
34,0,138.00465075778115,9,1,4,2,1,0,1,0
46,0,162.30413251801048,5,4,4,1,1,0,3,0
238,1,108.80529821785322,8,19,3,3,0,0,2,0
95,0,126.98412198904389,5,6,4,1,0,0,0,0
20,0,90.63801336168093,2,6,4,1,0,0,0,0
70,0,76.9999657208811,12,20,4,2,0,3,0,0
87,0,210.60174802371412,9,23,4,1,1,0,5,0
118,0,85.4569163618293,6,28,4,1,0,2,0,0
2,0,76.43802767813955,11,26,4,5,3,0,0,0
105,1,105.95234795117634,5,28,4,4,1,0,1,0
128,0,131.2262034617038,8,9,4,3,0,0,1,0
43,0,91.1725206530101,2,27,4,0,2,0,2,0
134,1,138.09372798529822,10,27,4,3,1,0,3,0
14,0,79.0,2,12,4,2,0,3,0,0
31,1,99.43453430781332,3,3,4,14,5,0,2,0
149,0,70.02543638663093,6,15,4,3,0,0,0,0
113,0,139.51919511410483,6,1,4,4,0,0,3,0
101,0,95.6163157114272,6,16,3,1,0,0,0,0
76,0,140.15959288437242,5,25,4,2,0,0,3,0
54,1,89.89140112072494,7,6,4,4,0,0,0,0
30,0,97.56729123887534,3,8,4,1,1,0,3,0
155,0,130.04113552317,8,16,4,2,0,0,0,0
77,0,107.1,7,4,4,1,0,3,0,0
38,0,107.24133664068061,7,2,4,0,1,3,0,0
304,0,89.0,11,3,3,2,0,0,0,0
126,0,104.09079006126628,5,6,4,1,0,2,0,0
317,0,118.73232206889521,8,15,3,2,0,0,0,0
14,0,109.0,7,17,4,1,0,2,0,0
38,0,117.9,7,3,4,0,1,0,0,0
57,0,125.1,9,8,4,1,0,3,0,0
106,0,151.65586325647104,9,13,4,3,0,0,1,0
29,0,160.26863822799177,6,5,4,2,1,0,1,0
185,0,122.3835510597189,8,3,4,2,0,0,0,0
100,0,101.86624564832826,12,26,4,3,1,0,0,0
58,0,132.3,10,12,4,3,0,0,3,0
46,0,71.43593040125837,2,17,4,1,0,3,0,0
182,1,138.78772934890202,7,26,4,2,0,0,3,0
152,0,164.51367974032814,8,21,4,2,2,0,3,0
81,0,104.08753545500109,7,3,4,1,2,2,0,0
99,0,91.4643291958044,9,26,3,1,0,0,0,0
286,0,93.7289214679056,8,20,4,3,0,0,0,0
159,0,128.43066451072409,5,5,4,3,0,0,3,0
262,1,108.07687927550631,6,25,4,1,0,0,0,0
163,0,115.0,10,15,3,1,2,0,0,0
7,0,106.95870096887354,3,11,4,2,0,0,3,0
157,0,98.424893201452,7,7,4,3,1,3,0,0
112,0,106.10055418033286,7,13,4,2,0,0,0,0
47,0,76.5,3,15,4,1,0,0,0,0
92,1,76.5,5,31,4,1,0,0,0,0
28,0,110.12424634193866,10,2,4,1,0,3,0,0
199,1,120.99087837797649,10,26,4,3,0,0,1,0
233,0,87.1117798089595,8,11,3,2,0,0,0,0
2,0,97.6687900197478,7,10,4,1,0,0,0,0
19,0,191.0,8,15,4,1,2,0,3,0
26,0,233.10308480596245,9,28,4,2,0,0,5,0
145,0,107.43343841585411,4,24,4,0,1,0,0,0
39,0,67.5,2,14,4,1,1,3,0,0
163,0,98.0868536081563,5,1,4,2,1,0,0,0
22,0,123.58659670067813,9,18,4,2,0,0,0,0
261,0,98.98465591892419,9,29,4,3,2,0,0,0
178,0,108.34935909793677,8,3,4,3,0,0,0,0
5,0,117.05074601174954,5,27,4,2,2,1,1,0
100,0,114.28230584030901,7,3,4,0,1,0,0,0
116,0,61.0,2,28,3,1,2,0,0,0
152,1,114.3,8,8,4,1,0,0,0,0
200,1,121.35469347396175,8,25,4,3,0,0,0,0
131,0,115.5341305500674,6,17,4,3,2,0,0,0
29,0,75.83687997732244,1,18,4,1,0,2,0,0
170,0,119.28210218704174,9,9,4,2,1,0,0,0
114,0,112.24803739354518,5,11,4,4,0,0,0,0
65,0,153.13035614755896,6,29,4,3,0,0,3,0
174,0,211.31361980806273,9,26,4,2,1,0,5,0
21,0,148.2106065512588,10,2,4,1,1,0,0,0
217,2,128.7,8,26,4,1,2,0,3,0
20,0,139.74353511519527,6,2,4,2,1,1,1,0
152,1,114.45474007970664,8,9,4,2,0,0,0,0
144,0,214.58456206434317,8,22,4,2,1,1,3,0
197,1,112.34126668770381,8,23,4,5,2,0,0,0
25,0,110.7856518501654,5,13,4,3,0,0,0,0
0,0,126.0,9,7,4,0,1,0,0,0
247,0,115.0,6,6,3,1,1,1,0,0
135,0,99.48554856124052,6,23,4,3,2,0,0,0
71,0,87.3,4,2,4,1,2,0,0,0
37,0,125.7088714577266,10,5,4,0,1,0,2,0
213,1,104.90234044460985,8,3,4,2,0,0,2,0
70,0,149.5273118284138,9,15,4,2,0,0,3,0
42,0,157.5,8,31,4,3,0,1,3,0
12,0,259.15418731102864,4,25,4,3,1,0,5,0
176,0,112.2670925328448,8,31,4,3,0,0,0,0
176,0,107.57722992762486,7,28,4,3,1,0,0,0
4,0,89.0,3,7,4,1,0,3,0,0
3,0,61.117214714629156,2,14,2,0,1,2,0,0
144,0,72.22889332207527,11,16,4,4,0,1,0,0
258,0,100.20761647709776,10,2,4,4,2,0,0,0
31,0,197.90226319099543,5,6,4,2,0,0,5,0
52,0,146.21404468225037,9,22,4,3,1,0,3,0
144,0,118.8,9,19,4,2,1,3,0,0
44,0,150.2157387590132,7,1,4,1,0,0,3,0
151,0,104.48503026457065,7,14,4,1,0,1,0,0
31,0,99.82255587922641,8,29,4,3,0,3,0,0
104,0,72.25,7,23,3,3,1,0,0,0
11,0,145.0,7,5,4,5,1,0,0,0
122,0,99.86862331537235,5,2,4,3,0,0,0,0
3,0,120.1034215825398,8,17,2,2,1,0,0,0
40,0,143.50316015801366,3,23,4,3,0,0,3,0
218,0,106.20221258456543,9,24,4,4,1,0,0,0
94,0,71.44556235888142,4,5,4,2,0,0,0,0
24,0,105.0,9,4,4,1,0,0,0,0
102,0,95.2819669300462,5,4,3,2,0,0,0,0
72,0,95.2239696930243,10,12,4,1,0,0,0,0
68,0,137.7,6,26,4,2,0,0,1,0
44,1,125.11021423943812,8,3,4,1,0,1,1,0
9,0,145.51357046515446,9,11,4,2,2,0,5,0
33,0,94.0242539279092,9,31,4,2,0,3,0,0
92,0,150.3,8,20,4,4,1,0,3,0
1,0,179.11409993896055,8,24,4,1,0,2,0,0
22,0,212.44567912128207,10,9,4,3,1,0,3,0
137,0,191.60371454067638,7,28,4,1,1,0,4,0
86,0,104.5062971227645,9,25,4,1,0,0,2,0
191,0,98.42429206424106,9,4,4,3,1,2,0,0
182,0,115.99446199693432,5,30,4,1,1,0,0,0
94,0,168.29221482292598,8,5,4,0,0,0,3,0
178,1,228.81857039661628,7,17,3,1,0,0,5,0
8,0,105.97764801789528,9,2,3,1,1,0,0,0
248,0,89.68453748267234,10,22,4,2,1,0,0,0
4,0,90.59185002498893,2,11,3,1,0,0,0,0
158,2,83.5,10,30,4,2,2,0,1,0
181,0,78.52479725473387,10,11,4,1,0,3,0,0
210,0,128.7,10,19,4,2,1,0,3,0
254,1,115.07911749759135,7,16,4,1,0,0,1,0
21,0,140.0,8,29,4,1,1,0,1,0
113,0,131.2686134246493,9,26,4,2,1,0,3,0
231,0,86.8078661092999,8,11,3,2,0,0,0,0
36,0,102.2962371811134,11,25,4,2,1,0,0,0
24,0,73.72523585750042,1,23,3,2,0,0,0,0
195,0,121.5,8,13,4,1,0,0,0,0
81,0,99.35821399029085,4,5,4,4,0,0,3,0
222,1,96.3,10,29,4,1,2,0,0,0
196,0,84.00508236818281,8,30,4,2,0,3,0,0
7,0,159.25286941121936,3,23,4,5,2,0,3,0
217,0,86.62081109560955,8,3,4,3,0,0,1,0
16,0,186.94768474324292,7,9,4,1,1,0,3,0
2,0,176.0,5,25,4,1,0,0,3,0
120,0,75.04917945654057,11,26,4,5,2,2,0,0
179,1,108.9,10,1,4,1,2,0,0,0
35,0,135.84818151592614,7,19,4,1,1,0,0,0
168,0,91.35883075794528,9,25,4,3,0,0,0,0
280,0,110.0,9,19,3,2,1,0,0,0
36,0,134.39012510140387,8,9,4,1,1,0,3,0
49,0,88.95968334780905,11,4,4,3,0,0,0,0
117,0,131.77531129855163,9,4,4,2,2,0,1,0
196,0,81.66837546536149,4,21,4,1,0,0,0,0
184,2,136.3898903577677,7,9,4,2,1,0,3,0
11,0,121.23546455855278,4,29,2,2,1,0,0,0
38,0,79.88447885045622,2,26,3,1,0,0,0,0
227,0,80.27806992343204,8,27,4,3,2,3,0,0
22,0,148.68767900292679,5,18,4,1,1,0,0,0
125,0,120.33125528921526,7,16,4,2,1,0,3,0
201,1,106.2,5,1,4,1,1,0,0,0
19,0,137.86399130855577,5,4,4,2,2,0,1,0
7,0,108.60945765971165,5,10,4,2,0,0,3,0
28,0,99.49742505220625,5,24,4,1,0,1,0,0
206,0,113.94131736756539,8,16,4,1,0,1,0,0
19,0,76.01926933283977,11,24,4,2,1,3,0,0
108,0,105.3,6,11,4,2,1,0,0,0
42,0,92.87697803569758,11,1,4,5,0,0,0,0
50,0,89.96207631100235,10,19,4,1,0,2,0,0
227,1,69.51681754142966,10,26,4,2,0,0,0,0
281,1,80.15938060319593,12,26,4,4,1,0,0,0
115,0,113.84875710117373,6,7,4,1,0,0,0,0
68,1,76.38534521950206,5,24,4,7,2,0,0,0
80,0,75.2098720482768,8,25,3,2,1,0,0,0
157,1,143.35370381501932,9,4,4,2,1,0,0,0
63,1,149.4,9,8,4,3,0,0,3,0
172,0,80.75,7,8,4,4,1,3,0,0
44,0,112.81386666955899,3,18,4,2,0,0,2,0
4,0,98.1,9,26,3,0,1,0,0,0
93,0,125.06530725370808,9,22,3,1,1,0,3,0
6,1,87.46875344900124,3,5,4,2,1,1,0,0
25,0,84.3415063707797,9,8,3,1,1,0,0,0
21,0,135.9204071301742,3,31,4,3,1,0,0,0
70,0,85.42383904102084,3,25,4,3,2,1,2,0
234,0,105.70166554661425,10,26,4,3,0,0,0,0
248,0,97.51374251673788,9,27,4,2,1,0,0,0
26,0,119.69615322838727,4,5,4,2,1,0,1,0
111,0,85.78622129334411,6,28,4,2,1,0,1,0
106,0,151.90259275341185,8,24,4,3,0,0,3,0
44,0,77.56932658779064,11,9,4,2,0,3,0,0
110,0,92.60669058032477,8,24,4,1,1,0,0,0
122,0,85.59065543060626,4,14,3,2,0,0,0,0
66,0,116.91956051894921,4,21,4,2,0,0,3,0
131,0,113.36226692091044,9,7,4,2,1,0,0,0
124,0,86.38074544139897,6,25,3,0,1,0,0,0
116,0,120.95497886151719,7,17,4,5,2,0,3,0
12,0,110.24858078229052,9,19,2,2,0,0,2,0
29,0,74.65580845457586,2,19,4,2,0,2,0,0
63,0,211.3154760448693,5,14,4,1,1,0,3,0
57,0,124.36485030243942,9,6,4,2,0,0,3,0
74,0,115.44746277070026,7,15,2,2,0,3,0,0
155,1,127.58100075794312,8,1,4,1,1,0,0,0
96,0,171.0325607758777,5,18,4,2,0,0,3,0
245,1,82.26682571816586,9,7,4,2,0,0,0,0
45,0,79.2129698217228,11,22,4,1,0,3,0,0
55,0,99.81202539305646,5,21,4,2,0,0,0,0
42,0,116.02675965084572,4,12,4,3,0,3,0,0
2,0,66.90654992611073,8,17,2,1,1,0,0,0
27,0,136.04093425203442,9,19,3,0,0,0,0,0
15,0,131.72571140481114,4,5,4,3,0,0,3,0
159,0,144.45127607881312,9,1,4,3,2,0,0,0
73,0,73.34999247227626,4,3,4,1,1,2,0,0
161,2,145.6423305709567,7,14,4,2,1,0,3,0
278,0,100.1116641652669,9,16,3,2,1,0,0,0
1,0,139.0,7,7,4,1,0,3,0,0
192,1,81.67328672367655,6,3,3,9,2,0,0,0
